id,name,category,lat,lon,state,source,metadata_json
landfill_1994,Anchorage Regional Landfill,landfill,61.29328100,-149.60213800,AK,EPA_LMOP,"{""address"":""15500 E. Eagle River Loop Road"",""city"":""Eagle River"",""county"":""Anchorage"",""ghgrp_id"":""1007341"",""zip"":""99577""}"
landfill_11941,Capitol Disposal Landfill,landfill,58.35280000,-134.49470000,AK,EPA_LMOP,"{""address"":""5600 Tonsgard Court"",""city"":""Juneau"",""county"":""Juneau"",""ghgrp_id"":""1010389"",""zip"":""99801""}"
landfill_12216,Central Peninsula Landfill (CPL),landfill,60.44300400,-151.10789600,AK,EPA_LMOP,"{""address"":""46915 Sterling Highway"",""city"":""Soldotna"",""county"":""Kenai Peninsula"",""ghgrp_id"":""1005349"",""zip"":""99669""}"
landfill_10960,Kodiak Island Borough Landfill,landfill,57.80874000,-152.40761000,AK,EPA_LMOP,"{""address"":""1203 Monashka Bay Road"",""city"":""Kodiak"",""county"":""Kodiak Island"",""zip"":""99615""}"
landfill_11020,Merrill Field Landfill,landfill,61.21266000,-149.84012000,AK,EPA_LMOP,"{""address"":""800 Merrill Field Drive"",""city"":""Anchorage"",""county"":""Anchorage"",""ghgrp_id"":""1004380"",""zip"":""99501""}"
landfill_10980,Palmer Central Landfill,landfill,61.59000000,-149.21000000,AK,EPA_LMOP,"{""address"":""1201 N. 49th State Street\nJust off the Palmer-Wasilla Highway"",""city"":""Palmer"",""county"":""Matanuska-Susitna"",""ghgrp_id"":""1011448"",""zip"":""99645""}"
landfill_10961,South Cushman Landfill,landfill,64.80476000,-147.70085000,AK,EPA_LMOP,"{""address"":""455 Sanduri Street"",""city"":""Fairbanks"",""county"":""Fairbanks North Star"",""ghgrp_id"":""1006806"",""zip"":""99701""}"
landfill_11000,Unalaska Landfill,landfill,53.88463000,-166.50657000,AK,EPA_LMOP,"{""address"":""1181 Summer Bay Road"",""city"":""Unalaska"",""county"":""Aleutians West"",""zip"":""99685""}"
landfill_10860,Arrowhead Landfill,landfill,32.41300000,-87.46850000,AL,EPA_LMOP,"{""address"":""On Cahaba Road\n622 Tayloe Road"",""city"":""Uniontown"",""county"":""Perry"",""ghgrp_id"":""1001297"",""zip"":""36786""}"
landfill_27,Athens/Limestone County SLF MSWLF,landfill,34.76340000,-86.93990000,AL,EPA_LMOP,"{""address"":""Strain Road\noff Highway 31"",""city"":""Athens"",""county"":""Limestone"",""zip"":""35611""}"
landfill_16,Bishop Landfill Company,landfill,34.27823000,-86.33707000,AL,EPA_LMOP,"{""address"":""379 Pleasant Grove Cutoff Road"",""city"":""Albertville"",""county"":""Marshall"",""zip"":""35950""}"
landfill_2005,Black Warrior Solid Waste Facility,landfill,33.24314000,-87.66585000,AL,EPA_LMOP,"{""address"":""3301 Landfill Drive"",""city"":""Coker"",""county"":""Tuscaloosa"",""ghgrp_id"":""1004245"",""zip"":""35452""}"
landfill_2006,Blount County/Nectar/Hayden LF & TS,landfill,33.88880000,-86.71200000,AL,EPA_LMOP,"{""address"":""2390 Armstrong Loop"",""city"":""Hayden"",""county"":""Blount"",""zip"":""35079""}"
landfill_2408,Brundidge Landfill,landfill,31.70410000,-85.82990000,AL,EPA_LMOP,"{""address"":""515 Cleanwater Drive"",""city"":""Brundidge"",""county"":""Pike"",""ghgrp_id"":""1004415"",""zip"":""36010""}"
landfill_6,Calhoun County SLF,landfill,33.67500000,-85.92000000,AL,EPA_LMOP,"{""address"":""3625 Morrisville Road"",""city"":""Anniston"",""county"":""Calhoun"",""zip"":""36201""}"
landfill_23,Cedar Hill Landfill,landfill,33.68345000,-86.25272000,AL,EPA_LMOP,"{""address"":""1319 N. Business Creek Road"",""city"":""Ragland"",""county"":""St. Clair"",""ghgrp_id"":""1001633"",""zip"":""35131""}"
landfill_8,Chastang SLF,landfill,31.06179000,-88.02503000,AL,EPA_LMOP,"{""address"":""17045 Highway 43"",""city"":""Mt. Vernon"",""county"":""Mobile"",""ghgrp_id"":""1007813"",""zip"":""36560""}"
landfill_2409,Chilton County Landfill,landfill,32.92850000,-86.74050000,AL,EPA_LMOP,"{""address"":""300 Industrial Drive"",""city"":""Thorsby"",""county"":""Chilton"",""zip"":""35171""}"
landfill_2,City of Decatur-Morgan County Regional MSW Landfill,landfill,34.61750000,-87.10163000,AL,EPA_LMOP,"{""address"":""500 Landfill Drive"",""city"":""Trinity"",""county"":""Morgan"",""ghgrp_id"":""1010661"",""zip"":""35673""}"
landfill_19,City of Dothan SLF MSWLF,landfill,31.23876600,-85.35672100,AL,EPA_LMOP,"{""address"":""1290 Burkett Road"",""city"":""Dothan"",""county"":""Houston"",""ghgrp_id"":""1010957"",""zip"":""36303""}"
landfill_9,Coffee County Sanitary Landfill,landfill,31.50705300,-86.00097500,AL,EPA_LMOP,"{""address"":""7733 Highway 125"",""city"":""Elba"",""county"":""Coffee"",""ghgrp_id"":""1006186"",""zip"":""36323""}"
landfill_4,Cullman Environmental Waste Management Center,landfill,34.02878000,-86.90069000,AL,EPA_LMOP,"{""address"":""2805 AL Highway 69 South"",""city"":""Cullman"",""county"":""Cullman"",""ghgrp_id"":""1007382"",""zip"":""35057""}"
landfill_15,Eastern Area Landfill,landfill,33.59780000,-86.62880000,AL,EPA_LMOP,"{""address"":""2787 Alton Drive"",""city"":""Birmingham"",""county"":""Jefferson"",""ghgrp_id"":""1007018"",""zip"":""35210""}"
landfill_35,Florence SLF MSWLF,landfill,34.80600500,-87.71476500,AL,EPA_LMOP,"{""address"":""29485 Waterloo Road & Savannah Highway\nState Highway 20"",""city"":""Florence"",""county"":""Lauderdale"",""zip"":""35630""}"
landfill_34,Florence SLF MSWLF (Old),landfill,34.80300000,-87.70580000,AL,EPA_LMOP,"{""address"":""Irvine Avenue"",""city"":""Florence"",""county"":""Lauderdale"",""zip"":""35630""}"
landfill_11,Huntsville MSWLF,landfill,34.68850000,-86.59200000,AL,EPA_LMOP,"{""address"":""4100 Leeman Ferry Road SW"",""city"":""Huntsville"",""county"":""Madison"",""ghgrp_id"":""1005839"",""zip"":""35804""}"
landfill_10,Irvington SLF,landfill,30.49068800,-88.21062900,AL,EPA_LMOP,"{""address"":""7195 Half Mile Road"",""city"":""Irvington"",""county"":""Mobile"",""zip"":""36544""}"
landfill_25,Jefferson County LF No. 1,landfill,33.71100000,-86.87300000,AL,EPA_LMOP,"{""address"":""101 Barber Boulevard"",""city"":""Gardendale"",""county"":""Jefferson"",""ghgrp_id"":""1004014"",""zip"":""35071""}"
landfill_13,Jefferson County LF No. 2,landfill,33.70770000,-86.71040000,AL,EPA_LMOP,"{""address"":""7035 Narrows Road"",""city"":""Pinson"",""county"":""Jefferson"",""ghgrp_id"":""1005680"",""zip"":""35126""}"
landfill_20,Magnolia Subtitle D MSW LF,landfill,30.44623200,-87.77610000,AL,EPA_LMOP,"{""address"":""15093 Landfill Drive"",""city"":""Summerdale"",""county"":""Baldwin"",""ghgrp_id"":""1007875"",""zip"":""36580""}"
landfill_31,Monroe County SLF,landfill,31.59573000,-87.33187000,AL,EPA_LMOP,"{""city"":""Monroeville"",""county"":""Monroe""}"
landfill_2011,Morris Farm Landfill,landfill,34.70381000,-87.22116000,AL,EPA_LMOP,"{""address"":""4 County Road 418"",""city"":""Hillsboro"",""county"":""Lawrence"",""ghgrp_id"":""1002464"",""zip"":""35643""}"
landfill_14,New Georgia MSWLF,landfill,33.58500000,-86.81500000,AL,EPA_LMOP,"{""address"":""2800 47th Avenue North"",""city"":""Birmingham"",""county"":""Jefferson"",""ghgrp_id"":""1006028"",""zip"":""35207""}"
landfill_18,North Montgomery SLF MSWLF,landfill,32.41310000,-86.32450000,AL,EPA_LMOP,"{""address"":""115 Division Street"",""city"":""Montgomery"",""county"":""Montgomery"",""ghgrp_id"":""1006957"",""zip"":""36104""}"
landfill_22,Pine View SLF MSWLF,landfill,33.71458000,-87.04981000,AL,EPA_LMOP,"{""address"":""2730 Bryan Road"",""city"":""Dora"",""county"":""Walker"",""ghgrp_id"":""1002646"",""zip"":""35062""}"
landfill_17,Salem Landfill,landfill,32.65347000,-85.26360000,AL,EPA_LMOP,"{""address"":""4210 Lee Road 183"",""city"":""Opelika"",""county"":""Lee"",""ghgrp_id"":""1003265"",""zip"":""36804""}"
landfill_2410,Sand Valley Landfill,landfill,34.34200000,-85.86200000,AL,EPA_LMOP,"{""address"":""3345 County Road 209"",""city"":""Collinsville"",""county"":""DeKalb"",""ghgrp_id"":""1006304"",""zip"":""35961""}"
landfill_11821,Scottsboro Landfill,landfill,34.75600000,-85.91900000,AL,EPA_LMOP,"{""address"":""650 County Road 412"",""city"":""Hollywood"",""county"":""Jackson"",""ghgrp_id"":""1004860"",""zip"":""35768""}"
landfill_12,Shannon SLF,landfill,33.42488000,-86.85479000,AL,EPA_LMOP,"{""address"":""2785 Shannon Oxmoor Road"",""city"":""Birmingham"",""county"":""Jefferson"",""zip"":""35211""}"
landfill_5,Shelby County Highway 70 Landfill,landfill,33.17178500,-86.68756600,AL,EPA_LMOP,"{""address"":""4154 Highway 70\n401 Landfill Road"",""city"":""Columbiana"",""county"":""Shelby"",""ghgrp_id"":""1007082"",""zip"":""35051""}"
landfill_32,Shoals Solid Waste Disposal Authority (SSWDA) LF,landfill,34.69400000,-87.66090000,AL,EPA_LMOP,"{""address"":""2015 Missouri Street Highway 43 S"",""city"":""Tuscumbia"",""county"":""Colbert"",""zip"":""35674""}"
landfill_7,Star Ridge Landfill,landfill,33.60527000,-86.51658000,AL,EPA_LMOP,"{""address"":""3301 Acmar Road"",""city"":""Moody"",""county"":""St. Clair"",""ghgrp_id"":""1006790"",""zip"":""35004""}"
landfill_11581,"Stones Throw Landfill, LLC",landfill,32.51540000,-85.83110000,AL,EPA_LMOP,"{""address"":""1303 Washington Boulevard"",""city"":""Tallassee"",""county"":""Tallapoosa"",""ghgrp_id"":""1006183"",""zip"":""36078""}"
landfill_2204,Three Corners Landfill,landfill,33.99620000,-85.72540000,AL,EPA_LMOP,"{""address"":""2205 County Road 6"",""city"":""Piedmont"",""county"":""Cherokee"",""ghgrp_id"":""1007796"",""zip"":""36272""}"
landfill_21,Timberlands Landfill,landfill,31.25930000,-87.19230000,AL,EPA_LMOP,"{""address"":""22800 Highway 41"",""city"":""Brewton"",""county"":""Escambia"",""ghgrp_id"":""1007274"",""zip"":""36426""}"
landfill_11982,"Turkey Trot Landfill, LLC",landfill,31.15848000,-88.19000000,AL,EPA_LMOP,"{""address"":""2328 Mannish Ryan Road"",""city"":""Citronelle"",""county"":""Washington"",""ghgrp_id"":""1011271"",""zip"":""36522""}"
landfill_2015,Walker County Landfill (Carbon Hill),landfill,33.87500000,-87.24650000,AL,EPA_LMOP,"{""city"":""Jasper"",""county"":""Walker""}"
landfill_2009,Willow Ridge Landfill,landfill,34.17569000,-87.60779000,AL,EPA_LMOP,"{""address"":""10512 Highway 13"",""city"":""Haleyville"",""county"":""Winston"",""zip"":""35565""}"
landfill_11542,Ashley County Landfill,landfill,33.21200000,-91.84759000,AR,EPA_LMOP,"{""address"":""309 Ashley 438 Road"",""city"":""Hamburg"",""county"":""Ashley"",""zip"":""71646""}"
landfill_11550,Cherokee Village Landfill,landfill,36.28126000,-91.63128000,AR,EPA_LMOP,"{""address"":""300 Landfill Road"",""city"":""Cherokee Village"",""county"":""Fulton"",""ghgrp_id"":""1002222"",""zip"":""72529""}"
landfill_11544,City of Conway Landfill,landfill,35.11190000,-92.50680000,AR,EPA_LMOP,"{""address"":""4550 Highway 64 West"",""city"":""Conway"",""county"":""Faulkner"",""ghgrp_id"":""1005318"",""zip"":""72032""}"
landfill_2052,City of Fort Smith Landfill,landfill,35.29260000,-94.37040000,AR,EPA_LMOP,"{""address"":""5900 Commerce Road"",""city"":""Fort Smith"",""county"":""Sebastian"",""ghgrp_id"":""1006026"",""zip"":""72916""}"
landfill_11547,City of Helena - West Helena Regional LF,landfill,34.56726000,-90.62900000,AR,EPA_LMOP,"{""address"":""1448 B Phillips Highway 217"",""city"":""West Helena"",""county"":""Phillips"",""zip"":""72390""}"
landfill_11541,City of Hope Landfill,landfill,33.64220000,-93.67810000,AR,EPA_LMOP,"{""address"":""3759 Highway 67 West"",""city"":""Hope"",""county"":""Hempstead"",""zip"":""71801""}"
landfill_11546,City of Morrilton Landfill,landfill,35.12970000,-92.69760000,AR,EPA_LMOP,"{""address"":""51 Dump Road"",""city"":""Morrilton"",""county"":""Conway"",""ghgrp_id"":""1011631"",""zip"":""72110""}"
landfill_21403,City of Warren Landfill,landfill,33.56117900,-92.11814000,AR,EPA_LMOP,"{""address"":""1424 A Bradley CR 25 North"",""city"":""Warren"",""county"":""Bradley""}"
landfill_2291,Craighead County Solid Waste Disposal Authority LF,landfill,35.71943400,-90.68862000,AR,EPA_LMOP,"{""address"":""238 County Road 476"",""city"":""Jonesboro"",""county"":""Craighead"",""ghgrp_id"":""1005397"",""zip"":""72404""}"
landfill_10500,Crittenden County Sanitary Landfill,landfill,35.13597000,-90.25606000,AR,EPA_LMOP,"{""address"":""1299 Kuhn Road"",""city"":""West Memphis"",""county"":""Crittenden"",""ghgrp_id"":""1002732"",""zip"":""72301""}"
landfill_21404,Drew County Sanitary Landfill,landfill,33.71937500,-91.74447400,AR,EPA_LMOP,"{""address"":""Jose Chapel Road"",""city"":""Monticello"",""county"":""Drew""}"
landfill_2282,Eco-Vista Landfill,landfill,36.14014700,-94.25607300,AR,EPA_LMOP,"{""address"":""2210 Waste Management Drive"",""city"":""Springdale"",""county"":""Washington"",""ghgrp_id"":""1003406"",""zip"":""72762""}"
landfill_11441,EMS Class 1 Landfill,landfill,34.31100000,-91.27200000,AR,EPA_LMOP,"{""address"":""203 Possum Waller Road"",""city"":""DeWitt"",""county"":""Arkansas"",""zip"":""72042""}"
landfill_21402,Fulton Landfill-Cloverdale,landfill,36.37018100,-94.08677400,AR,EPA_LMOP,"{""address"":""Cloverdale Road"",""city"":""Rogers"",""county"":""Benton""}"
landfill_11442,Jackson County Landfill,landfill,35.58940000,-91.09220000,AR,EPA_LMOP,"{""address"":""2069 Jackson CR-265"",""city"":""Amagon"",""county"":""Jackson"",""zip"":""72005""}"
landfill_2283,Jefferson County Landfill,landfill,34.34676000,-92.19214000,AR,EPA_LMOP,"{""address"":""6000 Gravel Pit Road"",""city"":""White Hall"",""county"":""Jefferson"",""ghgrp_id"":""1003615"",""zip"":""71602""}"
landfill_21405,Little River County Landfill,landfill,33.72758100,-94.24963100,AR,EPA_LMOP,"{""address"":""Highway 108 & County Road 11"",""city"":""Ashdown"",""county"":""Little River""}"
landfill_2093,Little Rock City SW Landfill,landfill,34.65129000,-92.30241000,AR,EPA_LMOP,"{""address"":""10803 Ironton Cut Off Road"",""city"":""Little Rock"",""county"":""Pulaski"",""ghgrp_id"":""1004543"",""zip"":""72206""}"
landfill_11421,Mississippi County LF,landfill,35.78000000,-89.97000000,AR,EPA_LMOP,"{""address"":""1695 East CR-506"",""city"":""Luxora"",""county"":""Mississippi"",""ghgrp_id"":""1004480"",""zip"":""72358""}"
landfill_2293,Modelfill Landfill,landfill,34.71240000,-92.33180000,AR,EPA_LMOP,"{""address"":""3817 Mabelvale Pike"",""city"":""Little Rock"",""county"":""Pulaski"",""ghgrp_id"":""1005898"",""zip"":""72204""}"
landfill_11543,NABORS Landfill,landfill,36.46390000,-92.45196000,AR,EPA_LMOP,"{""address"":""1320 RLH Landfill Road"",""city"":""Mountain Home"",""county"":""Baxter"",""ghgrp_id"":""1006470"",""zip"":""72653""}"
landfill_11280,Northeast AR RSWMD Landfill Phases 2 & 3,landfill,36.08500000,-90.45390000,AR,EPA_LMOP,"{""address"":""1810 Greene 890 Road"",""city"":""Paragould"",""county"":""Greene"",""ghgrp_id"":""1005319"",""zip"":""72450""}"
landfill_2284,Ozark Ridge Landfill,landfill,35.09000000,-93.20790000,AR,EPA_LMOP,"{""address"":""10140 Ozark Ridge Access Lane\nCounty Road 47 (South New Hope Road) and Hwy 7"",""city"":""Danville"",""county"":""Yell"",""ghgrp_id"":""1007681"",""zip"":""72833""}"
landfill_11545,"Rolling Meadows Landfill, Inc.",landfill,34.84760000,-91.59002000,AR,EPA_LMOP,"{""address"":""1420 Hamric Road"",""city"":""Hazen"",""county"":""Prairie"",""ghgrp_id"":""1004544"",""zip"":""72064""}"
landfill_11548,Saline County RWMD LF,landfill,34.56060000,-92.48180000,AR,EPA_LMOP,"{""address"":""18511 W. Sardis Road"",""city"":""Bauxite"",""county"":""Saline"",""ghgrp_id"":""1006513"",""zip"":""72011""}"
landfill_20802,Shannon Road Landfill,landfill,34.20416900,-92.09412000,AR,EPA_LMOP,"{""address"":""7700 Shannon Road"",""city"":""Pine Bluff"",""county"":""Jefferson"",""ghgrp_id"":""1007614"",""zip"":""71603""}"
landfill_2043,Two Pine Landfill,landfill,34.83710000,-92.14970000,AR,EPA_LMOP,"{""address"":""100 Two Pine Drive"",""city"":""North Little Rock"",""county"":""Pulaski"",""ghgrp_id"":""1007896"",""zip"":""72117""}"
landfill_2401,Union County Recycling & Disposal Facility,landfill,33.32000000,-92.68550000,AR,EPA_LMOP,"{""address"":""3083 Smackover Highway"",""city"":""El Dorado"",""county"":""Union"",""ghgrp_id"":""1004479"",""zip"":""71730""}"
landfill_11549,Upper Southwest RSWMD,landfill,34.07500000,-93.86800000,AR,EPA_LMOP,"{""address"":""319 Landfill Road"",""city"":""Nashville"",""county"":""Howard"",""ghgrp_id"":""1005440"",""zip"":""71852""}"
landfill_1768,27th Avenue Landfill,landfill,33.42000000,-112.11680000,AZ,EPA_LMOP,"{""address"":""3060 S. 27th Avenue"",""city"":""Phoenix"",""county"":""Maricopa"",""ghgrp_id"":""1006280"",""zip"":""85009""}"
landfill_20766,Apache County Regional Landfill - Blue Hills,landfill,34.52900000,-109.31200000,AZ,EPA_LMOP,"{""address"":""Highway 191\n3 mi NE of St. Johns"",""city"":""St. Johns"",""county"":""Apache"",""zip"":""85936""}"
landfill_1773,Apache Junction LF,landfill,33.37893000,-111.52877000,AZ,EPA_LMOP,"{""address"":""4050 South Tomahawk Road"",""city"":""Apache Junction"",""county"":""Pinal"",""ghgrp_id"":""1004003"",""zip"":""85219""}"
landfill_1783,Butterfield Station Landfill,landfill,33.08000000,-112.27570000,AZ,EPA_LMOP,"{""address"":""40404 S. 99th Avenue"",""city"":""Mobile"",""county"":""Maricopa"",""ghgrp_id"":""1007815"",""zip"":""85139""}"
landfill_12210,Cactus Landfill,landfill,32.76790000,-111.32230000,AZ,EPA_LMOP,"{""address"":""22481 East Deep Well Ranch Road"",""city"":""Florence"",""county"":""Pinal"",""ghgrp_id"":""1006201"",""zip"":""85132""}"
landfill_21259,Casa Grande Landfill,landfill,32.83004900,-111.76301500,AZ,EPA_LMOP,"{""address"":""5200 S. ChuiChu Road\n3.2 miles S of City"",""city"":""Casa Grande"",""county"":""Pinal"",""zip"":""85230""}"
landfill_20787,Cave Creek MSW Landfill,landfill,33.79000000,-111.99700000,AZ,EPA_LMOP,"{""address"":""3955 E. Carefree Highway"",""city"":""Cave Creek"",""county"":""Maricopa"",""ghgrp_id"":""1003466"",""zip"":""85331""}"
landfill_1782,Cinder Lake MSW LF,landfill,35.30700000,-111.51700000,AZ,EPA_LMOP,"{""address"":""6770 E. Cinder Lake Landfill Road"",""city"":""Flagstaff"",""county"":""Coconino"",""ghgrp_id"":""1004132"",""zip"":""86004""}"
landfill_1781,City of Chandler Landfill,landfill,33.25100000,-111.82510000,AZ,EPA_LMOP,"{""address"":""3850 South McQueen Road"",""city"":""Chandler"",""county"":""Maricopa"",""ghgrp_id"":""1007279"",""zip"":""85286""}"
landfill_1787,City of Glendale Municipal Landfill,landfill,33.53640000,-112.30650000,AZ,EPA_LMOP,"{""address"":""11480 W Glendale Avenue"",""city"":""Glendale"",""county"":""Maricopa"",""ghgrp_id"":""1003683"",""zip"":""85307""}"
landfill_20767,Cochise County Western Regional Landfill,landfill,31.71800000,-110.28800000,AZ,EPA_LMOP,"{""address"":""2595 N. Sagebrush Road"",""city"":""Huachuca City"",""county"":""Cochise"",""zip"":""85616""}"
landfill_1784,Cocopah Landfill,landfill,32.59150000,-114.67130000,AZ,EPA_LMOP,"{""address"":""16500 S. Avenue C\n1/2 mi E of County 16 & S. Avenue C"",""city"":""Somerton"",""county"":""Yuma"",""zip"":""85350""}"
landfill_2414,Copper Mountain Landfill,landfill,32.64606000,-114.04372000,AZ,EPA_LMOP,"{""address"":""34853 East County 12th Street"",""city"":""Wellton"",""county"":""Yuma"",""ghgrp_id"":""1007963"",""zip"":""85356""}"
landfill_2335,Deer Valley Landfill,landfill,33.62100000,-112.09960000,AZ,EPA_LMOP,"{""address"":""15202 N 19th Avenue"",""city"":""Phoenix"",""county"":""Maricopa"",""zip"":""85023""}"
landfill_2390,Dudleyville Landfill,landfill,32.99970000,-110.78790000,AZ,EPA_LMOP,"{""address"":""8195 North Highway 177"",""city"":""Winkelman"",""county"":""Pinal"",""zip"":""85292""}"
landfill_20753,Durham Regional Landfill,landfill,32.68000000,-111.29100000,AZ,EPA_LMOP,"{""address"":""22316 S. Harmon Road\n6 miles north and 3 miles east of the I-10 Red Rock Interchange (Exit 226)"",""city"":""Florence"",""county"":""Pinal"",""ghgrp_id"":""1013630"",""zip"":""85132""}"
landfill_2194,Gray Wolf Regional Landfill,landfill,34.51670000,-112.04830000,AZ,EPA_LMOP,"{""address"":""23355 East Highway 169\nMile Post 11"",""city"":""Dewey"",""county"":""Yavapai"",""ghgrp_id"":""1007862"",""zip"":""86327""}"
landfill_1769,Harrison Landfill,landfill,32.16270000,-110.79020000,AZ,EPA_LMOP,"{""address"":""9245 East Irvington Road"",""city"":""Tucson"",""county"":""Pima"",""ghgrp_id"":""1002450"",""zip"":""85730""}"
landfill_1785,Huachuca City Landfill,landfill,31.63700000,-110.32900000,AZ,EPA_LMOP,"{""address"":""600 Skyline Drive"",""city"":""Huachuca"",""county"":""Cochise"",""zip"":""85616""}"
landfill_2391,Ironwood Landfill,landfill,33.00770000,-111.43160000,AZ,EPA_LMOP,"{""address"":""12720 East Highway 287"",""city"":""Florence"",""county"":""Pinal"",""ghgrp_id"":""1003612"",""zip"":""85232""}"
landfill_2411,La Paz County Landfill,landfill,33.95182200,-114.21653900,AZ,EPA_LMOP,"{""address"":""26999 Highway 95\nMile Post 128"",""city"":""Parker"",""county"":""La Paz"",""ghgrp_id"":""1004056"",""zip"":""85344""}"
landfill_2412,Lake Havasu Landfill,landfill,34.54630000,-114.33900000,AZ,EPA_LMOP,"{""address"":""3251 East Chenoweth Drive"",""city"":""Lake Havasu City"",""county"":""Mohave"",""ghgrp_id"":""1004093"",""zip"":""86404""}"
landfill_12205,Lone Cactus Landfill,landfill,33.68245600,-112.06563300,AZ,EPA_LMOP,"{""address"":""21402 N. 7th Street"",""city"":""Phoenix"",""county"":""Maricopa"",""ghgrp_id"":""1007543"",""zip"":""85024""}"
landfill_1770,Los Reales Landfill,landfill,32.11920000,-110.88000000,AZ,EPA_LMOP,"{""address"":""5300 E. Los Reales Road"",""city"":""Tucson"",""county"":""Pima"",""ghgrp_id"":""1002799"",""zip"":""85756""}"
landfill_21213,Marana Regional Landfill,landfill,32.41030200,-111.28329500,AZ,EPA_LMOP,"{""address"":""14508 West Avra Valley Road"",""city"":""Marana"",""county"":""Pima"",""ghgrp_id"":""1013218"",""zip"":""85653""}"
landfill_2413,Mohave Valley Landfill,landfill,35.02208200,-114.51292900,AZ,EPA_LMOP,"{""address"":""3999 El Rodeo Road"",""city"":""Fort Mohave"",""county"":""Mohave"",""ghgrp_id"":""1004980"",""zip"":""86426""}"
landfill_1800,North Center Street Landfill,landfill,33.47837600,-111.82897100,AZ,EPA_LMOP,"{""address"":""2799 North Center Street\n13602 E. Beeline Highway"",""city"":""Scottsdale"",""county"":""Maricopa"",""ghgrp_id"":""1003046"",""zip"":""85256""}"
landfill_1786,Northwest Regional MSW Landfill,landfill,33.67800000,-112.48100000,AZ,EPA_LMOP,"{""address"":""19401 W. Deer Valley Road"",""city"":""Surprise"",""county"":""Maricopa"",""ghgrp_id"":""1000031"",""zip"":""85387""}"
landfill_1771,Painted Desert Landfill,landfill,34.99800000,-110.33470000,AZ,EPA_LMOP,"{""address"":""9001 N. Porter Avenue"",""city"":""Joseph City"",""county"":""Navajo"",""ghgrp_id"":""1003611"",""zip"":""86032""}"
landfill_1788,Queen Creek MSW Landfill,landfill,33.21950000,-111.64690000,AZ,EPA_LMOP,"{""address"":""20224 E Riggs Road"",""city"":""Queen Creek"",""county"":""Maricopa"",""ghgrp_id"":""1003467"",""zip"":""85142""}"
landfill_1789,Rio Rico MSW Landfill,landfill,31.51940000,-111.01860000,AZ,EPA_LMOP,"{""address"":""1500 W. Frontage Road"",""city"":""Rio Rico"",""county"":""Santa Cruz"",""zip"":""85648""}"
landfill_1798,Salt River Landfill,landfill,33.50877500,-111.77821400,AZ,EPA_LMOP,"{""address"":""4660 N. Beeline Highway"",""city"":""Scottsdale"",""county"":""Maricopa"",""ghgrp_id"":""1002831"",""zip"":""85256""}"
landfill_2392,Sierra Estrella Landfill,landfill,33.08000000,-112.12530000,AZ,EPA_LMOP,"{""address"":""22087 North Ralston Road\n3 mi NW of town on State Route 238"",""city"":""Maricopa"",""county"":""Pinal"",""zip"":""85239""}"
landfill_1790,Skunk Creek Landfill,landfill,33.71276000,-112.12764000,AZ,EPA_LMOP,"{""address"":""3165 W. Happy Valley Road"",""city"":""Phoenix"",""county"":""Maricopa"",""ghgrp_id"":""1004261"",""zip"":""85027""}"
landfill_20695,South Yuma County Landfill,landfill,32.56890000,-114.61613000,AZ,EPA_LMOP,"{""address"":""19536 S. Avenue 1 E"",""city"":""Yuma"",""county"":""Yuma"",""ghgrp_id"":""1006485"",""zip"":""85365""}"
landfill_1772,Southwest Regional Landfill,landfill,33.22220000,-112.63710000,AZ,EPA_LMOP,"{""address"":""24427 S Highway 85"",""city"":""Buckeye"",""county"":""Maricopa"",""ghgrp_id"":""1004240"",""zip"":""85326""}"
landfill_12141,State Route 85 Landfill,landfill,33.17891700,-112.66485000,AZ,EPA_LMOP,"{""address"":""28633 W. Patterson Road"",""city"":""Buckeye"",""county"":""Maricopa"",""ghgrp_id"":""1004121"",""zip"":""85326""}"
landfill_1791,Tangerine Road MSW Landfill,landfill,32.41944000,-111.18330000,AZ,EPA_LMOP,"{""address"":""10220 W. Tangerine Road"",""city"":""Marana"",""county"":""Pima"",""ghgrp_id"":""1004876"",""zip"":""85653""}"
landfill_1799,Tri-Cities Landfill,landfill,33.47600000,-111.82950000,AZ,EPA_LMOP,"{""address"":""11630 North Beeline Highway"",""city"":""Scottsdale"",""county"":""Maricopa"",""ghgrp_id"":""1003229"",""zip"":""85256""}"
landfill_1,Vincent Mullins Landfill,landfill,32.24102200,-110.83865800,AZ,EPA_LMOP,"{""address"":""East Speedway Boulevard"",""city"":""Tucson"",""county"":""Pima"",""zip"":""85715""}"
landfill_36,Acme LF,landfill,38.03400000,-122.09056000,CA,EPA_LMOP,"{""address"":""950 Waterbird Way"",""city"":""Martinez"",""county"":""Contra Costa"",""zip"":""94553""}"
landfill_37,Aerojet Liquid Rocket Company LF,landfill,38.58333000,-121.30000000,CA,EPA_LMOP,"{""city"":""Rancho Cordova"",""county"":""Sacramento"",""zip"":""95670""}"
landfill_349,All Purpose Landfill,landfill,37.41639000,-121.97056000,CA,EPA_LMOP,"{""address"":""5401 Lafayette Street"",""city"":""Santa Clara"",""county"":""Santa Clara"",""ghgrp_id"":""1004335"",""zip"":""95054""}"
landfill_179,Allied Imperial Landfill,landfill,32.85800000,-115.52600000,CA,EPA_LMOP,"{""address"":""104 East Robinson Road"",""city"":""Imperial"",""county"":""Imperial"",""ghgrp_id"":""1006197"",""zip"":""92251""}"
landfill_39,Altamont Landfill & Resource Recovery Facility,landfill,37.75000000,-121.65667000,CA,EPA_LMOP,"{""address"":""10840 Altamont Pass Road"",""city"":""Livermore"",""county"":""Alameda"",""ghgrp_id"":""1007699"",""zip"":""94551""}"
landfill_40,Alturas SLF,landfill,41.45861000,-120.56556000,CA,EPA_LMOP,"{""address"":""Alturas Dump Road\noff Westside Road"",""city"":""Alturas"",""county"":""Modoc"",""zip"":""96101""}"
landfill_41,Amador County SLF,landfill,38.30315000,-120.91147000,CA,EPA_LMOP,"{""address"":""6500 Buena Vista Road"",""city"":""Ione"",""county"":""Amador"",""zip"":""95640""}"
landfill_42,American Avenue Landfill,landfill,36.66171000,-120.14570000,CA,EPA_LMOP,"{""address"":""18950 West American Avenue"",""city"":""Kerman"",""county"":""Fresno"",""ghgrp_id"":""1004417"",""zip"":""93630""}"
landfill_44,American Canyon SLF,landfill,38.18056000,-122.27556000,CA,EPA_LMOP,"{""address"":""End of Eucalyptus Drive"",""city"":""American Canyon"",""county"":""Napa"",""ghgrp_id"":""1004465"",""zip"":""94503""}"
landfill_45,Anderson Landfill,landfill,40.45000000,-122.28333400,CA,EPA_LMOP,"{""address"":""18703 Cambridge Road"",""city"":""Anderson"",""county"":""Shasta"",""ghgrp_id"":""1007839"",""zip"":""96007""}"
landfill_46,Annapolis LF,landfill,38.71666700,-123.36666700,CA,EPA_LMOP,"{""city"":""Annapolis"",""county"":""Sonoma"",""zip"":""95412""}"
landfill_47,Antelope Valley Recycling and Disposal Facility,landfill,34.56768000,-118.14994000,CA,EPA_LMOP,"{""address"":""1200 W. City Ranch Road"",""city"":""Palmdale"",""county"":""Los Angeles"",""ghgrp_id"":""1007710"",""zip"":""93551""}"
landfill_48,Anza Disposal Site,landfill,33.55000000,-116.66666700,CA,EPA_LMOP,"{""city"":""Anza"",""county"":""Riverside"",""zip"":""92539""}"
landfill_49,Apple Valley Disposal Site,landfill,34.50000000,-117.11000000,CA,EPA_LMOP,"{""address"":""Yucca Loma Road"",""city"":""Apple Valley"",""county"":""San Bernardino"",""zip"":""92307""}"
landfill_50,Arvin SLF,landfill,35.19050000,-118.91450000,CA,EPA_LMOP,"{""address"":""5500 North Wheeler Ridge Road"",""city"":""Arvin"",""county"":""Kern"",""ghgrp_id"":""1002689"",""zip"":""93203""}"
landfill_351,Ascon & Desser Landfills,landfill,33.79806800,-118.23840900,CA,EPA_LMOP,"{""city"":""Wilmington"",""county"":""Los Angeles""}"
landfill_51,Austin Road Landfill,landfill,37.77950000,-121.17670000,CA,EPA_LMOP,"{""address"":""9999 South Austin Road"",""city"":""Manteca"",""county"":""San Joaquin"",""zip"":""95336""}"
landfill_52,Avenal Regional Landfill,landfill,36.01195000,-120.11535000,CA,EPA_LMOP,"{""address"":""201 North Hydril Road\n1200 Skyline Boulevard"",""city"":""Avenal"",""county"":""Kings"",""ghgrp_id"":""1003328"",""zip"":""93204""}"
landfill_53,"Azusa Land Reclamation Company, Inc.",landfill,34.11590000,-117.92900000,CA,EPA_LMOP,"{""address"":""1211 W. Gladstone Street"",""city"":""Azusa"",""county"":""Los Angeles"",""ghgrp_id"":""1007682"",""zip"":""91702""}"
landfill_55,Badlands SLF,landfill,33.95349000,-117.11758000,CA,EPA_LMOP,"{""address"":""31125 Ironwood Avenue"",""city"":""Moreno Valley"",""county"":""Riverside"",""ghgrp_id"":""1000046"",""zip"":""92555""}"
landfill_57,Baker Refuse Disposal Site,landfill,35.23300000,-116.06100000,CA,EPA_LMOP,"{""address"":""72799 Soda Baker Road"",""city"":""Baker"",""county"":""San Bernardino"",""zip"":""92309""}"
landfill_11260,Bakersfield City Landfill,landfill,35.41418000,-118.94949000,CA,EPA_LMOP,"{""address"":""4200 Panorama Drive"",""city"":""Bakersfield"",""county"":""Kern"",""ghgrp_id"":""1007654"",""zip"":""93306""}"
landfill_58,Bakersfield Metropolitan SLF (BENA),landfill,35.34387000,-118.75847000,CA,EPA_LMOP,"{""address"":""2951 Neumarkel Road\n17 miles E of Bakersfield, off Hwy 58"",""city"":""Edison"",""county"":""Kern"",""ghgrp_id"":""1002896"",""zip"":""93220""}"
landfill_59,Balance Rock Disposal Site,landfill,35.88333400,-118.66666700,CA,EPA_LMOP,"{""city"":""Balance Rock"",""county"":""Tulare"",""zip"":""93207""}"
landfill_60,Barstow Sanitary Landfill,landfill,34.83389000,-117.02000000,CA,EPA_LMOP,"{""address"":""32553 Barstow Road"",""city"":""Barstow"",""county"":""San Bernardino"",""ghgrp_id"":""1004406"",""zip"":""92311""}"
landfill_194,Bass Hill LF,landfill,40.35281000,-120.55508000,CA,EPA_LMOP,"{""address"":""469-700 Johnstonville Dump Road\noff Hwy 395"",""city"":""Johnstonville"",""county"":""Lassen"",""zip"":""96130""}"
landfill_61,Beale Air Force Base SLF,landfill,39.10000000,-121.40000000,CA,EPA_LMOP,"{""city"":""Beale Air Force Base"",""county"":""Yuba"",""zip"":""95903""}"
landfill_63,Ben Lomond Solid Waste Disposal Site,landfill,37.09375000,-122.07535000,CA,EPA_LMOP,"{""address"":""9835 Newell Creek Road"",""city"":""Ben Lomond"",""county"":""Santa Cruz"",""zip"":""95005""}"
landfill_64,Benton Crossing SLF,landfill,37.68748000,-118.78128000,CA,EPA_LMOP,"{""address"":""899 Pit Road"",""city"":""Whitmore Hot Springs"",""county"":""Mono"",""zip"":""93512""}"
landfill_65,Benton SLF,landfill,37.81825000,-118.46860000,CA,EPA_LMOP,"{""address"":""400 Christie Lane"",""city"":""Benton"",""county"":""Mono"",""zip"":""93514""}"
landfill_66,Berryessa Garbage Service Disposal Site,landfill,38.45200000,-122.18290000,CA,EPA_LMOP,"{""address"":""Steele Canyon Road"",""city"":""Napa"",""county"":""Napa"",""zip"":""94559""}"
landfill_67,Bieber Disposal Facility,landfill,41.11666700,-121.13333400,CA,EPA_LMOP,"{""city"":""Bieber"",""county"":""Lassen"",""zip"":""96009""}"
landfill_68,Big Bear Refuse Disposal Site,landfill,34.29940000,-116.87360000,CA,EPA_LMOP,"{""address"":""38550 Holcomb Valley Road"",""city"":""Big Bear City"",""county"":""San Bernardino"",""zip"":""92314""}"
landfill_69,Big Oak Flat LF,landfill,37.81286000,-120.22690000,CA,EPA_LMOP,"{""address"":""Jackass Creek Road"",""city"":""Groveland"",""county"":""Tuolumne"",""zip"":""95321""}"
landfill_70,Billy Wright Landfill,landfill,37.03949000,-120.97235000,CA,EPA_LMOP,"{""address"":""17173 S. Billy Wright Road"",""city"":""Los Banos"",""county"":""Merced"",""ghgrp_id"":""1006218"",""zip"":""93635""}"
landfill_71,Bishop Sunland,landfill,37.32961000,-118.40007000,CA,EPA_LMOP,"{""address"":""110 Sunland Reservation Road"",""city"":""Bishop"",""county"":""Inyo"",""zip"":""93514""}"
landfill_72,BKK Landfill-Phases I & II,landfill,34.03530000,-117.91300000,CA,EPA_LMOP,"{""address"":""2210 South Azusa Avenue"",""city"":""West Covina"",""county"":""Los Angeles"",""ghgrp_id"":""1011449"",""zip"":""91792""}"
landfill_73,Black Butte Solid Waste Disposal Site,landfill,41.31666700,-122.30000000,CA,EPA_LMOP,"{""city"":""Mount Shasta"",""county"":""Siskiyou"",""zip"":""96067""}"
landfill_74,Blythe Disposal Site,landfill,33.70478000,-114.62673000,CA,EPA_LMOP,"{""address"":""1000 Midland Road"",""city"":""Blythe"",""county"":""Riverside"",""zip"":""92225""}"
landfill_1774,Bonsall Landfill,landfill,33.24120000,-117.17990000,CA,EPA_LMOP,"{""address"":""29000 Twin Oaks Valley Road"",""city"":""Vista"",""county"":""San Diego"",""zip"":""92084""}"
landfill_75,Bonzi SLF,landfill,37.60566000,-121.03684000,CA,EPA_LMOP,"{""address"":""2650 West Hatch Road"",""city"":""Modesto"",""county"":""Stanislaus"",""zip"":""95358""}"
landfill_76,Boron SLF,landfill,34.99028000,-117.64750000,CA,EPA_LMOP,"{""address"":""11400 Boron Avenue"",""city"":""Boron"",""county"":""Kern"",""zip"":""93516""}"
landfill_77,Borrego Landfill,landfill,33.24800000,-116.29300000,CA,EPA_LMOP,"{""address"":""2449 Palm Canyon Road"",""city"":""Borrego Springs"",""county"":""San Diego"",""zip"":""92004""}"
landfill_78,Bradley Landfill,landfill,34.23753000,-118.38042000,CA,EPA_LMOP,"{""address"":""9227 Tujunga Avenue"",""city"":""Sun Valley"",""county"":""Los Angeles"",""ghgrp_id"":""1007951"",""zip"":""91352""}"
landfill_81,Brawley Disposal Site,landfill,32.98333400,-115.53333400,CA,EPA_LMOP,"{""city"":""Brawley"",""county"":""Imperial"",""zip"":""92227""}"
landfill_82,Bridgeport SLF,landfill,34.18333400,-118.30000000,CA,EPA_LMOP,"{""city"":""Bridgeport"",""county"":""Mono"",""zip"":""95338""}"
landfill_83,Buena Vista Drive SLF,landfill,36.91738000,-121.81142000,CA,EPA_LMOP,"{""address"":""1231 Buena Vista Drive\n150 Rountree Lane"",""city"":""Watsonville"",""county"":""Santa Cruz"",""ghgrp_id"":""1006221"",""zip"":""95076""}"
landfill_84,Burbank LF Site No. 3,landfill,34.21018000,-118.31192000,CA,EPA_LMOP,"{""address"":""2500 N. Bel Aire Drive"",""city"":""Burbank"",""county"":""Los Angeles"",""ghgrp_id"":""1007600"",""zip"":""91504""}"
landfill_85,Buttonwillow SLF,landfill,34.15000000,-118.73333400,CA,EPA_LMOP,"{""city"":""Buttonwillow"",""county"":""Kern"",""zip"":""93206""}"
landfill_87,Calabasas SLF,landfill,34.14862000,-118.70953000,CA,EPA_LMOP,"{""address"":""5300 Lost Hills Road"",""city"":""Agoura Hills"",""county"":""Los Angeles"",""ghgrp_id"":""1003599"",""zip"":""91301""}"
landfill_89,Calexico Solid Waste Disposal Site,landfill,32.67640000,-115.54565000,CA,EPA_LMOP,"{""address"":""New River & Hwy 98\n133 W Hwy 98"",""city"":""Calexico"",""county"":""Imperial"",""zip"":""92231""}"
landfill_90,California Street LF,landfill,34.08861000,-117.22100000,CA,EPA_LMOP,"{""address"":""2151 Nevada Street"",""city"":""Redlands"",""county"":""San Bernardino"",""ghgrp_id"":""1010207"",""zip"":""92373""}"
landfill_92,Camp Roberts Solid Waste Disposal Site,landfill,35.77509000,-120.73430000,CA,EPA_LMOP,"{""address"":""Sanitary Fill Road"",""city"":""Camp Roberts (Mil Res)"",""county"":""San Luis Obispo"",""zip"":""93451""}"
landfill_93,Camp San Luis Obispo LF,landfill,35.31803000,-120.74299000,CA,EPA_LMOP,"{""address"":""Sutter Avenue"",""city"":""Los Osos"",""county"":""San Luis Obispo"",""zip"":""93406""}"
landfill_94,Casa Grande Site,landfill,38.22944000,-122.60861000,CA,EPA_LMOP,"{""address"":""West End of Casa Grande Road"",""city"":""Petaluma"",""county"":""Sonoma"",""zip"":""94954""}"
landfill_95,Caspar Refuse Disposal Site,landfill,39.33800000,-123.78300000,CA,EPA_LMOP,"{""address"":""end of Prairie Way"",""city"":""Caspar"",""county"":""Mendocino"",""zip"":""95460""}"
landfill_96,Cecilville Disposal Site,landfill,41.15278000,-123.13333000,CA,EPA_LMOP,"{""address"":""Eddy Gulch Road"",""city"":""Cecilville"",""county"":""Siskiyou"",""zip"":""96031""}"
landfill_99,Chalfant SLF,landfill,37.53089000,-118.35700000,CA,EPA_LMOP,"{""city"":""Chalfant"",""county"":""Mono"",""zip"":""93514""}"
landfill_100,Chateau Fresno LF,landfill,36.68785000,-119.94598700,CA,EPA_LMOP,"{""address"":""8662 W. Muscat Avenue"",""city"":""Fresno"",""county"":""Fresno"",""ghgrp_id"":""1007015"",""zip"":""93706""}"
landfill_101,Chester SLF,landfill,40.32667000,-121.13833000,CA,EPA_LMOP,"{""address"":""CR-322 Off Hwy 36\nEast Of Chester"",""city"":""Chester"",""county"":""Plumas"",""zip"":""96020""}"
landfill_102,Chestnut Avenue SLF,landfill,36.55130000,-119.73870000,CA,EPA_LMOP,"{""address"":""12825 South Chestnut Avenue"",""city"":""Fresno"",""county"":""Fresno"",""zip"":""93725""}"
landfill_103,Chicago Grade LF,landfill,35.52333000,-120.63028000,CA,EPA_LMOP,"{""address"":""2290 Homestead Road"",""city"":""Templeton"",""county"":""San Luis Obispo"",""ghgrp_id"":""1013905"",""zip"":""93465""}"
landfill_104,China Grade SLF,landfill,35.42499000,-118.92934000,CA,EPA_LMOP,"{""address"":""6500 Camino Grande Drive\nE of Alfred Harrell Hwy & Fairfax Road"",""city"":""Bakersfield"",""county"":""Kern"",""ghgrp_id"":""1002898"",""zip"":""93306""}"
landfill_138,China Lake NWC Golf Course Landfill,landfill,35.66110000,-117.63300000,CA,EPA_LMOP,"{""address"":""Halsey Avenue"",""city"":""China Lake NWC (Mil"",""county"":""Kern"",""zip"":""93555""}"
landfill_105,Chiquita Canyon SLF,landfill,34.42806000,-118.64661000,CA,EPA_LMOP,"{""address"":""29201 Henry Mayo Drive"",""city"":""Castaic"",""county"":""Los Angeles"",""ghgrp_id"":""1002992"",""zip"":""91384""}"
landfill_107,City of Clovis LF,landfill,36.94300000,-119.68500000,CA,EPA_LMOP,"{""address"":""15679 Auberry Road"",""city"":""Clovis"",""county"":""Fresno"",""ghgrp_id"":""1011669"",""zip"":""93619""}"
landfill_11220,City of Fresno Landfill,landfill,36.70670000,-119.83110000,CA,EPA_LMOP,"{""address"":""1707 West Jensen Avenue"",""city"":""Fresno"",""county"":""Fresno"",""ghgrp_id"":""1007993"",""zip"":""93706""}"
landfill_108,City of Lompoc SLF,landfill,34.65271000,-120.44256000,CA,EPA_LMOP,"{""address"":""700 S. Avalon Road"",""city"":""Lompoc"",""county"":""Santa Barbara"",""ghgrp_id"":""1004868"",""zip"":""93436""}"
landfill_110,City of Paso Robles LF,landfill,35.66300000,-120.53200000,CA,EPA_LMOP,"{""address"":""9000 Highway 46 East"",""city"":""Paso Robles"",""county"":""San Luis Obispo"",""zip"":""93446""}"
landfill_111,City of Redding/Benton LF,landfill,40.56890000,-122.41120000,CA,EPA_LMOP,"{""address"":""2001 Buenaventura Boulevard"",""city"":""Redding"",""county"":""Shasta"",""zip"":""96001""}"
landfill_264,City of Sacramento Landfill,landfill,38.58583000,-121.46389000,CA,EPA_LMOP,"{""address"":""20 28th Street"",""city"":""Sacramento"",""county"":""Sacramento"",""ghgrp_id"":""1006960"",""zip"":""95816""}"
landfill_271,City of Santa Cruz SLF,landfill,36.97602000,-122.10608000,CA,EPA_LMOP,"{""address"":""605 Dimeo Lane"",""city"":""Santa Cruz"",""county"":""Santa Cruz"",""ghgrp_id"":""1000339"",""zip"":""95060""}"
landfill_115,City of Ukiah Solid Waste Disposal Site,landfill,39.16944000,-123.16417000,CA,EPA_LMOP,"{""address"":""3100 Vichy Springs Road"",""city"":""Ukiah"",""county"":""Mendocino"",""ghgrp_id"":""1004828"",""zip"":""95482""}"
landfill_315,City of Watsonville Landfill,landfill,36.91400000,-121.82400000,CA,EPA_LMOP,"{""address"":""730 San Andreas Road"",""city"":""Watsonville"",""county"":""Santa Cruz"",""ghgrp_id"":""1004364"",""zip"":""95076""}"
landfill_117,City of Willits Disposal Site,landfill,39.40000000,-123.35000000,CA,EPA_LMOP,"{""city"":""Willits"",""county"":""Mendocino"",""zip"":""95490""}"
landfill_11160,Clover Flat Landfill,landfill,38.58480000,-122.53400000,CA,EPA_LMOP,"{""address"":""4380 Silverado Trail"",""city"":""Calistoga"",""county"":""Napa"",""ghgrp_id"":""1013696"",""zip"":""94515""}"
landfill_120,Coachella Valley Disposal Site,landfill,33.72500000,-116.14200000,CA,EPA_LMOP,"{""address"":""Landfill Road N.\n87-011 44th Avenue"",""city"":""Coachella"",""county"":""Riverside"",""ghgrp_id"":""1005654"",""zip"":""92236""}"
landfill_121,Coalinga Disposal Site,landfill,36.10972000,-120.35918000,CA,EPA_LMOP,"{""address"":""30825 Lost Hills Road"",""city"":""Coalinga"",""county"":""Fresno"",""zip"":""93210""}"
landfill_122,Cold Canyon LF Solid Waste Disposal Site,landfill,35.18730000,-120.59579000,CA,EPA_LMOP,"{""address"":""2268 Carpenter Canyon Road"",""city"":""San Luis Obispo"",""county"":""San Luis Obispo"",""ghgrp_id"":""1006322"",""zip"":""93401""}"
landfill_124,Colton Sanitary Landfill,landfill,34.04556000,-117.33861000,CA,EPA_LMOP,"{""address"":""850 Tropica Rancho Road"",""city"":""Colton"",""county"":""San Bernardino"",""ghgrp_id"":""1004691"",""zip"":""92324""}"
landfill_125,Contra Costa SLF,landfill,37.98750000,-121.84528000,CA,EPA_LMOP,"{""address"":""James Donlon Boulevard\n1/4mi E/O Somersville Road"",""city"":""Antioch"",""county"":""Contra Costa"",""ghgrp_id"":""1005955"",""zip"":""94509""}"
landfill_342,Corona Disposal Site,landfill,33.86740000,-117.53950000,CA,EPA_LMOP,"{""address"":""1300 Magnolia Avenue"",""city"":""Corona"",""county"":""Riverside"",""ghgrp_id"":""1000369"",""zip"":""92879""}"
landfill_126,Corral Hollow LF,landfill,37.67000000,-121.45667000,CA,EPA_LMOP,"{""address"":""31130 S. Corral Hollow Road"",""city"":""Tracy"",""county"":""San Joaquin"",""zip"":""95377""}"
landfill_128,Coyote Canyon SLF,landfill,33.61680700,-117.83099200,CA,EPA_LMOP,"{""address"":""20661 Newport Coast Drive"",""city"":""Newport Beach"",""county"":""Orange"",""ghgrp_id"":""1002104"",""zip"":""92657""}"
landfill_129,Crazy Horse Landfill,landfill,36.79460000,-121.61511000,CA,EPA_LMOP,"{""address"":""350 Crazy Horse Canyon Road"",""city"":""Salinas"",""county"":""Monterey"",""ghgrp_id"":""1004419"",""zip"":""93907""}"
landfill_130,Crescent City SLF,landfill,41.79083000,-124.21861000,CA,EPA_LMOP,"{""address"":""Hights Access Road\nOff Old Mill Road"",""city"":""Crescent City"",""county"":""Del Norte"",""zip"":""95531""}"
landfill_106,Cummings Road Landfill,landfill,40.76167000,-124.08833000,CA,EPA_LMOP,"{""address"":""5775 Cummings Road"",""city"":""Eureka"",""county"":""Humboldt"",""ghgrp_id"":""1007736"",""zip"":""95503""}"
landfill_12146,CWMI - KHF (MSW Landfill B-19),landfill,35.95942000,-120.00852000,CA,EPA_LMOP,"{""address"":""35251 Old Skyline Road"",""city"":""Kettleman City"",""county"":""Kings"",""ghgrp_id"":""1007794"",""zip"":""93239""}"
landfill_333,Davis Street LF,landfill,37.71440000,-122.19480000,CA,EPA_LMOP,"{""address"":""2615 Davis Street"",""city"":""San Leandro"",""county"":""Alameda"",""ghgrp_id"":""1003800"",""zip"":""94577""}"
landfill_132,Deep Springs College Disposal Site,landfill,37.36404000,-117.98711000,CA,EPA_LMOP,"{""address"":""Off Hwy 168\ndue East Of Big Pine"",""city"":""Deep Springs"",""county"":""Inyo"",""zip"":""89010""}"
landfill_139,Desert Center LF,landfill,33.77754000,-115.40867000,CA,EPA_LMOP,"{""address"":""17991 Kaiser Road"",""city"":""Desert Center"",""county"":""Riverside"",""zip"":""92239""}"
landfill_135,Dixon Pit LF,landfill,38.41666700,-121.36666700,CA,EPA_LMOP,"{""city"":""Elk Grove"",""county"":""Sacramento"",""zip"":""95624""}"
landfill_136,Double Butte Disposal Site,landfill,33.72000000,-117.10833000,CA,EPA_LMOP,"{""address"":""31710 Grand Avenue"",""city"":""Winchester"",""county"":""Riverside"",""ghgrp_id"":""1000367"",""zip"":""92596""}"
landfill_140,Eagleville Disposal Site,landfill,41.31667000,-120.04167000,CA,EPA_LMOP,"{""city"":""Eagleville"",""county"":""Modoc"",""zip"":""96104""}"
landfill_141,Earlimart Disposal Site,landfill,35.91989000,-119.26696000,CA,EPA_LMOP,"{""address"":""INT of Ave 72 & Rd 136\n2 mi N of town"",""city"":""Earlimart"",""county"":""Tulare"",""zip"":""93219""}"
landfill_142,Eastern Regional LF,landfill,39.35250000,-120.18980000,CA,EPA_LMOP,"{""city"":""Truckee"",""county"":""Placer"",""zip"":""96161""}"
landfill_143,Eastlake SLF,landfill,38.95333000,-122.60083000,CA,EPA_LMOP,"{""address"":""16015 Davis Avenue"",""city"":""Clearlake"",""county"":""Lake"",""ghgrp_id"":""1011676"",""zip"":""95422""}"
landfill_144,Edom Hill Disposal Site,landfill,33.87953500,-116.43680900,CA,EPA_LMOP,"{""address"":""70-100 Edom Hill Road\n1.3 miles East of Varner Road"",""city"":""Desert Hot Springs"",""county"":""Riverside"",""ghgrp_id"":""1000368"",""zip"":""92241""}"
landfill_145,Edwards Air Force Base-Main Base LF,landfill,34.95605000,-117.95627000,CA,EPA_LMOP,"{""address"":""220 Landfill Road"",""city"":""Edwards Air Force Base"",""county"":""Kern"",""zip"":""93523""}"
landfill_147,El Sobrante SLF,landfill,33.79923000,-117.46786000,CA,EPA_LMOP,"{""address"":""10910 Dawson Canyon Road"",""city"":""Corona"",""county"":""Riverside"",""ghgrp_id"":""1007693"",""zip"":""92883-5020""}"
landfill_148,Evans Road LF,landfill,39.06700000,-122.17500000,CA,EPA_LMOP,"{""address"":""Evans Road & Hahn Road\n2.5 miles south of Meyers Road"",""city"":""Arbuckle"",""county"":""Colusa"",""zip"":""95912""}"
landfill_149,Exeter Disposal Site,landfill,36.22956000,-119.15245000,CA,EPA_LMOP,"{""address"":""242 Avenue & Road 188"",""city"":""Lindsay"",""county"":""Tulare"",""zip"":""93247""}"
landfill_150,Fairmead Solid Waste Disposal Site,landfill,37.06468000,-120.19910000,CA,EPA_LMOP,"{""address"":""21739 Road 19"",""city"":""Chowchilla"",""county"":""Madera"",""ghgrp_id"":""1003202"",""zip"":""93610""}"
landfill_151,Fink Road LF,landfill,37.38816000,-121.13633000,CA,EPA_LMOP,"{""address"":""4000 Fink Road"",""city"":""Crows Landing"",""county"":""Stanislaus"",""ghgrp_id"":""1003814"",""zip"":""95313""}"
landfill_153,"Foothill Sanitary Landfill, Inc.",landfill,38.03710000,-120.94489000,CA,EPA_LMOP,"{""address"":""6484 North Waverly Road"",""city"":""Linden"",""county"":""San Joaquin"",""ghgrp_id"":""1007198"",""zip"":""95236""}"
landfill_154,Fort Bidwell LF,landfill,37.88333400,-121.26666700,CA,EPA_LMOP,"{""city"":""Fort Bidwell"",""county"":""Modoc"",""zip"":""96112""}"
landfill_259,Fort Irwin Sanitary Landfill,landfill,35.26589000,-116.66233000,CA,EPA_LMOP,"{""address"":""Reserve Component Training Center"",""city"":""Fort Irwin (Mil Res)"",""county"":""San Bernardino"",""zip"":""92310""}"
landfill_11120,Forward Landfill,landfill,37.87462400,-121.18330000,CA,EPA_LMOP,"{""address"":""9999 S. Austin Road"",""city"":""Manteca"",""county"":""San Joaquin"",""ghgrp_id"":""1004010"",""zip"":""95336""}"
landfill_156,Foxen Canyon SLF,landfill,37.95000000,-121.28333400,CA,EPA_LMOP,"{""city"":""Los Olivos"",""county"":""Santa Barbara"",""zip"":""93441""}"
landfill_62,Frank R. Bowerman SLF,landfill,33.72053000,-117.70947000,CA,EPA_LMOP,"{""address"":""11002 Bee Canyon Access Road"",""city"":""Irvine"",""county"":""Orange"",""ghgrp_id"":""1002107"",""zip"":""92602""}"
landfill_157,French Camp Landfill,landfill,37.91600000,-121.29500000,CA,EPA_LMOP,"{""address"":""3335 Manthey Road"",""city"":""Stockton"",""county"":""San Joaquin"",""zip"":""95206""}"
landfill_158,Furnace Creek,landfill,36.47000000,-116.85300000,CA,EPA_LMOP,"{""address"":""Spur Road\noff Hwy 190"",""city"":""Furnace Creek Ranch"",""county"":""Inyo"",""zip"":""92328""}"
landfill_159,Geer Road SLF,landfill,37.62609000,-120.85000000,CA,EPA_LMOP,"{""address"":""750 Geer Road"",""city"":""Modesto"",""county"":""Stanislaus"",""ghgrp_id"":""1003813"",""zip"":""95357""}"
landfill_160,Glenn County LF Site,landfill,39.63400000,-122.28500000,CA,EPA_LMOP,"{""address"":""5700 County Road 33"",""city"":""Artois"",""county"":""Glenn"",""zip"":""95913""}"
landfill_161,Glennville LF,landfill,35.71993000,-118.68282000,CA,EPA_LMOP,"{""address"":""Evans Road"",""city"":""Glennville"",""county"":""Kern"",""zip"":""93226""}"
landfill_162,Goldstone Deep Space Comm Complex,landfill,35.30540000,-116.79893000,CA,EPA_LMOP,"{""city"":""Fort Irwin (Mil Res)"",""county"":""San Bernardino""}"
landfill_163,Gopher Hill SLF,landfill,39.95400000,-121.03100000,CA,EPA_LMOP,"{""address"":""Bucks Lake And Snake Lake Roads"",""city"":""Spanish Ranch"",""county"":""Plumas"",""zip"":""95963""}"
landfill_164,Guadalupe Rubbish Disposal Facility,landfill,37.21139000,-121.90139000,CA,EPA_LMOP,"{""address"":""15999 Guadalupe Mines Road"",""city"":""San Jose"",""county"":""Santa Clara"",""ghgrp_id"":""1007837"",""zip"":""95120""}"
landfill_165,Hanford SLF,landfill,36.30907000,-119.59573000,CA,EPA_LMOP,"{""address"":""7803 Hanford-Armona Road\nat SE corner of INT with Hwy 43"",""city"":""Hanford"",""county"":""Kings"",""ghgrp_id"":""1011716"",""zip"":""93230""}"
landfill_166,Happy Camp Solid Waste Disposal site,landfill,41.78000000,-123.40000000,CA,EPA_LMOP,"{""address"":""Chambers Drive"",""city"":""Happy Camp"",""county"":""Siskiyou"",""zip"":""96039""}"
landfill_167,Harney Lane SLF,landfill,38.09940000,-121.13640000,CA,EPA_LMOP,"{""address"":""1/4 Mi E Of Jack Tone Road"",""city"":""Lodi"",""county"":""San Joaquin"",""zip"":""95240""}"
landfill_11340,Healdsburg Landfill,landfill,38.65080000,-122.86850000,CA,EPA_LMOP,"{""address"":""166 Alexander Valley Road"",""city"":""Healdsburg"",""county"":""Sonoma"",""zip"":""95448""}"
landfill_169,Herlong Disposal Facility,landfill,40.13669000,-120.17019000,CA,EPA_LMOP,"{""address"":""County Road 328"",""city"":""Herlong"",""county"":""Lassen"",""zip"":""96113""}"
landfill_170,Hesperia Refuse Disposal Site,landfill,34.34600000,-117.34900000,CA,EPA_LMOP,"{""address"":""7 miles South on Hesperia Road"",""city"":""Hesperia"",""county"":""San Bernardino"",""zip"":""92345""}"
landfill_171,Highgrove SLF,landfill,34.00667000,-117.28667000,CA,EPA_LMOP,"{""address"":""1420 Highgrove Pass Road"",""city"":""Moreno Valley"",""county"":""Riverside"",""ghgrp_id"":""1006079"",""zip"":""92557""}"
landfill_172,Highway 59 Landfill,landfill,37.39389000,-120.49778000,CA,EPA_LMOP,"{""address"":""7040 N. Hwy 59\n6 miles N. of Merced"",""city"":""Merced"",""county"":""Merced"",""ghgrp_id"":""1006216"",""zip"":""95348""}"
landfill_173,Hillside Solid Waste Disposal Site,landfill,37.68300000,-122.44400000,CA,EPA_LMOP,"{""address"":""1 Sand Hill Road"",""city"":""Colma"",""county"":""San Mateo"",""zip"":""94014""}"
landfill_175,Holtville Disposal Site,landfill,32.81666700,-115.38333400,CA,EPA_LMOP,"{""city"":""Holtville"",""county"":""Imperial"",""zip"":""92250""}"
landfill_177,Hot Spa Cut & Fill Site,landfill,33.41528000,-115.67611000,CA,EPA_LMOP,"{""address"":""10466 Spa Road"",""city"":""Niland"",""county"":""Imperial"",""zip"":""92257""}"
landfill_178,Hotelling Gulch Disposal Site,landfill,41.23833000,-123.27389000,CA,EPA_LMOP,"{""city"":""Forks of Salmon"",""county"":""Siskiyou"",""zip"":""96031""}"
landfill_325,Imperial Waste Site,landfill,32.84552000,-115.68112000,CA,EPA_LMOP,"{""address"":""1705 West Worthington Road"",""city"":""Imperial"",""county"":""Imperial"",""zip"":""92251""}"
landfill_180,Independence Disposal Site,landfill,36.78840000,-118.17586000,CA,EPA_LMOP,"{""address"":""End of Dump Road"",""city"":""Independence"",""county"":""Inyo"",""zip"":""93526""}"
landfill_335,Industry Hills Sheraton Resort,landfill,34.02100000,-117.92778000,CA,EPA_LMOP,"{""address"":""#1 Industry Hills Parkway"",""city"":""Industry Hills"",""county"":""Los Angeles"",""zip"":""91744""}"
landfill_241,"Intermountain Landfill, Inc.",landfill,33.43333400,-114.75000000,CA,EPA_LMOP,"{""city"":""Hat Creek"",""county"":""Shasta"",""zip"":""96013""}"
landfill_181,John Smith Road Class III Landfill,landfill,36.82500000,-121.32400000,CA,EPA_LMOP,"{""address"":""2650 John Smith Road"",""city"":""Hollister"",""county"":""San Benito"",""ghgrp_id"":""1002886"",""zip"":""95023""}"
landfill_182,Johnson Canyon SLF,landfill,36.53167000,-121.40667000,CA,EPA_LMOP,"{""address"":""31400 Johnson Canyon Road"",""city"":""Gonzales"",""county"":""Monterey"",""ghgrp_id"":""1007128"",""zip"":""93926""}"
landfill_183,Jolon Road SLF,landfill,36.16683000,-121.13061000,CA,EPA_LMOP,"{""city"":""King City"",""county"":""Monterey"",""zip"":""93930""}"
landfill_184,Keller Canyon LF,landfill,38.00472000,-121.93611000,CA,EPA_LMOP,"{""address"":""901 Bailey Road"",""city"":""Pittsburg"",""county"":""Contra Costa"",""ghgrp_id"":""1004011"",""zip"":""94565""}"
landfill_185,Kelly Gulch Solid Waste Disposal Site,landfill,41.32667000,-123.15400000,CA,EPA_LMOP,"{""city"":""Sawyers Bar"",""county"":""Siskiyou""}"
landfill_186,Kennedy Meadows Disposal Site,landfill,35.99100000,-118.10500000,CA,EPA_LMOP,"{""address"":""Goman Rd W Of Mountain Rd M-152"",""city"":""Johnsondale"",""county"":""Tulare"",""zip"":""93207""}"
landfill_187,Kern Valley LF,landfill,35.75000000,-118.43333400,CA,EPA_LMOP,"{""city"":""Kernville"",""county"":""Kern"",""zip"":""93285""}"
landfill_265,Kiefer LF,landfill,38.52099000,-121.19890000,CA,EPA_LMOP,"{""address"":""12701 Kiefer Boulevard & Grant Line Road"",""city"":""Sloughhouse"",""county"":""Sacramento"",""ghgrp_id"":""1004037"",""zip"":""95683""}"
landfill_188,Kirby Canyon Recycling & Disposal Facility,landfill,37.18507000,-121.67109000,CA,EPA_LMOP,"{""address"":""910 Coyote Creek Golf Drive"",""city"":""Morgan Hill"",""county"":""Santa Clara"",""ghgrp_id"":""1007817"",""zip"":""95037""}"
landfill_189,L & D Landfill Company,landfill,38.52800000,-121.37800000,CA,EPA_LMOP,"{""address"":""8635 Fruitridge Road"",""city"":""Sacramento"",""county"":""Sacramento"",""zip"":""95826""}"
landfill_190,Lake City LF,landfill,41.63100000,-120.11600000,CA,EPA_LMOP,"{""address"":""County Rd #15-C"",""city"":""Lake City"",""county"":""Modoc"",""zip"":""96115""}"
landfill_191,Lamb Canyon Sanitary Landfill,landfill,33.88389000,-116.99722000,CA,EPA_LMOP,"{""address"":""16411 Lamb Canyon Road"",""city"":""Beaumont"",""county"":""Riverside"",""ghgrp_id"":""1002134"",""zip"":""92223""}"
landfill_314,Lancaster Landfill,landfill,34.74740000,-118.11650000,CA,EPA_LMOP,"{""address"":""600 East Avenue `F`"",""city"":""Lancaster"",""county"":""Los Angeles"",""ghgrp_id"":""1007841"",""zip"":""93535""}"
landfill_192,Landers Sanitary Landfill,landfill,34.24048000,-116.38152000,CA,EPA_LMOP,"{""address"":""59200 Winters Road\n1/2 mile E. of Avalon Avenue"",""city"":""Landers"",""county"":""San Bernardino"",""ghgrp_id"":""1007424"",""zip"":""92285""}"
landfill_193,Las Pulgas LF,landfill,33.36444000,-117.41921000,CA,EPA_LMOP,"{""address"":""1 mi N of Camp Pulgas, off Basilone Road"",""city"":""Camp Pendleton (Mil Res)"",""county"":""San Diego"",""ghgrp_id"":""1002224"",""zip"":""92055""}"
landfill_195,Lava Beds Disposal Site,landfill,41.70000000,-121.46667000,CA,EPA_LMOP,"{""city"":""Tulelake"",""county"":""Siskiyou"",""zip"":""96134""}"
landfill_197,Lebec SLF,landfill,34.82697000,-118.88773000,CA,EPA_LMOP,"{""address"":""300 Landfill Road"",""city"":""Lebec"",""county"":""Kern"",""zip"":""93243""}"
landfill_198,Lenwood-Hinkley Refuse Disposal Site,landfill,34.93550000,-117.11830000,CA,EPA_LMOP,"{""address"":""37751 Lenwood Road"",""city"":""Lenwood"",""county"":""San Bernardino"",""zip"":""92311""}"
landfill_199,Lewis Road SLF,landfill,36.88083000,-121.69944000,CA,EPA_LMOP,"{""address"":""1010 Lewis Road"",""city"":""Pajaro"",""county"":""Monterey"",""zip"":""95076""}"
landfill_200,Lone Pine Disposal Site,landfill,36.59421000,-118.03495000,CA,EPA_LMOP,"{""address"":""End of Substation Road"",""city"":""Lone Pine"",""county"":""Inyo"",""zip"":""93545""}"
landfill_201,Lopez Canyon SLF,landfill,34.29028000,-118.39111000,CA,EPA_LMOP,"{""address"":""11950 Lopez Canyon Road"",""city"":""Sylmar"",""county"":""Los Angeles"",""ghgrp_id"":""1006107"",""zip"":""91342""}"
landfill_202,Lost Hills SLF,landfill,35.63110000,-119.75732000,CA,EPA_LMOP,"{""address"":""14251 Holloway Road"",""city"":""Lost Hills"",""county"":""Kern"",""zip"":""93249""}"
landfill_203,Loyalton LF,landfill,39.67000000,-120.22000000,CA,EPA_LMOP,"{""address"":""Garbage Pit Road\n1 Mi E Loyalton"",""city"":""Loyalton"",""county"":""Sierra"",""zip"":""96118""}"
landfill_204,Lucerne Valley Disposal Site,landfill,34.43070000,-116.85420000,CA,EPA_LMOP,"{""address"":""Camp Rock Road"",""city"":""Lucerne Valley"",""county"":""San Bernardino"",""zip"":""92356""}"
landfill_205,Madeline Disposal Facility,landfill,41.05000000,-120.45333000,CA,EPA_LMOP,"{""city"":""Madeline"",""county"":""Lassen"",""zip"":""96119""}"
landfill_206,Mariposa County SLF,landfill,37.50432000,-120.00580000,CA,EPA_LMOP,"{""address"":""5593 Hwy 49 N"",""city"":""Mariposa"",""county"":""Mariposa"",""zip"":""95338""}"
landfill_336,Marsh Road LF,landfill,37.49290000,-122.17590000,CA,EPA_LMOP,"{""address"":""1600 Marsh Road\nNorth End Of Marsh Road at Bayfront Expwy"",""city"":""Menlo Park"",""county"":""San Mateo"",""zip"":""94025""}"
landfill_207,McCloud Community Services District LF,landfill,41.24200000,-122.13200000,CA,EPA_LMOP,"{""address"":""Timber Road"",""city"":""McCloud"",""county"":""Siskiyou"",""zip"":""96057""}"
landfill_208,McCourtney LF,landfill,39.17260000,-121.11210000,CA,EPA_LMOP,"{""address"":""14741 Wolf Mountain Road"",""city"":""Grass Valley"",""county"":""Nevada"",""zip"":""95949""}"
landfill_209,McFarland-Delano SLF,landfill,35.74100000,-119.25400000,CA,EPA_LMOP,"{""address"":""Stradley Avenue\n3 mi S. of Delano"",""city"":""Delano"",""county"":""Kern"",""zip"":""93215""}"
landfill_210,Mead Valley Disposal Site,landfill,33.79570000,-117.28320000,CA,EPA_LMOP,"{""address"":""22376 Forrest Road"",""city"":""Perris"",""county"":""Riverside"",""ghgrp_id"":""1000366"",""zip"":""92570""}"
landfill_211,Mecca LF II,landfill,33.57194000,-116.00306000,CA,EPA_LMOP,"{""address"":""95250 66th Avenue\nBox Canyon Road & Garfield Street"",""city"":""Mecca"",""county"":""Riverside"",""zip"":""92254""}"
landfill_338,Mid-Valley Sanitary LF,landfill,34.14333000,-117.43000000,CA,EPA_LMOP,"{""address"":""2390 N. Alder Avenue"",""city"":""Rialto"",""county"":""San Bernardino"",""ghgrp_id"":""1003918"",""zip"":""92377""}"
landfill_213,Milliken SLF,landfill,34.03650000,-117.55830000,CA,EPA_LMOP,"{""address"":""2050 S. Milliken Avenue"",""city"":""Ontario"",""county"":""San Bernardino"",""ghgrp_id"":""1006293"",""zip"":""91761""}"
landfill_10141,Mission Canyon Landfill,landfill,34.11020000,-118.48240000,CA,EPA_LMOP,"{""address"":""1801 & 2501 North Sepulveda Boulevard"",""city"":""Los Angeles"",""county"":""Los Angeles"",""zip"":""90049""}"
landfill_337,Mission Hills,landfill,34.10730000,-118.48760000,CA,EPA_LMOP,"{""address"":""12445 Mountaingate Drive"",""city"":""Los Angeles"",""county"":""Los Angeles"",""zip"":""90049""}"
landfill_215,Mojave-Rosamond SLF,landfill,34.99336000,-118.13881000,CA,EPA_LMOP,"{""address"":""400 Silver Queen Road"",""city"":""Mojave"",""county"":""Kern"",""zip"":""93501""}"
landfill_217,Monterey Peninsula SLF,landfill,36.71333000,-121.76667000,CA,EPA_LMOP,"{""address"":""14201 Del Monte Blvd"",""city"":""Marina"",""county"":""Monterey"",""ghgrp_id"":""1004550"",""zip"":""93933""}"
landfill_218,Morongo Disposal Site,landfill,34.05570000,-116.55800000,CA,EPA_LMOP,"{""address"":""1/2 mile East of Highway 62"",""city"":""Morongo Valley"",""county"":""San Bernardino"",""zip"":""92256""}"
landfill_220,Neal Road Recycling and Waste Facility,landfill,39.67425000,-121.72929000,CA,EPA_LMOP,"{""address"":""1023 Neal Road"",""city"":""Paradise"",""county"":""Butte"",""ghgrp_id"":""1004052"",""zip"":""95969""}"
landfill_221,Needles Solid Waste Disposal Site,landfill,34.85260000,-114.63100000,CA,EPA_LMOP,"{""address"":""13930 Needles Landfill Road"",""city"":""Needles"",""county"":""San Bernardino"",""zip"":""92363""}"
landfill_222,New Cuyama SLF,landfill,34.95000000,-119.70000000,CA,EPA_LMOP,"{""address"":""1/4 miles SW of New Cuyama"",""city"":""New Cuyama"",""county"":""Santa Barbara"",""zip"":""93254""}"
landfill_224,Newberry Springs Disposal Site,landfill,34.79100000,-116.66000000,CA,EPA_LMOP,"{""address"":""Poniete Drive\n3 miles South of Highway 66"",""city"":""Newberry Springs"",""county"":""San Bernardino"",""zip"":""92365""}"
landfill_225,"Newby Island SLF Phases I, II, & III",landfill,37.45897000,-121.94108000,CA,EPA_LMOP,"{""address"":""1601 Dixon Landing Road"",""city"":""Milpitas"",""county"":""Santa Clara"",""ghgrp_id"":""1006179"",""zip"":""95035""}"
landfill_226,Niland Cut & Fill Site,landfill,33.27111000,-115.49167000,CA,EPA_LMOP,"{""address"":""8450 Cuff Road"",""city"":""Niland"",""county"":""Imperial"",""zip"":""92257""}"
landfill_228,North Belridge Solid Waste Disposal Site,landfill,35.52613000,-119.78603000,CA,EPA_LMOP,"{""city"":""Lost Hills"",""county"":""Kern"",""zip"":""93249""}"
landfill_227,North County SLF,landfill,38.09700000,-121.10194000,CA,EPA_LMOP,"{""address"":""17720 East Harney Lane"",""city"":""Lodi"",""county"":""San Joaquin"",""ghgrp_id"":""1007197"",""zip"":""95240""}"
landfill_20794,North Miramar SLF,landfill,32.85600000,-117.16200000,CA,EPA_LMOP,"{""address"":""5180 Convoy Street"",""city"":""San Diego"",""county"":""San Diego"",""ghgrp_id"":""1007558"",""zip"":""92111""}"
landfill_229,Oasis Disposal Site,landfill,33.43900000,-116.08150000,CA,EPA_LMOP,"{""address"":""84-505 84th Avenue"",""city"":""Oasis"",""county"":""Riverside"",""zip"":""92274""}"
landfill_230,Ocotillo Cut & Fill,landfill,32.73333400,-116.00000000,CA,EPA_LMOP,"{""city"":""Ocotillo"",""county"":""Imperial"",""zip"":""92274""}"
landfill_232,Olinda Alpha SLF,landfill,33.93361000,-117.84361000,CA,EPA_LMOP,"{""address"":""1942 N. Valencia Avenue"",""city"":""Brea"",""county"":""Orange"",""ghgrp_id"":""1002320"",""zip"":""92823""}"
landfill_2162,"Operating Industries, Inc. LF (OII)",landfill,34.03100000,-118.10800000,CA,EPA_LMOP,"{""address"":""900 Potrero Grande Drive\nEnd of Greenwood Avenue"",""city"":""Monterey Park"",""county"":""Los Angeles"",""zip"":""91754""}"
landfill_233,Orange Avenue Disposal Inc.,landfill,36.68694000,-119.76306000,CA,EPA_LMOP,"{""address"":""3280 South Orange Avenue"",""city"":""Fresno"",""county"":""Fresno"",""zip"":""93725""}"
landfill_234,Oro Grande LF,landfill,34.63400000,-117.30700000,CA,EPA_LMOP,"{""address"":""19409 National Trails Highway"",""city"":""Oro Grande"",""county"":""San Bernardino"",""zip"":""92368""}"
landfill_236,Otay LF,landfill,32.60400000,-117.00500000,CA,EPA_LMOP,"{""address"":""1700 Maxwell Road"",""city"":""Chula Vista"",""county"":""San Diego"",""ghgrp_id"":""1008030"",""zip"":""91911""}"
landfill_238,Ox Mountain SLF,landfill,37.49900000,-122.41200000,CA,EPA_LMOP,"{""address"":""12310 San Mateo Road"",""city"":""Half Moon Bay"",""county"":""San Mateo"",""ghgrp_id"":""1007112"",""zip"":""94019""}"
landfill_56,Oxnard Landfills,landfill,34.22857000,-119.22435000,CA,EPA_LMOP,"{""address"":""4105 West Gonzales Road"",""city"":""Oxnard"",""county"":""Ventura"",""ghgrp_id"":""1005092"",""zip"":""93036""}"
landfill_332,Palo Alto LF,landfill,37.45000000,-122.10500000,CA,EPA_LMOP,"{""address"":""2830 Embarcadero Road"",""city"":""Palo Alto"",""county"":""Santa Clara"",""ghgrp_id"":""1005865"",""zip"":""94303""}"
landfill_242,Palo Verde Cut & Fill Site,landfill,33.35000000,-118.31666700,CA,EPA_LMOP,"{""city"":""Palo Verde"",""county"":""Imperial"",""zip"":""92266""}"
landfill_1780,Palos Verdes Landfill,landfill,33.79189000,-118.35243000,CA,EPA_LMOP,"{""address"":""25680 Hawthorne Boulevard"",""city"":""Rolling Hills Estates"",""county"":""Los Angeles"",""ghgrp_id"":""1003361"",""zip"":""90274""}"
landfill_21148,Pebbly Beach Disposal Site,landfill,33.32998500,-118.30958500,CA,EPA_LMOP,"{""address"":""1 Dump Road"",""city"":""Avalon"",""county"":""Los Angeles"",""zip"":""90704""}"
landfill_347,Penrose LF,landfill,34.21860000,-118.38160000,CA,EPA_LMOP,"{""address"":""8251 - 8301 Tujunga Avenue"",""city"":""Sun Valley"",""county"":""Los Angeles"",""zip"":""91352""}"
landfill_244,Phelan Refuse Disposal Site,landfill,34.43430000,-117.60750000,CA,EPA_LMOP,"{""address"":""10130 Buckwheat Road"",""city"":""Phelan"",""county"":""San Bernardino"",""zip"":""92371""}"
landfill_248,Ponderosa SLF,landfill,39.46667000,-121.29000000,CA,EPA_LMOP,"{""address"":""17219 Ponderosa Way"",""city"":""Brownsville"",""county"":""Yuba"",""zip"":""95919""}"
landfill_249,Portola LF,landfill,39.82400000,-120.44900000,CA,EPA_LMOP,"{""address"":""Off Hwy 70\n1.5 Mi Ne Portola"",""city"":""Portola"",""county"":""Plumas"",""zip"":""96122""}"
landfill_250,Potrero Hills SLF,landfill,38.22333000,-121.97778000,CA,EPA_LMOP,"{""address"":""3675 Potrero Hills Lane"",""city"":""Suisun City"",""county"":""Solano"",""ghgrp_id"":""1007345"",""zip"":""94585""}"
landfill_251,Prima Deshecha SLF,landfill,33.48654000,-117.62491000,CA,EPA_LMOP,"{""address"":""32250 La Pata Avenue"",""city"":""San Juan Capistrano"",""county"":""Orange"",""ghgrp_id"":""1002106"",""zip"":""92675""}"
landfill_352,Puente Hills LF,landfill,34.02033000,-118.00604000,CA,EPA_LMOP,"{""address"":""2800 S. Workman Mill Road"",""city"":""Whittier"",""county"":""Los Angeles"",""ghgrp_id"":""1003199"",""zip"":""90601""}"
landfill_252,Pumice Valley SLF,landfill,37.90694000,-119.06528000,CA,EPA_LMOP,"{""address"":""200 Dross Road"",""city"":""Lee Vining"",""county"":""Mono"",""zip"":""93541""}"
landfill_253,Ramona Avenue Landfill,landfill,33.08500000,-116.86300000,CA,EPA_LMOP,"{""address"":""20630 Pamo Road"",""city"":""Ramona"",""county"":""San Diego"",""ghgrp_id"":""1004243"",""zip"":""92065""}"
landfill_254,Ravendale Disposal,landfill,40.79222000,-120.37083000,CA,EPA_LMOP,"{""city"":""Ravendale"",""county"":""Lassen"",""zip"":""96123""}"
landfill_54,Recology Hay Road LF,landfill,38.31497000,-121.83164000,CA,EPA_LMOP,"{""address"":""6426 Hay Road"",""city"":""Vacaville"",""county"":""Solano"",""ghgrp_id"":""1005042"",""zip"":""95687""}"
landfill_1976,Recology Ostrom Road LF,landfill,39.07171000,-121.39250000,CA,EPA_LMOP,"{""address"":""5900 Ostrom Road"",""city"":""Wheatland"",""county"":""Yuba"",""ghgrp_id"":""1004745"",""zip"":""95692""}"
landfill_239,Recology Pacheco Pass LF,landfill,36.99577000,-121.47890000,CA,EPA_LMOP,"{""address"":""3665 Pacheco Pass Highway"",""city"":""Gilroy"",""county"":""Santa Clara"",""ghgrp_id"":""1005041"",""zip"":""95020""}"
landfill_329,Recology Yuba-Sutter Landfill,landfill,39.16710000,-121.55708000,CA,EPA_LMOP,"{""address"":""3001 North Levee Road"",""city"":""Marysville"",""county"":""Yuba"",""ghgrp_id"":""1004959"",""zip"":""95901""}"
landfill_257,Red Hill SLF,landfill,38.07333000,-120.49167000,CA,EPA_LMOP,"{""address"":""5314 Red Hill Road"",""city"":""Vallecito"",""county"":""Calaveras"",""zip"":""95251""}"
landfill_258,Redwood SLF,landfill,38.16610000,-122.57922000,CA,EPA_LMOP,"{""address"":""8950 Redwood Highway"",""city"":""Novato"",""county"":""Marin"",""ghgrp_id"":""1007668"",""zip"":""94945""}"
landfill_260,Ridgecrest-Inyokern SLF,landfill,35.60254000,-117.73755000,CA,EPA_LMOP,"{""address"":""3301 Bowman Road"",""city"":""Ridgecrest"",""county"":""Kern"",""ghgrp_id"":""1002897"",""zip"":""93555""}"
landfill_261,Rio Vista SLF,landfill,38.17750000,-121.68944000,CA,EPA_LMOP,"{""address"":""Airport Road"",""city"":""Rio Vista"",""county"":""Solano"",""zip"":""94571""}"
landfill_262,Rock Creek LF,landfill,38.03535000,-120.84180000,CA,EPA_LMOP,"{""address"":""12021 Hunt Road"",""city"":""Milton"",""county"":""Calaveras"",""zip"":""95252""}"
landfill_266,Salton City Solid Waste Site,landfill,33.22944000,-115.98611000,CA,EPA_LMOP,"{""address"":""935 W. Highway 86"",""city"":""Salton City"",""county"":""Imperial"",""zip"":""92275""}"
landfill_267,San Antonio South Shore Disposal Site,landfill,35.83333000,-120.97167000,CA,EPA_LMOP,"{""city"":""Bradley"",""county"":""Monterey"",""zip"":""93426""}"
landfill_21149,San Clemente Island Landfill,landfill,32.96478200,-118.53888700,CA,EPA_LMOP,"{""address"":""San Clemente Ridge Road and Reservoir Road"",""city"":""San Clemente Island"",""county"":""Los Angeles""}"
landfill_268,San Marcos LF,landfill,33.07833000,-117.16500000,CA,EPA_LMOP,"{""address"":""1595 San Elijo Road"",""city"":""San Marcos"",""county"":""San Diego"",""ghgrp_id"":""1006215"",""zip"":""92078""}"
landfill_240,San Nicolas Island LF,landfill,33.24778000,-119.50472000,CA,EPA_LMOP,"{""city"":""Point Mugu (Mil Res)"",""county"":""Ventura"",""zip"":""93035""}"
landfill_269,San Onofre LF,landfill,33.39667000,-117.54028000,CA,EPA_LMOP,"{""address"":""2.7 Mi E Basilone Gate"",""city"":""Camp Pendleton (Mil Res)"",""county"":""San Diego"",""zip"":""92672""}"
landfill_270,San Timoteo Solid Waste Disposal Site,landfill,34.01170000,-117.21330000,CA,EPA_LMOP,"{""address"":""31 Refuse Road"",""city"":""Redlands"",""county"":""San Bernardino"",""ghgrp_id"":""1004692"",""zip"":""92373""}"
landfill_113,Santa Maria Regional Landfill,landfill,34.95250000,-120.38310000,CA,EPA_LMOP,"{""address"":""2065 E. Main Street"",""city"":""Santa Maria"",""county"":""Santa Barbara"",""ghgrp_id"":""1004882"",""zip"":""93454""}"
landfill_273,Santiago Canyon SLF,landfill,33.77639000,-117.74111000,CA,EPA_LMOP,"{""address"":""3099 Santiago Canyon Road"",""city"":""Orange"",""county"":""Orange"",""ghgrp_id"":""1002318"",""zip"":""92862""}"
landfill_116,Savage Canyon LF,landfill,33.97990000,-118.01710000,CA,EPA_LMOP,"{""address"":""13919 East Penn Street"",""city"":""Whittier"",""county"":""Los Angeles"",""ghgrp_id"":""1005782"",""zip"":""90602""}"
landfill_274,Scholl Canyon SLF,landfill,34.15188000,-118.19673000,CA,EPA_LMOP,"{""address"":""3001 Scholl Canyon Road"",""city"":""Glendale"",""county"":""Los Angeles"",""ghgrp_id"":""1003198"",""zip"":""91206""}"
landfill_275,Shafter-Wasco SLF,landfill,35.51042000,-119.41085000,CA,EPA_LMOP,"{""address"":""17621 Scofield Road"",""city"":""Shafter"",""county"":""Kern"",""ghgrp_id"":""1006149"",""zip"":""93263""}"
landfill_346,Sheldon-Arleta LF,landfill,34.22630000,-118.40440000,CA,EPA_LMOP,"{""address"":""12455 Wicks Street"",""city"":""Sun Valley"",""county"":""Los Angeles"",""zip"":""91352""}"
landfill_344,Shoreline LF at Mountain View,landfill,37.42360000,-122.09030000,CA,EPA_LMOP,"{""address"":""1780 Ampitheatre Parkway\n2600 Shoreline Boulevard"",""city"":""Mountain View"",""county"":""Santa Clara"",""ghgrp_id"":""1005910"",""zip"":""94043""}"
landfill_277,Shoshone Disposal Site,landfill,35.97080000,-116.24444000,CA,EPA_LMOP,"{""city"":""Shoshone"",""county"":""Inyo"",""zip"":""92384""}"
landfill_278,Sierra Army Depot,landfill,40.16278000,-120.15889000,CA,EPA_LMOP,"{""address"":""74 Currant Street"",""city"":""Herlong"",""county"":""Lassen"",""ghgrp_id"":""1013147"",""zip"":""96113""}"
landfill_279,Simi Valley LF,landfill,34.29454000,-118.79544000,CA,EPA_LMOP,"{""address"":""2801 N. Madera Road"",""city"":""Simi Valley"",""county"":""Ventura"",""ghgrp_id"":""1007816"",""zip"":""93065""}"
landfill_280,Simpson Paper Company Landfill,landfill,40.47833000,-122.21667000,CA,EPA_LMOP,"{""address"":""Dersch Road"",""city"":""Anderson"",""county"":""Shasta"",""zip"":""96007""}"
landfill_1929,Sonoma County Central Disposal Site,landfill,38.29694000,-122.74222000,CA,EPA_LMOP,"{""address"":""500 Mecham Road"",""city"":""Petaluma"",""county"":""Sonoma"",""ghgrp_id"":""1004123"",""zip"":""94952""}"
landfill_1715,South Chollas SLF,landfill,32.73520000,-117.06690000,CA,EPA_LMOP,"{""address"":""6000 College Grove Drive\n2781 Caminito Chollas"",""city"":""San Diego"",""county"":""San Diego"",""ghgrp_id"":""1008057"",""zip"":""92105""}"
landfill_282,South Coast Refuse Disposal,landfill,38.83000000,-123.54389000,CA,EPA_LMOP,"{""address"":""Fish Rock Road"",""city"":""Gualala"",""county"":""Mendocino"",""zip"":""95445""}"
landfill_20804,South Miramar LF,landfill,32.84200000,-117.15200000,CA,EPA_LMOP,"{""address"":""5180 Convoy Street"",""city"":""San Diego"",""county"":""San Diego"",""zip"":""92111""}"
landfill_283,Southeast Regional Solid Waste Disposal Site,landfill,36.59049000,-119.56238000,CA,EPA_LMOP,"{""address"":""12716 Dinuba Avenue"",""city"":""Selma"",""county"":""Fresno"",""zip"":""93662""}"
landfill_354,Spadra LF,landfill,34.03864000,-117.82379000,CA,EPA_LMOP,"{""address"":""4125 W. Valley Boulevard"",""city"":""Walnut"",""county"":""Los Angeles"",""ghgrp_id"":""1003395"",""zip"":""91789""}"
landfill_285,Stonyford Disposal Site,landfill,39.36037000,-122.54461000,CA,EPA_LMOP,"{""address"":""Lodoga/Stonyford Road"",""city"":""Stonyford"",""county"":""Colusa"",""zip"":""95979""}"
landfill_114,Sunnyvale LF,landfill,37.41840000,-122.00776000,CA,EPA_LMOP,"{""address"":""301 Carl Road"",""city"":""Sunnyvale"",""county"":""Santa Clara"",""ghgrp_id"":""1003386"",""zip"":""94089""}"
landfill_286,Sunshine Canyon Landfill,landfill,34.32352000,-118.50294000,CA,EPA_LMOP,"{""address"":""14747 San Fernando Road"",""city"":""Sylmar"",""county"":""Los Angeles"",""ghgrp_id"":""1003679"",""zip"":""91342""}"
landfill_287,Sycamore SLF,landfill,32.84960000,-117.02667000,CA,EPA_LMOP,"{""address"":""8514 Mast Boulevard"",""city"":""Santee"",""county"":""San Diego"",""ghgrp_id"":""1003680"",""zip"":""92071""}"
landfill_288,Taft SLF,landfill,35.20377000,-119.45314000,CA,EPA_LMOP,"{""address"":""13351 Elk Hills Road"",""city"":""Taft"",""county"":""Kern"",""zip"":""93268""}"
landfill_289,Tajiguas SLF,landfill,34.47694000,-120.12417000,CA,EPA_LMOP,"{""address"":""14470 Calle Real"",""city"":""Gaviota"",""county"":""Santa Barbara"",""ghgrp_id"":""1002634"",""zip"":""93117""}"
landfill_290,Teapot Dome Landfill,landfill,36.02111000,-119.10583000,CA,EPA_LMOP,"{""address"":""21063 Avenue 128"",""city"":""Porterville"",""county"":""Tulare"",""ghgrp_id"":""1004403"",""zip"":""93257""}"
landfill_291,Tecopa Disposal Site,landfill,35.85071000,-116.18246000,CA,EPA_LMOP,"{""city"":""Tecopa"",""county"":""Inyo"",""zip"":""92389""}"
landfill_292,Tehachapi SLF,landfill,35.12362000,-118.34031000,CA,EPA_LMOP,"{""address"":""12001 Tehachapi Boulevard"",""city"":""Tehachapi"",""county"":""Kern"",""zip"":""93561""}"
landfill_256,Tehama County/Red Bluff Landfill,landfill,40.19600000,-122.29742000,CA,EPA_LMOP,"{""address"":""19995 Plymire Rd"",""city"":""Red Bluff"",""county"":""Tehama"",""ghgrp_id"":""1005368"",""zip"":""96080""}"
landfill_294,Toland Road SLF,landfill,34.40250000,-118.99806000,CA,EPA_LMOP,"{""address"":""3500 North Toland Road"",""city"":""Santa Paula"",""county"":""Ventura"",""ghgrp_id"":""1004743"",""zip"":""93060""}"
landfill_343,Toyon Canyon Landfill,landfill,34.14440000,-118.30120000,CA,EPA_LMOP,"{""address"":""5050 Mt Hollywood Drive"",""city"":""Los Angeles"",""county"":""Los Angeles"",""ghgrp_id"":""1006089"",""zip"":""90027""}"
landfill_137,Tri-Cities Landfill,landfill,37.49227000,-121.99229000,CA,EPA_LMOP,"{""address"":""7010 Auto Mall Parkway"",""city"":""Fremont"",""county"":""Alameda"",""ghgrp_id"":""1007836"",""zip"":""94538""}"
landfill_295,Trona-Argus Refuse Disposal Site,landfill,35.76320000,-117.39900000,CA,EPA_LMOP,"{""address"":""83000 1st Street"",""city"":""Trona"",""county"":""San Bernardino"",""zip"":""93562""}"
landfill_297,Tulelake SLF,landfill,41.95000000,-121.46666700,CA,EPA_LMOP,"{""city"":""Tulelake"",""county"":""Siskiyou"",""zip"":""96134""}"
landfill_298,Tuolumne County Central SLF,landfill,37.94833000,-120.40620000,CA,EPA_LMOP,"{""address"":""1800 Seco Terrace Drive"",""city"":""Jamestown"",""county"":""Tuolumne"",""zip"":""95327""}"
landfill_299,Twentynine Palms Disposal Site,landfill,34.11920000,-115.96520000,CA,EPA_LMOP,"{""address"":""7501 Pinto Mountain Road"",""city"":""Twentynine Palms"",""county"":""San Bernardino"",""zip"":""92277""}"
landfill_300,Twin Bridges LF,landfill,40.49722000,-122.19694000,CA,EPA_LMOP,"{""address"":""8103 Millville Plains Road"",""city"":""Anderson"",""county"":""Shasta"",""zip"":""96007""}"
landfill_301,Two Harbors LF Site,landfill,33.43654000,-118.50580000,CA,EPA_LMOP,"{""address"":""Santa Catalina Island Two Harbors"",""city"":""Avalon"",""county"":""Los Angeles"",""zip"":""90704""}"
landfill_306,U.S.M.C. 29 Palms Disposal Site,landfill,34.13333400,-116.05000000,CA,EPA_LMOP,"{""city"":""Twentynine Palms"",""county"":""San Bernardino"",""zip"":""92277""}"
landfill_302,Union Mine Disposal Site,landfill,38.64800000,-120.82980000,CA,EPA_LMOP,"{""address"":""5700 Union Mine Road"",""city"":""El Dorado"",""county"":""El Dorado"",""zip"":""95623""}"
landfill_303,University of California at Davis SLF,landfill,38.52972000,-121.80556000,CA,EPA_LMOP,"{""address"":""West End Of UCD Campus On County Road 98"",""city"":""Davis"",""county"":""Yolo"",""zip"":""95616""}"
landfill_1775,Upland LF,landfill,34.11667000,-117.64000000,CA,EPA_LMOP,"{""address"":""1460 N. Campus Avenue\nBTW E. 14th and E. 15th"",""city"":""Upland"",""county"":""San Bernardino"",""zip"":""91786""}"
landfill_307,Valley Tree & Construction Disposal Site,landfill,35.44521000,-119.08308000,CA,EPA_LMOP,"{""address"":""4233 Quinn Road"",""city"":""Bakersfield"",""county"":""Kern"",""zip"":""93308""}"
landfill_308,Vandenberg Air Force Base LF,landfill,34.71970000,-120.52418000,CA,EPA_LMOP,"{""address"":""SE of Washington and New Mexico Avenue"",""city"":""Vandenberg Air Force Base"",""county"":""Santa Barbara"",""zip"":""93437""}"
landfill_309,Vasco Road SLF,landfill,37.75333000,-121.72333000,CA,EPA_LMOP,"{""address"":""4001 North Vasco Road"",""city"":""Livermore"",""county"":""Alameda"",""ghgrp_id"":""1007040"",""zip"":""94550""}"
landfill_311,Victorville Sanitary Landfill,landfill,34.59333000,-117.27000000,CA,EPA_LMOP,"{""address"":""18600 Stoddard Wells Road"",""city"":""Victorville"",""county"":""San Bernardino"",""ghgrp_id"":""1007607"",""zip"":""92392""}"
landfill_312,Visalia Landfill,landfill,36.39222000,-119.39194000,CA,EPA_LMOP,"{""address"":""33466 Road 80\n8614 Avenue 328"",""city"":""Visalia"",""county"":""Tulare"",""ghgrp_id"":""1004548"",""zip"":""93291""}"
landfill_313,Walker SLF,landfill,38.55450000,-119.45480000,CA,EPA_LMOP,"{""address"":""280 Offal Road"",""city"":""Walker"",""county"":""Mono"",""zip"":""96107""}"
landfill_317,Weaverville LF Disposal Site,landfill,40.74389000,-122.92500000,CA,EPA_LMOP,"{""address"":""1.5 Mi Ne Weaverville\nOff Hwy 3"",""city"":""Weaverville"",""county"":""Trinity"",""zip"":""96093""}"
landfill_318,Weed Solid Waste Disposal Site,landfill,41.43000000,-122.35200000,CA,EPA_LMOP,"{""address"":""Angel Valley Road east of Weed"",""city"":""Weed"",""county"":""Siskiyou"",""zip"":""96094""}"
landfill_319,West Central LF,landfill,40.48156000,-122.53498000,CA,EPA_LMOP,"{""address"":""14095 Clear Creek Road"",""city"":""Igo"",""county"":""Shasta"",""ghgrp_id"":""1001819"",""zip"":""96047""}"
landfill_320,West Contra Costa SLF,landfill,37.96778000,-122.37639000,CA,EPA_LMOP,"{""address"":""1 Parr Boulevard"",""city"":""Richmond"",""county"":""Contra Costa"",""ghgrp_id"":""1005195"",""zip"":""94801""}"
landfill_321,"West Marin Sanitary Landfill, Inc.",landfill,38.06279000,-122.81302000,CA,EPA_LMOP,"{""city"":""Point Reyes Station"",""county"":""Marin"",""zip"":""94956""}"
landfill_214,West Miramar SLF,landfill,32.85600000,-117.16200000,CA,EPA_LMOP,"{""address"":""5180 Convoy Street"",""city"":""San Diego"",""county"":""San Diego"",""ghgrp_id"":""1005061"",""zip"":""92111""}"
landfill_247,Western Regional SLF,landfill,38.83583000,-121.34472000,CA,EPA_LMOP,"{""address"":""3195 Athens Avenue"",""city"":""Lincoln"",""county"":""Placer"",""ghgrp_id"":""1006501"",""zip"":""95648""}"
landfill_323,Westwood Disposal Facility,landfill,40.31800000,-121.02272000,CA,EPA_LMOP,"{""city"":""Westwood"",""county"":""Lassen"",""zip"":""96130""}"
landfill_324,Woodville Landfill,landfill,36.15056000,-119.23139000,CA,EPA_LMOP,"{""address"":""19800 Road 152"",""city"":""Tulare"",""county"":""Tulare"",""ghgrp_id"":""1004402"",""zip"":""93274""}"
landfill_326,Yermo Disposal Site,landfill,34.94002000,-116.76600000,CA,EPA_LMOP,"{""address"":""40950 Minneola Road"",""city"":""Yermo"",""county"":""San Bernardino"",""zip"":""92398""}"
landfill_327,Yolo County Central LF,landfill,38.59028000,-121.69222000,CA,EPA_LMOP,"{""address"":""44090 County Road 28H"",""city"":""Woodland"",""county"":""Yolo"",""ghgrp_id"":""1011371"",""zip"":""95776""}"
landfill_328,Yreka Solid Waste LF,landfill,41.70031000,-122.59772000,CA,EPA_LMOP,"{""address"":""2420 Oberlin Road"",""city"":""Yreka"",""county"":""Siskiyou"",""zip"":""96097""}"
landfill_330,Yuba-Sutter Disposal Area,landfill,39.16333000,-121.55833000,CA,EPA_LMOP,"{""address"":""Highway 20"",""city"":""Marysville"",""county"":""Yuba"",""zip"":""95901""}"
landfill_10560,Yucaipa Refuse Disposal Site,landfill,34.04650000,-117.06000000,CA,EPA_LMOP,"{""address"":""33600 Oak Glen Road"",""city"":""Yucaipa"",""county"":""San Bernardino"",""zip"":""92399""}"
landfill_331,Zanker Road (Nine Par) SLF,landfill,37.43325000,-121.95713000,CA,EPA_LMOP,"{""address"":""705 Los Esteros Road"",""city"":""San Jose"",""county"":""Santa Clara"",""zip"":""95134""}"
landfill_1776,Archuleta County Landfill,landfill,37.15639500,-107.05250000,CO,EPA_LMOP,"{""address"":""9179 County Road 500\n9000 Trujillo Road"",""city"":""Pagosa Springs"",""county"":""Archuleta"",""zip"":""81147""}"
landfill_20901,Bondad Landfill,landfill,37.05487500,-107.86382500,CO,EPA_LMOP,"{""address"":""1500 E. CR 310-318"",""city"":""Durango"",""county"":""La Plata"",""ghgrp_id"":""1014061"",""zip"":""81301""}"
landfill_1719,Boulder Landfill,landfill,39.94000000,-105.19950000,CO,EPA_LMOP,"{""address"":""1600 S. 66th Street"",""city"":""Boulder"",""county"":""Boulder"",""ghgrp_id"":""1006661"",""zip"":""80303""}"
landfill_20896,Broad Canyon Landfill,landfill,38.15801200,-108.51812600,CO,EPA_LMOP,"{""address"":""30120 HH31 Road"",""city"":""Naturita"",""county"":""Montrose"",""ghgrp_id"":""1007618"",""zip"":""81422""}"
landfill_1733,Broadacres Landfill Inc.,landfill,38.13888800,-104.48527900,CO,EPA_LMOP,"{""address"":""4025 Doyle Road\nNear Bush Road & Doyle Road INT"",""city"":""Pueblo"",""county"":""Pueblo"",""zip"":""81006""}"
landfill_2393,Buffalo Ridge Landfill,landfill,40.19000000,-104.53000000,CO,EPA_LMOP,"{""address"":""11655 Weld County Road 59"",""city"":""Keenesburg"",""county"":""Weld"",""zip"":""80643""}"
landfill_1736,Central Weld County SLF,landfill,40.35083600,-104.80346400,CO,EPA_LMOP,"{""address"":""6037 E. 77th Avenue"",""city"":""Greeley"",""county"":""Weld"",""ghgrp_id"":""1003798"",""zip"":""80634""}"
landfill_1720,Colorado Springs Landfill,landfill,38.84300000,-104.58000000,CO,EPA_LMOP,"{""address"":""1010 Blaney Road"",""city"":""Colorado Springs"",""county"":""El Paso"",""ghgrp_id"":""1008019"",""zip"":""80929""}"
landfill_1740,County Line LF,landfill,39.56360000,-104.93350000,CO,EPA_LMOP,"{""address"":""4200 E. County Line Road"",""city"":""Littleton"",""county"":""Douglas"",""ghgrp_id"":""1007907"",""zip"":""80126""}"
landfill_1718,Denver Arapahoe Disposal Site (DADS),landfill,39.66000000,-104.69000000,CO,EPA_LMOP,"{""address"":""3500 South Gun Club Road"",""city"":""Aurora"",""county"":""Arapahoe"",""ghgrp_id"":""1007709"",""zip"":""80018""}"
landfill_1739,Denver Regional Landfill (North),landfill,40.04390000,-105.00414000,CO,EPA_LMOP,"{""address"":""1441 Weld County Road 6"",""city"":""Erie"",""county"":""Weld"",""ghgrp_id"":""1007700"",""zip"":""80516""}"
landfill_1737,Denver Regional Landfill (South),landfill,40.02918000,-105.02982000,CO,EPA_LMOP,"{""address"":""1441 Weld County Road 6"",""city"":""Erie"",""county"":""Weld"",""ghgrp_id"":""1005633"",""zip"":""80516""}"
landfill_12221,Eagle County Landfill,landfill,39.72500000,-106.66100000,CO,EPA_LMOP,"{""address"":""815 Ute Creek Road\n2-3 mi N of Wolcott"",""city"":""Wolcott"",""county"":""Eagle"",""ghgrp_id"":""1005844"",""zip"":""81655""}"
landfill_20761,East Regional Landfill (ERL),landfill,39.84234600,-104.48911300,CO,EPA_LMOP,"{""address"":""8201 Schumaker Road"",""city"":""Bennett"",""county"":""Adams"",""ghgrp_id"":""1011464"",""zip"":""80102""}"
landfill_1725,Foothills Landfill,landfill,39.84900000,-105.22600000,CO,EPA_LMOP,"{""address"":""8900 Highway 93"",""city"":""Golden"",""county"":""Jefferson"",""ghgrp_id"":""1006758"",""zip"":""80403""}"
landfill_1721,Fountain Landfill,landfill,38.68181000,-104.62867600,CO,EPA_LMOP,"{""address"":""10000 Squirrel Creek Road"",""city"":""Fountain"",""county"":""El Paso"",""ghgrp_id"":""1006464"",""zip"":""80817""}"
landfill_2277,Front Range Landfill,landfill,40.02040500,-105.01267300,CO,EPA_LMOP,"{""address"":""1830 Weld County Road 5"",""city"":""Erie"",""county"":""Weld"",""ghgrp_id"":""1003911"",""zip"":""80516""}"
landfill_2417,Jeffco #1,landfill,39.84900000,-105.22600000,CO,EPA_LMOP,"{""address"":""State Highway 93\n1 mile south of Hwy 72 & Hwy 93 intersection"",""city"":""Golden"",""county"":""Jefferson"",""zip"":""80403""}"
landfill_1726,Larimer County Landfill,landfill,40.50507800,-105.12284600,CO,EPA_LMOP,"{""address"":""5887 S. Taft Hill Road"",""city"":""Fort Collins"",""county"":""Larimer"",""ghgrp_id"":""1005928"",""zip"":""80526""}"
landfill_1727,Mesa County Landfill,landfill,39.01200000,-108.49200000,CO,EPA_LMOP,"{""address"":""3071 U.S. Highway 50"",""city"":""Grand Junction"",""county"":""Mesa"",""ghgrp_id"":""1006977"",""zip"":""81503""}"
landfill_1722,Midway Landfill,landfill,38.54750000,-104.65781900,CO,EPA_LMOP,"{""address"":""8925 Rancho Colorado Boulevard"",""city"":""Fountain Valley"",""county"":""El Paso"",""ghgrp_id"":""1007863"",""zip"":""80817""}"
landfill_1734,Milner Landfill,landfill,40.46908500,-107.03937000,CO,EPA_LMOP,"{""address"":""20650 County Road 205"",""city"":""Milner"",""county"":""Routt"",""ghgrp_id"":""1006834"",""zip"":""80487""}"
landfill_1729,Montrose County Landfill,landfill,38.52717000,-107.81807300,CO,EPA_LMOP,"{""address"":""67999 Landfill Road"",""city"":""Montrose"",""county"":""Montrose"",""ghgrp_id"":""1007592"",""zip"":""81401""}"
landfill_1730,Morgan County SWDLF,landfill,40.31430000,-103.73510000,CO,EPA_LMOP,"{""address"":""21448 CR-22"",""city"":""Fort Morgan"",""county"":""Morgan"",""zip"":""80701""}"
landfill_1738,North Weld SLF,landfill,40.58217000,-104.83177000,CO,EPA_LMOP,"{""address"":""40000 Weld County Road 25"",""city"":""Ault"",""county"":""Weld"",""ghgrp_id"":""1007880"",""zip"":""80610""}"
landfill_2160,Phantom Landfill,landfill,38.46873900,-105.11627200,CO,EPA_LMOP,"{""address"":""2500 Fremont County Road 67 (Phantom Canyon Road)\n6 miles E of Canon City"",""city"":""Penrose"",""county"":""Fremont"",""zip"":""81240""}"
landfill_1731,Pitkin County Solid Waste Center,landfill,39.28500000,-106.91750000,CO,EPA_LMOP,"{""address"":""32046 Hwy 82"",""city"":""Snowmass Village"",""county"":""Pitkin"",""ghgrp_id"":""1005486"",""zip"":""81611""}"
landfill_2129,Rooney Road LF,landfill,39.71553100,-105.20201500,CO,EPA_LMOP,"{""address"":""101 Rooney Road\nW Colfax Avenue at Rooney Road"",""city"":""Golden"",""county"":""Jefferson"",""zip"":""80401""}"
landfill_1724,South Canyon Landfill,landfill,39.55100000,-107.42000000,CO,EPA_LMOP,"{""address"":""1250 CR-134"",""city"":""Glenwood Springs"",""county"":""Garfield"",""zip"":""81601""}"
landfill_1732,Southside Solid Waste Disposal Site,landfill,38.22127000,-104.70843400,CO,EPA_LMOP,"{""address"":""5715 W State Highway 78"",""city"":""Pueblo"",""county"":""Pueblo"",""ghgrp_id"":""1003454"",""zip"":""81005""}"
landfill_1735,Summit County Landfill,landfill,39.60800000,-105.99700000,CO,EPA_LMOP,"{""address"":""639 Landfill Road"",""city"":""Dillon"",""county"":""Summit"",""ghgrp_id"":""1005695"",""zip"":""80435""}"
landfill_1723,"Templeton Gap Landfill, Inc.",landfill,38.93515400,-104.71736700,CO,EPA_LMOP,"{""address"":""Near INT of Powers Boulevard & Woodmen Road"",""city"":""Colorado Springs"",""county"":""El Paso""}"
landfill_1716,Tower Landfill Inc.,landfill,39.85052000,-104.77187000,CO,EPA_LMOP,"{""address"":""8480 Tower Road"",""city"":""Commerce City"",""county"":""Adams"",""ghgrp_id"":""1006044"",""zip"":""80022""}"
landfill_11521,West Garfield County Landfill,landfill,39.51700000,-107.90500000,CO,EPA_LMOP,"{""address"":""75 CR-246"",""city"":""Rifle"",""county"":""Garfield"",""zip"":""81650""}"
landfill_1717,York & SH 224,landfill,39.82901700,-104.95266900,CO,EPA_LMOP,"{""address"":""York Street & CO-224 W"",""city"":""Denver"",""county"":""Adams"",""zip"":""80229""}"
landfill_369,Bridgeport LF,landfill,41.15630900,-73.21017600,CT,EPA_LMOP,"{""address"":""South Avenue"",""city"":""Bridgeport"",""county"":""Fairfield""}"
landfill_370,Canterbury LF,landfill,41.65700000,-71.96040000,CT,EPA_LMOP,"{""address"":""133 Packer Road"",""city"":""Canterbury"",""county"":""Windham"",""zip"":""06331""}"
landfill_371,East Hartford LF,landfill,41.77050000,-72.63000000,CT,EPA_LMOP,"{""address"":""25 Ecology Drive"",""city"":""East Hartford"",""county"":""Hartford"",""zip"":""06108""}"
landfill_363,East Windsor LF,landfill,41.86890000,-72.56450000,CT,EPA_LMOP,"{""address"":""Wapping Road"",""city"":""Broad Brook"",""county"":""Hartford"",""zip"":""06016""}"
landfill_357,Ellington LF,landfill,41.92250000,-72.50310000,CT,EPA_LMOP,"{""address"":""Sadds Mill Road\nRoute 140"",""city"":""Ellington"",""county"":""Tolland"",""zip"":""06029""}"
landfill_358,Groton LF,landfill,41.37030000,-72.07930000,CT,EPA_LMOP,"{""address"":""Wells Street"",""city"":""Groton"",""county"":""New London"",""zip"":""06340""}"
landfill_359,Hartford LF,landfill,41.79010000,-72.65140000,CT,EPA_LMOP,"{""address"":""180 Leibert Road"",""city"":""Hartford"",""county"":""Hartford"",""ghgrp_id"":""1002796"",""zip"":""06120""}"
landfill_372,Killingly LF,landfill,41.80500000,-71.79750000,CT,EPA_LMOP,"{""address"":""246 Brickhouse Road"",""city"":""Danielson"",""county"":""Windham"",""zip"":""06239""}"
landfill_360,Manchester LF,landfill,41.76840000,-72.56040000,CT,EPA_LMOP,"{""address"":""1 Landfill Way\n311 Olcott Street"",""city"":""Manchester"",""county"":""Hartford"",""ghgrp_id"":""1004184"",""zip"":""06040""}"
landfill_373,Meriden LF,landfill,41.51157500,-72.82645500,CT,EPA_LMOP,"{""address"":""Evansville Avenue"",""city"":""Meriden"",""county"":""New Haven""}"
landfill_361,Middletown Avenue Landfill,landfill,41.32800000,-72.88600000,CT,EPA_LMOP,"{""address"":""260 Middletown Avenue"",""city"":""New Haven"",""county"":""New Haven"",""zip"":""06513""}"
landfill_376,Montville LF,landfill,41.46350300,-72.15749700,CT,EPA_LMOP,"{""address"":""Route 163 & Chesterfield Road"",""city"":""Montville"",""county"":""New London"",""zip"":""06353""}"
landfill_362,New Milford LF,landfill,41.55082000,-73.41766000,CT,EPA_LMOP,"{""address"":""182-2 Danbury Road"",""city"":""New Milford"",""county"":""Litchfield"",""ghgrp_id"":""1008010"",""zip"":""06776""}"
landfill_10260,North End Pennisula LF,landfill,41.57500000,-72.65900000,CT,EPA_LMOP,"{""city"":""Middletown"",""county"":""Middlesex""}"
landfill_374,North Haven LF,landfill,41.36543000,-72.87160700,CT,EPA_LMOP,"{""address"":""Universal Drive and Sackett Point Rd"",""city"":""North Haven"",""county"":""New Haven""}"
landfill_364,Putnam LF,landfill,41.88100000,-71.91000000,CT,EPA_LMOP,"{""address"":""River Road"",""city"":""Putnam"",""county"":""Windham"",""zip"":""06260""}"
landfill_365,Shelton LF,landfill,41.26079000,-73.09601000,CT,EPA_LMOP,"{""address"":""866 River Road"",""city"":""Shelton"",""county"":""Fairfield"",""zip"":""06484""}"
landfill_366,Torrington LF,landfill,41.77958700,-73.12570400,CT,EPA_LMOP,"{""address"":""Vista Drive"",""city"":""Torrington"",""county"":""Litchfield"",""zip"":""06790""}"
landfill_375,Waterbury-North End LF,landfill,41.57790000,-73.01010000,CT,EPA_LMOP,"{""address"":""Mark Lane"",""city"":""Waterbury"",""county"":""New Haven"",""zip"":""06704""}"
landfill_368,Windsor-Bloomfield LF,landfill,41.89360000,-72.70930000,CT,EPA_LMOP,"{""address"":""500 Huckleberry Road"",""city"":""Windsor"",""county"":""Hartford"",""ghgrp_id"":""1003867"",""zip"":""06095""}"
landfill_1829,Cherry Island Landfill,landfill,39.73080000,-75.52000000,DE,EPA_LMOP,"{""address"":""1706 E. 12th Street"",""city"":""Wilmington"",""county"":""New Castle"",""ghgrp_id"":""1002010"",""zip"":""19809""}"
landfill_1832,Jones Crossroads Landfill,landfill,38.59600000,-75.43900000,DE,EPA_LMOP,"{""address"":""28560 Landfill Lane"",""city"":""Georgetown"",""county"":""Sussex"",""ghgrp_id"":""1002183"",""zip"":""19947""}"
landfill_1830,Pigeon Point Landfill,landfill,39.70540000,-75.53260000,DE,EPA_LMOP,"{""address"":""1101 Lambson Lane"",""city"":""New Castle"",""county"":""New Castle"",""ghgrp_id"":""1004897"",""zip"":""19720""}"
landfill_1831,Sandtown Landfill,landfill,39.03270000,-75.72510000,DE,EPA_LMOP,"{""address"":""1107 Willow Grove Road"",""city"":""Felton"",""county"":""Kent"",""ghgrp_id"":""1002182"",""zip"":""19943""}"
landfill_20786,58th Street Landfill,landfill,25.83250000,-80.34583300,FL,EPA_LMOP,"{""address"":""8831 NW 58th Street"",""city"":""Miami"",""county"":""Miami-Dade"",""ghgrp_id"":""1004680"",""zip"":""33178""}"
landfill_20758,A.C.M.S. Inc.,landfill,28.74315100,-82.09165300,FL,EPA_LMOP,"{""address"":""835 CR 529"",""city"":""Lake Panasoffkee"",""county"":""Sumter"",""ghgrp_id"":""1012058"",""zip"":""33585""}"
landfill_412,Aucilla Area SW Facility Class I & 2,landfill,30.45833000,-83.60833000,FL,EPA_LMOP,"{""address"":""1313 SW Greenville Hills Road\nEast side of US 221"",""city"":""Greenville"",""county"":""Madison"",""ghgrp_id"":""1005810"",""zip"":""32331""}"
landfill_415,Baseline Landfill,landfill,29.12300000,-82.06000000,FL,EPA_LMOP,"{""address"":""5601 SE 66th Street"",""city"":""Ocala"",""county"":""Marion"",""ghgrp_id"":""1006881"",""zip"":""34480""}"
landfill_430,Bee Ridge LF,landfill,27.29580000,-82.39400000,FL,EPA_LMOP,"{""address"":""8350 Bee Ridge Road"",""city"":""Sarasota"",""county"":""Sarasota"",""ghgrp_id"":""1002901"",""zip"":""34241""}"
landfill_390,Boca Raton Garbage Dump,landfill,26.32890000,-80.09520000,FL,EPA_LMOP,"{""address"":""SW 18th Street\n3 miles SW of Winder"",""city"":""Boca Raton"",""county"":""Palm Beach"",""zip"":""33432""}"
landfill_380,Brevard County Central Disposal Facility,landfill,28.39710000,-80.82960000,FL,EPA_LMOP,"{""address"":""2250 W. Adamson Road"",""city"":""Cocoa"",""county"":""Brevard"",""ghgrp_id"":""1005023"",""zip"":""32926""}"
landfill_392,Bridgeway Acres LF,landfill,27.86764700,-82.67570000,FL,EPA_LMOP,"{""address"":""3001-110th Avenue North"",""city"":""St. Petersburg"",""county"":""Pinellas"",""ghgrp_id"":""1001884"",""zip"":""33716""}"
landfill_20697,Broward County Landfill,landfill,26.03785000,-80.42495000,FL,EPA_LMOP,"{""address"":""7101 SW 205th Avenue"",""city"":""Fort Lauderdale"",""county"":""Broward"",""ghgrp_id"":""1003543"",""zip"":""33332""}"
landfill_10461,Buckingham Landfill,landfill,26.63312000,-81.75318000,FL,EPA_LMOP,"{""address"":""Buckingham Road near INT with SR-82"",""city"":""Fort Meyers"",""county"":""Lee"",""zip"":""33905""}"
landfill_20698,Cedar Trail Landfill (CTL),landfill,27.89808000,-81.88452500,FL,EPA_LMOP,"{""address"":""2500 State Road 60 West"",""city"":""Bartow"",""county"":""Polk"",""ghgrp_id"":""1004750"",""zip"":""33830""}"
landfill_2304,Central County Solid Waste Disposal Complex,landfill,27.20157700,-82.39064600,FL,EPA_LMOP,"{""address"":""4000 Knights Trail Road"",""city"":""Nokomis"",""county"":""Sarasota"",""ghgrp_id"":""1002899"",""zip"":""34275""}"
landfill_399,Citrus County Central Landfill,landfill,28.85198000,-82.43651000,FL,EPA_LMOP,"{""address"":""230 W. Gulf to Lake Highway"",""city"":""Lecanto"",""county"":""Citrus"",""ghgrp_id"":""1003957"",""zip"":""34461""}"
landfill_401,Collier County Landfill,landfill,26.16340000,-81.65850000,FL,EPA_LMOP,"{""address"":""3750 White Lake Boulevard"",""city"":""Naples"",""county"":""Collier"",""ghgrp_id"":""1007855"",""zip"":""34117""}"
landfill_381,Columbia County Central LF,landfill,30.25820000,-82.71680000,FL,EPA_LMOP,"{""address"":""1347 N.W. Oosterhoudt Lane I-10\n2 Miles W of Winfield"",""city"":""Lake City"",""county"":""Columbia"",""zip"":""32055""}"
landfill_387,Croom SLF,landfill,28.54090000,-82.26570000,FL,EPA_LMOP,"{""address"":""High Corner Road\nOff SR-50"",""city"":""Brooksville"",""county"":""Hernando"",""zip"":""34602""}"
landfill_407,DeSoto City SLF,landfill,27.41480000,-81.40600000,FL,EPA_LMOP,"{""address"":""6000 Skipper Road"",""city"":""Sebring"",""county"":""Highlands"",""zip"":""33876""}"
landfill_423,Dyer Boulevard LF,landfill,26.78190000,-80.13000000,FL,EPA_LMOP,"{""address"":""7301 Haverhill Road North"",""city"":""West Palm Beach"",""county"":""Palm Beach"",""ghgrp_id"":""1006389"",""zip"":""33407""}"
landfill_435,East Duval SLF,landfill,30.33635000,-81.46265000,FL,EPA_LMOP,"{""address"":""515 Girvin Road"",""city"":""Jacksonville"",""county"":""Duval"",""ghgrp_id"":""1003723"",""zip"":""32225""}"
landfill_410,Gulf Coast RDF,landfill,26.60303000,-81.76843000,FL,EPA_LMOP,"{""address"":""11990 SR 82 East"",""city"":""Fort Myers"",""county"":""Lee"",""ghgrp_id"":""1007991"",""zip"":""33913""}"
landfill_2156,Hernando County Northwest Landfill,landfill,28.66735000,-82.48678800,FL,EPA_LMOP,"{""address"":""14450 Landfill Road"",""city"":""Brooksville"",""county"":""Hernando"",""ghgrp_id"":""1002008"",""zip"":""34614""}"
landfill_2385,Highlands County Solid Waste Management Center,landfill,27.51060000,-81.31550000,FL,EPA_LMOP,"{""address"":""12700 Arbuckle Creek Road"",""city"":""Sebring"",""county"":""Highlands"",""zip"":""33870""}"
landfill_388,Hillsborough Heights LF,landfill,28.01500000,-82.29800000,FL,EPA_LMOP,"{""address"":""6209 County Road 579"",""city"":""Seffner"",""county"":""Hillsborough"",""ghgrp_id"":""1004278"",""zip"":""33584""}"
landfill_395,Huntington SLF,landfill,29.42309000,-81.53973000,FL,EPA_LMOP,"{""address"":""1551 County Road 308"",""city"":""Crescent City"",""county"":""Putnam""}"
landfill_408,Indian River County LF Class I,landfill,27.57800000,-80.48500000,FL,EPA_LMOP,"{""address"":""1325 74th Avenue SW"",""city"":""Vero Beach"",""county"":""Indian River"",""ghgrp_id"":""1002588"",""zip"":""32968""}"
landfill_11621,J.E.D. Solid Waste Management Facility,landfill,28.06400000,-81.09800000,FL,EPA_LMOP,"{""address"":""1501 Omni Way"",""city"":""St. Cloud"",""county"":""Osceola"",""ghgrp_id"":""1004752"",""zip"":""34773""}"
landfill_436,Jacksonville North SLF,landfill,30.44180000,-81.55600000,FL,EPA_LMOP,"{""address"":""11405 Island Drive"",""city"":""Jacksonville"",""county"":""Duval"",""ghgrp_id"":""1006191"",""zip"":""32226""}"
landfill_12213,Lake County Central Phase I Landfill,landfill,28.75558000,-81.73581100,FL,EPA_LMOP,"{""address"":""13130 Astatula Landfill Road"",""city"":""Tavares"",""county"":""Lake"",""ghgrp_id"":""1000176"",""zip"":""32778""}"
landfill_20791,Lantana Landfill,landfill,26.59302000,-80.19369000,FL,EPA_LMOP,"{""address"":""9191 Lantana Road"",""city"":""Lake Worth"",""county"":""Palm Beach"",""ghgrp_id"":""1001668"",""zip"":""33467""}"
landfill_393,Largo City SLF,landfill,27.91280000,-82.77560000,FL,EPA_LMOP,"{""address"":""JCT 8th Avenue SE & CR124-A"",""city"":""Largo"",""county"":""Pinellas"",""zip"":""33771""}"
landfill_10460,Lee/Hendry County Regional SW Disposal Facility,landfill,26.55979000,-81.52040000,FL,EPA_LMOP,"{""address"":""5500 Church Road"",""city"":""Felda"",""county"":""Hendry"",""ghgrp_id"":""1002990"",""zip"":""33930""}"
landfill_414,Lena Road Class I Landfill,landfill,27.47005500,-82.44349700,FL,EPA_LMOP,"{""address"":""3333 Lena Road\nS. of SR-64 & Lena Road INT"",""city"":""Bradenton"",""county"":""Manatee"",""ghgrp_id"":""1004913"",""zip"":""34211""}"
landfill_411,Leon County Landfill,landfill,30.42153000,-84.14400000,FL,EPA_LMOP,"{""address"":""7550 Apalachee Parkway\n5 mi. E. of SR 261 & US 27 Int."",""city"":""Tallahassee"",""county"":""Leon"",""ghgrp_id"":""1006816"",""zip"":""32311""}"
landfill_413,Madison City/County SLF,landfill,30.50810000,-83.39080000,FL,EPA_LMOP,"{""address"":""CR-591\n2 miles NE of Madison"",""city"":""Madison"",""county"":""Madison"",""zip"":""32340""}"
landfill_379,Majette North SLF,landfill,30.23830000,-85.51440000,FL,EPA_LMOP,"{""address"":""Old Majette Tower Road & John Pitts Road\n2 miles east of US 231, S SR-390"",""city"":""Panama City"",""county"":""Bay"",""zip"":""32404""}"
landfill_416,Martin County Palm City II SLF,landfill,27.18420000,-80.37760000,FL,EPA_LMOP,"{""address"":""9101 SW Busch Street"",""city"":""Palm City"",""county"":""Martin"",""ghgrp_id"":""1005942"",""zip"":""34990""}"
landfill_402,Medley Landfill,landfill,25.85860000,-80.35080000,FL,EPA_LMOP,"{""address"":""9350 NW 89th Avenue"",""city"":""Medley"",""county"":""Miami-Dade"",""ghgrp_id"":""1007857"",""zip"":""33178""}"
landfill_397,Monarch Hill Landfill,landfill,26.28300000,-80.16100000,FL,EPA_LMOP,"{""address"":""2700 NW 48th Street\n(2700 Wiles Road)"",""city"":""Pompano Beach"",""county"":""Broward"",""ghgrp_id"":""1007856"",""zip"":""33073""}"
landfill_433,New River Regional LF,landfill,30.09320000,-82.20520000,FL,EPA_LMOP,"{""address"":""24276 NE 157th Street"",""city"":""Raiford"",""county"":""Union"",""ghgrp_id"":""1005630"",""zip"":""32083""}"
landfill_2278,"Nine Mile Road, Inc.",landfill,30.00870000,-81.40230000,FL,EPA_LMOP,"{""address"":""445-A International Golf Parkway"",""city"":""St. Augustine"",""county"":""St. Johns"",""zip"":""32095""}"
landfill_424,North Central Landfill,landfill,28.02389000,-81.84724500,FL,EPA_LMOP,"{""address"":""10 Environmental Loop South\n7399 De Castro Road"",""city"":""Winter Haven"",""county"":""Polk"",""ghgrp_id"":""1006859"",""zip"":""33880""}"
landfill_10540,North Dade Landfill,landfill,25.96790000,-80.28620000,FL,EPA_LMOP,"{""address"":""21500 NW 47th Avenue"",""city"":""Opa-Locka"",""county"":""Miami-Dade"",""ghgrp_id"":""1006292"",""zip"":""33055""}"
landfill_419,Okeechobee LF,landfill,27.34104000,-80.69660000,FL,EPA_LMOP,"{""address"":""10800 NE 128th Avenue"",""city"":""Okeechobee"",""county"":""Okeechobee"",""ghgrp_id"":""1003619"",""zip"":""34972""}"
landfill_420,Orange County SLF,landfill,28.48100000,-81.20830000,FL,EPA_LMOP,"{""address"":""12100 Young Pine Road"",""city"":""Orlando"",""county"":""Orange"",""ghgrp_id"":""1008215"",""zip"":""32829""}"
landfill_431,Osceola Landfill,landfill,28.79278000,-81.08820000,FL,EPA_LMOP,"{""address"":""1930 E. Osceola Road"",""city"":""Geneva"",""county"":""Seminole"",""ghgrp_id"":""1000349"",""zip"":""32732""}"
landfill_2053,PBCSWA RRF Site #7,landfill,26.76300000,-80.13743600,FL,EPA_LMOP,"{""address"":""7501 N. Jog Road"",""city"":""West Palm Beach"",""county"":""Palm Beach"",""ghgrp_id"":""1007820"",""zip"":""33412""}"
landfill_20696,PCSW Resource Recovery Facility,landfill,28.36972400,-82.56011900,FL,EPA_LMOP,"{""address"":""14230 Hays Road"",""city"":""Spring Hill"",""county"":""Pasco"",""ghgrp_id"":""1003243"",""zip"":""34610""}"
landfill_406,Perdido LF,landfill,30.57654000,-87.38970000,FL,EPA_LMOP,"{""address"":""13009 Beulah Road"",""city"":""Cantonment"",""county"":""Escambia"",""ghgrp_id"":""1005656"",""zip"":""32533""}"
landfill_20853,Pine Ridge Recycling & Disposal,landfill,28.48732500,-81.65181300,FL,EPA_LMOP,"{""address"":""5400 Rex Drive"",""city"":""Winter Garden"",""county"":""Orange"",""ghgrp_id"":""1000218"",""zip"":""34787""}"
landfill_426,Putnam County Central SLF,landfill,29.71960000,-81.66550000,FL,EPA_LMOP,"{""address"":""140 County Landfill Road"",""city"":""Palatka"",""county"":""Putnam"",""ghgrp_id"":""1006049"",""zip"":""32177""}"
landfill_391,Ridge Road LF,landfill,28.28610000,-82.68060000,FL,EPA_LMOP,"{""address"":""Landfill Road\n.4 miles N of Ridge Road"",""city"":""New Port Richey"",""county"":""Pasco"",""zip"":""34668""}"
landfill_400,Rosemary Hill LF Expansion Class I,landfill,30.00470000,-81.74020000,FL,EPA_LMOP,"{""address"":""3545 Rosemary Hill Road\nWest of CR-315"",""city"":""Green Cove Springs"",""county"":""Clay"",""zip"":""32043""}"
landfill_421,Saint Cloud City LF Class I,landfill,28.23350000,-81.30790000,FL,EPA_LMOP,"{""address"":""2705 Peg Horn Way\nnear Int. of Budinger Avenue & 17th Street"",""city"":""Saint Cloud"",""county"":""Osceola"",""zip"":""34769""}"
landfill_386,Sandler Road SLF,landfill,30.23345800,-81.82848600,FL,EPA_LMOP,"{""address"":""10500 Sandler Road"",""city"":""Jacksonville"",""county"":""Duval"",""ghgrp_id"":""1007091"",""zip"":""32222""}"
landfill_429,Santa Rosa Central LF,landfill,30.57850000,-87.06640000,FL,EPA_LMOP,"{""address"":""6337 Da Lisa Road"",""city"":""Milton"",""county"":""Santa Rosa"",""ghgrp_id"":""1000010"",""zip"":""32583""}"
landfill_403,South Dade Dump,landfill,25.53360000,-80.34510000,FL,EPA_LMOP,"{""address"":""SW 97th Avenue & SW 248th Street"",""city"":""Goulds"",""county"":""Miami-Dade"",""zip"":""33032""}"
landfill_404,South Dade Solid Waste Disposal Facility,landfill,25.54450000,-80.34770000,FL,EPA_LMOP,"{""address"":""23707 SW 97th Avenue"",""city"":""Homestead"",""county"":""Miami-Dade"",""ghgrp_id"":""1004682"",""zip"":""33032""}"
landfill_382,South Dade SW Reduction Facility,landfill,25.54540000,-80.34580000,FL,EPA_LMOP,"{""address"":""SW 97th Avenue & SW 248th Street"",""city"":""Goulds"",""county"":""Miami-Dade"",""zip"":""33032""}"
landfill_2135,Southeast Hillsborough County LF,landfill,27.77639000,-82.18750100,FL,EPA_LMOP,"{""address"":""15960 County Road 672"",""city"":""Lithia"",""county"":""Hillsborough"",""ghgrp_id"":""1003560"",""zip"":""33547""}"
landfill_422,Southport Road SLF Phase I & II,landfill,28.15510000,-81.42272000,FL,EPA_LMOP,"{""address"":""4400 Hunt Road"",""city"":""Kissimmee"",""county"":""Osceola"",""ghgrp_id"":""1005089"",""zip"":""34746""}"
landfill_409,Springhill Regional Landfill,landfill,30.92104000,-85.42854000,FL,EPA_LMOP,"{""address"":""4945 W State Hwy 273"",""city"":""Campbellton"",""county"":""Jackson"",""ghgrp_id"":""1007898"",""zip"":""32426""}"
landfill_428,St. Lucie County Baling and Recycling Facility,landfill,27.39083400,-80.39555700,FL,EPA_LMOP,"{""address"":""6120 Glades Cutoff Road"",""city"":""Fort Pierce"",""county"":""St. Lucie"",""ghgrp_id"":""1007219"",""zip"":""34981""}"
landfill_11381,Steelfield Road Landfill,landfill,30.36226000,-85.91700000,FL,EPA_LMOP,"{""address"":""11411 Landfill Road"",""city"":""Panama City Beach"",""county"":""Bay"",""zip"":""32437""}"
landfill_417,Stock Island LF,landfill,24.58050000,-81.74820000,FL,EPA_LMOP,"{""address"":""Junior College Road"",""city"":""Key West"",""county"":""Monroe"",""zip"":""33040""}"
landfill_383,Sunbeam Road SLF,landfill,30.20590000,-81.60010000,FL,EPA_LMOP,"{""address"":""Sunbeam Road & Craven Road"",""city"":""Jacksonville"",""county"":""Duval"",""zip"":""32257""}"
landfill_396,SW Alachua SLF,landfill,29.51250000,-82.54800000,FL,EPA_LMOP,"{""address"":""State Road 24"",""city"":""Archer"",""county"":""Alachua"",""zip"":""32618""}"
landfill_432,Taylor County Central LF,landfill,30.02680000,-83.70110000,FL,EPA_LMOP,"{""address"":""Landfill Road"",""city"":""Perry"",""county"":""Taylor"",""zip"":""32347""}"
landfill_427,Tillman Ridge SLF,landfill,29.83140000,-81.40530000,FL,EPA_LMOP,"{""address"":""3005 Allen Nease Road\nS on SR-214, W on Allen Nease Road"",""city"":""St. Augustine"",""county"":""St. Johns"",""zip"":""32033""}"
landfill_434,Tomoka Farms Road LF,landfill,29.12850000,-81.08060000,FL,EPA_LMOP,"{""address"":""1990 Tomoka Farms Road"",""city"":""Port Orange"",""county"":""Volusia"",""ghgrp_id"":""1005328"",""zip"":""32128""}"
landfill_394,Toytown SLF,landfill,27.87220000,-82.65830000,FL,EPA_LMOP,"{""address"":""10550 16th Street North"",""city"":""St. Petersburg"",""county"":""Pinellas"",""ghgrp_id"":""1006532"",""zip"":""33716""}"
landfill_405,Trail Ridge Landfill Inc.,landfill,30.22460000,-82.04470000,FL,EPA_LMOP,"{""address"":""5110 U.S. Highway 301 S"",""city"":""Baldwin"",""county"":""Duval"",""ghgrp_id"":""1007897"",""zip"":""32234""}"
landfill_418,West Nassau SLF,landfill,30.60460000,-81.82040000,FL,EPA_LMOP,"{""address"":""46026 Landfill Road/440 N Kings Road\n2 miles NW of Callahan off US 1"",""city"":""Callahan"",""county"":""Nassau"",""ghgrp_id"":""1006597"",""zip"":""32011""}"
landfill_11380,Winfield Solid Waste Facility,landfill,30.25630000,-82.70398600,FL,EPA_LMOP,"{""address"":""1347 NW Oosterhoudt Lane"",""city"":""Lake City"",""county"":""Columbia"",""ghgrp_id"":""1003536"",""zip"":""32055""}"
landfill_389,Wright LF,landfill,30.47570000,-86.64180000,FL,EPA_LMOP,"{""address"":""Percy Lane & N Beal Extension"",""city"":""Fort Walton Beach"",""county"":""Okaloosa"",""zip"":""32547""}"
landfill_398,Zemel Road Landfill,landfill,26.79444600,-81.96027800,FL,EPA_LMOP,"{""address"":""29751 Zemel Road"",""city"":""Punta Gorda"",""county"":""Charlotte"",""ghgrp_id"":""1001909"",""zip"":""33955""}"
landfill_445,Athens-Clarke County Landfill,landfill,33.92900000,-83.26270000,GA,EPA_LMOP,"{""address"":""5700 Lexington Road"",""city"":""Winterville"",""county"":""Clarke"",""ghgrp_id"":""1006056"",""zip"":""30683""}"
landfill_10401,Atkinson County - SR 50 MSWL,landfill,31.31941500,-82.96428600,GA,EPA_LMOP,"{""address"":""64 Author Davis Drive"",""city"":""Willacoochee"",""county"":""Atkinson"",""ghgrp_id"":""1003450"",""zip"":""31650""}"
landfill_447,Baker Place Road Landfill (Ph 1 & 2),landfill,33.48915800,-82.23462400,GA,EPA_LMOP,"{""address"":""468 Chamblin Road"",""city"":""Grovetown"",""county"":""Columbia"",""ghgrp_id"":""1012394"",""zip"":""30813""}"
landfill_1985,Bartow County MSWLF,landfill,34.14380000,-84.76480000,GA,EPA_LMOP,"{""address"":""40 Allatoona Dam Road\nbetween Hwy 41 & S.R. 293"",""city"":""Cartersville"",""county"":""Bartow"",""ghgrp_id"":""1006619"",""zip"":""30120""}"
landfill_468,BJ Landfill,landfill,33.93045000,-84.23786000,GA,EPA_LMOP,"{""address"":""2901 Jones Mill Road"",""city"":""Norcross"",""county"":""Gwinnett"",""ghgrp_id"":""1007900"",""zip"":""30071""}"
landfill_2267,Broadhurst Environmental Landfill,landfill,31.47080000,-81.94110000,GA,EPA_LMOP,"{""address"":""4800 Broadhurst Road West"",""city"":""Screven"",""county"":""Wayne"",""ghgrp_id"":""1005892"",""zip"":""31560""}"
landfill_455,Button-Gwinnett Landfill Phase III,landfill,33.92310000,-84.04780000,GA,EPA_LMOP,"{""address"":""70 Arnold Road"",""city"":""Lawrenceville"",""county"":""Gwinnett"",""ghgrp_id"":""1003504"",""zip"":""30045""}"
landfill_10405,Camden County SR 110 MSW Landfill,landfill,30.85909000,-81.85451600,GA,EPA_LMOP,"{""address"":""5395 Hwy 110 (SR 110 & Russell Road)\n12 miles SW of Woodbine"",""city"":""Silco"",""county"":""Camden"",""ghgrp_id"":""1003933"",""zip"":""31569""}"
landfill_1982,Carroll County - Carrollton SR 166 MSW Landfill,landfill,33.55290000,-85.15600000,GA,EPA_LMOP,"{""address"":""439 Simonton Mill Road"",""city"":""Carrollton"",""county"":""Carroll"",""zip"":""30117""}"
landfill_451,Cascade Road Landfill,landfill,33.73300000,-84.51900000,GA,EPA_LMOP,"{""address"":""4047 Cascade Road S.W."",""city"":""Atlanta"",""county"":""Fulton"",""ghgrp_id"":""1006171"",""zip"":""30331""}"
landfill_2419,Catoosa County MSW LF,landfill,34.88490000,-85.17250000,GA,EPA_LMOP,"{""address"":""912 Shope Ridge Road"",""city"":""Ringgold"",""county"":""Catoosa"",""ghgrp_id"":""1007502"",""zip"":""30736""}"
landfill_10442,Cedar Grove Landfill,landfill,33.08597300,-84.20856300,GA,EPA_LMOP,"{""address"":""172 Roger Brown Drive"",""city"":""Barnesville"",""county"":""Lamar"",""ghgrp_id"":""1004128"",""zip"":""30204""}"
landfill_453,Chambers-Bolton Road,landfill,33.81950000,-84.46550000,GA,EPA_LMOP,"{""address"":""2236 Bolton Road, N.W."",""city"":""Atlanta"",""county"":""Fulton"",""ghgrp_id"":""1007541"",""zip"":""30318""}"
landfill_437,Cherokee County - Blalock Road Ph 3 & 4,landfill,34.15000000,-84.48000000,GA,EPA_LMOP,"{""address"":""Blalock Road\n2 mi SE of Holly Springs"",""city"":""Canton"",""county"":""Cherokee"",""zip"":""30114""}"
landfill_10400,"Chesser Island Road Landfill, Inc. MSWL",landfill,30.70790000,-82.08110000,GA,EPA_LMOP,"{""address"":""Highway 121 S. (SR 23) at Chesser Island Road"",""city"":""Folkston"",""county"":""Charlton"",""ghgrp_id"":""1007899"",""zip"":""31537""}"
landfill_459,"City of Forsyth-Old Brent Road, Phase I&II",landfill,33.01500000,-83.95500000,GA,EPA_LMOP,"{""address"":""Old Brent Road"",""city"":""Forsyth"",""county"":""Monroe"",""zip"":""31209""}"
landfill_2288,City of LaGrange Landfill,landfill,33.04630000,-84.95320000,GA,EPA_LMOP,"{""address"":""2233 Greenville Road"",""city"":""LaGrange"",""county"":""Troup"",""ghgrp_id"":""1002340"",""zip"":""30241""}"
landfill_10409,City of Thomasville MSWLF,landfill,30.80580200,-83.91265000,GA,EPA_LMOP,"{""address"":""88 Landfill Road\noff Sunset Drive"",""city"":""Thomasville"",""county"":""Thomas"",""ghgrp_id"":""1003374"",""zip"":""31757""}"
landfill_10445,City of Tifton / Omega / Eldorado Road LF,landfill,31.35777300,-83.53698100,GA,EPA_LMOP,"{""address"":""445 Mitchell Store Road"",""city"":""Tifton"",""county"":""Tift"",""ghgrp_id"":""1007290"",""zip"":""31794""}"
landfill_446,Clayton County SR 3 Lovejoy Landfill,landfill,33.44000000,-84.30700000,GA,EPA_LMOP,"{""address"":""11678 Hastings Bridge Road"",""city"":""Lovejoy"",""county"":""Clayton"",""ghgrp_id"":""1003854"",""zip"":""30250""}"
landfill_10520,Columbus Pine Grove MSWLF,landfill,32.48399900,-84.85079900,GA,EPA_LMOP,"{""address"":""7900 Pine Grove Way"",""city"":""Columbus"",""county"":""Muscogee"",""ghgrp_id"":""1003863"",""zip"":""31907""}"
landfill_460,Columbus-Schatulga Road SLF,landfill,32.50150000,-84.86500000,GA,EPA_LMOP,"{""address"":""7160 Sacerdote Lane\nSchatulga Road off SR 22"",""city"":""Columbus"",""county"":""Muscogee"",""ghgrp_id"":""1003959"",""zip"":""31907""}"
landfill_10406,Crisp County Landfill,landfill,31.86696700,-83.74903100,GA,EPA_LMOP,"{""address"":""3354 U.S. Highway 41 S"",""city"":""Cordele"",""county"":""Crisp"",""ghgrp_id"":""1009669"",""zip"":""31015""}"
landfill_441,Deans Bridge Road MSWLF,landfill,33.35257000,-82.14324000,GA,EPA_LMOP,"{""address"":""4330 Deans Bridge Road"",""city"":""Blythe"",""county"":""Richmond"",""ghgrp_id"":""1003740"",""zip"":""30805""}"
landfill_20700,Decatur County Solid Waste Facility,landfill,30.71000000,-84.40500000,GA,EPA_LMOP,"{""address"":""104 Mine Loop Road"",""city"":""Attapulgus"",""county"":""Decatur"",""ghgrp_id"":""1011663"",""zip"":""39815""}"
landfill_450,Dougherty County Fleming/Gaissert Road LF,landfill,31.53278400,-84.02835300,GA,EPA_LMOP,"{""address"":""900 Gaissert Road"",""city"":""Albany"",""county"":""Dougherty"",""ghgrp_id"":""1003887"",""zip"":""31705""}"
landfill_10403,Eagle Point Landfill LLC,landfill,34.32555600,-84.24083300,GA,EPA_LMOP,"{""address"":""8880 Old Federal Road"",""city"":""Ball Ground"",""county"":""Forsyth"",""ghgrp_id"":""1003710"",""zip"":""30107""}"
landfill_458,"Evergreen Landfill, Inc.",landfill,30.80800000,-83.36250000,GA,EPA_LMOP,"{""address"":""2995 Wetherington Lane"",""city"":""Valdosta"",""county"":""Lowndes"",""ghgrp_id"":""1001636"",""zip"":""31601""}"
landfill_11981,Fort Benning LF,landfill,32.38500000,-84.86500000,GA,EPA_LMOP,"{""address"":""1st Division Road"",""city"":""Fort Benning"",""county"":""Chattahoochee"",""ghgrp_id"":""1003440"",""zip"":""31905""}"
landfill_20701,Fort Stewart Landfill,landfill,31.88720400,-81.64353400,GA,EPA_LMOP,"{""city"":""Fort Stewart"",""county"":""Liberty"",""ghgrp_id"":""1004667"",""zip"":""31314""}"
landfill_20797,Fulton County Merk Miles Road Landfill,landfill,33.66883300,-84.57016700,GA,EPA_LMOP,"{""address"":""3225 Merk Road"",""city"":""College Park"",""county"":""Fulton"",""ghgrp_id"":""1007007"",""zip"":""30349""}"
landfill_10407,Gordon County Redbone Ridges LF,landfill,34.51055700,-84.76581100,GA,EPA_LMOP,"{""address"":""1224 Pleasant Hill Road Extension NE & Red Bone Ridge Road"",""city"":""Ranger"",""county"":""Gordon"",""ghgrp_id"":""1003333"",""zip"":""30734""}"
landfill_1978,Grady Road Landfill,landfill,33.99680000,-85.16700000,GA,EPA_LMOP,"{""address"":""316 Grady Road"",""city"":""Rockmart"",""county"":""Polk"",""ghgrp_id"":""1004256"",""zip"":""30153""}"
landfill_439,Gun Club Road landfill,landfill,33.79500000,-84.46100000,GA,EPA_LMOP,"{""address"":""1401 Gun Club Road N.W."",""city"":""Atlanta"",""county"":""Fulton"",""ghgrp_id"":""1006858"",""zip"":""30318""}"
landfill_10441,Habersham County SR13 MSWL,landfill,34.55538100,-83.45889000,GA,EPA_LMOP,"{""address"":""4900 Dicks Hill Parkway"",""city"":""Mt. Airy"",""county"":""Habersham"",""ghgrp_id"":""1011008"",""zip"":""30563""}"
landfill_456,Hall County Allen Creek Landfill,landfill,34.25370000,-83.77600000,GA,EPA_LMOP,"{""address"":""2665 Allen Creek Road"",""city"":""Gainesville"",""county"":""Hall"",""ghgrp_id"":""1004156"",""zip"":""30507""}"
landfill_10408,Hall County Candler Road MSWLF,landfill,34.24257400,-83.80076400,GA,EPA_LMOP,"{""address"":""1700 Oakbrook Drive Candler Road"",""city"":""Gainesville"",""county"":""Hall"",""ghgrp_id"":""1003972"",""zip"":""30507""}"
landfill_1984,Heard County Landfill,landfill,33.29500000,-85.14400000,GA,EPA_LMOP,"{""address"":""off Frolona Road\n5.6 miles NW"",""city"":""Franklin"",""county"":""Heard"",""zip"":""30217""}"
landfill_449,Hickory Ridge Landfill,landfill,33.66200000,-84.33600000,GA,EPA_LMOP,"{""address"":""3330 Moreland Avenue"",""city"":""Conley"",""county"":""DeKalb"",""ghgrp_id"":""1004559"",""zip"":""30288""}"
landfill_10240,Highway 309 Landfill,landfill,30.83715000,-84.56792000,GA,EPA_LMOP,"{""address"":""2773 Fowlstown Road"",""city"":""Bainbridge"",""county"":""Decatur"",""zip"":""39819""}"
landfill_11500,Jefferson County CR-138 MSWL,landfill,33.10180000,-82.41640000,GA,EPA_LMOP,"{""address"":""1619 Mennonite Church Road"",""city"":""Louisville"",""county"":""Jefferson"",""zip"":""30434""}"
landfill_452,Key Road Landfill,landfill,33.69872500,-84.33991400,GA,EPA_LMOP,"{""address"":""1500 Key Road S.E."",""city"":""Atlanta"",""county"":""DeKalb"",""ghgrp_id"":""1006807"",""zip"":""30316""}"
landfill_10443,Laurens County - Old Macon Road MSWL,landfill,32.58591300,-83.04910100,GA,EPA_LMOP,"{""address"":""1645 Old Hawkinsville Road"",""city"":""Dublin"",""county"":""Laurens"",""ghgrp_id"":""1012422"",""zip"":""31021""}"
landfill_2157,Liberty County LF,landfill,31.84300000,-81.39600000,GA,EPA_LMOP,"{""address"":""Limerick Road"",""city"":""Midway"",""county"":""Liberty"",""zip"":""31320""}"
landfill_467,Live Oak LF,landfill,33.67060000,-84.34280000,GA,EPA_LMOP,"{""address"":""1189 Henrico Road"",""city"":""Conley"",""county"":""DeKalb"",""ghgrp_id"":""1006229"",""zip"":""30288""}"
landfill_464,Macon Bibb Walker Road MSWL,landfill,32.79950000,-83.61070000,GA,EPA_LMOP,"{""address"":""1011 Walker Swamp Road"",""city"":""Macon"",""county"":""Bibb"",""ghgrp_id"":""1011793"",""zip"":""31201""}"
landfill_2154,Marble Top Road Landfill,landfill,34.83943100,-85.36346400,GA,EPA_LMOP,"{""address"":""N. Marble Top Road"",""city"":""Chickamauga"",""county"":""Walker"",""zip"":""30707""}"
landfill_2161,Morgan Falls,landfill,33.96910000,-84.37500000,GA,EPA_LMOP,"{""address"":""Morgan Falls Road"",""city"":""Dunwoody"",""county"":""Fulton"",""zip"":""30350""}"
landfill_10380,Murray County Landfill,landfill,34.68076000,-84.73063000,GA,EPA_LMOP,"{""address"":""6585 Highway 411 S"",""city"":""Chatsworth"",""county"":""Murray"",""ghgrp_id"":""1003335"",""zip"":""30705""}"
landfill_10444,Newton County Landfill,landfill,33.55158100,-83.89550800,GA,EPA_LMOP,"{""address"":""205 Lower River Road"",""city"":""Covington"",""county"":""Newton"",""ghgrp_id"":""1006279"",""zip"":""30016""}"
landfill_2268,Oak Grove Landfill,landfill,33.96590000,-83.77280000,GA,EPA_LMOP,"{""address"":""967 Carl Bethlehem Road\n3 mi SW of Winder, off SR 324"",""city"":""Winder"",""county"":""Barrow"",""ghgrp_id"":""1002477"",""zip"":""30680""}"
landfill_462,Old Dixie Highway MSW Landfill,landfill,34.65160000,-84.94500000,GA,EPA_LMOP,"{""address"":""4189 Old Dixie Highway S.E."",""city"":""Dalton"",""county"":""Whitfield"",""ghgrp_id"":""1002863"",""zip"":""30721""}"
landfill_1983,Paulding County Landfill,landfill,34.02000000,-84.79950000,GA,EPA_LMOP,"{""address"":""end of Grants Chapel Road\noff Seven Hills Road"",""city"":""Dallas"",""county"":""Paulding"",""zip"":""30132""}"
landfill_2303,Pine Bluff Landfill,landfill,34.27300000,-84.38700000,GA,EPA_LMOP,"{""address"":""13809 East Cherokee Drive"",""city"":""Ball Ground"",""county"":""Cherokee"",""ghgrp_id"":""1006328"",""zip"":""30107""}"
landfill_2266,Pine Ridge Landfill,landfill,33.24001700,-84.11868400,GA,EPA_LMOP,"{""address"":""105 Bailey Jester Road"",""city"":""Griffin"",""county"":""Butts"",""ghgrp_id"":""1002478"",""zip"":""30223""}"
landfill_1981,Polk County Landfill #1,landfill,34.00700000,-85.16500000,GA,EPA_LMOP,"{""address"":""Highway 278\n~1 mile from Grady Road LF"",""city"":""Cedartown"",""county"":""Polk"",""zip"":""30125""}"
landfill_10180,R & B (Banks) Landfill,landfill,34.35184000,-83.42719000,GA,EPA_LMOP,"{""address"":""610 Bennett Road"",""city"":""Homer"",""county"":""Banks"",""ghgrp_id"":""1007798"",""zip"":""30547""}"
landfill_454,Richland Creek Road Landfill,landfill,34.12700000,-84.03530000,GA,EPA_LMOP,"{""address"":""5691 South Richland Creek Road"",""city"":""Buford"",""county"":""Gwinnett"",""ghgrp_id"":""1004487"",""zip"":""30518""}"
landfill_438,Roberts Road Landfill,landfill,33.48600000,-84.44200000,GA,EPA_LMOP,"{""address"":""180 Roberts Road"",""city"":""Fayetteville"",""county"":""Fayette"",""ghgrp_id"":""1005901"",""zip"":""30214""}"
landfill_10402,Savannah-Dean Forest Road SL,landfill,32.07800000,-81.22000000,GA,EPA_LMOP,"{""address"":""1327 Dean Forest Road"",""city"":""Savannah"",""county"":""Chatham"",""ghgrp_id"":""1005314"",""zip"":""31405""}"
landfill_448,Seminole Road MSW Landfill,landfill,33.65520000,-84.25250000,GA,EPA_LMOP,"{""address"":""4203 Clevemont Road"",""city"":""Ellenwood"",""county"":""DeKalb"",""ghgrp_id"":""1005638"",""zip"":""30294""}"
landfill_466,Southern States-Bolton Road,landfill,33.81840000,-84.46550000,GA,EPA_LMOP,"{""address"":""2236 Bolton Road, N.W."",""city"":""Atlanta"",""county"":""Fulton"",""zip"":""30318""}"
landfill_457,SR247 MSW Landfill,landfill,32.39956100,-83.55573000,GA,EPA_LMOP,"{""address"":""2080 GA Hwy 247"",""city"":""Kathleen"",""county"":""Houston"",""ghgrp_id"":""1003983"",""zip"":""31047""}"
landfill_444,Superior Landfill & Recycling Center,landfill,32.02500000,-81.28000000,GA,EPA_LMOP,"{""address"":""3001 Little Neck Road"",""city"":""Savannah"",""county"":""Chatham"",""ghgrp_id"":""1003569"",""zip"":""31419""}"
landfill_2279,Swift Creek Environmental Landfill,landfill,32.82350000,-83.51760000,GA,EPA_LMOP,"{""address"":""4200 Davis Road"",""city"":""Macon"",""county"":""Bibb"",""ghgrp_id"":""1007888"",""zip"":""31217""}"
landfill_10446,"Toombs County-S1898, PH 3 MSWLF",landfill,32.14646700,-82.38856600,GA,EPA_LMOP,"{""address"":""2974 Lyons Center Road"",""city"":""Lyons"",""county"":""Toombs"",""zip"":""30436""}"
landfill_20699,Turkey Run Landfill,landfill,33.16369600,-84.84892500,GA,EPA_LMOP,"{""address"":""7144 Lone Oak Road"",""city"":""Hogansville"",""county"":""Meriwether"",""ghgrp_id"":""1010392"",""zip"":""30230""}"
landfill_10440,Union Hill Church Road MSWLF,landfill,32.95400000,-83.32900000,GA,EPA_LMOP,"{""address"":""154 Union Hill Church Road S.W."",""city"":""Gordon"",""county"":""Gordon"",""zip"":""31031""}"
landfill_1986,Walker Mountain Landfill,landfill,34.19000000,-85.21479900,GA,EPA_LMOP,"{""address"":""433 Walker Mountain Road"",""city"":""Rome"",""county"":""Floyd"",""ghgrp_id"":""1006025"",""zip"":""30161""}"
landfill_465,Watts Road LF,landfill,33.78560000,-84.48580000,GA,EPA_LMOP,"{""address"":""1144 Field Road NW"",""city"":""Atlanta"",""county"":""Fulton"",""zip"":""30318""}"
landfill_461,"WI Taylor County Disposal, LLC",landfill,32.46226300,-84.37152600,GA,EPA_LMOP,"{""address"":""33 Stewart Road"",""city"":""Mauk"",""county"":""Taylor"",""ghgrp_id"":""1007124"",""zip"":""31058""}"
landfill_1937,WMI-Rolling Hills,landfill,33.61880000,-84.41720000,GA,EPA_LMOP,"{""address"":""870 Sullivan Road at Lees Mill Road"",""city"":""College Park"",""county"":""Clayton"",""ghgrp_id"":""1003795"",""zip"":""30349""}"
landfill_10404,"Wolf Creek Landfill, LLC",landfill,32.77053500,-83.43787300,GA,EPA_LMOP,"{""address"":""911 Landfill Road\noff Hwy 80 (Jeffersonville Road)"",""city"":""Dry Branch"",""county"":""Twiggs"",""ghgrp_id"":""1003711"",""zip"":""31020""}"
landfill_20757,Layon Municipal Solid Waste Landfill,landfill,13.42970700,144.64945700,GU,EPA_LMOP,"{""address"":""1130 Chalan Layon"",""city"":""Inarajan"",""ghgrp_id"":""1011026"",""zip"":""96915""}"
landfill_11801,Ordot Landfill,landfill,13.43906600,144.75061100,GU,EPA_LMOP,"{""address"":""Dero Road"",""city"":""Ordot""}"
landfill_2079,Central Maui Landfill,landfill,20.86000000,-156.41900000,HI,EPA_LMOP,"{""address"":""1 Pulehu Road"",""city"":""Puunene"",""county"":""Maui"",""ghgrp_id"":""1005313"",""zip"":""96784""}"
landfill_2080,Hana Landfill,landfill,20.76778000,-155.98859000,HI,EPA_LMOP,"{""address"":""Waikaloa Street"",""city"":""Hana"",""county"":""Maui"",""zip"":""96713""}"
landfill_11321,Kalamaula Landfill,landfill,21.10096000,-157.05001000,HI,EPA_LMOP,"{""address"":""Maunaloa Highway"",""city"":""Naiwa"",""county"":""Maui"",""zip"":""96748""}"
landfill_2088,Kaneohe Marine Corps Air Station Landfill,landfill,21.44800000,-157.73100000,HI,EPA_LMOP,"{""address"":""MCBH Kaneohe Bay"",""city"":""Kaneohe Bay"",""county"":""Honolulu"",""zip"":""96863""}"
landfill_1777,Kapaa,landfill,21.40000000,-157.76700000,HI,EPA_LMOP,"{""address"":""Kapaa Quarry Road"",""city"":""Kailua"",""county"":""Honolulu"",""zip"":""96734""}"
landfill_2297,Kapaa and Kalaheo Sanitary Landfills,landfill,21.40102500,-157.77503000,HI,EPA_LMOP,"{""address"":""Kapaa Quarry Road\n913 Kalanianaole Highway"",""city"":""Kailua"",""county"":""Honolulu"",""ghgrp_id"":""1001595"",""zip"":""96734""}"
landfill_2081,Kekaha Landfill/Phases I & II,landfill,22.03452000,-159.73029000,HI,EPA_LMOP,"{""address"":""6900-D Kaumualii Highway"",""city"":""Kekaha"",""county"":""Kauai"",""ghgrp_id"":""1000216"",""zip"":""96752""}"
landfill_2083,Lanai Landfill,landfill,20.79400000,-156.96700000,HI,EPA_LMOP,"{""address"":""Kaumalapau Highway (Hwy 440)\n4 mi W of Lanai City"",""city"":""Lanai City"",""county"":""Maui"",""zip"":""96763""}"
landfill_2084,Naiwa Landfill,landfill,21.11800000,-157.06200000,HI,EPA_LMOP,"{""address"":""Maunaloa Highway"",""city"":""Kaunakakai"",""county"":""Maui"",""zip"":""96748""}"
landfill_11300,Olowalu Landfill,landfill,20.83019000,-156.62902000,HI,EPA_LMOP,"{""address"":""Honoapiilani Highway"",""city"":""Lahaina"",""county"":""Maui"",""zip"":""96761""}"
landfill_20793,Palailai Landfill,landfill,21.33800000,-158.08800000,HI,EPA_LMOP,"{""address"":""91-402 Farrington Highway"",""city"":""Kapolei"",""county"":""Honolulu"",""ghgrp_id"":""1004803"",""zip"":""96707""}"
landfill_2087,South Hilo Sanitary Landfill (SHSL),landfill,19.69800000,-155.04400000,HI,EPA_LMOP,"{""address"":""Leilani Street\n1645 Ho'olaulima Road"",""city"":""Hilo"",""county"":""Hawaii"",""ghgrp_id"":""1012851"",""zip"":""96720""}"
landfill_2089,Waimanalo Gulch Landfill & Ash Monofill,landfill,21.34400000,-158.11279000,HI,EPA_LMOP,"{""address"":""92-460 Farrington Highway"",""city"":""Kapolei"",""county"":""Honolulu"",""ghgrp_id"":""1007708"",""zip"":""96707""}"
landfill_2090,West Hawaii Landfill/Puuanahulu,landfill,19.88901300,-155.88029700,HI,EPA_LMOP,"{""address"":""71-1111 Queen Kaahumanu Highway"",""city"":""Waikoloa"",""county"":""Hawaii"",""ghgrp_id"":""1006173"",""zip"":""96738""}"
landfill_21155,Benton County Sanitary Landfill,landfill,41.87571600,-92.09675700,IA,EPA_LMOP,"{""address"":""7904 20th Avenue"",""city"":""Blairstown"",""county"":""Benton"",""zip"":""52209""}"
landfill_614,Black Hawk County SLF (Area E),landfill,42.41400000,-92.32758000,IA,EPA_LMOP,"{""address"":""1509 East Washburn Road"",""city"":""Waterloo"",""county"":""Black Hawk"",""ghgrp_id"":""1000287"",""zip"":""50701""}"
landfill_615,Boone County Landfill,landfill,42.02985000,-93.91940000,IA,EPA_LMOP,"{""address"":""1268 224th Lane"",""city"":""Boone"",""county"":""Boone"",""ghgrp_id"":""1011956"",""zip"":""50036""}"
landfill_11701,Carroll County Sanitary Landfill,landfill,42.07127000,-94.90601000,IA,EPA_LMOP,"{""address"":""19111 Kittyhawk Avenue"",""city"":""Carroll"",""county"":""Carroll"",""ghgrp_id"":""1006036"",""zip"":""51401""}"
landfill_21156,Cass County Sanitary Landfill,landfill,41.37859000,-94.92788000,IA,EPA_LMOP,"{""address"":""65928 Jackson Road"",""city"":""Atlantic"",""county"":""Cass"",""zip"":""50022""}"
landfill_632,Cedar Rapids Linn County Solid Waste Landfill #1,landfill,41.96469000,-91.65193000,IA,EPA_LMOP,"{""address"":""2250 A Street SW"",""city"":""Cedar Rapids"",""county"":""Linn"",""ghgrp_id"":""1001766"",""zip"":""52404""}"
landfill_631,Cedar Rapids Linn County Solid Waste Landfill #2,landfill,42.09371000,-91.55547000,IA,EPA_LMOP,"{""address"":""1954 County Home Road"",""city"":""Marion"",""county"":""Linn"",""ghgrp_id"":""1001949"",""zip"":""52302""}"
landfill_623,Central Disposal Landfill,landfill,43.38200000,-93.57200000,IA,EPA_LMOP,"{""address"":""21265 - 430th Street"",""city"":""Lake Mills"",""county"":""Winnebago"",""ghgrp_id"":""1007673"",""zip"":""50450""}"
landfill_11662,Cherokee County Sanitary Landfill,landfill,42.73473300,-95.52464200,IA,EPA_LMOP,"{""address"":""1805 Linden Street"",""city"":""Cherokee"",""county"":""Cherokee"",""zip"":""51012""}"
landfill_620,City of Newton Sanitary Landfill,landfill,41.67100000,-93.06550000,IA,EPA_LMOP,"{""address"":""3202 Highway 14 S"",""city"":""Newton"",""county"":""Jasper"",""ghgrp_id"":""1014285"",""zip"":""50208""}"
landfill_616,Clinton County SLF (East),landfill,41.85905000,-90.25866000,IA,EPA_LMOP,"{""address"":""4292 220th Street"",""city"":""Clinton"",""county"":""Clinton"",""ghgrp_id"":""1002599"",""zip"":""52732""}"
landfill_617,Des Moines County Regional Sanitary Landfill,landfill,40.84900000,-91.19600000,IA,EPA_LMOP,"{""address"":""13758 Washington Road"",""city"":""West Burlington"",""county"":""Des Moines"",""ghgrp_id"":""1002610"",""zip"":""52655""}"
landfill_618,Dickinson Landfill Inc.,landfill,43.37178000,-95.07733000,IA,EPA_LMOP,"{""address"":""2575 190th Street"",""city"":""Spirit Lake"",""county"":""Dickinson"",""ghgrp_id"":""1007690"",""zip"":""51360""}"
landfill_619,Dubuque Metropolitan SLF,landfill,42.45501000,-90.77686000,IA,EPA_LMOP,"{""address"":""101 Airborne Road"",""city"":""Dubuque"",""county"":""Dubuque"",""ghgrp_id"":""1000473"",""zip"":""52003""}"
landfill_2092,Fayette County Landfill,landfill,42.82000000,-91.79200000,IA,EPA_LMOP,"{""address"":""10275 Kornhill Road"",""city"":""Fayette"",""county"":""Fayette"",""ghgrp_id"":""1001102"",""zip"":""52142""}"
landfill_21157,Floyd-Mitchell-Chickasaw Counties Landfill,landfill,43.23674700,-92.56074800,IA,EPA_LMOP,"{""address"":""3354 330th Street"",""city"":""Elma"",""county"":""Mitchell"",""zip"":""50628""}"
landfill_21158,Fremont County Sanitary Landfill,landfill,40.69048900,-95.64234000,IA,EPA_LMOP,"{""address"":""2879 250th Street"",""city"":""Sidney"",""county"":""Fremont"",""zip"":""51652""}"
landfill_630,Great River Regional Solid Waste Authority Landfill,landfill,40.65600000,-91.30950000,IA,EPA_LMOP,"{""address"":""2092 303rd Avenue"",""city"":""Fort Madison"",""county"":""Lee"",""ghgrp_id"":""1006153"",""zip"":""52627""}"
landfill_21159,Harrison County Sanitary Landfill,landfill,41.64081200,-95.76831000,IA,EPA_LMOP,"{""address"":""2812 E. Highway 30"",""city"":""Logan"",""county"":""Harrison"",""zip"":""51546""}"
landfill_10300,Iowa City SLF,landfill,41.64500000,-91.62400000,IA,EPA_LMOP,"{""address"":""3900 Hebl Avenue SW"",""city"":""Iowa City"",""county"":""Johnson"",""ghgrp_id"":""1003812"",""zip"":""52246""}"
landfill_21160,Iowa County Sanitary Landfill,landfill,41.76487500,-91.83305900,IA,EPA_LMOP,"{""address"":""3369 Highway 6 Trail"",""city"":""Homestead"",""county"":""Iowa"",""zip"":""52236""}"
landfill_11601,Landfill of North Iowa,landfill,43.12600000,-93.30030000,IA,EPA_LMOP,"{""address"":""15942 Killdeer Avenue"",""city"":""Clear Lake"",""county"":""Cerro Gordo"",""ghgrp_id"":""1006749"",""zip"":""50428""}"
landfill_11781,Loess Hills Regional SLF,landfill,41.02200000,-95.63900000,IA,EPA_LMOP,"{""address"":""59722 290th Street"",""city"":""Malvern"",""county"":""Mills"",""ghgrp_id"":""1003990"",""zip"":""51551""}"
landfill_21161,Mahaska County Sanitary Landfill,landfill,41.22472600,-92.64769200,IA,EPA_LMOP,"{""address"":""2979 US Highway 63"",""city"":""Oskaloosa"",""county"":""Mahaska"",""ghgrp_id"":""1014520"",""zip"":""52577""}"
landfill_626,Marshall County SLF,landfill,42.03600000,-92.98200000,IA,EPA_LMOP,"{""address"":""2313 Marshalltown Boulevard"",""city"":""Marshalltown"",""county"":""Marshall"",""ghgrp_id"":""1010983"",""zip"":""50158""}"
landfill_624,Metro Park East Landfill,landfill,41.60072200,-93.34526500,IA,EPA_LMOP,"{""address"":""12181 University Avenue NE\n12161 12th Avenue NE"",""city"":""Mitchellville"",""county"":""Polk"",""ghgrp_id"":""1007727"",""zip"":""50169""}"
landfill_21162,Metro Park West Landfill,landfill,41.86480500,-94.16224600,IA,EPA_LMOP,"{""address"":""2499 337th Street"",""city"":""Perry"",""county"":""Dallas"",""zip"":""50220""}"
landfill_21163,Montgomery County Sanitary Landfill,landfill,41.05781400,-95.15090800,IA,EPA_LMOP,"{""address"":""1704 L Avenue"",""city"":""Red Oak"",""county"":""Montgomery"",""zip"":""51566""}"
landfill_633,Muscatine County SLF,landfill,41.51730000,-90.84300000,IA,EPA_LMOP,"{""address"":""3700 U.S. Highway 61 N"",""city"":""Blue Grass"",""county"":""Muscatine"",""ghgrp_id"":""1003605"",""zip"":""52726""}"
landfill_2055,North Central Iowa Regional SWA Sanitary Landfill,landfill,42.47227000,-94.16971200,IA,EPA_LMOP,"{""address"":""2240 Gypsum Hollow Road\n2240 Landfill Drive"",""city"":""Fort Dodge"",""county"":""Webster"",""ghgrp_id"":""1010979"",""zip"":""50501""}"
landfill_21164,Northern Plains Regional Landfill,landfill,43.21016000,-94.75247000,IA,EPA_LMOP,"{""address"":""3032 420th Avenue"",""city"":""Graettinger"",""county"":""Palo Alto"",""zip"":""51342""}"
landfill_627,Northwest Iowa Area SWA Landfill,landfill,43.12990000,-95.89411900,IA,EPA_LMOP,"{""address"":""4540 360th Street"",""city"":""Sheldon"",""county"":""Sioux"",""ghgrp_id"":""1010524"",""zip"":""51201""}"
landfill_10220,Oak Ridge Landfill,landfill,41.24100000,-95.90679000,IA,EPA_LMOP,"{""address"":""1900 River Road"",""city"":""Council Bluffs"",""county"":""Pottawattamie"",""zip"":""51501-7023""}"
landfill_628,Ottumwa-Wapello County SLF,landfill,41.08000000,-92.47300000,IA,EPA_LMOP,"{""address"":""13277 165th Avenue"",""city"":""Ottumwa"",""county"":""Wapello"",""ghgrp_id"":""1002609"",""zip"":""52501""}"
landfill_21165,Page County Sanitary Landfill,landfill,40.75090400,-95.11065700,IA,EPA_LMOP,"{""address"":""2032 N Avenue"",""city"":""Clarinda"",""county"":""Page"",""zip"":""51632""}"
landfill_625,Poweshiek County SLF,landfill,41.74614000,-92.55877000,IA,EPA_LMOP,"{""city"":""Malcolm"",""county"":""Poweshiek""}"
landfill_21166,RIWMA Landfill,landfill,42.40687000,-93.24537800,IA,EPA_LMOP,"{""address"":""20488 M Avenue"",""city"":""Eldora"",""county"":""Hardin"",""zip"":""50627""}"
landfill_21171,Sac County Landfill,landfill,42.41019000,-95.10121900,IA,EPA_LMOP,"{""address"":""2430 260th"",""city"":""Sac City"",""county"":""Sac"",""zip"":""50583""}"
landfill_634,Scott Area SLF,landfill,41.47444000,-90.68864000,IA,EPA_LMOP,"{""address"":""11555 110th Avenue County Road Y-48"",""city"":""Davenport"",""county"":""Scott"",""ghgrp_id"":""1002564"",""zip"":""52804""}"
landfill_21167,SEMCO Landfill,landfill,41.18123400,-92.02435500,IA,EPA_LMOP,"{""address"":""29997 Highway 78 West"",""city"":""Richland"",""county"":""Keokuk"",""zip"":""52585""}"
landfill_621,Sioux City SLF,landfill,42.38300000,-96.01770000,IA,EPA_LMOP,"{""city"":""Sioux City"",""county"":""Woodbury"",""zip"":""51101""}"
landfill_21130,South Central Iowa Landfill,landfill,41.33900000,-93.95500000,IA,EPA_LMOP,"{""address"":""2496 Highway 92"",""city"":""Winterset"",""county"":""Madison"",""ghgrp_id"":""1010982"",""zip"":""50273""}"
landfill_622,South Central Iowa Sanitary Landfill,landfill,41.25995000,-92.95676000,IA,EPA_LMOP,"{""address"":""1736 Hwy T-17"",""city"":""Tracy"",""county"":""Marion"",""ghgrp_id"":""1002691"",""zip"":""50256""}"
landfill_21168,South Dallas County Sanitary Landfill,landfill,41.62060500,-94.04021400,IA,EPA_LMOP,"{""address"":""2000 Main Street"",""city"":""Adel"",""county"":""Dallas"",""zip"":""50003""}"
landfill_21169,Tama County Sanitary Landfill,landfill,42.02779900,-92.56862800,IA,EPA_LMOP,"{""address"":""2872 K Avenue"",""city"":""Toledo"",""county"":""Tama"",""zip"":""52342""}"
landfill_21170,Wayne-Ringgold-Decatur County Sanitary Landfill,landfill,40.73338500,-93.96266700,IA,EPA_LMOP,"{""address"":""21377 125th Avenue"",""city"":""Grand River"",""county"":""Decatur"",""zip"":""50108""}"
landfill_2046,Winneshiek County Sanitary Landfill,landfill,43.22500000,-91.67000000,IA,EPA_LMOP,"{""address"":""2000 140th Avenue"",""city"":""Decorah"",""county"":""Winneshiek"",""ghgrp_id"":""1000382"",""zip"":""52101""}"
landfill_2165,Ada County Landfill,landfill,43.69800000,-116.28300000,ID,EPA_LMOP,"{""address"":""10300 Seamans Gulch Road"",""city"":""Boise"",""county"":""Ada"",""ghgrp_id"":""1003446"",""zip"":""83714""}"
landfill_2187,Bear Lake County Landfill,landfill,42.32130000,-111.24790000,ID,EPA_LMOP,"{""address"":""175 Willowbrook Lane\noff Highway 89"",""city"":""Montpelier"",""county"":""Bear Lake"",""zip"":""83254""}"
landfill_2167,Bennett Road Landfill,landfill,43.07800000,-115.57600000,ID,EPA_LMOP,"{""address"":""Bennett Road, East of Mountain Home"",""city"":""Mountain Home"",""county"":""Elmore"",""zip"":""83647""}"
landfill_2168,Bingham County / Fielding / Goshen Landfill,landfill,43.29700000,-112.07000000,ID,EPA_LMOP,"{""address"":""700 North 1125 East"",""city"":""Shelley"",""county"":""Bingham"",""zip"":""83274""}"
landfill_2169,Bingham County Landfill-Ridge Road,landfill,43.29700000,-112.07500000,ID,EPA_LMOP,"{""address"":""1100 E Mountain View Road"",""city"":""Blackfoot"",""county"":""Bingham"",""zip"":""83221""}"
landfill_2170,Boise County Warm Springs Municipal Landfill,landfill,43.85260000,-115.87370000,ID,EPA_LMOP,"{""address"":""Warm Springs Road & Centerville Road\n3 miles West of Idaho City"",""city"":""Idaho City"",""county"":""Boise"",""zip"":""83631""}"
landfill_2171,Bonneville County Landfill,landfill,43.42880000,-111.85720000,ID,EPA_LMOP,"{""address"":""9449 E. Sunnyside"",""city"":""Idaho Falls"",""county"":""Bonneville"",""zip"":""83402""}"
landfill_2172,Boundary County Landfill,landfill,48.71857700,-116.31713400,ID,EPA_LMOP,"{""address"":""611 Hillcrest Road\nOff County Road 29"",""city"":""Bonners Ferry"",""county"":""Boundary"",""zip"":""83805""}"
landfill_2174,Butte County Howe Landfill,landfill,43.78850000,-113.01500000,ID,EPA_LMOP,"{""address"":""1550 W"",""city"":""Howe"",""county"":""Butte"",""zip"":""83244""}"
landfill_2183,Circular Butte Sanitary LF,landfill,43.85100000,-112.53900000,ID,EPA_LMOP,"{""address"":""1571 N 800 E"",""city"":""Terreton"",""county"":""Jefferson"",""ghgrp_id"":""1002441"",""zip"":""83450""}"
landfill_2190,Clay Peak Landfill,landfill,44.06447400,-116.86113900,ID,EPA_LMOP,"{""address"":""2560 Highway 52"",""city"":""Payette"",""county"":""Payette"",""zip"":""83661""}"
landfill_2067,Fighting Creek Farm Landfill,landfill,47.53400000,-116.93400000,ID,EPA_LMOP,"{""address"":""22089 U.S. 95"",""city"":""Coeur d' Alene"",""county"":""Kootenai"",""ghgrp_id"":""1006763"",""zip"":""83814""}"
landfill_1988,Fort Hall Mine Landfill,landfill,42.78200000,-112.37500000,ID,EPA_LMOP,"{""address"":""1500 N. Fort Hall Mine Road"",""city"":""Pocatello"",""county"":""Bannock"",""ghgrp_id"":""1002699"",""zip"":""83204""}"
landfill_2178,Franklin County Sanitary Landfill,landfill,42.14330000,-111.81920000,ID,EPA_LMOP,"{""address"":""2655 N 2200 E"",""city"":""Preston"",""county"":""Franklin"",""zip"":""83263""}"
landfill_2177,Goodrich Landfill,landfill,44.63500000,-116.48600000,ID,EPA_LMOP,"{""address"":""Goodrich Road\n2 miles west of I-95"",""city"":""Council"",""county"":""Adams"",""zip"":""83612""}"
landfill_2181,Hub Butte Landfill,landfill,42.41820000,-114.49910000,ID,EPA_LMOP,"{""address"":""2900 N. 2800 E."",""city"":""Twin Falls"",""county"":""Twin Falls"",""zip"":""83301""}"
landfill_2182,Island Park Sanitary Landfill,landfill,44.45050000,-111.37050000,ID,EPA_LMOP,"{""address"":""3970 Kilgore-Yale Road"",""city"":""Island Park"",""county"":""Fremont"",""zip"":""83429""}"
landfill_2184,Latah Sanitary Landfill,landfill,46.71000000,-116.90200000,ID,EPA_LMOP,"{""address"":""3299 Highway 8"",""city"":""Moscow"",""county"":""Latah"",""zip"":""83843""}"
landfill_2185,Lemhi County Landfill 1,landfill,45.11889300,-113.86152300,ID,EPA_LMOP,"{""address"":""Landfill Rd\noff of Hot Springs Rd"",""city"":""Salmon"",""county"":""Lemhi"",""zip"":""83467""}"
landfill_2188,Lemhi County Landfill 2,landfill,45.12600000,-113.83300000,ID,EPA_LMOP,"{""address"":""Landfill Road\noff of Hot Springs Road"",""city"":""Salmon"",""county"":""Lemhi"",""zip"":""83467""}"
landfill_2191,Milner Butte Landfill,landfill,42.46200000,-114.00500000,ID,EPA_LMOP,"{""address"":""1050 West 400 South"",""city"":""Burley"",""county"":""Cassia"",""ghgrp_id"":""1004840"",""zip"":""83318""}"
landfill_20895,Mud Lake Landfill,landfill,43.85400000,-112.50800000,ID,EPA_LMOP,"{""address"":""925 E. Salmon Highway"",""city"":""Terreton"",""county"":""Jefferson"",""ghgrp_id"":""1007349"",""zip"":""83450""}"
landfill_2189,Oneida County Sanitary Landfill,landfill,42.21009800,-112.23709900,ID,EPA_LMOP,"{""address"":""1750 N Old Highway 191"",""city"":""Malad City"",""county"":""Oneida"",""zip"":""83252""}"
landfill_2175,Pickles Butte SLF,landfill,43.49300000,-116.70400000,ID,EPA_LMOP,"{""address"":""15500 Missouri Avenue"",""city"":""Nampa"",""county"":""Canyon"",""ghgrp_id"":""1000783"",""zip"":""83686""}"
landfill_20702,Simco Road Regional Landfill,landfill,43.25628300,-115.90283700,ID,EPA_LMOP,"{""address"":""16415 NW Waste Site Drive"",""city"":""Mayfield"",""county"":""Elmore"",""ghgrp_id"":""1008253"",""zip"":""83716""}"
landfill_2192,St. Anthony Landfill,landfill,43.98080000,-111.67790000,ID,EPA_LMOP,"{""address"":""716 N 2400 E"",""city"":""St Anthony"",""county"":""Fremont"",""zip"":""83445""}"
landfill_2193,Teton County Landfill,landfill,43.72600000,-111.07300000,ID,EPA_LMOP,"{""address"":""114 E 25 N"",""city"":""Driggs"",""county"":""Teton"",""ghgrp_id"":""1001754"",""zip"":""83422""}"
landfill_1859,31st Street Landfill,landfill,41.83894000,-87.91497000,IL,EPA_LMOP,"{""address"":""11700 West 31st Street"",""city"":""Westchester"",""county"":""Cook"",""ghgrp_id"":""1003742"",""zip"":""60154""}"
landfill_500,ADS/McLean County LF #2,landfill,40.47286600,-89.03771800,IL,EPA_LMOP,"{""address"":""2105 W. Oakland Avenue"",""city"":""Bloomington"",""county"":""McLean"",""ghgrp_id"":""1002094"",""zip"":""61704""}"
landfill_503,Alton Municipal Landfill,landfill,38.92800000,-90.17900000,IL,EPA_LMOP,"{""address"":""4550 N. Alby Street"",""city"":""Godfrey"",""county"":""Madison"",""zip"":""62035""}"
landfill_521,Beecher Landfill,landfill,41.39150000,-87.63880000,IL,EPA_LMOP,"{""address"":""1055 W. Goodenow Road"",""city"":""Beecher"",""county"":""Will"",""ghgrp_id"":""1003744"",""zip"":""60401""}"
landfill_1856,Belleville Sanitary LF,landfill,38.48359000,-90.01182400,IL,EPA_LMOP,"{""address"":""2381 Park Road"",""city"":""Belleville"",""county"":""St. Clair"",""ghgrp_id"":""1004353"",""zip"":""62220""}"
landfill_1861,Bloomington LF,landfill,40.46500000,-89.03600000,IL,EPA_LMOP,"{""address"":""W. Oakland Avenue"",""city"":""Bloomington"",""county"":""McLean"",""zip"":""61704""}"
landfill_470,Bond County LF,landfill,38.88497000,-89.42086000,IL,EPA_LMOP,"{""address"":""825 Willard Street"",""city"":""Greenville"",""county"":""Bond"",""ghgrp_id"":""1004601"",""zip"":""62246""}"
landfill_1864,Brickyard Disposal & Recycling Inc.,landfill,40.09966000,-87.61630000,IL,EPA_LMOP,"{""address"":""601 East Brickyard Road"",""city"":""Danville"",""county"":""Vermilion"",""ghgrp_id"":""1004026"",""zip"":""61832""}"
landfill_522,CDT LF,landfill,41.50037100,-88.14491400,IL,EPA_LMOP,"{""address"":""2851 Mound Road"",""city"":""Rockdale"",""county"":""Will"",""zip"":""60436""}"
landfill_504,Chain of Rocks RDF,landfill,38.76235000,-90.12949000,IL,EPA_LMOP,"{""address"":""3399 W. Chain of Rocks Road"",""city"":""Granite City"",""county"":""Madison"",""ghgrp_id"":""1003509"",""zip"":""62040""}"
landfill_474,CID Recycling and Disposal Facility,landfill,41.65500000,-87.57800000,IL,EPA_LMOP,"{""address"":""13707 S. Jeffery Avenue"",""city"":""Chicago"",""county"":""Cook"",""ghgrp_id"":""1008012"",""zip"":""60633""}"
landfill_481,Clinton Landfill Inc.,landfill,40.11400000,-88.95800000,IL,EPA_LMOP,"{""address"":""9550 Heritage Road"",""city"":""Clinton"",""county"":""De Witt"",""ghgrp_id"":""1007467"",""zip"":""61727""}"
landfill_472,Coles County Landfill,landfill,39.50900000,-88.26700000,IL,EPA_LMOP,"{""address"":""6351 West State Street"",""city"":""Charleston"",""county"":""Coles"",""ghgrp_id"":""1006348"",""zip"":""61920""}"
landfill_1862,Congress Development Company LF,landfill,41.87210000,-87.88850000,IL,EPA_LMOP,"{""address"":""4100 W. Frontage Road"",""city"":""Hillside"",""county"":""Cook"",""ghgrp_id"":""1006289"",""zip"":""60162""}"
landfill_2306,Cottonwood Hills LF,landfill,38.26000000,-89.78000000,IL,EPA_LMOP,"{""address"":""10400 Hillstown Road"",""city"":""Marissa"",""county"":""St. Clair"",""ghgrp_id"":""1003216"",""zip"":""62257""}"
landfill_495,Countryside LF,landfill,42.32424000,-88.02890000,IL,EPA_LMOP,"{""address"":""31725 N. Route 83"",""city"":""Grayslake"",""county"":""Lake"",""ghgrp_id"":""1007992"",""zip"":""60030""}"
landfill_2418,Davis Junction Landfill,landfill,42.14700000,-89.08250000,IL,EPA_LMOP,"{""address"":""8900 Highway 251"",""city"":""Davis Junction"",""county"":""Ogle"",""ghgrp_id"":""1006991"",""zip"":""61020""}"
landfill_480,DeKalb County LF,landfill,41.89800000,-88.68600000,IL,EPA_LMOP,"{""address"":""18370 Somonauk Road"",""city"":""DeKalb"",""county"":""DeKalb"",""ghgrp_id"":""1007724"",""zip"":""60115""}"
landfill_1866,Des Plaines Landfill,landfill,42.06890000,-87.86530000,IL,EPA_LMOP,"{""address"":""9800 West Central Road"",""city"":""Des Plaines"",""county"":""Cook"",""ghgrp_id"":""1003743"",""zip"":""60016""}"
landfill_21398,Eco Hill Landfill,landfill,41.40750300,-90.00364700,IL,EPA_LMOP,"{""address"":""137 Commercial Drive"",""city"":""Atkinson"",""county"":""Henry"",""ghgrp_id"":""1014391"",""zip"":""61235""}"
landfill_499,Envirofil of Illinois Inc.,landfill,40.48433300,-90.63800000,IL,EPA_LMOP,"{""address"":""13998 E. 1400th Street"",""city"":""Macomb"",""county"":""McDonough"",""ghgrp_id"":""1007589"",""zip"":""61455""}"
landfill_487,Environtech LF,landfill,41.37299000,-88.40260000,IL,EPA_LMOP,"{""address"":""1800 Ashley Road"",""city"":""Morris"",""county"":""Grundy"",""ghgrp_id"":""1007701"",""zip"":""60450""}"
landfill_471,Five Oaks RDF,landfill,39.54693000,-89.29487000,IL,EPA_LMOP,"{""address"":""890 E. 1500 North Road"",""city"":""Taylorville"",""county"":""Christian"",""ghgrp_id"":""1006251"",""zip"":""62568""}"
landfill_2307,Freeport Municipal Landfill #4,landfill,42.26570000,-89.62120000,IL,EPA_LMOP,"{""address"":""2133 S. Walnut Road"",""city"":""Freeport"",""county"":""Stephenson"",""zip"":""61032""}"
landfill_483,Greene Valley RDF,landfill,41.73045000,-88.07444000,IL,EPA_LMOP,"{""address"":""9 S. 610 Greene Road"",""city"":""Naperville"",""county"":""DuPage"",""ghgrp_id"":""1006207"",""zip"":""60565""}"
landfill_2164,H.O.D. Landfill,landfill,42.47600000,-88.08200000,IL,EPA_LMOP,"{""address"":""McMillen Road"",""city"":""Antioch"",""county"":""Lake"",""zip"":""60002""}"
landfill_524,Herrin Municipal,landfill,37.77600000,-89.00550000,IL,EPA_LMOP,"{""address"":""Landfill Road Rural Route 1"",""city"":""Herrin"",""county"":""Williamson""}"
landfill_2313,Hickory Ridge Landfill Inc.,landfill,39.69800000,-90.91400000,IL,EPA_LMOP,"{""address"":""32246 375th Street"",""city"":""Baylis"",""county"":""Pike"",""ghgrp_id"":""1007073"",""zip"":""62314""}"
landfill_1872,Illinois Landfill Inc.,landfill,40.44537500,-87.63883000,IL,EPA_LMOP,"{""address"":""16310 E. 4000 North Road"",""city"":""Hoopeston"",""county"":""Vermilion"",""ghgrp_id"":""1002088"",""zip"":""60942""}"
landfill_12145,Indian Creek Landfill #2,landfill,40.42791500,-89.46491800,IL,EPA_LMOP,"{""address"":""24501 W. McMullen Road"",""city"":""Hopedale"",""county"":""Tazewell"",""ghgrp_id"":""1005916"",""zip"":""61747""}"
landfill_2420,Jerseyville Sanitation Landfill,landfill,39.08690000,-90.31890000,IL,EPA_LMOP,"{""address"":""1336 Crystal Lake Road"",""city"":""Jerseyville"",""county"":""Jersey"",""zip"":""62052""}"
landfill_489,K & H Disposal Landfill,landfill,40.88330000,-87.61610000,IL,EPA_LMOP,"{""address"":""U.S. Route 52"",""city"":""Donovan"",""county"":""Iroquois"",""zip"":""60931""}"
landfill_493,Kankakee County RDF,landfill,41.03100000,-87.86240000,IL,EPA_LMOP,"{""address"":""6259 S. Route 45 & 52"",""city"":""Chebanse"",""county"":""Kankakee"",""ghgrp_id"":""1006418"",""zip"":""60922""}"
landfill_2308,Knox County LF #3,landfill,41.01500000,-90.24800000,IL,EPA_LMOP,"{""address"":""996 Knox Road 2150 North"",""city"":""Oneida"",""county"":""Knox"",""ghgrp_id"":""1003516"",""zip"":""61467""}"
landfill_475,Lake LF,landfill,42.10550000,-87.81250000,IL,EPA_LMOP,"{""address"":""1300 Willow Road"",""city"":""Northbrook"",""county"":""Cook"",""ghgrp_id"":""1003588"",""zip"":""60062""}"
landfill_476,Land & Lakes #1 and #2,landfill,41.64464800,-87.59333000,IL,EPA_LMOP,"{""address"":""1220 East 138th Street"",""city"":""Park Ridge"",""county"":""Cook"",""zip"":""60068""}"
landfill_477,Land & Lakes #3,landfill,41.67370000,-87.57320000,IL,EPA_LMOP,"{""address"":""2000 E. 122nd Street"",""city"":""Chicago"",""county"":""Cook"",""ghgrp_id"":""1007047"",""zip"":""60633""}"
landfill_2322,Land & Lakes/Willow Ranch Landfill,landfill,41.67051800,-88.06279500,IL,EPA_LMOP,"{""address"":""1371 N. Joliet Road"",""city"":""Romeoville"",""county"":""Will"",""ghgrp_id"":""1006349"",""zip"":""60446""}"
landfill_2309,LandComp Landfill,landfill,41.34789900,-88.91350900,IL,EPA_LMOP,"{""address"":""2840 E. 13th Road"",""city"":""Ottawa"",""county"":""LaSalle"",""ghgrp_id"":""1002090"",""zip"":""61350""}"
landfill_2310,Landfill 33 Ltd.,landfill,39.10100000,-88.52600000,IL,EPA_LMOP,"{""address"":""1713 S. Willow Street"",""city"":""Effingham"",""county"":""Effingham"",""ghgrp_id"":""1004887"",""zip"":""62401""}"
landfill_1857,Lansing LF,landfill,41.58611100,-87.55000000,IL,EPA_LMOP,"{""address"":""170th Street"",""city"":""Lansing"",""county"":""Cook"",""zip"":""60438""}"
landfill_523,Laraway RDF,landfill,41.45101000,-88.10807000,IL,EPA_LMOP,"{""address"":""21101 W. Laraway Road"",""city"":""Elwood"",""county"":""Will"",""zip"":""60421""}"
landfill_2324,Lee County Landfill,landfill,41.73100000,-89.39500000,IL,EPA_LMOP,"{""address"":""1214 South Bataan Road\n1279 North Bataan Road"",""city"":""Dixon"",""county"":""Lee"",""ghgrp_id"":""1003627"",""zip"":""61021""}"
landfill_1877,Litchfield-Hillsboro LF,landfill,39.17000000,-89.61500000,IL,EPA_LMOP,"{""address"":""2782 Landfill Trail"",""city"":""Litchfield"",""county"":""Montgomery"",""ghgrp_id"":""1002091"",""zip"":""62056""}"
landfill_497,Livingston LF,landfill,40.93178000,-88.65735000,IL,EPA_LMOP,"{""address"":""14206 E. 2100 North Road"",""city"":""Pontiac"",""county"":""Livingston"",""ghgrp_id"":""1002249"",""zip"":""61764""}"
landfill_484,Mallard Lake LF,landfill,41.95250000,-88.14420000,IL,EPA_LMOP,"{""address"":""26 W. 580 Schick Road"",""city"":""Hanover Park"",""county"":""DuPage"",""ghgrp_id"":""1007633"",""zip"":""60133""}"
landfill_516,Milam Recycling and Disposal Facility,landfill,38.65470000,-90.13020000,IL,EPA_LMOP,"{""address"":""601 Madison Road"",""city"":""East St. Louis"",""county"":""St. Clair"",""ghgrp_id"":""1008269"",""zip"":""62201""}"
landfill_514,Modern Landfill,landfill,38.48846000,-90.02839000,IL,EPA_LMOP,"{""address"":""3521 Centreville Avenue\nnear IL Route 158 & Mine Haul Road"",""city"":""Belleville"",""county"":""St. Clair"",""ghgrp_id"":""1004311"",""zip"":""62226""}"
landfill_486,Morris Community LF,landfill,41.37160000,-88.40260000,IL,EPA_LMOP,"{""address"":""1501 Ashley Road"",""city"":""Morris"",""county"":""Grundy"",""ghgrp_id"":""1004541"",""zip"":""60450""}"
landfill_482,Multi-County LF,landfill,39.87500000,-88.14000000,IL,EPA_LMOP,"{""city"":""Villa Grove"",""county"":""Douglas""}"
landfill_1899,Orchard Hills Landfill Inc.,landfill,42.14322000,-89.07690000,IL,EPA_LMOP,"{""address"":""8290 N. IL Highway 251"",""city"":""Davis Junction"",""county"":""Ogle"",""ghgrp_id"":""1001637"",""zip"":""61020""}"
landfill_478,Paxton LF Corporation #2,landfill,41.68167000,-87.57284000,IL,EPA_LMOP,"{""city"":""Chicago"",""county"":""Cook""}"
landfill_517,Pekin Metropolitan Landfill,landfill,40.56640000,-89.62820000,IL,EPA_LMOP,"{""address"":""11916 Towerline Road"",""city"":""Pekin"",""county"":""Tazewell"",""zip"":""61554""}"
landfill_21224,Peoria City/County Landfill #3,landfill,40.74282700,-89.79292000,IL,EPA_LMOP,"{""address"":""11501 Cottonwood Road"",""city"":""Brimfield"",""county"":""Peoria"",""zip"":""61517""}"
landfill_1868,Peoria City/County Landfills #1 and #2,landfill,40.74253800,-89.79860600,IL,EPA_LMOP,"{""address"":""11501 W. Cottonwood Road"",""city"":""Brimfield"",""county"":""Peoria"",""ghgrp_id"":""1003986"",""zip"":""61517""}"
landfill_509,Peoria Disposal Company #1,landfill,40.76550000,-89.69830000,IL,EPA_LMOP,"{""address"":""4349 W. Southport Road"",""city"":""Peoria"",""county"":""Peoria"",""zip"":""61528""}"
landfill_2312,"Perry Ridge Landfill, Inc.",landfill,38.03500000,-89.30100000,IL,EPA_LMOP,"{""address"":""6305 Sacred Heart Road"",""city"":""Du Quoin"",""county"":""Perry"",""ghgrp_id"":""1006306"",""zip"":""62832""}"
landfill_2315,Prairie View RDF,landfill,41.34000000,-88.13000000,IL,EPA_LMOP,"{""address"":""29755 S. Prairie View Drive"",""city"":""Wilmington"",""county"":""Will"",""ghgrp_id"":""1006176"",""zip"":""60481""}"
landfill_12144,Quad Cities Landfill Phase IV,landfill,41.37984300,-90.51028800,IL,EPA_LMOP,"{""address"":""13606 Knoxville Road"",""city"":""Milan"",""county"":""Rock Island"",""ghgrp_id"":""1004059"",""zip"":""61264""}"
landfill_510,"Quad Cities LF Phases 1, 2, & 3",landfill,41.38250000,-90.51280000,IL,EPA_LMOP,"{""address"":""13606 Knoxville Road"",""city"":""Milan"",""county"":""Rock Island"",""ghgrp_id"":""1006285"",""zip"":""61264""}"
landfill_469,Quincy Landfills #2 and #3,landfill,39.92950000,-91.27622000,IL,EPA_LMOP,"{""address"":""Old Broadway Road"",""city"":""Quincy"",""county"":""Adams"",""zip"":""62301""}"
landfill_1873,RCS Landfill,landfill,39.08687000,-90.31789000,IL,EPA_LMOP,"{""address"":""1336 Crystal Lake Road"",""city"":""Jerseyville"",""county"":""Jersey"",""zip"":""62052""}"
landfill_527,River Bend Prairie Landfill,landfill,41.64460000,-87.59790000,IL,EPA_LMOP,"{""address"":""801 E. 138th Street\nINT with Cottage Grove Avenue"",""city"":""Dolton"",""county"":""Cook"",""ghgrp_id"":""1008115"",""zip"":""60419""}"
landfill_507,Rochelle Municipal #2,landfill,41.92600000,-88.99700000,IL,EPA_LMOP,"{""address"":""6513 South Mulford Road"",""city"":""Rochelle"",""county"":""Ogle"",""ghgrp_id"":""1004936"",""zip"":""61068""}"
landfill_1874,Roxana LF,landfill,38.82740000,-90.01250000,IL,EPA_LMOP,"{""address"":""4600 Cahokia Creek Road"",""city"":""Edwardsville"",""county"":""Madison"",""ghgrp_id"":""1003697"",""zip"":""62025""}"
landfill_2316,Salem Municipal Landfill #2,landfill,38.61650000,-88.94530000,IL,EPA_LMOP,"{""address"":""900 E. Lake Street"",""city"":""Salem"",""county"":""Marion"",""zip"":""62881""}"
landfill_2317,"Saline County Landfill, Inc.",landfill,37.67101200,-88.46212500,IL,EPA_LMOP,"{""address"":""5000 Whitesville Road"",""city"":""Harrisburg"",""county"":""Saline"",""ghgrp_id"":""1007905"",""zip"":""62946""}"
landfill_513,Sangamon Valley Landfill Inc.,landfill,39.86018800,-89.60771100,IL,EPA_LMOP,"{""address"":""2565 Sand Hill Road"",""city"":""Springfield"",""county"":""Sangamon"",""ghgrp_id"":""1002096"",""zip"":""62707""}"
landfill_491,Settler's Hill Recycling & Disposal Facility,landfill,41.86965000,-88.28543000,IL,EPA_LMOP,"{""address"":""1031 E. Fabyan Parkway"",""city"":""Batavia"",""county"":""Kane"",""ghgrp_id"":""1002493"",""zip"":""60510""}"
landfill_529,South Barrington Landfill,landfill,42.08160000,-88.13000000,IL,EPA_LMOP,"{""address"":""55 E. Mundhank Road"",""city"":""South Barrington"",""county"":""Cook"",""ghgrp_id"":""1007702"",""zip"":""60010""}"
landfill_490,Southern Illinois Regional LF,landfill,37.84170000,-89.25800000,IL,EPA_LMOP,"{""address"":""1540 Landfill Road"",""city"":""De Soto"",""county"":""Jackson"",""ghgrp_id"":""1004027"",""zip"":""62924""}"
landfill_2318,Spoon Ridge Landfill,landfill,40.65580000,-90.16340000,IL,EPA_LMOP,"{""address"":""10 Spoon Ridge Road\nRoute 1, Highway 97 North"",""city"":""Fairview"",""county"":""Fulton"",""zip"":""61432""}"
landfill_498,Streator Area LF No. 3,landfill,41.09160000,-88.85210000,IL,EPA_LMOP,"{""address"":""2111 Coalville Road"",""city"":""Streator"",""county"":""Livingston"",""ghgrp_id"":""1004806"",""zip"":""61364""}"
landfill_2311,Sumner Landfill,landfill,38.71670000,-87.80630000,IL,EPA_LMOP,"{""address"":""SR-250 & E. 550th Avenue"",""city"":""Sumner"",""county"":""Lawrence"",""ghgrp_id"":""1007810"",""zip"":""62466""}"
landfill_1869,Taylor Ridge LF,landfill,41.44378000,-90.67702000,IL,EPA_LMOP,"{""address"":""8400 77th Street West"",""city"":""Taylor Ridge"",""county"":""Rock Island"",""ghgrp_id"":""1011179"",""zip"":""61284""}"
landfill_518,Tazewell RDF,landfill,40.68181000,-89.51613000,IL,EPA_LMOP,"{""address"":""3550 E. Washington Street"",""city"":""East Peoria"",""county"":""Tazewell"",""ghgrp_id"":""1006204"",""zip"":""61611""}"
landfill_511,Upper Rock Island County LF,landfill,41.53629000,-90.37660000,IL,EPA_LMOP,"{""address"":""17201 20th Avenue North"",""city"":""East Moline"",""county"":""Rock Island"",""ghgrp_id"":""1003696"",""zip"":""61244""}"
landfill_11060,Urbana Municipal #1,landfill,40.10943300,-88.19334700,IL,EPA_LMOP,"{""address"":""1210 E. University Avenue"",""city"":""Urbana"",""county"":""Champaign"",""zip"":""61801""}"
landfill_11080,Urbana Municipal #2,landfill,40.10943300,-88.19334700,IL,EPA_LMOP,"{""address"":""1210 E. University Avenue"",""city"":""Urbana"",""county"":""Champaign"",""zip"":""61802""}"
landfill_501,Valley View Landfill Inc.,landfill,39.82450000,-89.04320000,IL,EPA_LMOP,"{""address"":""1363 Bear Road"",""city"":""Decatur"",""county"":""Macon"",""ghgrp_id"":""1006963"",""zip"":""62522""}"
landfill_519,Washington LF Inc.,landfill,40.69010000,-89.41630000,IL,EPA_LMOP,"{""address"":""Guth Road & Foster Road"",""city"":""Washington"",""county"":""Tazewell"",""zip"":""61571""}"
landfill_2319,Wayne County Landfill,landfill,38.38000000,-88.44700000,IL,EPA_LMOP,"{""address"":""1339 IL Highway 15"",""city"":""Fairfield"",""county"":""Wayne"",""ghgrp_id"":""1007061"",""zip"":""62837""}"
landfill_2320,West End Disposal Facility,landfill,37.87560400,-88.70264600,IL,EPA_LMOP,"{""address"":""1710 McFarland Road"",""city"":""Thompsonville"",""county"":""Saline"",""ghgrp_id"":""1004627"",""zip"":""62890""}"
landfill_2321,Wheatland Prairie RDF,landfill,41.68400000,-88.23900000,IL,EPA_LMOP,"{""address"":""25244 W. 111th Street"",""city"":""Plainfield"",""county"":""Will"",""ghgrp_id"":""1006744"",""zip"":""60585""}"
landfill_2314,Whiteside County Landfill,landfill,41.79635000,-89.88612000,IL,EPA_LMOP,"{""address"":""18762 Lincoln Road"",""city"":""Morrison"",""county"":""Whiteside"",""ghgrp_id"":""1002567"",""zip"":""61270""}"
landfill_2323,Winnebago Landfill,landfill,42.15970000,-89.05540000,IL,EPA_LMOP,"{""address"":""8403 Lindenwood Road"",""city"":""Rockford"",""county"":""Winnebago"",""ghgrp_id"":""1006358"",""zip"":""61109""}"
landfill_492,Woodland RDF,landfill,41.98077000,-88.26900000,IL,EPA_LMOP,"{""address"":""7 N. 500 Route 25"",""city"":""South Elgin"",""county"":""Kane"",""ghgrp_id"":""1006335"",""zip"":""60177""}"
landfill_494,Zion Landfill,landfill,42.48483000,-87.88497000,IL,EPA_LMOP,"{""address"":""701 Green Bay Road"",""city"":""Zion"",""county"":""Lake"",""ghgrp_id"":""1005985"",""zip"":""60099""}"
landfill_530,Adams County North & South LFs,landfill,40.79969000,-84.89892200,IN,EPA_LMOP,"{""address"":""3775 North 200 East"",""city"":""Decatur"",""county"":""Adams"",""zip"":""46733""}"
landfill_531,Bartholomew County Landfill I,landfill,39.12950000,-85.91250000,IN,EPA_LMOP,"{""address"":""11110 E 25th Street"",""city"":""Columbus"",""county"":""Bartholomew"",""ghgrp_id"":""1002168"",""zip"":""47203""}"
landfill_10462,Bartholomew County Landfill II,landfill,39.12700000,-85.92250000,IN,EPA_LMOP,"{""address"":""811 E CR 450 S"",""city"":""Columbus"",""county"":""Bartholomew"",""ghgrp_id"":""1002167"",""zip"":""47201""}"
landfill_532,Blackfoot Landfill,landfill,38.33000000,-87.15000000,IN,EPA_LMOP,"{""address"":""3726 E. State Road 64"",""city"":""Winslow"",""county"":""Pike"",""ghgrp_id"":""1001639"",""zip"":""47598""}"
landfill_533,Caldwell LF,landfill,39.68600000,-85.72300000,IN,EPA_LMOP,"{""address"":""11380 N 300 E\n2920 E. US 52"",""city"":""Morristown"",""county"":""Shelby"",""ghgrp_id"":""1002996"",""zip"":""46161""}"
landfill_578,Camp Atterbury LF,landfill,39.36260000,-85.97010000,IN,EPA_LMOP,"{""city"":""Eindenburgh"",""county"":""Bartholomew"",""zip"":""46124""}"
landfill_579,Center Point LF,landfill,39.42780000,-87.09160000,IN,EPA_LMOP,"{""address"":""2800 N CR 100 E"",""city"":""Center Point"",""county"":""Clay"",""ghgrp_id"":""1005820"",""zip"":""47840""}"
landfill_535,Clark-Floyd LF,landfill,38.44400000,-85.84700000,IN,EPA_LMOP,"{""address"":""14304 Highway 60"",""city"":""Borden"",""county"":""Clark"",""ghgrp_id"":""1004759"",""zip"":""47106""}"
landfill_552,Clinton County Landfill and Walnut Creek Landfill,landfill,40.32600000,-86.55900000,IN,EPA_LMOP,"{""address"":""2700 North State Road 39"",""city"":""Frankfort"",""county"":""Clinton"",""ghgrp_id"":""1002242"",""zip"":""46041""}"
landfill_2406,Columbus Landfill,landfill,39.20980000,-85.94750000,IN,EPA_LMOP,"{""address"":""1950 West Tellman Road"",""city"":""Columbus"",""county"":""Bartholomew"",""zip"":""47201""}"
landfill_536,County Line LF,landfill,41.16767000,-86.23489000,IN,EPA_LMOP,"{""address"":""7922 N. Old U.S. Highway 31"",""city"":""Argos"",""county"":""Fulton"",""ghgrp_id"":""1007024"",""zip"":""46501""}"
landfill_537,Crane NWSC LF,landfill,38.82520000,-86.84310000,IN,EPA_LMOP,"{""city"":""Crane"",""county"":""Martin"",""zip"":""47522""}"
landfill_538,Daviess County LF,landfill,38.62371000,-87.04515000,IN,EPA_LMOP,"{""address"":""1640 N 650E"",""city"":""Montgomery"",""county"":""Daviess"",""ghgrp_id"":""1003628"",""zip"":""47558""}"
landfill_539,Decatur Hills LF,landfill,39.30695000,-85.42849000,IN,EPA_LMOP,"{""address"":""2090 S CR 280 E"",""city"":""Greensburg"",""county"":""Decatur"",""ghgrp_id"":""1005214"",""zip"":""47240""}"
landfill_550,Deercroft RDF,landfill,41.65138000,-86.90310000,IN,EPA_LMOP,"{""address"":""10501 West 300 North"",""city"":""Michigan City"",""county"":""LaPorte"",""ghgrp_id"":""1004600"",""zip"":""46360""}"
landfill_540,Earthmovers LF,landfill,41.62324000,-85.97372000,IN,EPA_LMOP,"{""address"":""26488 County Road 26"",""city"":""Elkhart"",""county"":""Elkhart"",""ghgrp_id"":""1007588"",""zip"":""46517""}"
landfill_542,Elkhart County Landfill,landfill,41.63350000,-85.97750000,IN,EPA_LMOP,"{""address"":""59530 CR 7 S"",""city"":""Elkhart"",""county"":""Elkhart"",""ghgrp_id"":""1007332"",""zip"":""46517""}"
landfill_543,Fountain County LF,landfill,40.13370000,-87.38110000,IN,EPA_LMOP,"{""city"":""Covington"",""county"":""Fountain"",""zip"":""47932""}"
landfill_534,Gary Sanitary LF,landfill,41.58370000,-87.40890000,IN,EPA_LMOP,"{""address"":""1900 Burr Street"",""city"":""Gary"",""county"":""Lake"",""ghgrp_id"":""1005478"",""zip"":""46406""}"
landfill_544,Hancock County LF,landfill,39.66980000,-85.69610000,IN,EPA_LMOP,"{""city"":""Carthage"",""county"":""Hancock"",""zip"":""46161""}"
landfill_545,Hayes Landfill,landfill,39.88778000,-85.37626000,IN,EPA_LMOP,"{""address"":""3450 S. Spiceland Road"",""city"":""New Castle"",""county"":""Henry"",""ghgrp_id"":""1003893"",""zip"":""47362""}"
landfill_561,Hoosier Landfill,landfill,41.11650000,-85.78690000,IN,EPA_LMOP,"{""address"":""2710 E. 800 South"",""city"":""Claypool"",""county"":""Kosciusko"",""ghgrp_id"":""1007983"",""zip"":""46510""}"
landfill_546,Huntington City LF,landfill,40.82338000,-85.50240000,IN,EPA_LMOP,"{""address"":""515 S 300 W"",""city"":""Huntington"",""county"":""Huntington"",""zip"":""46750""}"
landfill_547,Jay County LF,landfill,40.37600000,-85.09300000,IN,EPA_LMOP,"{""address"":""5825 W 400 South"",""city"":""Portland"",""county"":""Jay"",""ghgrp_id"":""1007671"",""zip"":""47371""}"
landfill_548,Jennings County LF,landfill,39.01042900,-85.69700000,IN,EPA_LMOP,"{""address"":""5590 W County 175 Road N"",""city"":""North Vernon"",""county"":""Jennings"",""zip"":""47265""}"
landfill_549,LaGrange County LF,landfill,41.59800000,-85.41500000,IN,EPA_LMOP,"{""address"":""532 E 300 S"",""city"":""LaGrange"",""county"":""LaGrange"",""zip"":""46761""}"
landfill_1943,Laubscher Meadows LF,landfill,38.04110000,-87.64850000,IN,EPA_LMOP,"{""address"":""2020 Laubscher Road\n2121 Wimberg Road"",""city"":""Evansville"",""county"":""Vanderburgh"",""ghgrp_id"":""1003626"",""zip"":""47720""}"
landfill_1938,Liberty Landfill,landfill,40.88600000,-86.70000000,IN,EPA_LMOP,"{""address"":""8635 E. State Road 16\n~2 miles east of Buffalo"",""city"":""Monticello"",""county"":""White"",""ghgrp_id"":""1007812"",""zip"":""47960""}"
landfill_562,Medora SLF,landfill,38.86710000,-86.19970000,IN,EPA_LMOP,"{""address"":""546 County Road 870 West"",""city"":""Medora"",""county"":""Jackson"",""ghgrp_id"":""1003240"",""zip"":""47260""}"
landfill_551,Monroe County LF,landfill,39.27621000,-86.47277000,IN,EPA_LMOP,"{""address"":""7740 N. Fish Road"",""city"":""Bloomington"",""county"":""Monroe"",""ghgrp_id"":""1003505"",""zip"":""47408""}"
landfill_553,Munster LF,landfill,41.53200000,-87.50680000,IN,EPA_LMOP,"{""address"":""9751 Calumet Avenue"",""city"":""Munster"",""county"":""Lake"",""ghgrp_id"":""1004021"",""zip"":""46321""}"
landfill_554,National Serv-All LF,landfill,41.03109000,-85.21634000,IN,EPA_LMOP,"{""address"":""6231 MacBeth Road"",""city"":""Fort Wayne"",""county"":""Allen"",""ghgrp_id"":""1007520"",""zip"":""46809""}"
landfill_555,New Paris Pike LF,landfill,39.85120000,-84.83150000,IN,EPA_LMOP,"{""address"":""5242 New Paris Pike"",""city"":""Richmond"",""county"":""Wayne"",""ghgrp_id"":""1005840"",""zip"":""47374""}"
landfill_2421,Newton County Landfill,landfill,40.92630000,-87.34870000,IN,EPA_LMOP,"{""address"":""2266 E. 500 South Road"",""city"":""Brook"",""county"":""Newton"",""ghgrp_id"":""1003691"",""zip"":""47922""}"
landfill_599,Northside LF,landfill,40.02900000,-86.27200000,IN,EPA_LMOP,"{""address"":""U.S. 421 & Taylor Road"",""city"":""Zionsville"",""county"":""Boone"",""zip"":""46077""}"
landfill_556,Oak Ridge RDF,landfill,40.71977000,-86.34620000,IN,EPA_LMOP,"{""address"":""2905 South 150 East"",""city"":""Logansport"",""county"":""Cass"",""ghgrp_id"":""1007581"",""zip"":""46947""}"
landfill_557,Owen County LF,landfill,39.28990000,-86.77840000,IN,EPA_LMOP,"{""city"":""Spencer"",""county"":""Owen"",""zip"":""47460""}"
landfill_559,Prairie View RDF,landfill,41.50050000,-86.17250000,IN,EPA_LMOP,"{""address"":""15055 Shively Road"",""city"":""Bremen"",""county"":""St. Joseph"",""ghgrp_id"":""1007833"",""zip"":""46506""}"
landfill_560,Randolph Farms LF,landfill,40.07745000,-85.11042000,IN,EPA_LMOP,"{""address"":""7256 W CR 600 S"",""city"":""Modoc"",""county"":""Randolph"",""ghgrp_id"":""1005697"",""zip"":""47358""}"
landfill_1939,South Side Landfill Inc.,landfill,39.72794000,-86.20847000,IN,EPA_LMOP,"{""address"":""2561 Kentucky Avenue"",""city"":""Indianapolis"",""county"":""Marion"",""ghgrp_id"":""1002683"",""zip"":""46221""}"
landfill_605,Spencer County,landfill,38.00090000,-86.90300000,IN,EPA_LMOP,"{""address"":""SR 70 & SR 245"",""city"":""Grandview"",""county"":""Spencer"",""zip"":""47615""}"
landfill_606,Spring Valley LF,landfill,40.82822900,-85.79265900,IN,EPA_LMOP,"{""city"":""Wabash"",""county"":""Wabash""}"
landfill_565,Sullivan County LF,landfill,39.08578300,-87.33631500,IN,EPA_LMOP,"{""address"":""N County Road 375 E"",""city"":""Cass Township"",""county"":""Sullivan"",""zip"":""47882""}"
landfill_2281,Sycamore Ridge Landfill & Victory Landfill,landfill,39.30550000,-87.33150000,IN,EPA_LMOP,"{""address"":""5621 East Cottom Drive\n12247 South Mill Street, Terre Haute"",""city"":""Pimento"",""county"":""Vigo"",""ghgrp_id"":""1004476"",""zip"":""47866""}"
landfill_566,Tipton County LF,landfill,40.26160000,-86.01624300,IN,EPA_LMOP,"{""address"":""229 W 300 S"",""city"":""Tipton"",""county"":""Tipton"",""zip"":""46072""}"
landfill_567,Twin Bridges RDF,landfill,39.75000000,-86.50000000,IN,EPA_LMOP,"{""address"":""124 Twin Bridges Road"",""city"":""Danville"",""county"":""Hendricks"",""ghgrp_id"":""1007638"",""zip"":""46122""}"
landfill_602,Uniontown Landfill,landfill,38.83170000,-85.83900000,IN,EPA_LMOP,"{""address"":""3512 S US 31"",""city"":""Crothersville"",""county"":""Jackson"",""zip"":""47229""}"
landfill_568,United Refuse LF,landfill,41.03870000,-85.21120000,IN,EPA_LMOP,"{""address"":""5000 Smith Road"",""city"":""Fort Wayne"",""county"":""Allen"",""ghgrp_id"":""1003692"",""zip"":""46804""}"
landfill_570,Wabash Valley LF,landfill,40.82200000,-85.80000000,IN,EPA_LMOP,"{""address"":""316 Spring Valley Road"",""city"":""Wabash"",""county"":""Wabash"",""ghgrp_id"":""1006993"",""zip"":""46992""}"
landfill_571,Warrick County LF #2,landfill,38.04820000,-87.26100000,IN,EPA_LMOP,"{""city"":""Warrick"",""county"":""Warrick"",""zip"":""47601""}"
landfill_572,Washington County LF,landfill,38.64050000,-86.12330000,IN,EPA_LMOP,"{""address"":""2682 N Highland Road"",""city"":""Salem"",""county"":""Washington"",""ghgrp_id"":""1004437"",""zip"":""47167""}"
landfill_573,West Clinton LF,landfill,39.69380000,-87.41390000,IN,EPA_LMOP,"{""address"":""13150 South Kanizer Drive"",""city"":""Clinton"",""county"":""Vermillion"",""zip"":""47842""}"
landfill_610,Wheeler RDF,landfill,41.51500000,-87.19800000,IN,EPA_LMOP,"{""address"":""540 North 625 West"",""city"":""Hobart"",""county"":""LaPorte"",""ghgrp_id"":""1007653"",""zip"":""46342""}"
landfill_574,Worthington LF,landfill,39.13200000,-87.03800000,IN,EPA_LMOP,"{""address"":""8226 N 500 W"",""city"":""Worthington"",""county"":""Greene"",""ghgrp_id"":""1004313"",""zip"":""47471""}"
landfill_645,Allen County LF,landfill,37.90316000,-95.28080000,KS,EPA_LMOP,"{""address"":""1170 2800th Street"",""city"":""La Harpe"",""county"":""Allen"",""ghgrp_id"":""1007192"",""zip"":""66751""}"
landfill_21180,Barber County Landfill,landfill,37.11091600,-98.56568800,KS,EPA_LMOP,"{""address"":""12890 SE Highway 281"",""city"":""Kiowa"",""county"":""Barber"",""zip"":""67070""}"
landfill_646,Barton County SLF,landfill,38.41000000,-98.70800000,KS,EPA_LMOP,"{""address"":""350 NE 30 Road"",""city"":""Great Bend"",""county"":""Barton"",""ghgrp_id"":""1002401"",""zip"":""67530""}"
landfill_636,Brooks Landfill,landfill,37.76181000,-97.38656100,KS,EPA_LMOP,"{""address"":""4100 N West Street"",""city"":""Wichita"",""county"":""Sedgwick"",""ghgrp_id"":""1007605"",""zip"":""67205""}"
landfill_637,Butler County Landfill,landfill,37.76591000,-96.89779000,KS,EPA_LMOP,"{""address"":""2963 SW 40th"",""city"":""El Dorado"",""county"":""Butler"",""ghgrp_id"":""1007554"",""zip"":""67042""}"
landfill_642,Chanute LF,landfill,37.66719800,-95.42963000,KS,EPA_LMOP,"{""address"":""2201 E. 14th"",""city"":""Chanute"",""county"":""Neosho"",""zip"":""66720""}"
landfill_21175,Cheyenne County Landfill,landfill,39.76449000,-101.66765700,KS,EPA_LMOP,"{""address"":""1450 Road 21"",""city"":""St. Francis"",""county"":""Cheyenne"",""zip"":""67756""}"
landfill_21181,City of Oakley Landfill,landfill,39.10655200,-100.83871500,KS,EPA_LMOP,"{""address"":""3510 Day Dream Road"",""city"":""Oakley"",""county"":""Logan"",""zip"":""67748""}"
landfill_21179,City of Sharon Springs Landfill,landfill,38.85832700,-101.74801600,KS,EPA_LMOP,"{""address"":""1210 Highway 27"",""city"":""Sharon Springs"",""county"":""Wallace"",""zip"":""67758""}"
landfill_21408,City of Wichita/Chapin Landfill,landfill,37.62741500,-97.30352300,KS,EPA_LMOP,"{""address"":""3820 S. Hydraulic Avenue"",""city"":""Wichita"",""county"":""Sedgwick"",""zip"":""67216""}"
landfill_21185,Clark County Landfill,landfill,37.17830000,-99.78775000,KS,EPA_LMOP,"{""address"":""1850 Creek U"",""city"":""Ashland"",""county"":""Clark"",""zip"":""67831""}"
landfill_647,Clay County LF,landfill,39.42280000,-97.14020000,KS,EPA_LMOP,"{""address"":""1330 21st Road"",""city"":""Clay Center"",""county"":""Clay"",""zip"":""67432""}"
landfill_648,Coffey County LF,landfill,38.20650000,-95.70800000,KS,EPA_LMOP,"{""address"":""1498 12th Lane SE"",""city"":""Burlington"",""county"":""Coffey"",""zip"":""66839""}"
landfill_21192,Decatur County Landfill,landfill,39.83217000,-100.43927000,KS,EPA_LMOP,"{""address"":""1600 Highway 36"",""city"":""Oberlin"",""county"":""Decatur"",""zip"":""67749""}"
landfill_650,Finney County Landfill / Western Plains Regional LF,landfill,37.94000000,-100.76700000,KS,EPA_LMOP,"{""address"":""1250 S. Raceway Road"",""city"":""Garden City"",""county"":""Finney"",""ghgrp_id"":""1000371"",""zip"":""67846""}"
landfill_651,Ford County Closed LF,landfill,37.76721600,-99.97438400,KS,EPA_LMOP,"{""address"":""10099 - 113 Road"",""city"":""Dodge City"",""county"":""Ford"",""zip"":""67801""}"
landfill_11841,Ford County Open LF,landfill,37.86420000,-100.04950000,KS,EPA_LMOP,"{""address"":""10348 110 Road"",""city"":""Dodge City"",""county"":""Ford"",""ghgrp_id"":""1003032"",""zip"":""67801""}"
landfill_644,"Forest View Landfill, LLC",landfill,39.10407000,-94.68839000,KS,EPA_LMOP,"{""address"":""4800 Kaw Drive"",""city"":""Kansas City"",""county"":""Wyandotte"",""ghgrp_id"":""1004309"",""zip"":""66102""}"
landfill_21191,Gove County Landfill,landfill,39.07573000,-100.37527000,KS,EPA_LMOP,"{""address"":""5680 County Road AA"",""city"":""Park"",""county"":""Gove"",""zip"":""67751""}"
landfill_652,Graham County LF,landfill,39.33450000,-99.84100000,KS,EPA_LMOP,"{""address"":""2400 US Hwy 283"",""city"":""Hill City"",""county"":""Graham"",""zip"":""67642""}"
landfill_21183,Hamilton County Landfill,landfill,37.99968900,-101.76950500,KS,EPA_LMOP,"{""address"":""500 NW County Road 19"",""city"":""Syracause"",""county"":""Hamilton"",""zip"":""67878""}"
landfill_664,Hamm SLF,landfill,39.04650000,-95.26260000,KS,EPA_LMOP,"{""address"":""16984 3rd Street"",""city"":""Lawrence"",""county"":""Jefferson"",""ghgrp_id"":""1005117"",""zip"":""66044""}"
landfill_653,Harvey County LF,landfill,38.01532100,-97.38819900,KS,EPA_LMOP,"{""address"":""3205 SW 24th Street"",""city"":""Newton"",""county"":""Harvey"",""zip"":""67114""}"
landfill_21187,Haskell County Landfil,landfill,37.48869600,-100.83203700,KS,EPA_LMOP,"{""address"":""1525 180 Road"",""city"":""Sublette"",""county"":""Haskell"",""zip"":""67877""}"
landfill_21174,Hodgeman County Landfill,landfill,38.07914200,-99.86396400,KS,EPA_LMOP,"{""address"":""29987 SE LL Road"",""city"":""Jetmore"",""county"":""Hodgeman"",""zip"":""67854""}"
landfill_640,Johnson County LF,landfill,39.04226000,-94.79455000,KS,EPA_LMOP,"{""address"":""17955 Holiday Drive\n18181 W. 53rd"",""city"":""Shawnee"",""county"":""Johnson"",""ghgrp_id"":""1004065"",""zip"":""66217""}"
landfill_21177,Kearny County Landfill,landfill,37.96038800,-101.30627900,KS,EPA_LMOP,"{""address"":""1599 Road P"",""city"":""Lakin"",""county"":""Kearny"",""zip"":""67860""}"
landfill_21182,Kiowa County Landfill,landfill,37.53385500,-99.29423800,KS,EPA_LMOP,"{""address"":""10263 31st Avenue"",""city"":""Greensburg"",""county"":""Kiowa"",""zip"":""67054""}"
landfill_654,Kiowa County LF,landfill,37.64036800,-99.32425500,KS,EPA_LMOP,"{""address"":""Hwy 183\n3.5 mi N of Town"",""city"":""Greensburg"",""county"":""Kiowa"",""zip"":""67054""}"
landfill_21194,Logan County Landfill,landfill,38.99283000,-101.18315000,KS,EPA_LMOP,"{""address"":""1702 Ute"",""city"":""Winona"",""county"":""Logan"",""zip"":""67764""}"
landfill_21406,MARC (EPA Model) Landfill,landfill,39.13511400,-94.62058100,KS,EPA_LMOP,"{""address"":""John Garland Park\n5th Street & Cleveland Avenue"",""city"":""Kansas City"",""county"":""Wyandotte"",""zip"":""66101""}"
landfill_665,Marion County LF,landfill,38.33500000,-97.03000000,KS,EPA_LMOP,"{""address"":""2.5 mi S & 3 mi W of Marion"",""city"":""Marion"",""county"":""Marion"",""zip"":""66861""}"
landfill_20754,McPherson County Landfill,landfill,38.47840000,-97.65360000,KS,EPA_LMOP,"{""address"":""1472 Pueblo Road"",""city"":""McPherson"",""county"":""McPherson"",""zip"":""67460""}"
landfill_655,Mitchell County LF,landfill,39.49300000,-98.15600000,KS,EPA_LMOP,"{""address"":""1993 280 Road"",""city"":""Beloit"",""county"":""Mitchell"",""zip"":""67420""}"
landfill_21184,Morton County Landfill,landfill,37.06374800,-101.76376000,KS,EPA_LMOP,"{""address"":""550 County Road 16"",""city"":""Cimarron"",""county"":""Morton""}"
landfill_21189,Ness County Landfill,landfill,38.53504000,-99.90702000,KS,EPA_LMOP,"{""address"":""18549 190 Road"",""city"":""Ness City"",""county"":""Ness"",""zip"":""67560""}"
landfill_668,Oak Grove Landfill,landfill,37.62973000,-94.64125000,KS,EPA_LMOP,"{""address"":""1150 E 700th Avenue"",""city"":""Arcadia"",""county"":""Crawford"",""ghgrp_id"":""1007990"",""zip"":""66711""}"
landfill_21195,Osborne County Landfill,landfill,39.34949000,-98.70699000,KS,EPA_LMOP,"{""address"":""W. 150th Drive"",""city"":""Osborne"",""county"":""Osborne"",""zip"":""67473""}"
landfill_656,Phillips County LF,landfill,39.74700000,-99.33850000,KS,EPA_LMOP,"{""address"":""1799 Center Road"",""city"":""Phillipsburg"",""county"":""Phillips"",""zip"":""67661""}"
landfill_11320,Plumb Thicket Landfill,landfill,37.37300000,-97.96100000,KS,EPA_LMOP,"{""address"":""440 NE 150th Road"",""city"":""Harper"",""county"":""Harper"",""ghgrp_id"":""1006796"",""zip"":""67058""}"
landfill_657,Pratt County LF,landfill,37.61200000,-98.73250000,KS,EPA_LMOP,"{""address"":""20261 SE 10th Avenue"",""city"":""Pratt"",""county"":""Pratt"",""zip"":""67124""}"
landfill_21172,Rawlins County Landfill,landfill,39.78478000,-101.05018000,KS,EPA_LMOP,"{""address"":""16278 Highway 25"",""city"":""Atwood"",""county"":""Rawlins"",""zip"":""67730""}"
landfill_643,Reno County MSWLF,landfill,38.04000000,-98.00000000,KS,EPA_LMOP,"{""address"":""703 South Mohawk Road"",""city"":""Hutchinson"",""county"":""Reno"",""ghgrp_id"":""1006140"",""zip"":""67501""}"
landfill_666,Resource Recovery LF,landfill,37.21200000,-95.58000000,KS,EPA_LMOP,"{""address"":""4237 CR 5300"",""city"":""Cherryvale"",""county"":""Montgomery"",""ghgrp_id"":""1007808"",""zip"":""67335""}"
landfill_667,Rolling Meadows LF,landfill,39.17906000,-95.72004000,KS,EPA_LMOP,"{""address"":""7352 NW Highway 75"",""city"":""Topeka"",""county"":""Shawnee"",""ghgrp_id"":""1007832"",""zip"":""66618""}"
landfill_658,Rooks County LF,landfill,39.30700000,-99.30500000,KS,EPA_LMOP,"{""address"":""1710 S Road"",""city"":""Plainville"",""county"":""Rooks"",""zip"":""67663""}"
landfill_21178,Rush County Landfill,landfill,38.36840500,-99.26985100,KS,EPA_LMOP,"{""address"":""1125 CR 270"",""city"":""Rush Center"",""county"":""Rush"",""zip"":""67575""}"
landfill_659,Russell County LF,landfill,38.95752500,-98.84815800,KS,EPA_LMOP,"{""address"":""18536 Land Road"",""city"":""Russell"",""county"":""Russell"",""zip"":""67665""}"
landfill_635,Salina MSWLF,landfill,38.75810000,-97.68680000,KS,EPA_LMOP,"{""address"":""4292 South Burma Road"",""city"":""Salina"",""county"":""Saline"",""ghgrp_id"":""1002550"",""zip"":""67401""}"
landfill_660,Seward County Landfill,landfill,37.04836000,-100.90394000,KS,EPA_LMOP,"{""address"":""1703 E. 8th Street"",""city"":""Liberal"",""county"":""Seward"",""ghgrp_id"":""1011499"",""zip"":""67901""}"
landfill_21407,Shawnee County Landfill,landfill,39.03059900,-95.83880200,KS,EPA_LMOP,"{""address"":""9500 SW 21st Street"",""city"":""Topeka"",""county"":""Shawnee"",""zip"":""66618""}"
landfill_21193,Sherman County Landfill,landfill,39.16651000,-101.76471000,KS,EPA_LMOP,"{""address"":""5240 Road 17"",""city"":""Goodland"",""county"":""Sherman""}"
landfill_21176,Smith County Landfill,landfill,39.80200500,-98.69932300,KS,EPA_LMOP,"{""address"":""20052 150 Road"",""city"":""Lebanon"",""county"":""Smith"",""zip"":""66952""}"
landfill_21186,Stanton County Landfill,landfill,37.60468000,-101.77319600,KS,EPA_LMOP,"{""address"":""900 W Road 10"",""city"":""Johnson"",""county"":""Stanton""}"
landfill_21190,Stevens County Landfill,landfill,37.19377100,-101.33116400,KS,EPA_LMOP,"{""address"":""1468 Road 13"",""city"":""Hugoton"",""county"":""Stevens"",""zip"":""67951""}"
landfill_21173,Thomas County Landfill,landfill,39.38955900,-101.00631300,KS,EPA_LMOP,"{""address"":""2200 US-24"",""city"":""Colby"",""county"":""Thomas"",""zip"":""67701""}"
landfill_661,Trego County LF,landfill,38.95800000,-99.89800000,KS,EPA_LMOP,"{""address"":""24064 M Road"",""city"":""Wakeeney"",""county"":""Trego"",""zip"":""67672""}"
landfill_21188,Unified Greeley County Landfill,landfill,38.48527300,-101.74427900,KS,EPA_LMOP,"{""address"":""Off Highway 27, north of town"",""city"":""Tribune"",""county"":""Greeley"",""zip"":""67879""}"
landfill_638,Wheatland LF,landfill,37.23689000,-94.82838000,KS,EPA_LMOP,"{""address"":""213 N.E. Belleview Road"",""city"":""Columbus"",""county"":""Cherokee"",""ghgrp_id"":""1004350"",""zip"":""66725""}"
landfill_662,Wichita County LF,landfill,38.45251000,-101.34195000,KS,EPA_LMOP,"{""address"":""13500 Road R"",""city"":""Leoti"",""county"":""Wichita"",""zip"":""67861""}"
landfill_669,Bavarian Trucking Company LF,landfill,38.86310000,-84.65600000,KY,EPA_LMOP,"{""address"":""12764 McCoys Fork Road"",""city"":""Walton"",""county"":""Boone"",""ghgrp_id"":""1005950"",""zip"":""41094""}"
landfill_675,Benson Valley LF,landfill,38.13136000,-84.98070000,KY,EPA_LMOP,"{""address"":""2157 Highway 151"",""city"":""Frankfort"",""county"":""Franklin"",""ghgrp_id"":""1003413"",""zip"":""40601""}"
landfill_674,Blue Ridge RDF,landfill,37.72690000,-83.98550000,KY,EPA_LMOP,"{""address"":""2700 Winchester Road"",""city"":""Irvine"",""county"":""Estill"",""ghgrp_id"":""1004082"",""zip"":""40336""}"
landfill_11460,Boyd County Sanitary Landfill,landfill,38.37180000,-82.74700000,KY,EPA_LMOP,"{""address"":""1837 River Cities Drive"",""city"":""Ashland"",""county"":""Boyd"",""ghgrp_id"":""1007094"",""zip"":""41102""}"
landfill_11480,Central Kentucky Landfill,landfill,38.34669300,-84.54575300,KY,EPA_LMOP,"{""address"":""493 Double Culvert Road"",""city"":""Georgetown"",""county"":""Scott"",""ghgrp_id"":""1008022"",""zip"":""40324""}"
landfill_676,City of Bowling Green LF,landfill,37.03000000,-86.52750000,KY,EPA_LMOP,"{""address"":""5301 Glen Lily Road"",""city"":""Bowling Green"",""county"":""Butler"",""zip"":""42101""}"
landfill_697,City of Hopkinsville LF,landfill,36.94130000,-87.50340000,KY,EPA_LMOP,"{""address"":""5665 Mount Zoar Latham Road"",""city"":""Hopkinsville"",""county"":""Christian"",""zip"":""42240""}"
landfill_698,City of Owensboro LF,landfill,37.68000000,-87.07550000,KY,EPA_LMOP,"{""address"":""Hill Bridge Road"",""city"":""Owensboro"",""county"":""Daviess"",""zip"":""42303""}"
landfill_671,"Cooksey Brothers Disposal Company, Inc. LF",landfill,38.36760000,-82.71290000,KY,EPA_LMOP,"{""address"":""401 North Big Run Road"",""city"":""Ashland"",""county"":""Boyd"",""zip"":""41102""}"
landfill_678,Dozit Company Inc. Landfill,landfill,37.74300000,-87.97370000,KY,EPA_LMOP,"{""address"":""4075 State Road 360"",""city"":""Morganfield"",""county"":""Union"",""ghgrp_id"":""1003694"",""zip"":""42437""}"
landfill_684,Epperson Waste Disposal,landfill,38.61380000,-84.53310000,KY,EPA_LMOP,"{""address"":""2360 Cynthiana Road"",""city"":""Williamstown"",""county"":""Grant"",""ghgrp_id"":""1003622"",""zip"":""41097""}"
landfill_680,Glasgow Regional Landfill,landfill,36.98570000,-85.95600000,KY,EPA_LMOP,"{""address"":""400 Glen Garry Road"",""city"":""Glasgow"",""county"":""Barren"",""ghgrp_id"":""1005973"",""zip"":""42141""}"
landfill_672,Green Valley Landfill,landfill,38.39900000,-82.81100000,KY,EPA_LMOP,"{""address"":""100 Addington Drive"",""city"":""Ashland"",""county"":""Greenup"",""ghgrp_id"":""1004483"",""zip"":""41102""}"
landfill_12121,Haley Pike Landfill,landfill,38.05800000,-84.29700000,KY,EPA_LMOP,"{""address"":""4172 Hedger Lane"",""city"":""Lexington"",""county"":""Fayette"",""zip"":""40516""}"
landfill_695,Hardin County Landfill,landfill,37.73610000,-85.69940000,KY,EPA_LMOP,"{""address"":""1620 Audubon Trace"",""city"":""Elizabethtown"",""county"":""Hardin"",""ghgrp_id"":""1007240"",""zip"":""42701""}"
landfill_11681,Hopkins County Regional Landfill,landfill,37.14080000,-87.39960000,KY,EPA_LMOP,"{""address"":""300 Grays Branch Road"",""city"":""White Plains"",""county"":""Hopkins"",""ghgrp_id"":""1003283"",""zip"":""42464""}"
landfill_688,Laurel Ridge Landfill Inc.,landfill,37.01111000,-84.07897000,KY,EPA_LMOP,"{""address"":""3612 East Highway 552"",""city"":""Lily"",""county"":""Laurel"",""ghgrp_id"":""1002341"",""zip"":""40740""}"
landfill_673,Lexington/Fayette Landfill,landfill,38.05879400,-84.29764900,KY,EPA_LMOP,"{""address"":""4216 Hedger Lane"",""city"":""Lexington"",""county"":""Fayette"",""ghgrp_id"":""1005365"",""zip"":""40516""}"
landfill_2158,Maysville-Mason County LF,landfill,38.59011000,-83.71531000,KY,EPA_LMOP,"{""address"":""7055 Clarkson-Sherman Road"",""city"":""Maysville"",""county"":""Mason"",""ghgrp_id"":""1000374"",""zip"":""41056""}"
landfill_685,Morehead Landfill Inc.,landfill,38.18902400,-83.54298300,KY,EPA_LMOP,"{""address"":""300 Old Phelps Road"",""city"":""Morehead"",""county"":""Rowan"",""ghgrp_id"":""1001642"",""zip"":""40351""}"
landfill_2337,Nelson County SWDF,landfill,37.81690000,-85.53920000,KY,EPA_LMOP,"{""address"":""1025 Airport Road"",""city"":""Bardstown"",""county"":""Nelson"",""ghgrp_id"":""1006459"",""zip"":""40004""}"
landfill_696,Ohio County Balefill Landfill,landfill,37.40800000,-86.93250000,KY,EPA_LMOP,"{""address"":""100 Landfill Lane"",""city"":""Beaver Dam"",""county"":""Ohio"",""ghgrp_id"":""1004467"",""zip"":""42320""}"
landfill_681,Outer Loop RDF,landfill,38.13577000,-85.71612000,KY,EPA_LMOP,"{""address"":""2673 Outer Loop"",""city"":""Louisville"",""county"":""Jefferson"",""ghgrp_id"":""1007901"",""zip"":""40219""}"
landfill_683,Pike County Landfill,landfill,37.58160000,-82.44140000,KY,EPA_LMOP,"{""address"":""635 Ford Mountian Road"",""city"":""Varney"",""county"":""Pike"",""ghgrp_id"":""1004347"",""zip"":""41571""}"
landfill_689,Pulaski Grading LF,landfill,36.94700000,-84.54666000,KY,EPA_LMOP,"{""address"":""320 Dixie Bend Road"",""city"":""Burnside"",""county"":""Pulaski"",""zip"":""42519""}"
landfill_679,Rumpke/Montgomery County LF,landfill,37.95060000,-83.95290000,KY,EPA_LMOP,"{""address"":""30 Larison Road\n8 mi. S. of Mt. Sterling off of KY Rt. 11"",""city"":""Jeffersonville"",""county"":""Montgomery"",""ghgrp_id"":""1005270"",""zip"":""40337""}"
landfill_682,Rumpke/Pendleton County LF,landfill,38.73200000,-84.41000000,KY,EPA_LMOP,"{""address"":""1374 Bryan Griffin Road\n6 mi. N. of Falmouth, N. of Rt. 17 & US 27 INTXN"",""city"":""Butler"",""county"":""Pendleton"",""ghgrp_id"":""1005271"",""zip"":""41006""}"
landfill_694,Southern Sanitation LF,landfill,36.88662000,-86.91782000,KY,EPA_LMOP,"{""address"":""478 Coopertown Road"",""city"":""Russellville"",""county"":""Logan"",""ghgrp_id"":""1007666"",""zip"":""42276""}"
landfill_690,"Tri-K Landfill, Inc.",landfill,37.47000000,-84.65990000,KY,EPA_LMOP,"{""address"":""1905 Kentucky Highway 3249"",""city"":""Stanford"",""county"":""Lincoln"",""ghgrp_id"":""1003693"",""zip"":""40484""}"
landfill_670,Valley View LF,landfill,38.50500000,-85.29000000,KY,EPA_LMOP,"{""address"":""9120 Sulphur Road"",""city"":""Sulphur"",""county"":""Trimble"",""ghgrp_id"":""1006182"",""zip"":""40070""}"
landfill_693,Waste Path Sanitary Landfill LLC,landfill,37.05140000,-88.39610000,KY,EPA_LMOP,"{""address"":""1637 Shar-Cal Road"",""city"":""Calvert City"",""county"":""Marshall"",""zip"":""42029""}"
landfill_699,West Daviess County Landfill,landfill,37.66700000,-87.28000000,KY,EPA_LMOP,"{""address"":""7772 Hwy 815"",""city"":""Owensboro"",""county"":""Daviess"",""ghgrp_id"":""1005090"",""zip"":""42301""}"
landfill_692,West Kentucky Landfill,landfill,36.71490000,-88.67480000,KY,EPA_LMOP,"{""address"":""3426 U.S. 45 South"",""city"":""Mayfield"",""county"":""Graves"",""ghgrp_id"":""1001952"",""zip"":""42066""}"
landfill_691,Williams LF,landfill,38.10160000,-85.44580000,KY,EPA_LMOP,"{""address"":""4876 Kings Church Road"",""city"":""Taylorsville"",""county"":""Spencer"",""zip"":""40071""}"
landfill_713,Acadia Parish SLF,landfill,30.25460000,-92.53060000,LA,EPA_LMOP,"{""address"":""611 Petal Road"",""city"":""Egan"",""county"":""Acadia"",""ghgrp_id"":""1006529"",""zip"":""70531""}"
landfill_726,Area 90 LF,landfill,29.90800000,-90.25700000,LA,EPA_LMOP,"{""address"":""5301 Highway 90"",""city"":""Avondale"",""county"":""Jefferson"",""zip"":""70094""}"
landfill_718,Choctaw Road Landfill,landfill,30.87724000,-90.03477000,LA,EPA_LMOP,"{""address"":""22249 Choctaw Road"",""city"":""Franklinton"",""county"":""Washington"",""ghgrp_id"":""1010378"",""zip"":""70438""}"
landfill_720,Colonial LF,landfill,30.14916700,-90.87277800,LA,EPA_LMOP,"{""address"":""5328 Highway 70"",""city"":""Sorrento"",""county"":""Ascension"",""ghgrp_id"":""1002510"",""zip"":""70778""}"
landfill_721,Crescent Acres LF,landfill,29.97340000,-89.99640000,LA,EPA_LMOP,"{""address"":""6599 Florida Avenue"",""city"":""New Orleans"",""county"":""Orleans"",""ghgrp_id"":""1005196"",""zip"":""70126""}"
landfill_715,East Baton Rouge Parish LF,landfill,30.55189600,-91.19766300,LA,EPA_LMOP,"{""address"":""100 Thomas Road\noff US 61"",""city"":""Baton Rouge"",""county"":""East Baton Rouge"",""ghgrp_id"":""1002757"",""zip"":""70807""}"
landfill_730,EBR Parish North Landfill,landfill,30.59900000,-91.23400000,LA,EPA_LMOP,"{""address"":""16001 Samuels Road"",""city"":""Zachary"",""county"":""East Baton Rouge"",""ghgrp_id"":""1005493"",""zip"":""70791""}"
landfill_732,Greater New Orleans LF,landfill,29.91797000,-90.26500000,LA,EPA_LMOP,"{""address"":""5700 Highway 90 West"",""city"":""Avondale"",""county"":""Jefferson"",""zip"":""70094""}"
landfill_723,"Harold J. ""Babe"" Landry LF",landfill,29.68000000,-91.24200000,LA,EPA_LMOP,"{""address"":""752 Thorguson Drive"",""city"":""Berwick"",""county"":""St. Mary"",""ghgrp_id"":""1004119"",""zip"":""70342""}"
landfill_712,Jefferson Davis Parish Landfill,landfill,30.27083000,-92.86500000,LA,EPA_LMOP,"{""address"":""16547 Landfill Road"",""city"":""Welsh"",""county"":""Jefferson Davis"",""ghgrp_id"":""1002476"",""zip"":""70591""}"
landfill_725,Jefferson Parish SLF,landfill,29.92600000,-90.25400000,LA,EPA_LMOP,"{""address"":""5800 Highway 90 W"",""city"":""Avondale"",""county"":""Jefferson"",""ghgrp_id"":""1002587"",""zip"":""70094""}"
landfill_709,La Salle/Grant Parish SLF,landfill,31.79500000,-92.19120000,LA,EPA_LMOP,"{""address"":""Highway 127 N"",""city"":""Jena"",""county"":""La Salle"",""ghgrp_id"":""1002132"",""zip"":""71342""}"
landfill_2422,Livingston,landfill,30.47990000,-90.74800000,LA,EPA_LMOP,"{""address"":""28422 Frost Road"",""city"":""Livingston"",""county"":""Livingston"",""zip"":""70754""}"
landfill_707,Magnolia Landfill,landfill,32.47800000,-91.99800000,LA,EPA_LMOP,"{""address"":""1000 Russell Sage Road\n0.25 miles south of I-20, exit 124"",""city"":""Monroe"",""county"":""Ouachita"",""ghgrp_id"":""1003357"",""zip"":""71202""}"
landfill_705,Mundy Landfill,landfill,32.06000000,-93.59200000,LA,EPA_LMOP,"{""address"":""2712 U.S. Hwy 84 East"",""city"":""Mansfield"",""county"":""De Soto"",""ghgrp_id"":""1006462"",""zip"":""71052""}"
landfill_733,N. Dugas LF,landfill,30.28330000,-92.06950000,LA,EPA_LMOP,"{""address"":""Dugas Road North"",""city"":""Lafayette"",""county"":""Lafayette"",""zip"":""70507""}"
landfill_731,Recovery I LF,landfill,30.05230000,-89.87990000,LA,EPA_LMOP,"{""address"":""17000 Chef Menteur Highway"",""city"":""New Orleans"",""county"":""Orleans"",""zip"":""70129""}"
landfill_729,"Reliable Landfill, LLC",landfill,30.55000000,-91.47000000,LA,EPA_LMOP,"{""address"":""9533 Moore Lane\nU.S. Highway 190 W."",""city"":""Torbert"",""county"":""Pointe Coupee"",""ghgrp_id"":""1003299"",""zip"":""70762""}"
landfill_2289,River Birch Landfill,landfill,29.93200000,-90.25800000,LA,EPA_LMOP,"{""address"":""2000 South Kenner Avenue"",""city"":""Avondale"",""county"":""Jefferson"",""ghgrp_id"":""1005717"",""zip"":""70094""}"
landfill_710,Sabine Parish SLF,landfill,31.61550000,-93.55500000,LA,EPA_LMOP,"{""address"":""955 Sabine Landfill Road"",""city"":""Many"",""county"":""Sabine"",""ghgrp_id"":""1002223"",""zip"":""71443""}"
landfill_714,St. Landry Parish LF,landfill,30.68627000,-92.06458000,LA,EPA_LMOP,"{""address"":""417 Solid Waste Road"",""city"":""Washington"",""county"":""St. Landry"",""ghgrp_id"":""1006238"",""zip"":""70589""}"
landfill_717,Tangipahoa Parish Regional Solid Waste Facility,landfill,30.68620000,-90.56530000,LA,EPA_LMOP,"{""address"":""57510 Hano Road"",""city"":""Independence"",""county"":""Tangipahoa"",""ghgrp_id"":""1004673"",""zip"":""70443""}"
landfill_708,Tensas Parish LF,landfill,31.98700000,-91.27100000,LA,EPA_LMOP,"{""address"":""Parish Road 307 (Walker Road)"",""city"":""St. Joseph"",""county"":""Tensas"",""ghgrp_id"":""1002140"",""zip"":""71366""}"
landfill_727,Terrebonne Parish LF,landfill,29.51820000,-90.67010000,LA,EPA_LMOP,"{""address"":""337 Ashland Landfill Road"",""city"":""Houma"",""county"":""Terrebonne"",""zip"":""70363""}"
landfill_12041,Timberlane Landfill,landfill,30.86690000,-92.60700000,LA,EPA_LMOP,"{""address"":""1158 Landfill Road"",""city"":""Oakdale"",""county"":""Allen"",""ghgrp_id"":""1006064"",""zip"":""71463""}"
landfill_702,Union Parish SLF,landfill,32.81800000,-92.38600000,LA,EPA_LMOP,"{""address"":""356 Landfill Road\n3 mi. N of Farmerville on Hwy 15"",""city"":""Farmerville"",""county"":""Union"",""ghgrp_id"":""1004298"",""zip"":""71241""}"
landfill_728,Venice Landfill,landfill,29.25530000,-89.36400000,LA,EPA_LMOP,"{""address"":""339 Coast Guard Road"",""city"":""Venice"",""county"":""Plaquemines"",""zip"":""70091""}"
landfill_722,Vermilion Parish Landfill,landfill,30.03000000,-92.13640000,LA,EPA_LMOP,"{""address"":""8500 Birch Road"",""city"":""Abbeville"",""county"":""Vermilion"",""zip"":""70510""}"
landfill_701,Webster Parish LF,landfill,32.62800000,-93.39400000,LA,EPA_LMOP,"{""address"":""493 Landfill Road"",""city"":""Minden"",""county"":""Webster"",""ghgrp_id"":""1006135"",""zip"":""71055""}"
landfill_703,West Carroll SLF,landfill,32.76350000,-91.34640000,LA,EPA_LMOP,"{""address"":""448 Landfill Road\nS. of Hwy 582"",""city"":""Oak Grove"",""county"":""West Carroll"",""zip"":""71263""}"
landfill_706,White Oaks Landfill,landfill,32.49697000,-91.98176000,LA,EPA_LMOP,"{""address"":""588 Meadowlark Drive"",""city"":""Monroe"",""county"":""Ouachita"",""ghgrp_id"":""1003284"",""zip"":""71203""}"
landfill_711,Woodland Hills LF,landfill,30.22200000,-93.38700000,LA,EPA_LMOP,"{""address"":""I-10 & Cities Services Highway"",""city"":""Sulphur"",""county"":""Calcasieu"",""ghgrp_id"":""1004560"",""zip"":""70663""}"
landfill_716,Woodside SLF & Recycling Center,landfill,30.48846000,-90.82688000,LA,EPA_LMOP,"{""address"":""29340 Woodside Drive"",""city"":""Walker"",""county"":""Livingston"",""ghgrp_id"":""1007797"",""zip"":""70785""}"
landfill_700,Woolworth Road Landfill,landfill,32.38072000,-93.90013000,LA,EPA_LMOP,"{""address"":""10580 Woolworth Road"",""city"":""Keithville"",""county"":""Caddo"",""ghgrp_id"":""1002511"",""zip"":""71047""}"
landfill_1833,Acushnet LF,landfill,41.70700000,-70.89500000,MA,EPA_LMOP,"{""address"":""561 Main Street"",""city"":""Acushnet"",""county"":""Bristol"",""zip"":""02743""}"
landfill_789,Amherst LF,landfill,42.37120000,-72.51080000,MA,EPA_LMOP,"{""address"":""740 Belchertown Road"",""city"":""Amherst"",""county"":""Hampshire"",""zip"":""01002""}"
landfill_794,"Attleboro Landfill, Incorporated",landfill,41.94000000,-71.23500000,MA,EPA_LMOP,"{""address"":""179 Peckham Street"",""city"":""Attleboro"",""county"":""Bristol"",""zip"":""02703""}"
landfill_2334,Barnstable LF,landfill,41.66110000,-70.39110000,MA,EPA_LMOP,"{""address"":""45 Flint Street"",""city"":""Marstons Mills"",""county"":""Barnstable"",""zip"":""02648""}"
landfill_793,Bondi Island Landfill,landfill,42.09253700,-72.59464600,MA,EPA_LMOP,"{""address"":""Agawam Avenue"",""city"":""West Springfield"",""county"":""Hampden"",""ghgrp_id"":""1007948"",""zip"":""01089""}"
landfill_774,Bourne LF,landfill,41.72800000,-70.58130000,MA,EPA_LMOP,"{""address"":""201 MacArthur Boulevard Route 28"",""city"":""Bourne"",""county"":""Barnstable"",""ghgrp_id"":""1004958"",""zip"":""02532""}"
landfill_1834,Braintree LF,landfill,42.20727600,-70.99799400,MA,EPA_LMOP,"{""address"":""Union Street & Ivory Street"",""city"":""Braintree"",""county"":""Norfolk"",""zip"":""02184""}"
landfill_20851,Carver-Marion-Wareham Landfill,landfill,41.81283300,-70.71950000,MA,EPA_LMOP,"{""address"":""118 Federal Road"",""city"":""Carver"",""county"":""Plymouth"",""ghgrp_id"":""1005715"",""zip"":""02330""}"
landfill_795,Chatham LF,landfill,41.68660000,-70.00620000,MA,EPA_LMOP,"{""address"":""92 Sam Ryder Road"",""city"":""Chatham"",""county"":""Barnstable"",""zip"":""02633""}"
landfill_796,Chicopee Landfill (Republic),landfill,42.17520000,-72.53250000,MA,EPA_LMOP,"{""address"":""845 Burnett Road"",""city"":""Chicopee"",""county"":""Hampden"",""zip"":""01020""}"
landfill_775,Chicopee Landfill (WMI),landfill,42.16590000,-72.53800000,MA,EPA_LMOP,"{""address"":""161 New Lombard Road"",""city"":""Chicopee"",""county"":""Hampden"",""ghgrp_id"":""1007669"",""zip"":""01020""}"
landfill_788,Crapo Hill LF,landfill,41.72500000,-70.98200000,MA,EPA_LMOP,"{""address"":""300 Samuel Barnet Boulevard"",""city"":""New Bedford"",""county"":""Bristol"",""ghgrp_id"":""1005039"",""zip"":""02745""}"
landfill_21260,Danvers Landfill,landfill,42.55961800,-70.98731100,MA,EPA_LMOP,"{""address"":""East Coast Road\nPopes Lane"",""city"":""Danvers"",""county"":""Essex"",""zip"":""01923""}"
landfill_776,Dartmouth LF,landfill,41.57980000,-71.00020000,MA,EPA_LMOP,"{""address"":""976 Russells Mills Road"",""city"":""Dartmouth"",""county"":""Plymouth"",""zip"":""02748""}"
landfill_777,East Bridgewater LF,landfill,42.06342000,-70.97857000,MA,EPA_LMOP,"{""address"":""234 Thatcher Street"",""city"":""East Bridgewater"",""county"":""Plymouth"",""ghgrp_id"":""1004556"",""zip"":""02333""}"
landfill_778,Fall River Landfill,landfill,41.75100000,-71.10680000,MA,EPA_LMOP,"{""address"":""1080 Airport Road"",""city"":""Fall River"",""county"":""Bristol"",""ghgrp_id"":""1007547"",""zip"":""02720""}"
landfill_787,Fitchburg-Westminster LF,landfill,42.53596000,-71.85388000,MA,EPA_LMOP,"{""address"":""101 Fitchburg Road"",""city"":""Westminster"",""county"":""Worcester"",""ghgrp_id"":""1007753"",""zip"":""01473""}"
landfill_20855,Gardner Street Landfill,landfill,42.28200000,-71.18200000,MA,EPA_LMOP,"{""address"":""Gardner Street, West Roxbury"",""city"":""Boston"",""county"":""Suffolk"",""ghgrp_id"":""1005466"",""zip"":""02201""}"
landfill_784,GCR LF,landfill,42.52700000,-70.98680000,MA,EPA_LMOP,"{""address"":""Farm Avenue Route 1"",""city"":""Peabody"",""county"":""Essex"",""zip"":""01960""}"
landfill_779,Granby SLF,landfill,42.22140000,-72.54590000,MA,EPA_LMOP,"{""address"":""11 New Ludlow Road"",""city"":""Granby"",""county"":""Hampshire"",""ghgrp_id"":""1007685"",""zip"":""01033""}"
landfill_802,Greenwood Street LF,landfill,42.21873900,-71.78988500,MA,EPA_LMOP,"{""address"":""30 Nippnapp Trail"",""city"":""Worcester"",""county"":""Worcester"",""zip"":""01607""}"
landfill_797,Halifax LF,landfill,41.99180000,-70.89920000,MA,EPA_LMOP,"{""address"":""27 Laurel Street"",""city"":""Halifax"",""county"":""Plymouth"",""ghgrp_id"":""1007550"",""zip"":""02338""}"
landfill_20897,Hardwick Landfill,landfill,42.33500000,-72.23720000,MA,EPA_LMOP,"{""address"":""1270 Patrill Hollow Road"",""city"":""Hardwick"",""county"":""Hampshire"",""ghgrp_id"":""1005379"",""zip"":""01037""}"
landfill_10660,Haverhill Landfill,landfill,42.76464000,-71.12504000,MA,EPA_LMOP,"{""address"":""100 Recovery Way"",""city"":""Haverhill"",""county"":""Essex"",""ghgrp_id"":""1005213"",""zip"":""01835""}"
landfill_21199,Hull Landfill,landfill,42.26183600,-70.85734800,MA,EPA_LMOP,"{""address"":""Logan Avenue"",""city"":""Hull"",""county"":""Plymouth"",""zip"":""02045""}"
landfill_798,Leicester LF,landfill,42.26000000,-71.89800000,MA,EPA_LMOP,"{""address"":""151 Mannville Street"",""city"":""Leicester"",""county"":""Worcester"",""zip"":""01524""}"
landfill_801,Lowell LF,landfill,42.62700000,-71.35350000,MA,EPA_LMOP,"{""address"":""1290 Westford Street"",""city"":""Lowell"",""county"":""Middlesex"",""zip"":""01851""}"
landfill_799,Marion LF,landfill,41.70240000,-70.78100000,MA,EPA_LMOP,"{""address"":""Benson Brook Road"",""city"":""Marion"",""county"":""Plymouth"",""zip"":""02738""}"
landfill_781,Marshfield LF,landfill,42.11200000,-70.70800000,MA,EPA_LMOP,"{""address"":""Clay Pit Road & Grove Street"",""city"":""Marshfield"",""county"":""Plymouth"",""zip"":""02050""}"
landfill_773,Martone Landfill,landfill,42.38800000,-72.06700000,MA,EPA_LMOP,"{""address"":""99 Barre Depot Road"",""city"":""Barre"",""county"":""Worcester"",""ghgrp_id"":""1003587"",""zip"":""01005""}"
landfill_20703,Middleborough Landfill,landfill,41.92570000,-70.83147000,MA,EPA_LMOP,"{""address"":""207 Plympton Street"",""city"":""Middleborough"",""county"":""Plymouth"",""ghgrp_id"":""1010391"",""zip"":""02346""}"
landfill_790,Nantucket LF,landfill,41.27900000,-70.16500000,MA,EPA_LMOP,"{""address"":""188 Madaket Road"",""city"":""Nantucket"",""county"":""Nantucket"",""zip"":""02554""}"
landfill_791,New Bedford LF,landfill,41.66258900,-70.95731400,MA,EPA_LMOP,"{""address"":""1103 Shawmut Avenue"",""city"":""New Bedford"",""county"":""Bristol"",""zip"":""02746""}"
landfill_1835,Northampton Landfill,landfill,42.29385000,-72.71622000,MA,EPA_LMOP,"{""address"":""170 Glendale Road"",""city"":""Florence"",""county"":""Hampshire"",""ghgrp_id"":""1002593"",""zip"":""01062""}"
landfill_803,Otis Air Force Base LF,landfill,41.66470000,-70.54790000,MA,EPA_LMOP,"{""address"":""Connery Road"",""city"":""Buzzards Bay"",""county"":""Barnstable"",""zip"":""02532""}"
landfill_783,Palmer LF,landfill,42.20250000,-72.32200000,MA,EPA_LMOP,"{""address"":""Emery Street"",""city"":""Palmer"",""county"":""Hampden"",""zip"":""01069""}"
landfill_785,Plainville LF,landfill,42.03920000,-71.29200000,MA,EPA_LMOP,"{""address"":""14 Belcher Street"",""city"":""Plainville"",""county"":""Norfolk"",""ghgrp_id"":""1004557"",""zip"":""02762""}"
landfill_10641,Quarry Hills Soils LF,landfill,42.24170000,-71.04503000,MA,EPA_LMOP,"{""address"":""Ricciuti Drive"",""city"":""Quincy"",""county"":""Norfolk"",""zip"":""02169""}"
landfill_792,Randolph LF,landfill,42.18060000,-71.07840000,MA,EPA_LMOP,"{""address"":""Johnson Drive"",""city"":""Randolph"",""county"":""Norfolk"",""ghgrp_id"":""1007947"",""zip"":""02368""}"
landfill_780,RCI Hudson/Stow LF,landfill,42.40500000,-71.54200000,MA,EPA_LMOP,"{""address"":""Old Stow Road"",""city"":""Hudson"",""county"":""Middlesex"",""zip"":""01749""}"
landfill_1836,Shaffer Landfill,landfill,42.58140000,-71.24500000,MA,EPA_LMOP,"{""city"":""Billerica"",""county"":""Middlesex"",""zip"":""01821""}"
landfill_2301,South Hadley Landfill LLC,landfill,42.22000000,-72.55800000,MA,EPA_LMOP,"{""address"":""12 Industrial Drive"",""city"":""South Hadley"",""county"":""Hampshire"",""ghgrp_id"":""1004157"",""zip"":""01075""}"
landfill_800,South Meadow Road LF,landfill,42.41150000,-71.71280000,MA,EPA_LMOP,"{""address"":""South Meadow Road"",""city"":""Clinton"",""county"":""Middlesex"",""zip"":""01510""}"
landfill_10100,Southbridge Recycling & Disposal Park,landfill,42.10691000,-72.03240000,MA,EPA_LMOP,"{""address"":""165 Barefoot Road"",""city"":""Southbridge"",""county"":""Worcester"",""ghgrp_id"":""1005254"",""zip"":""01550""}"
landfill_21141,Sturbridge Landfill,landfill,42.04381500,-72.11801100,MA,EPA_LMOP,"{""address"":""154 Breakneck Road"",""city"":""Sturbridge"",""county"":""Worcester"",""zip"":""01556""}"
landfill_786,Taunton SLF,landfill,41.92230000,-71.08360000,MA,EPA_LMOP,"{""address"":""340 East Britannia Street"",""city"":""Taunton"",""county"":""Bristol"",""ghgrp_id"":""1003532"",""zip"":""02780""}"
landfill_10362,Wayland LF,landfill,42.36326667,-71.38081667,MA,EPA_LMOP,"{""address"":""484 Boston Post Road"",""city"":""Wayland"",""county"":""Middlesex"",""zip"":""01778""}"
landfill_10780,West Street Landfill,landfill,42.58100000,-72.04500000,MA,EPA_LMOP,"{""address"":""744 West Street"",""city"":""Gardner"",""county"":""Worcester"",""ghgrp_id"":""1003393"",""zip"":""01440""}"
landfill_2197,Westfield Landfill,landfill,42.14800000,-72.74800000,MA,EPA_LMOP,"{""address"":""Twiss Street"",""city"":""Westfield"",""county"":""Hampden"",""zip"":""01085""}"
landfill_1951,Winchendon Landfill,landfill,42.67880000,-72.06020000,MA,EPA_LMOP,"{""address"":""202 River Street"",""city"":""Winchendon"",""county"":""Worcester"",""zip"":""01475""}"
landfill_734,Alpha Ridge SLF,landfill,39.30577600,-76.89880300,MD,EPA_LMOP,"{""address"":""2350 Marriottsville Road"",""city"":""Marriottsville"",""county"":""Howard"",""ghgrp_id"":""1007291"",""zip"":""21104""}"
landfill_735,Annapolis SLF,landfill,38.99200000,-76.57300000,MD,EPA_LMOP,"{""address"":""Defense Highway"",""city"":""Annapolis"",""county"":""Anne Arundel"",""zip"":""21401""}"
landfill_736,Appeal SLF,landfill,38.38111200,-76.43833400,MD,EPA_LMOP,"{""city"":""Lusby"",""county"":""Calvert"",""zip"":""20657""}"
landfill_10120,Beulah Municipal Landfill,landfill,38.67350000,-75.89940000,MD,EPA_LMOP,"{""address"":""6815 East New Market Ellwood Road"",""city"":""Hurlock"",""county"":""Dorchester"",""ghgrp_id"":""1000331"",""zip"":""21643""}"
landfill_740,Bowley's Lane LF,landfill,39.31380000,-76.54440000,MD,EPA_LMOP,"{""address"":""Bowley's Lane"",""city"":""Baltimore"",""county"":""Baltimore city"",""zip"":""21206""}"
landfill_741,Brown Station Road Sanitary Landfill,landfill,38.85100000,-76.78900000,MD,EPA_LMOP,"{""address"":""3500 Brown Station Road"",""city"":""Upper Marlboro"",""county"":""Prince George's"",""ghgrp_id"":""1002655"",""zip"":""20774""}"
landfill_742,Cecil County Central Landfill,landfill,39.59690000,-75.91360000,MD,EPA_LMOP,"{""address"":""758 East Old Philadelphia Road"",""city"":""Elkton"",""county"":""Cecil"",""ghgrp_id"":""1004812"",""zip"":""21921""}"
landfill_738,Central SLF,landfill,38.21590000,-75.31860000,MD,EPA_LMOP,"{""address"":""7091 Central Site Lane"",""city"":""Newark"",""county"":""Worcester"",""ghgrp_id"":""1005295"",""zip"":""21841""}"
landfill_744,Charles County Landfill #2,landfill,38.57200000,-76.88600000,MD,EPA_LMOP,"{""address"":""12305 Billingsley Road East"",""city"":""Waldorf"",""county"":""Charles"",""ghgrp_id"":""1005107"",""zip"":""20602""}"
landfill_745,Eastern Sanitary Landfill Solid Waste Management Facility (ESL),landfill,39.39480000,-76.39640000,MD,EPA_LMOP,"{""address"":""6257 Days Cove Road"",""city"":""White Marsh"",""county"":""Baltimore"",""ghgrp_id"":""1004330"",""zip"":""21162""}"
landfill_746,Fort Detrick SLF,landfill,39.43889000,-77.42222300,MD,EPA_LMOP,"{""city"":""Fort Detrick"",""county"":""Frederick"",""zip"":""21702""}"
landfill_747,Fort Meade SLF,landfill,39.12500000,-76.77000000,MD,EPA_LMOP,"{""city"":""Fort Meade"",""county"":""Anne Arundel""}"
landfill_10740,Forty West SLF,landfill,39.65670000,-77.82000000,MD,EPA_LMOP,"{""address"":""12630 Earth Care Road"",""city"":""Hagerstown"",""county"":""Washington"",""ghgrp_id"":""1004663"",""zip"":""21740""}"
landfill_10720,Garrett County SWD and RF,landfill,39.45075000,-79.40754000,MD,EPA_LMOP,"{""address"":""3118 Oakland Sang Run Road"",""city"":""Oakland"",""county"":""Garrett"",""ghgrp_id"":""1003378"",""zip"":""21550""}"
landfill_20792,Glen Burnie Landfill,landfill,39.18718000,-76.60000000,MD,EPA_LMOP,"{""address"":""100 Dover Road"",""city"":""Glen Burnie"",""county"":""Anne Arundel"",""ghgrp_id"":""1002004"",""zip"":""21060""}"
landfill_748,Gude LF,landfill,39.10700000,-77.14000000,MD,EPA_LMOP,"{""address"":""600 E. Gude Drive"",""city"":""Rockville"",""county"":""Montgomery"",""ghgrp_id"":""1003432"",""zip"":""20850""}"
landfill_750,Harford Waste Disposal Center,landfill,39.63963000,-76.30235000,MD,EPA_LMOP,"{""address"":""3241 Scarboro Road"",""city"":""Street"",""county"":""Harford"",""ghgrp_id"":""1002292"",""zip"":""21154""}"
landfill_752,Hoods Mill Road SLF,landfill,39.35700000,-77.02400000,MD,EPA_LMOP,"{""address"":""7901 Kabik Court"",""city"":""Woodbine"",""county"":""Carroll"",""zip"":""21797""}"
landfill_753,Midshore I - Regional Solid Waste Facility,landfill,38.74714000,-76.01961000,MD,EPA_LMOP,"{""address"":""7341 Barkers Landing Road"",""city"":""Easton"",""county"":""Talbot"",""ghgrp_id"":""1005718"",""zip"":""21601""}"
landfill_11902,Midshore II - Regional Solid Waste Facility,landfill,38.94800000,-75.85930000,MD,EPA_LMOP,"{""address"":""12236 River Road"",""city"":""Ridgely"",""county"":""Caroline"",""ghgrp_id"":""1011317"",""zip"":""21660""}"
landfill_754,Millersville SLF,landfill,39.09450000,-76.66560000,MD,EPA_LMOP,"{""address"":""389 Burns Crossing Road"",""city"":""Severn"",""county"":""Anne Arundel"",""ghgrp_id"":""1002002"",""zip"":""21144""}"
landfill_755,Mountainview SLF,landfill,39.60212000,-78.92121000,MD,EPA_LMOP,"{""address"":""13300 New George's Creek Road SW"",""city"":""Frostburg"",""county"":""Allegany"",""ghgrp_id"":""1007611"",""zip"":""21532""}"
landfill_20837,New Cut Landfill,landfill,39.24691700,-76.79676900,MD,EPA_LMOP,"{""address"":""4361 New Cut Road"",""city"":""Ellicott City"",""county"":""Howard"",""ghgrp_id"":""1005908"",""zip"":""21043""}"
landfill_756,Newland Park SLF,landfill,38.38500000,-75.63360000,MD,EPA_LMOP,"{""address"":""6948 Brick Kiln Road"",""city"":""Salisbury"",""county"":""Wicomico"",""ghgrp_id"":""1007029"",""zip"":""21801""}"
landfill_757,Nicholson SLF,landfill,38.38277900,-75.63194500,MD,EPA_LMOP,"{""county"":""Kent""}"
landfill_20858,Norris Farms Landfill,landfill,39.28800000,-76.48000000,MD,EPA_LMOP,"{""address"":""101 Norris Lane"",""city"":""Baltimore"",""county"":""Baltimore"",""ghgrp_id"":""1004562"",""zip"":""21222""}"
landfill_758,Northern SLF,landfill,39.55400000,-76.94000000,MD,EPA_LMOP,"{""address"":""1400 Baltimore Boulevard"",""city"":""Westminster"",""county"":""Carroll"",""ghgrp_id"":""1011391"",""zip"":""21157""}"
landfill_759,Oaks SLF,landfill,39.18948000,-77.12058000,MD,EPA_LMOP,"{""address"":""6001 Olney-Laytonsville Road"",""city"":""Laytonsville"",""county"":""Montgomery"",""ghgrp_id"":""1003469"",""zip"":""20882""}"
landfill_739,Old Beulah Municipal LF,landfill,38.67537000,-75.89938000,MD,EPA_LMOP,"{""city"":""Beulah"",""county"":""Dorchester"",""zip"":""21643""}"
landfill_760,Pennington Avenue LF,landfill,39.21800000,-76.59150000,MD,EPA_LMOP,"{""address"":""Pennington Avenue"",""city"":""Baltimore"",""county"":""Baltimore city"",""zip"":""21226""}"
landfill_762,Pisgah SLF,landfill,38.53570000,-77.14910000,MD,EPA_LMOP,"{""address"":""6645 Mason Springs Road"",""city"":""La Plata"",""county"":""Charles"",""ghgrp_id"":""1006339"",""zip"":""20646""}"
landfill_763,Quarantine Road SLF,landfill,39.20850000,-76.55490000,MD,EPA_LMOP,"{""address"":""6100 Quarantine Road"",""city"":""Curtis Bay"",""county"":""Baltimore city"",""ghgrp_id"":""1001568"",""zip"":""21226""}"
landfill_764,Reich's Ford Road SLF,landfill,39.37540000,-77.35280000,MD,EPA_LMOP,"{""address"":""9031 Reichs Ford Road"",""city"":""Frederick"",""county"":""Frederick"",""ghgrp_id"":""1005873"",""zip"":""21704""}"
landfill_765,Resh Road II SLF,landfill,39.68000000,-77.80200000,MD,EPA_LMOP,"{""address"":""Resh Road"",""city"":""Hagerstown"",""county"":""Washington"",""zip"":""21740""}"
landfill_766,Round Glade SLF,landfill,39.47055600,-79.39305700,MD,EPA_LMOP,"{""city"":""Oakland"",""county"":""Garrett"",""zip"":""21550""}"
landfill_767,Saint Andrews SLF,landfill,38.29090000,-76.52330000,MD,EPA_LMOP,"{""address"":""44825 St. Andrews Church Road"",""city"":""California"",""county"":""St. Mary's"",""zip"":""20619""}"
landfill_768,Sandy Hill SLF,landfill,39.01600000,-76.79100000,MD,EPA_LMOP,"{""address"":""9500 Old Laurel Bowie Road"",""city"":""Bowie"",""county"":""Prince George's"",""ghgrp_id"":""1007573"",""zip"":""20720""}"
landfill_20860,Solley Road Landfill,landfill,39.16031300,-76.57504200,MD,EPA_LMOP,"{""address"":""7890 Solley Road"",""city"":""Glen Burnie"",""county"":""Anne Arundel"",""ghgrp_id"":""1004563"",""zip"":""21061""}"
landfill_770,Sudley Road SLF,landfill,38.81790000,-76.57850000,MD,EPA_LMOP,"{""address"":""5400 Nutwell Sudley Road"",""city"":""Deale"",""county"":""Anne Arundel"",""zip"":""20751""}"
landfill_772,Westover/Ring SLF,landfill,38.12104400,-75.73546400,MD,EPA_LMOP,"{""address"":""8716 James Ring Road"",""city"":""Westover"",""county"":""Somerset"",""zip"":""21871""}"
landfill_2251,Bath LF,landfill,43.93960000,-69.81890000,ME,EPA_LMOP,"{""address"":""11 Detritus Drive"",""city"":""Bath"",""county"":""Sagadahoc"",""ghgrp_id"":""1002766"",""zip"":""04530""}"
landfill_2255,Brunswick LF,landfill,43.97000000,-70.03700000,ME,EPA_LMOP,"{""address"":""49 Graham Road"",""city"":""Brunswick"",""county"":""Cumberland"",""zip"":""04011""}"
landfill_2253,"Caratunks Forks, West Forks (CFWF) Landfill",landfill,45.36990000,-70.02550000,ME,EPA_LMOP,"{""address"":""Lower Enchanted Road"",""city"":""West Forks"",""county"":""Somerset"",""zip"":""04985""}"
landfill_21210,City of Lewiston Landfill,landfill,44.04968000,-70.18407400,ME,EPA_LMOP,"{""address"":""424 River Road"",""city"":""Lewiston"",""county"":""Androscoggin"",""zip"":""04240""}"
landfill_2250,Crossroads LF,landfill,44.71256000,-69.84730000,ME,EPA_LMOP,"{""address"":""357 Mercer Road"",""city"":""Norridgewock"",""county"":""Somerset"",""ghgrp_id"":""1007646"",""zip"":""04957""}"
landfill_21207,Dolby Landfill,landfill,45.65496400,-68.59629300,ME,EPA_LMOP,"{""address"":""Maine 157 (Main Street)"",""city"":""East Millinocket"",""county"":""Penobscot"",""zip"":""04333""}"
landfill_12001,ecomaine Landfill/Ashfill,landfill,43.63887000,-70.36944900,ME,EPA_LMOP,"{""address"":""Green Road"",""city"":""Scarborough"",""county"":""Cumberland"",""zip"":""04074""}"
landfill_2254,Hatch Hill LF,landfill,44.32280000,-69.70870000,ME,EPA_LMOP,"{""address"":""Hatch Hill Road"",""city"":""Augusta"",""county"":""Kennebec"",""zip"":""04330""}"
landfill_11240,Juniper Ridge Landfill,landfill,44.98130000,-68.72470000,ME,EPA_LMOP,"{""address"":""2828 Bennoch Road"",""city"":""Old Town"",""county"":""Penobscot"",""ghgrp_id"":""1005253"",""zip"":""04468""}"
landfill_2252,Little Squaw LF,landfill,45.45600000,-69.62580000,ME,EPA_LMOP,"{""address"":""Dyer Road"",""city"":""Greenville"",""county"":""Piscataquis"",""zip"":""04441""}"
landfill_2259,Pine Tree Landfill,landfill,44.76969000,-98.86950000,ME,EPA_LMOP,"{""address"":""358 Emerson Mill Road"",""city"":""Hampden"",""county"":""Penobscot"",""ghgrp_id"":""1005252"",""zip"":""04444""}"
landfill_2257,Presque Isle LF,landfill,46.60200000,-68.03900000,ME,EPA_LMOP,"{""address"":""202 Lathrop Road"",""city"":""Presque Isle"",""county"":""Aroostook"",""zip"":""04769""}"
landfill_2263,Regional Waste Systems LF,landfill,43.65350000,-70.33240000,ME,EPA_LMOP,"{""address"":""64 Blueberry Road"",""city"":""Portland"",""county"":""Cumberland"",""zip"":""04102""}"
landfill_21211,Rockland Quarry Landfill,landfill,44.10588600,-69.13634500,ME,EPA_LMOP,"{""address"":""400 Limerock Street"",""city"":""Rockland"",""county"":""Knox"",""zip"":""04841""}"
landfill_21208,Town of Baileyville Landfill,landfill,45.13202800,-67.39686770,ME,EPA_LMOP,"{""address"":""50 Town Road"",""city"":""Baileyville"",""county"":""Washington"",""zip"":""04694""}"
landfill_21206,Town of Dover-Foxcroft Landfill,landfill,45.19081000,-69.20426000,ME,EPA_LMOP,"{""address"":""66 Landfill Road\nBetween Milo Road & Essex Street"",""city"":""Dover-Foxcroft"",""county"":""Piscataquis"",""zip"":""04426""}"
landfill_21209,Town of Glenburn MSW Landfill,landfill,44.94443000,-68.84745000,ME,EPA_LMOP,"{""address"":""Hudson Road (Route 221)"",""city"":""Glenburn"",""county"":""Penobscot"",""zip"":""04401""}"
landfill_2256,Tri-Community LF,landfill,46.86000000,-67.90800000,ME,EPA_LMOP,"{""address"":""303 Murphy Road"",""city"":""Fort Fairfield"",""county"":""Aroostook"",""zip"":""04736""}"
landfill_21212,Waldoboro Municipal Landfill,landfill,44.13850700,-69.43489300,ME,EPA_LMOP,"{""address"":""N. Nobleboro Road"",""city"":""Waldoboro"",""county"":""Lincoln"",""zip"":""04572""}"
landfill_1902,Adrian Landfill,landfill,41.89059000,-83.99240000,MI,EPA_LMOP,"{""address"":""1970 North Ogden Highway"",""city"":""Adrian"",""county"":""Lenawee"",""ghgrp_id"":""1001991"",""zip"":""49221""}"
landfill_1878,Ann Arbor SLF Phase I & II,landfill,42.22780000,-83.69970000,MI,EPA_LMOP,"{""address"":""4150 Platt Road"",""city"":""Ann Arbor"",""county"":""Washtenaw"",""ghgrp_id"":""1006178"",""zip"":""48108""}"
landfill_1879,Arbor Hills Landfill,landfill,42.40684000,-83.55579000,MI,EPA_LMOP,"{""address"":""10690 W. Six Mile Road"",""city"":""Northville"",""county"":""Washtenaw"",""ghgrp_id"":""1008034"",""zip"":""48168""}"
landfill_2068,Autumn Hills Recycling & Disposal Facility,landfill,42.78100000,-85.92070000,MI,EPA_LMOP,"{""address"":""700 56th Avenue"",""city"":""Zeeland"",""county"":""Ottawa"",""ghgrp_id"":""1006132"",""zip"":""49464""}"
landfill_1891,Brent Run Landfill,landfill,43.17684600,-83.83825800,MI,EPA_LMOP,"{""address"":""8335 Vienna Road"",""city"":""Montrose"",""county"":""Genesee"",""ghgrp_id"":""1002489"",""zip"":""48457""}"
landfill_1900,C&C Landfill,landfill,42.36108000,-85.00870000,MI,EPA_LMOP,"{""address"":""14800 P Drive North"",""city"":""Marshall"",""county"":""Calhoun"",""ghgrp_id"":""1003620"",""zip"":""49068""}"
landfill_1892,Carleton Farms Landfill,landfill,42.09394000,-83.42973000,MI,EPA_LMOP,"{""address"":""28800 Clark Road"",""city"":""New Boston"",""county"":""Wayne"",""ghgrp_id"":""1007521"",""zip"":""48164""}"
landfill_20788,Cedar Ridge Recycling & Disposal Facility,landfill,45.24733300,-85.20950000,MI,EPA_LMOP,"{""address"":""11633 Saunders Road"",""city"":""East Jordan"",""county"":""Charlevoix"",""ghgrp_id"":""1007838"",""zip"":""49727""}"
landfill_2232,"Central Sanitary Landfill, Inc.",landfill,43.33783000,-85.52274000,MI,EPA_LMOP,"{""address"":""21545 Cannonsville Road"",""city"":""Pierson"",""county"":""Montcalm"",""ghgrp_id"":""1006990"",""zip"":""49339""}"
landfill_20799,Cereal City Landfill,landfill,42.34750000,-85.20033300,MI,EPA_LMOP,"{""address"":""580 Hubbard Street"",""city"":""Battle Creek"",""county"":""Calhoun"",""ghgrp_id"":""1003880"",""zip"":""49017""}"
landfill_1880,Citizens Disposal Landfill,landfill,42.91468000,-83.72249000,MI,EPA_LMOP,"{""address"":""2361 West Grand Blanc Road"",""city"":""Grand Blanc"",""county"":""Genesee"",""ghgrp_id"":""1004976"",""zip"":""48439""}"
landfill_2242,City of Midland Sanitary LF,landfill,43.62637000,-84.17153000,MI,EPA_LMOP,"{""address"":""4311 East Ashman Street"",""city"":""Midland"",""county"":""Midland"",""ghgrp_id"":""1003865"",""zip"":""48642""}"
landfill_1881,"City Sand & Landfill, Inc.",landfill,42.11560000,-83.49380000,MI,EPA_LMOP,"{""address"":""46805 Willow Road"",""city"":""Belleville"",""county"":""Wayne"",""ghgrp_id"":""1007932"",""zip"":""48111""}"
landfill_12215,Dafter Sanitary Landfill Inc,landfill,46.33700000,-84.44400000,MI,EPA_LMOP,"{""address"":""3962 West 12 Mile Road"",""city"":""Dafter"",""county"":""Chippewa"",""ghgrp_id"":""1007754"",""zip"":""49724""}"
landfill_20180,Delta County Landfill,landfill,45.76467000,-87.13100000,MI,EPA_LMOP,"{""address"":""5701 19th Avenue North"",""city"":""Escanaba"",""county"":""Delta"",""ghgrp_id"":""1004696"",""zip"":""49829""}"
landfill_1936,Eagle Valley RDF,landfill,42.72265000,-83.25478000,MI,EPA_LMOP,"{""address"":""600 West Silverbell Road"",""city"":""Lake Orion"",""county"":""Oakland"",""ghgrp_id"":""1003259"",""zip"":""48359""}"
landfill_2271,Elk Run Sanitary Landfill,landfill,45.28240000,-84.22380000,MI,EPA_LMOP,"{""address"":""20667 5 Mile Highway"",""city"":""Onaway"",""county"":""Presque Isle"",""ghgrp_id"":""1006989"",""zip"":""49765""}"
landfill_1895,Forest Lawn Landfill,landfill,41.77574500,-86.65414400,MI,EPA_LMOP,"{""address"":""8230 W. Forest Lawn Road"",""city"":""Three Oaks"",""county"":""Berrien"",""ghgrp_id"":""1003623"",""zip"":""49128""}"
landfill_2235,Glen's Sanitary Landfill Inc.,landfill,44.78978000,-85.84100000,MI,EPA_LMOP,"{""address"":""518 East Traverse Highway"",""city"":""Maple City"",""county"":""Leelanau"",""ghgrp_id"":""1003257"",""zip"":""49664""}"
landfill_1947,Granger Grand River LF,landfill,42.78960000,-84.69350000,MI,EPA_LMOP,"{""address"":""8550 West Grand River Highway"",""city"":""Grand Ledge"",""county"":""Clinton"",""ghgrp_id"":""1002720"",""zip"":""48837""}"
landfill_1890,Granger Wood Street Landfill,landfill,42.76355000,-84.55778000,MI,EPA_LMOP,"{""address"":""16980 Wood Road"",""city"":""Lansing"",""county"":""Clinton"",""ghgrp_id"":""1006737"",""zip"":""48906""}"
landfill_12182,Hastings Sanitary Landfill,landfill,42.68100000,-85.29800000,MI,EPA_LMOP,"{""address"":""1899 N. M-43 Highway"",""city"":""Hastings"",""county"":""Barry"",""ghgrp_id"":""1007721"",""zip"":""49058""}"
landfill_21144,Hiawatha Shores Landfill Inc.,landfill,46.06593300,-86.05875400,MI,EPA_LMOP,"{""address"":""3098N 436 County Road"",""city"":""Gulliver"",""county"":""Schoolcraft"",""zip"":""49840""}"
landfill_2234,Huron Landfill,landfill,43.76087000,-83.05931000,MI,EPA_LMOP,"{""address"":""4151 South McMillan Road"",""city"":""Bad Axe"",""county"":""Huron"",""ghgrp_id"":""1003540"",""zip"":""48413""}"
landfill_2236,K&W LF,landfill,46.79740000,-89.14460000,MI,EPA_LMOP,"{""address"":""5436 Highway M 38"",""city"":""Ontonagon"",""county"":""Ontonagon"",""ghgrp_id"":""1007744"",""zip"":""49953""}"
landfill_2237,Kent County - South Kent LF,landfill,42.78271000,-85.67065000,MI,EPA_LMOP,"{""address"":""10300 South Kent Drive SW"",""city"":""Byron Center"",""county"":""Kent"",""ghgrp_id"":""1003464"",""zip"":""49315""}"
landfill_20894,Livingston County Landfill,landfill,42.65016700,-83.92033300,MI,EPA_LMOP,"{""address"":""1551 E. Barron Road"",""city"":""Howell"",""county"":""Livingston"",""ghgrp_id"":""1008780"",""zip"":""48855""}"
landfill_1901,Lyon Development LF,landfill,42.51430000,-83.61600000,MI,EPA_LMOP,"{""address"":""5380 S. Milford Road"",""city"":""New Hudson"",""county"":""Oakland"",""ghgrp_id"":""1004310"",""zip"":""48165""}"
landfill_2238,Manistee County LF,landfill,44.17570000,-86.26532000,MI,EPA_LMOP,"{""address"":""3890 Camp Road"",""city"":""Manistee"",""county"":""Manistee"",""ghgrp_id"":""1007028"",""zip"":""49660""}"
landfill_20898,Marquette County SWL,landfill,46.48959000,-87.47152500,MI,EPA_LMOP,"{""address"":""600 County  Road NP"",""city"":""Marquette"",""county"":""Marquette"",""ghgrp_id"":""1004073"",""zip"":""49855""}"
landfill_20705,McGill Road Landfill,landfill,42.29130000,-84.36980000,MI,EPA_LMOP,"{""address"":""3895 McGill Road"",""city"":""Jackson"",""county"":""Jackson"",""ghgrp_id"":""1007580"",""zip"":""49201""}"
landfill_2239,Menominee Landfill,landfill,45.17373000,-87.62938000,MI,EPA_LMOP,"{""address"":""W6111 Elmwood Road"",""city"":""Menominee"",""county"":""Menominee"",""ghgrp_id"":""1007755"",""zip"":""49858""}"
landfill_20704,Montmorency-Oscoda-Alpena Landfill,landfill,44.93500000,-84.12000000,MI,EPA_LMOP,"{""address"":""6751 Landfill Road\n6999 County Road 487"",""city"":""Atlanta"",""county"":""Montmorency"",""ghgrp_id"":""1007590"",""zip"":""49709""}"
landfill_1990,Muskegon County SWF,landfill,43.23510000,-85.99050000,MI,EPA_LMOP,"{""address"":""9366 Apple Avenue"",""city"":""Ravenna"",""county"":""Muskegon"",""ghgrp_id"":""1007751"",""zip"":""49451""}"
landfill_2240,Northern Oaks Recycling & Disposal Facility,landfill,43.99300000,-84.79800000,MI,EPA_LMOP,"{""address"":""513 North County Farm Road"",""city"":""Harrison"",""county"":""Clare"",""ghgrp_id"":""1007729"",""zip"":""48625""}"
landfill_1894,Oakland Heights Development Landfill,landfill,42.70846000,-83.24873000,MI,EPA_LMOP,"{""address"":""2350 Brown Road"",""city"":""Auburn Hills"",""county"":""Oakland"",""ghgrp_id"":""1003686"",""zip"":""48326""}"
landfill_2241,Orchard Hill SLF,landfill,42.17127000,-86.28116000,MI,EPA_LMOP,"{""address"":""3290 Hennessey Road"",""city"":""Watervliet"",""county"":""Berrien"",""ghgrp_id"":""1002684"",""zip"":""49098""}"
landfill_1883,Ottawa County Farms Landfill,landfill,43.05020000,-85.95682000,MI,EPA_LMOP,"{""address"":""15550 68th Avenue"",""city"":""Coopersville"",""county"":""Ottawa"",""ghgrp_id"":""1007027"",""zip"":""49404""}"
landfill_1884,"People's Landfill, Inc.",landfill,43.28020000,-83.86900000,MI,EPA_LMOP,"{""address"":""4143 Rathbun Road"",""city"":""Birch Run"",""county"":""Saginaw"",""ghgrp_id"":""1003133"",""zip"":""48415""}"
landfill_1893,Pine Tree Acres LF Inc.,landfill,42.76490000,-82.74560000,MI,EPA_LMOP,"{""address"":""36600 29 Mile Road"",""city"":""Lenox"",""county"":""Macomb"",""ghgrp_id"":""1007745"",""zip"":""48048""}"
landfill_21145,Pitsch Sanitary Landfill,landfill,43.10291500,-85.18484600,MI,EPA_LMOP,"{""address"":""7905 Johnson Road"",""city"":""Belding"",""county"":""Ionia"",""zip"":""48809""}"
landfill_12143,Richfield Landfill,landfill,43.12737600,-83.48555500,MI,EPA_LMOP,"{""address"":""11417 East Mt. Morris Road"",""city"":""Davison"",""county"":""Genesee"",""ghgrp_id"":""1003592"",""zip"":""48423""}"
landfill_1885,Riverview Land Preserve,landfill,42.15621000,-83.21208000,MI,EPA_LMOP,"{""address"":""20863 Grange Road"",""city"":""Riverview"",""county"":""Wayne"",""ghgrp_id"":""1003601"",""zip"":""48193""}"
landfill_1991,Saginaw Valley Landfill,landfill,43.40420000,-84.08230000,MI,EPA_LMOP,"{""address"":""2145 South Miller Road"",""city"":""Saginaw"",""county"":""Saginaw"",""ghgrp_id"":""1005821"",""zip"":""48609""}"
landfill_1855,Sauk Trail Hills Landfill,landfill,42.27440000,-83.45630000,MI,EPA_LMOP,"{""address"":""5011 South Lilley Road"",""city"":""Canton"",""county"":""Wayne"",""ghgrp_id"":""1003687"",""zip"":""48188""}"
landfill_1886,Seymour Road Landfill,landfill,43.19520000,-83.88070000,MI,EPA_LMOP,"{""address"":""13164 Seymour Road"",""city"":""Montrose"",""county"":""Genesee"",""zip"":""48457""}"
landfill_2195,Smiths Creek Landfill,landfill,42.91743000,-82.59168000,MI,EPA_LMOP,"{""address"":""6779 Smiths Creek Road"",""city"":""Smiths Creek"",""county"":""St. Clair"",""ghgrp_id"":""1004497"",""zip"":""48074""}"
landfill_1992,Southeast Berrien County Landfill,landfill,41.81354000,-86.32723000,MI,EPA_LMOP,"{""address"":""3200 Chamberlain Road"",""city"":""Buchanan"",""county"":""Berrien"",""ghgrp_id"":""1004025"",""zip"":""49107""}"
landfill_1887,Tay Mouth Landfill,landfill,43.27500000,-83.86200000,MI,EPA_LMOP,"{""address"":""4532 East Rathbun Road"",""city"":""Birch Run"",""county"":""Saginaw"",""zip"":""48415""}"
landfill_11922,Tri-City RDF,landfill,43.43700000,-82.73180000,MI,EPA_LMOP,"{""address"":""426 North Ruth Road"",""city"":""Carsonville"",""county"":""Sanilac"",""ghgrp_id"":""1007728"",""zip"":""48419""}"
landfill_1888,Venice Park Recycling & Disposal Facility,landfill,42.97993200,-83.97265700,MI,EPA_LMOP,"{""address"":""9536 Lennon Road"",""city"":""Lennon"",""county"":""Shiawassee"",""ghgrp_id"":""1007703"",""zip"":""48449""}"
landfill_1897,Vienna Junction Landfill,landfill,41.73290000,-83.50908000,MI,EPA_LMOP,"{""address"":""6233 Hagman Road"",""city"":""Erie"",""county"":""Monroe"",""ghgrp_id"":""1004486"",""zip"":""48133""}"
landfill_2233,Waters Landfill,landfill,44.85500000,-84.68000000,MI,EPA_LMOP,"{""address"":""11375 Sherman Road"",""city"":""Frederic"",""county"":""Crawford"",""ghgrp_id"":""1007720"",""zip"":""49733""}"
landfill_1889,Wayne Disposal LF,landfill,42.22010000,-83.53000000,MI,EPA_LMOP,"{""address"":""49350 N. I-94 Service Drive"",""city"":""Belleville"",""county"":""Wayne"",""ghgrp_id"":""1005269"",""zip"":""48111""}"
landfill_1940,Westside Recycling and Disposal Facility,landfill,41.91555000,-85.69200000,MI,EPA_LMOP,"{""address"":""14094 M-60 West"",""city"":""Three Rivers"",""county"":""St. Joseph"",""ghgrp_id"":""1007831"",""zip"":""49093""}"
landfill_12203,Wexford County Landfill,landfill,44.35280000,-85.39940000,MI,EPA_LMOP,"{""address"":""990 US 131 North"",""city"":""Manton"",""county"":""Wexford"",""ghgrp_id"":""1003960"",""zip"":""49663""}"
landfill_2069,White Lake Landfill,landfill,43.40980000,-86.31870000,MI,EPA_LMOP,"{""address"":""3278 East Colby Road"",""city"":""Whitehall"",""county"":""Muskegon"",""zip"":""49461""}"
landfill_1896,Whitefeather Landfill,landfill,43.89630000,-83.94820000,MI,EPA_LMOP,"{""address"":""2401 East Whitefeather Road"",""city"":""Pinconning"",""county"":""Bay"",""ghgrp_id"":""1001993"",""zip"":""48650""}"
landfill_21146,Wood Island Waste Management Inc.,landfill,46.37663000,-86.59535000,MI,EPA_LMOP,"{""address"":""E10081 M-28 East"",""city"":""Wetmore"",""county"":""Alger"",""ghgrp_id"":""1013315"",""zip"":""49895""}"
landfill_1912,Woodland Meadows Landfill,landfill,42.26520000,-83.43150000,MI,EPA_LMOP,"{""address"":""5900 Hannan Road\n39900 Van Born Road (Canton)"",""city"":""Wayne"",""county"":""Wayne"",""ghgrp_id"":""1003582"",""zip"":""48184""}"
landfill_808,Albert Lea Landfill,landfill,43.68200000,-93.38000000,MN,EPA_LMOP,"{""address"":""22590 740th Avenue"",""city"":""Albert Lea"",""county"":""Freeborn"",""zip"":""56007""}"
landfill_809,Anoka-Ramsey Sanitary LF,landfill,45.23930000,-93.42930000,MN,EPA_LMOP,"{""address"":""14730 Sunfish Lake Boulevard NW"",""city"":""Ramsey"",""county"":""Anoka"",""ghgrp_id"":""1011466"",""zip"":""55303""}"
landfill_2147,Becker County SLF,landfill,46.85900000,-95.89120000,MN,EPA_LMOP,"{""address"":""24413 County Road 144"",""city"":""Detroit Lakes"",""county"":""Becker"",""zip"":""56501""}"
landfill_810,Blue Earth County/Ponderosa Sanitary Landfill,landfill,44.12300000,-94.09300000,MN,EPA_LMOP,"{""address"":""20028 Gooseberry Lane"",""city"":""Mankato"",""county"":""Blue Earth"",""ghgrp_id"":""1005032"",""zip"":""56001""}"
landfill_811,Brown County SLF,landfill,44.28100000,-94.59700000,MN,EPA_LMOP,"{""address"":""21933 County Road 11"",""city"":""Sleepy Eye"",""county"":""Brown"",""zip"":""56085""}"
landfill_812,Burnsville SLF,landfill,44.78200000,-93.31900000,MN,EPA_LMOP,"{""address"":""2650 West Cliff Road"",""city"":""Burnsville"",""county"":""Dakota"",""ghgrp_id"":""1007743"",""zip"":""55337""}"
landfill_813,Clay County SLF,landfill,46.83570000,-96.41200000,MN,EPA_LMOP,"{""address"":""3301 190th Street South"",""city"":""Hawley"",""county"":""Clay"",""zip"":""56549""}"
landfill_21137,Cottonwood County Sanitary Landfill,landfill,43.94733700,-95.20322200,MN,EPA_LMOP,"{""address"":""43979 County Highway 22"",""city"":""Windom"",""county"":""Cottonwood"",""zip"":""56101""}"
landfill_814,Crow Wing County SLF,landfill,46.43050000,-94.06830000,MN,EPA_LMOP,"{""address"":""15728 State Highway 210\n6 miles NE of Brainerd"",""city"":""Brainerd"",""county"":""Crow Wing"",""ghgrp_id"":""1004863"",""zip"":""56401""}"
landfill_815,East Central SLF (ECSWC),landfill,45.84607000,-93.35722000,MN,EPA_LMOP,"{""address"":""1756 180th Avenue"",""city"":""Mora"",""county"":""Kanabec"",""ghgrp_id"":""1005860"",""zip"":""55051""}"
landfill_816,Elk River SLF Inc.,landfill,45.37721000,-93.56445000,MN,EPA_LMOP,"{""address"":""22460 Hwy 169 NW"",""city"":""Elk River"",""county"":""Sherburne"",""ghgrp_id"":""1007672"",""zip"":""55330""}"
landfill_826,Flying Cloud SLF,landfill,44.82596000,-93.44797200,MN,EPA_LMOP,"{""address"":""9813 Flying Cloud Drive"",""city"":""Eden Prairie"",""county"":""Hennepin"",""ghgrp_id"":""1004308"",""zip"":""55347""}"
landfill_804,Freeway Landfill,landfill,44.79830000,-93.29260000,MN,EPA_LMOP,"{""address"":""1001 Blackdog Road W."",""city"":""Burnsville"",""county"":""Dakota"",""zip"":""55337""}"
landfill_2228,Hopkins SLF,landfill,44.91100000,-93.42000000,MN,EPA_LMOP,"{""address"":""At end of 7th Street S"",""city"":""Hopkins"",""county"":""Hennepin""}"
landfill_818,Kandiyohi County SLF,landfill,45.27500000,-95.00920000,MN,EPA_LMOP,"{""address"":""15650 Hwy 71 NE"",""city"":""New London"",""county"":""Kandiyohi"",""zip"":""56273""}"
landfill_21202,Lindenfelser Landfill,landfill,45.17826600,-93.68585100,MN,EPA_LMOP,"{""address"":""1890 Kadler Avenue NE"",""city"":""St. Michael"",""county"":""Wright"",""zip"":""55376""}"
landfill_805,Louisville Landfill,landfill,44.76300000,-93.59000000,MN,EPA_LMOP,"{""address"":""3698 130th Street W"",""city"":""Shakopee"",""county"":""Scott"",""ghgrp_id"":""1005549"",""zip"":""55379""}"
landfill_819,Lyon County SLF,landfill,44.34700000,-95.90000000,MN,EPA_LMOP,"{""address"":""2025 220th Avenue\n8 mi SW of Marshall off of Hwy 23"",""city"":""Lynd"",""county"":""Lyon"",""ghgrp_id"":""1005280"",""zip"":""56157""}"
landfill_21138,Mar-Kit Sanitary Landfill,landfill,48.78330800,-96.81644900,MN,EPA_LMOP,"{""address"":""2650 290th Avenue"",""city"":""Hallock"",""county"":""Kittson"",""zip"":""56728""}"
landfill_20706,Morrison County Landfill,landfill,45.93370000,-94.30300000,MN,EPA_LMOP,"{""address"":""17502 Iris Road\nCounty Road 35"",""city"":""Little Falls"",""county"":""Morrison"",""ghgrp_id"":""1004060"",""zip"":""56345""}"
landfill_21139,Nobles County Landfill Inc.,landfill,43.67271500,-95.75608400,MN,EPA_LMOP,"{""address"":""24777 220th Street"",""city"":""Rushmore"",""county"":""Nobles"",""zip"":""56168""}"
landfill_2149,Olmsted County/Kalmar LF,landfill,44.04600000,-92.58800000,MN,EPA_LMOP,"{""address"":""7401 19th Street NW"",""city"":""Rochester"",""county"":""Olmsted"",""ghgrp_id"":""1006033"",""zip"":""55901""}"
landfill_820,Pine Bend Landfill,landfill,44.77917000,-93.05711000,MN,EPA_LMOP,"{""address"":""2495 East 117th Street"",""city"":""Inver Grove Heights"",""county"":""Dakota"",""ghgrp_id"":""1002059"",""zip"":""55077""}"
landfill_821,Polk County SLF,landfill,47.77770000,-96.38360000,MN,EPA_LMOP,"{""address"":""15764 270th Street SW\nEast of Crookston"",""city"":""Crookston"",""county"":""Polk"",""zip"":""56716""}"
landfill_822,Rice County SLF,landfill,44.37770000,-93.22660000,MN,EPA_LMOP,"{""address"":""3800 East 145th Street"",""city"":""Dundas"",""county"":""Rice"",""ghgrp_id"":""1005335"",""zip"":""55019""}"
landfill_817,Rolling Hills Landfill Inc.,landfill,45.24400000,-93.88800000,MN,EPA_LMOP,"{""address"":""175 County Road 37 NE"",""city"":""Buffalo"",""county"":""Wright"",""ghgrp_id"":""1001843"",""zip"":""55313""}"
landfill_806,Roseau County LF,landfill,48.85000000,-95.53500000,MN,EPA_LMOP,"{""address"":""31660 County Road #13"",""city"":""Salol"",""county"":""Roseau"",""zip"":""56756""}"
landfill_1993,Spruce Ridge Landfill,landfill,44.81586000,-94.24837000,MN,EPA_LMOP,"{""address"":""12755 137th Street"",""city"":""Glencoe"",""county"":""McLeod"",""ghgrp_id"":""1007742"",""zip"":""55336""}"
landfill_21140,St. Louis County Regional Landfill,landfill,47.52743400,-92.48522700,MN,EPA_LMOP,"{""address"":""5341 Landfill Road"",""city"":""Virginia"",""county"":""St. Louis"",""zip"":""55792""}"
landfill_823,Steele County SLF,landfill,43.95200000,-93.10580000,MN,EPA_LMOP,"{""address"":""9420 SE 64th Avenue"",""city"":""Blooming Prairie"",""county"":""Steele"",""ghgrp_id"":""1011916"",""zip"":""55917""}"
landfill_1950,Washington County Landfill,landfill,45.00750000,-92.92120000,MN,EPA_LMOP,"{""address"":""Lake Jane Road & Jamaca Avenue"",""city"":""Lake Elmo"",""county"":""Washington"",""zip"":""55042""}"
landfill_2227,Waste Disposal Engineering (WDE) SLF,landfill,45.22800000,-93.31200000,MN,EPA_LMOP,"{""address"":""14435 NW Crosstown Boulevard"",""city"":""Andover"",""county"":""Anoka"",""zip"":""55304""}"
landfill_824,WLSSD SLF,landfill,46.85400000,-92.16000000,MN,EPA_LMOP,"{""address"":""4857 Ridgeview Road"",""city"":""Duluth"",""county"":""St. Louis"",""ghgrp_id"":""1005666"",""zip"":""55811""}"
landfill_807,Woodlake SLF,landfill,45.04220000,-93.62490000,MN,EPA_LMOP,"{""address"":""4000 Hamel Road"",""city"":""Medina"",""county"":""Hennepin"",""ghgrp_id"":""1005545"",""zip"":""55340""}"
landfill_853,3M Company Nevada Missouri Plant SLF,landfill,37.83110000,-94.33420000,MO,EPA_LMOP,"{""county"":""Vernon""}"
landfill_854,A & M SLF,landfill,38.49870000,-94.10110000,MO,EPA_LMOP,"{""address"":""339th Street"",""city"":""Creighton"",""county"":""Cass""}"
landfill_855,Atchison County SLF,landfill,40.42460000,-95.45560000,MO,EPA_LMOP,"{""address"":""Highway 136"",""city"":""Rock Port"",""county"":""Atchison""}"
landfill_918,Ava Missouri SLF,landfill,36.98320000,-92.61740000,MO,EPA_LMOP,"{""address"":""Highway 14"",""city"":""Ava"",""county"":""Douglas""}"
landfill_843,Backridge Landfill,landfill,40.01600000,-91.52300000,MO,EPA_LMOP,"{""address"":""26265 State Highway B"",""city"":""La Grange"",""county"":""Lewis"",""ghgrp_id"":""1003412"",""zip"":""63448""}"
landfill_911,Bernie SLF,landfill,36.70790000,-90.02110000,MO,EPA_LMOP,"{""county"":""Stoddard""}"
landfill_827,Black Oak Landfill,landfill,37.23980000,-92.45850000,MO,EPA_LMOP,"{""address"":""5054 Highway HH"",""city"":""Hartville"",""county"":""Wright"",""ghgrp_id"":""1005518"",""zip"":""65667""}"
landfill_856,Boonville SLF,landfill,38.97700000,-92.71580000,MO,EPA_LMOP,"{""city"":""Boonville"",""county"":""Cooper""}"
landfill_851,Bridgeton Landfill,landfill,38.76500000,-90.44500000,MO,EPA_LMOP,"{""address"":""13570 St. Charles Rock Road"",""city"":""Bridgeton"",""county"":""St. Louis"",""ghgrp_id"":""1007026"",""zip"":""63044""}"
landfill_828,Butler County Landfill,landfill,36.88588000,-90.31130000,MO,EPA_LMOP,"{""address"":""6038 Highway T"",""city"":""Poplar Bluff"",""county"":""Butler"",""ghgrp_id"":""1004355"",""zip"":""63901""}"
landfill_857,Cape Girardeau SLF,landfill,37.35130000,-89.48900000,MO,EPA_LMOP,"{""county"":""Cape Girardeau""}"
landfill_829,Central Missouri SLF,landfill,38.72530000,-93.28700000,MO,EPA_LMOP,"{""address"":""24461 Oak Grove Lane\n21469 Highway 50 West"",""city"":""Sedalia"",""county"":""Pettis"",""ghgrp_id"":""1003514"",""zip"":""65301""}"
landfill_858,Centralia SLF,landfill,39.21710000,-92.11830000,MO,EPA_LMOP,"{""county"":""Boone""}"
landfill_906,Centropolis SLF,landfill,39.06810000,-94.49480000,MO,EPA_LMOP,"{""county"":""Jackson""}"
landfill_832,Champ Landfill,landfill,38.74300000,-90.46000000,MO,EPA_LMOP,"{""address"":""2305 Creve Coeur Mill Road"",""city"":""Maryland Heights"",""county"":""St. Louis"",""ghgrp_id"":""1008252"",""zip"":""63043""}"
landfill_874,City of Maryville Sanitary Landfill,landfill,40.37000000,-94.87550000,MO,EPA_LMOP,"{""address"":""North Main Street"",""city"":""Maryville"",""county"":""Nodaway"",""zip"":""64468""}"
landfill_21147,City of Washington Sanitary Landfill,landfill,38.58715900,-91.05717900,MO,EPA_LMOP,"{""address"":""925 Struckhoff Lane"",""city"":""Washington"",""county"":""Franklin"",""zip"":""63090""}"
landfill_830,Columbia SLF,landfill,39.01440000,-92.25410000,MO,EPA_LMOP,"{""address"":""5700 Peabody Road"",""city"":""Columbia"",""county"":""Boone"",""ghgrp_id"":""1003969"",""zip"":""65202""}"
landfill_2290,"Courtney Ridge Landfill, LLC",landfill,39.14108700,-94.38847200,MO,EPA_LMOP,"{""address"":""2001 N. Courtney Road"",""city"":""Sugar Creek"",""county"":""Jackson"",""ghgrp_id"":""1007631"",""zip"":""64050""}"
landfill_890,Eagle Ridge Sanitary Landfill,landfill,39.42140000,-91.21820000,MO,EPA_LMOP,"{""address"":""13100 Hwy VV\n2.5 miles east of Hwy 61 off of exit UU"",""city"":""Bowling Green"",""county"":""Pike"",""ghgrp_id"":""1005795"",""zip"":""63334""}"
landfill_831,Ellis-Scott Landfill,landfill,38.48250000,-93.76450000,MO,EPA_LMOP,"{""address"":""61 NW 850"",""city"":""Clinton"",""county"":""Henry"",""zip"":""64735""}"
landfill_862,Farmer's Stone Product Company SLF,landfill,39.74190000,-93.71620000,MO,EPA_LMOP,"{""city"":""Mooresville"",""county"":""Livingston"",""zip"":""64664""}"
landfill_909,Fort Leonard Wood SLF,landfill,37.72594400,-92.12538500,MO,EPA_LMOP,"{""city"":""Fort Leonard Wood"",""county"":""Pulaski"",""ghgrp_id"":""1004604"",""zip"":""65473""}"
landfill_863,Fulton SLF,landfill,38.81590000,-92.01410000,MO,EPA_LMOP,"{""address"":""6797 County Road 305"",""city"":""Fulton"",""county"":""Callaway"",""zip"":""65251""}"
landfill_866,Hannibal SLF,landfill,39.66120200,-91.50656500,MO,EPA_LMOP,"{""address"":""Kiowa Drive"",""county"":""Ralls""}"
landfill_867,Henderson Sanitary Landfill,landfill,40.14660000,-93.38720000,MO,EPA_LMOP,"{""city"":""Galt"",""county"":""Grundy"",""zip"":""64641""}"
landfill_12208,IESI Timber Ridge Landfill,landfill,38.17200000,-90.77000000,MO,EPA_LMOP,"{""address"":""12581 State Highway H"",""city"":""Richwoods"",""county"":""Washington"",""ghgrp_id"":""1002141"",""zip"":""63071""}"
landfill_870,Jackson County Landfill,landfill,37.36950000,-89.73630000,MO,EPA_LMOP,"{""address"":""Mica Lane"",""city"":""Jackson"",""county"":""Cape Girardeau"",""zip"":""63755""}"
landfill_835,Jefferson City Sanitary Landfill,landfill,38.54350000,-92.10000000,MO,EPA_LMOP,"{""address"":""5605 Moreau River Access Road"",""city"":""Jefferson City"",""county"":""Cole"",""ghgrp_id"":""1003624"",""zip"":""65101""}"
landfill_833,Johnson County Landfill,landfill,38.72605600,-93.66720400,MO,EPA_LMOP,"{""address"":""230 SE 421"",""city"":""Warrensburg"",""county"":""Johnson"",""zip"":""64093""}"
landfill_872,Lake City Army Ammun Plant SLF,landfill,39.09000000,-94.24900000,MO,EPA_LMOP,"{""city"":""Independence"",""county"":""Jackson"",""zip"":""64051""}"
landfill_2425,Lamar Landfill,landfill,37.54700000,-94.30100000,MO,EPA_LMOP,"{""address"":""Hwy 71 & DD"",""city"":""Lamar"",""county"":""Barton"",""zip"":""64759""}"
landfill_836,Lee's Summit SLF,landfill,38.86962000,-94.35622000,MO,EPA_LMOP,"{""address"":""2101 SE Hamblen Road"",""city"":""Lee's Summit"",""county"":""Jackson"",""ghgrp_id"":""1002546"",""zip"":""64082""}"
landfill_838,Lemons East Sanitary Landfill / Lemons West Landfill,landfill,36.83277100,-89.94120000,MO,EPA_LMOP,"{""address"":""15250 Old Bloomfield Road"",""city"":""Dexter"",""county"":""Stoddard"",""ghgrp_id"":""1007023"",""zip"":""63841""}"
landfill_892,Maple Hill Landfill Inc.,landfill,39.73410000,-92.53870000,MO,EPA_LMOP,"{""address"":""31226 Intrepid Road"",""city"":""Macon"",""county"":""Macon"",""ghgrp_id"":""1003038"",""zip"":""63552""}"
landfill_839,Midwest Landfill,landfill,38.34380000,-90.83080000,MO,EPA_LMOP,"{""address"":""Highway N & Wardfield Road"",""city"":""Lonedell"",""county"":""Franklin"",""zip"":""63072""}"
landfill_848,Missouri Pass Landfill,landfill,38.70767000,-90.41661300,MO,EPA_LMOP,"{""address"":""2520 Adie Road"",""city"":""Maryland Heights"",""county"":""St. Louis"",""ghgrp_id"":""1007886"",""zip"":""63043""}"
landfill_876,Moberly Municipal SLF,landfill,39.47700000,-92.50800000,MO,EPA_LMOP,"{""address"":""Off Missouri DD\n5 mi NW of town"",""city"":""Moberly"",""county"":""Randolph"",""zip"":""65270""}"
landfill_840,Newton McDonald County Landfill Inc.,landfill,36.80750000,-94.37490000,MO,EPA_LMOP,"{""address"":""525 Austin Avenue"",""city"":""Neosho"",""county"":""Newton"",""ghgrp_id"":""1011339"",""zip"":""64850""}"
landfill_841,Northside Sanitary Landfill,landfill,38.52210000,-90.94920000,MO,EPA_LMOP,"{""address"":""4561 St. Johns Road"",""city"":""Washington"",""county"":""Franklin"",""zip"":""63090""}"
landfill_850,Oak Ridge Landfill,landfill,38.55868000,-90.52660000,MO,EPA_LMOP,"{""address"":""1741 Sulphur Spring Road"",""city"":""Ballwin"",""county"":""St. Louis"",""ghgrp_id"":""1006979"",""zip"":""63021""}"
landfill_884,"Phelps County Landfill, Inc.",landfill,37.99399000,-91.70616000,MO,EPA_LMOP,"{""city"":""Rolla"",""county"":""Phelps""}"
landfill_20859,Plattco/Riverview,landfill,39.21800000,-94.79500000,MO,EPA_LMOP,"{""address"":""16450 NW River Road"",""city"":""Parkview"",""county"":""Platte"",""ghgrp_id"":""1007057"",""zip"":""64152""}"
landfill_21135,Prairie Valley Landfill,landfill,38.12080200,-91.42934800,MO,EPA_LMOP,"{""address"":""3975 Highway 19 North"",""city"":""Cuba"",""county"":""Crawford"",""ghgrp_id"":""1013030"",""zip"":""64543""}"
landfill_834,Prairie View Regional Waste Facility,landfill,37.55100000,-94.31100000,MO,EPA_LMOP,"{""address"":""16 East State Highway  Dd"",""city"":""Lamar"",""county"":""Barton"",""ghgrp_id"":""1007632"",""zip"":""64759""}"
landfill_2078,Redbird Landfill,landfill,38.45013000,-90.40688300,MO,EPA_LMOP,"{""address"":""1700 Cecos Lane"",""city"":""Arnold"",""county"":""Jefferson"",""zip"":""63010""}"
landfill_929,Rumble Landfill #2,landfill,39.14050000,-94.40000000,MO,EPA_LMOP,"{""address"":""2031 N. Courtney Road W. of Hwy 291"",""city"":""Sugar Creek"",""county"":""Jackson"",""ghgrp_id"":""1003871"",""zip"":""64050""}"
landfill_885,Rye Creek SLF,landfill,40.19310000,-92.58161000,MO,EPA_LMOP,"{""city"":""Kirksville"",""county"":""Adair"",""zip"":""63501""}"
landfill_844,Show-Me Regional Landfill,landfill,38.72586000,-93.66711000,MO,EPA_LMOP,"{""address"":""230 SE 421 Road"",""city"":""Warrensburg"",""county"":""Johnson"",""ghgrp_id"":""1007060"",""zip"":""64093""}"
landfill_845,Southeast SLF,landfill,38.97670000,-94.54350000,MO,EPA_LMOP,"{""address"":""8301 Indiana Avenue"",""city"":""Kansas City"",""county"":""Jackson"",""ghgrp_id"":""1004312"",""zip"":""64132""}"
landfill_846,Springfield Sanitary Landfill,landfill,37.38500000,-93.35000000,MO,EPA_LMOP,"{""address"":""3545 W. Farm Road 34"",""city"":""Willard"",""county"":""Greene"",""ghgrp_id"":""1002906"",""zip"":""65781""}"
landfill_847,St. Joseph City SLF,landfill,39.67140000,-94.77300000,MO,EPA_LMOP,"{""address"":""9431 50th Road SE"",""city"":""St. Joseph"",""county"":""Buchanan"",""ghgrp_id"":""1001925"",""zip"":""64507""}"
landfill_897,Wayne County Landfill,landfill,37.12720000,-90.44500000,MO,EPA_LMOP,"{""address"":""Highway E"",""city"":""Greenville"",""county"":""Wayne"",""zip"":""63944""}"
landfill_852,Woods Chapel SLF,landfill,39.04250000,-94.32300000,MO,EPA_LMOP,"{""address"":""24415 E. 39th Street"",""city"":""Blue Springs"",""county"":""Jackson"",""zip"":""64015""}"
landfill_1952,Big River Landfill,landfill,33.40630000,-90.96060000,MS,EPA_LMOP,"{""address"":""52 Landfill Road"",""city"":""Leland"",""county"":""Washington"",""ghgrp_id"":""1006223"",""zip"":""38756""}"
landfill_2146,Byram Landfill,landfill,32.15500000,-90.27000000,MS,EPA_LMOP,"{""address"":""6810 I-55 South Frontage Road"",""city"":""Jackson"",""county"":""Hinds"",""zip"":""39212""}"
landfill_2144,Central Landfill,landfill,30.70730000,-89.60170000,MS,EPA_LMOP,"{""address"":""8800 Highway 11 North"",""city"":""McNeill"",""county"":""Pearl River"",""ghgrp_id"":""1007707"",""zip"":""39470""}"
landfill_1954,City of Canton SLF,landfill,32.59700000,-90.06647000,MS,EPA_LMOP,"{""address"":""303 Soldier Colony Road"",""city"":""Canton"",""county"":""Madison"",""ghgrp_id"":""1006544"",""zip"":""39046""}"
landfill_1955,City of Durant LF,landfill,33.13000000,-89.86200000,MS,EPA_LMOP,"{""address"":""100 Huckleberry Road"",""city"":""Durant"",""county"":""Holmes"",""zip"":""39063""}"
landfill_1956,City of Louisville Solid Waste Landfill,landfill,33.16650000,-89.05500000,MS,EPA_LMOP,"{""address"":""3698 Landfill Road"",""city"":""Louisville"",""county"":""Winston"",""zip"":""39339""}"
landfill_1957,Clearview Environmental Control Facility,landfill,32.23540000,-89.37230000,MS,EPA_LMOP,"{""address"":""2253 Mudline Road"",""city"":""Lake"",""county"":""Scott"",""ghgrp_id"":""1000217"",""zip"":""39092""}"
landfill_1995,Columbus SLF,landfill,33.46890000,-88.35000000,MS,EPA_LMOP,"{""address"":""Armstrong Road"",""city"":""Columbus"",""county"":""Lowndes"",""zip"":""39702""}"
landfill_1958,Golden Triangle Regional Landfill,landfill,33.52830000,-88.67240000,MS,EPA_LMOP,"{""address"":""2505 Old West Point Road"",""city"":""Starkville"",""county"":""Oktibbeha"",""ghgrp_id"":""1005964"",""zip"":""39759""}"
landfill_1975,Gulf Pines LF,landfill,30.49044600,-88.94270700,MS,EPA_LMOP,"{""address"":""14543 Hudson Krohn Road"",""city"":""Biloxi"",""county"":""Harrison"",""ghgrp_id"":""1006117"",""zip"":""39532""}"
landfill_1959,Jefferson County LF,landfill,31.65200000,-91.14400000,MS,EPA_LMOP,"{""address"":""4335 Highway 61 S"",""city"":""Fayette"",""county"":""Jefferson"",""zip"":""39069""}"
landfill_1972,Kemper County Solid Waste Landfill,landfill,32.79820000,-88.57260000,MS,EPA_LMOP,"{""address"":""Highway 16"",""city"":""De Kalb"",""county"":""Kemper"",""zip"":""39328""}"
landfill_1960,Leflore County Landfill,landfill,33.44560000,-90.20780000,MS,EPA_LMOP,"{""address"":""15200 Highway 49 E. South"",""city"":""Sidon"",""county"":""Leflore"",""ghgrp_id"":""1006851"",""zip"":""38954""}"
landfill_1961,Little Dixie Landfill,landfill,32.40880000,-90.24325000,MS,EPA_LMOP,"{""address"":""1716 N County Line Road"",""city"":""Ridgeland"",""county"":""Madison"",""ghgrp_id"":""1006302"",""zip"":""39157""}"
landfill_1962,MacLand Landfill,landfill,30.50414000,-88.53250000,MS,EPA_LMOP,"{""address"":""11300 Highway 63 N"",""city"":""Moss Point"",""county"":""Jackson"",""ghgrp_id"":""1010379"",""zip"":""39562""}"
landfill_1973,Northeast Mississippi Regional Landfill,landfill,34.94770000,-88.93775000,MS,EPA_LMOP,"{""address"":""2941 County Road 302"",""city"":""Walnut"",""county"":""Tippah"",""ghgrp_id"":""1005282"",""zip"":""38683""}"
landfill_1963,Pecan Grove Sanitary Landfill,landfill,30.42700000,-89.26690000,MS,EPA_LMOP,"{""address"":""9685 Firetower Road"",""city"":""Pass Christian"",""county"":""Harrison"",""ghgrp_id"":""1007890"",""zip"":""39571""}"
landfill_1964,Pine Belt Regional Landfill,landfill,31.40560000,-89.09380000,MS,EPA_LMOP,"{""address"":""5274 Highway 29 S"",""city"":""Ovett"",""county"":""Perry"",""ghgrp_id"":""1010773"",""zip"":""39464""}"
landfill_1965,Pine Ridge Sanitary Landfill,landfill,32.37540000,-88.61020000,MS,EPA_LMOP,"{""address"":""520 Murphy Road"",""city"":""Meridian"",""county"":""Lauderdale"",""ghgrp_id"":""1005165"",""zip"":""39301""}"
landfill_1966,Plantation Oaks Sanitary Landfill,landfill,31.35760000,-91.39540000,MS,EPA_LMOP,"{""address"":""35 Shieldsboro Road"",""city"":""Sibley"",""county"":""Adams"",""ghgrp_id"":""1003399"",""zip"":""39165""}"
landfill_2426,Pleasant Hills,landfill,34.93660000,-89.89250000,MS,EPA_LMOP,"{""address"":""5255 Sandridge"",""city"":""Olive Branch"",""county"":""DeSoto"",""zip"":""38654""}"
landfill_1967,Prairie Bluff Sanitary Landfill,landfill,33.95850000,-88.99210000,MS,EPA_LMOP,"{""address"":""1649 Highway 15 N"",""city"":""Houston"",""county"":""Chickasaw"",""ghgrp_id"":""1007891"",""zip"":""38851""}"
landfill_21399,Quad County Municipal Landfill,landfill,34.99311100,-89.65013900,MS,EPA_LMOP,"{""address"":""850 Wingo Road"",""city"":""Byhalia"",""county"":""Marshall"",""ghgrp_id"":""1013940"",""zip"":""38611""}"
landfill_1968,Three Rivers Regional Landfill,landfill,34.29507300,-89.05831300,MS,EPA_LMOP,"{""address"":""1904 Pontotoc Pkwy, West"",""city"":""Pontotoc"",""county"":""Pontotoc"",""ghgrp_id"":""1002547"",""zip"":""38863""}"
landfill_1969,Tunica Landfill,landfill,34.78770000,-90.24830000,MS,EPA_LMOP,"{""address"":""6035 Bowdre Road"",""city"":""Robinsonville"",""county"":""Tunica"",""ghgrp_id"":""1007683"",""zip"":""38664""}"
landfill_21007,Beaverhead County Landfill,landfill,45.22000000,-112.71800000,MT,EPA_LMOP,"{""address"":""3801 Ten Mile Road"",""city"":""Dillon"",""county"":""Beaverhead"",""zip"":""59725""}"
landfill_2141,Billings City Landfill,landfill,45.72540000,-108.54500000,MT,EPA_LMOP,"{""address"":""5240 Jellison Road"",""city"":""Billings"",""county"":""Yellowstone"",""ghgrp_id"":""1000477"",""zip"":""59101""}"
landfill_21008,Butte-Silver Bow Landfill,landfill,46.02330000,-112.61500000,MT,EPA_LMOP,"{""address"":""121074 North Browns Gulch Road"",""city"":""Butte"",""county"":""Silver Bow"",""zip"":""59701""}"
landfill_1989,City of Bozeman SLF,landfill,45.71700000,-111.02400000,MT,EPA_LMOP,"{""address"":""2134 Story Mill Road"",""city"":""Bozeman"",""county"":""Gallatin"",""ghgrp_id"":""1003987"",""zip"":""59715""}"
landfill_21009,City of Glendive Sanitary Landfill,landfill,47.10350000,-104.69290000,MT,EPA_LMOP,"{""address"":""801 East Brennan Street"",""city"":""Glendive"",""county"":""Dawson"",""zip"":""59330""}"
landfill_21010,City of Hardin Landfill,landfill,45.73550000,-107.52400000,MT,EPA_LMOP,"{""address"":""3794 East Sarpy Road"",""city"":""Hardin"",""county"":""Big Horn"",""zip"":""59034""}"
landfill_21011,City of Malta Landfill,landfill,48.32220000,-107.86680000,MT,EPA_LMOP,"{""address"":""2124 Short Oil Road"",""city"":""Malta"",""county"":""Phillips"",""zip"":""59538""}"
landfill_21012,City of Shelby Landfill,landfill,48.50970000,-111.83580000,MT,EPA_LMOP,"{""address"":""50 City Shop Road"",""city"":""Shelby"",""county"":""Toole"",""zip"":""59474""}"
landfill_21013,City of Wolf Point,landfill,48.09930000,-105.66150000,MT,EPA_LMOP,"{""address"":""Eleventh Avenue North"",""city"":""Wolf Point"",""county"":""Roosevelt"",""zip"":""59201""}"
landfill_21014,Coral Creek Landfill,landfill,46.30160000,-104.20500000,MT,EPA_LMOP,"{""address"":""721 Coral Creek Road"",""city"":""Baker"",""county"":""Fallon"",""zip"":""59313""}"
landfill_21015,Daniels County Landfill,landfill,48.77650000,-105.41000000,MT,EPA_LMOP,"{""address"":""713 C Street"",""city"":""Scobey"",""county"":""Daniels"",""zip"":""59263""}"
landfill_21016,Deer Lodge Disposal District,landfill,46.36570000,-112.70790000,MT,EPA_LMOP,"{""address"":""2324 Boulder Road"",""city"":""Deer Lodge"",""county"":""Powell"",""zip"":""59722""}"
landfill_2287,Flathead County Landfill,landfill,48.31170000,-114.34400000,MT,EPA_LMOP,"{""address"":""4098 Hwy 93 N"",""city"":""Kalispell"",""county"":""Flathead"",""ghgrp_id"":""1007460"",""zip"":""59901""}"
landfill_20707,Gallatin County Logan Landfill,landfill,45.87462000,-111.41042000,MT,EPA_LMOP,"{""address"":""10585 Two Dog Road"",""city"":""Three Forks"",""county"":""Gallatin"",""ghgrp_id"":""1006805"",""zip"":""59752""}"
landfill_2140,High Plains SLF,landfill,47.62667000,-111.18900000,MT,EPA_LMOP,"{""address"":""142 Powerline Road\n9 miles N of Great Falls, 1 mile E of US 87"",""city"":""Floweree"",""county"":""Cascade"",""ghgrp_id"":""1006766"",""zip"":""59440""}"
landfill_21017,Hill County Landfill,landfill,48.54050000,-109.58600000,MT,EPA_LMOP,"{""address"":""7055 County Road 451 SE"",""city"":""Havre"",""county"":""Hill"",""zip"":""59501""}"
landfill_20856,Lake County Landfill,landfill,47.66386200,-114.20784600,MT,EPA_LMOP,"{""address"":""39276 Kerr Dam Road"",""city"":""Polson"",""county"":""Lake"",""ghgrp_id"":""1004881"",""zip"":""59860""}"
landfill_21018,Lewis & Clark County Landfill,landfill,46.67190000,-111.87800000,MT,EPA_LMOP,"{""address"":""4075 Deal Lane"",""city"":""Helena"",""county"":""Lewis and Clark"",""ghgrp_id"":""1004538"",""zip"":""59602""}"
landfill_21019,Libby Class II Landfill,landfill,48.42600000,-115.56180000,MT,EPA_LMOP,"{""address"":""2501 Pipe Creek Road"",""city"":""Libby"",""county"":""Lincoln"",""zip"":""59923""}"
landfill_21020,Miles City Area Solid Waste District,landfill,46.41020000,-105.78680000,MT,EPA_LMOP,"{""address"":""4752 Leighton Boulevard"",""city"":""Miles City"",""county"":""Custer"",""zip"":""59301""}"
landfill_2139,Missoula Landfill,landfill,46.90280000,-114.01100000,MT,EPA_LMOP,"{""address"":""3737 Coal Mine Road"",""city"":""Missoula"",""county"":""Missoula"",""ghgrp_id"":""1004013"",""zip"":""59802""}"
landfill_21021,Northern Montana Joint Refuse Disposal District - Conrad,landfill,48.30200000,-111.98500000,MT,EPA_LMOP,"{""address"":""1479 Valier Hwy"",""city"":""Conrad"",""county"":""Pondera"",""zip"":""59486""}"
landfill_21022,Park County Landfill,landfill,45.68500000,-110.49000000,MT,EPA_LMOP,"{""address"":""39 Chicken Creek Lane"",""city"":""Livingston"",""county"":""Park"",""zip"":""59047""}"
landfill_21023,Richland County Landfill,landfill,47.85090000,-104.27620000,MT,EPA_LMOP,"{""address"":""13436 Highway 16"",""city"":""Sidney"",""county"":""Richland"",""zip"":""59270""}"
landfill_21024,Rosebud County Landfill,landfill,45.95800000,-106.66500000,MT,EPA_LMOP,"{""address"":""4 miles N of Colstrip on Hwy 39"",""city"":""Colstrip"",""county"":""Rosebud"",""zip"":""59323""}"
landfill_21025,Sheridan County Landfill,landfill,48.75620000,-104.59200000,MT,EPA_LMOP,"{""address"":""201 Mann Road"",""city"":""Plentywood"",""county"":""Sheridan"",""zip"":""59254""}"
landfill_21026,Town of Chester,landfill,48.50430000,-110.94800000,MT,EPA_LMOP,"{""address"":""Dump Road"",""city"":""Chester"",""county"":""Liberty"",""zip"":""59522""}"
landfill_21027,Valley County Landfill,landfill,48.18930000,-106.56500000,MT,EPA_LMOP,"{""address"":""115 Landfill Road"",""city"":""Glasgow"",""county"":""Valley"",""zip"":""59230""}"
landfill_20899,Valley View Landfill,landfill,46.56937000,-111.90459000,MT,EPA_LMOP,"{""address"":""300 Highway 518"",""city"":""East Helena"",""county"":""Lewis and Clark"",""ghgrp_id"":""1005419"",""zip"":""59635""}"
landfill_1046,Alamance County Landfill,landfill,35.93083000,-79.29667000,NC,EPA_LMOP,"{""address"":""2701 Austin Quarter Road SR-2148"",""city"":""Graham"",""county"":""Alamance"",""ghgrp_id"":""1005138"",""zip"":""27253""}"
landfill_1041,Alexander County Landfill,landfill,35.90050000,-81.21320000,NC,EPA_LMOP,"{""address"":""2500 Paynes Dairy Road"",""city"":""Taylorsville"",""county"":""Alexander"",""zip"":""28681""}"
landfill_1042,Alleghany County LF,landfill,36.49357000,-81.14299000,NC,EPA_LMOP,"{""address"":""431 Osborne Road"",""city"":""Sparta"",""county"":""Alleghany""}"
landfill_1043,Anderson Creek LF Harnett County,landfill,35.32770000,-78.93170000,NC,EPA_LMOP,"{""address"":""NC State Road 1164 Poplar Drive"",""city"":""Anderson Creek"",""county"":""Harnett"",""zip"":""27546""}"
landfill_1044,Anson County LF,landfill,34.93520000,-79.93670000,NC,EPA_LMOP,"{""address"":""Highway 74 West"",""city"":""Lilesville"",""county"":""Anson""}"
landfill_2424,Anson County Waste Management Facility,landfill,34.97300000,-80.25700000,NC,EPA_LMOP,"{""address"":""375 Dozer Drive\n(375 Allied Road)"",""city"":""Polkton"",""county"":""Anson"",""ghgrp_id"":""1002236"",""zip"":""28135""}"
landfill_1045,Ashe County Landfill,landfill,36.52100000,-81.36800000,NC,EPA_LMOP,"{""address"":""729 Fred Pugh Road"",""city"":""Crumpler"",""county"":""Ashe"",""zip"":""28617""}"
landfill_1047,Avery County LF,landfill,35.95150000,-81.98650000,NC,EPA_LMOP,"{""address"":""2175 Brushy Creek Road"",""city"":""Spruce Pine"",""county"":""Avery"",""zip"":""28777""}"
landfill_1059,Blackburn SLF,landfill,35.60770000,-81.31000000,NC,EPA_LMOP,"{""address"":""4017 Rocky Ford Road"",""city"":""Newton"",""county"":""Catawba"",""ghgrp_id"":""1001943"",""zip"":""28658""}"
landfill_1050,Bladen County LF,landfill,34.64860000,-78.57370000,NC,EPA_LMOP,"{""city"":""Elizabethtown"",""county"":""Bladen"",""zip"":""28337""}"
landfill_1051,Brunswick County LF,landfill,34.05640000,-78.17020000,NC,EPA_LMOP,"{""address"":""179 March 9 1764 Dr NE"",""city"":""Bolivia"",""county"":""Brunswick"",""zip"":""28422""}"
landfill_2142,Buncombe County New Landfill,landfill,35.72720000,-82.64400000,NC,EPA_LMOP,"{""address"":""85 Panther Branch Road"",""city"":""Alexander"",""county"":""Buncombe"",""ghgrp_id"":""1001775"",""zip"":""28701""}"
landfill_1052,Buncombe County Old Landfill,landfill,35.66100000,-82.60800000,NC,EPA_LMOP,"{""address"":""Highway 251"",""city"":""Woodfin"",""county"":""Buncombe"",""ghgrp_id"":""1006406"",""zip"":""28804""}"
landfill_1055,Caldwell County Mt. Herman Landfill,landfill,35.87695000,-81.46723600,NC,EPA_LMOP,"{""address"":""1200 Drag Strip Road"",""city"":""Hudson"",""county"":""Caldwell"",""zip"":""28638""}"
landfill_1056,Canton LF-Haywood County,landfill,35.52493000,-82.82085000,NC,EPA_LMOP,"{""address"":""SR 1854"",""city"":""Canton"",""county"":""Haywood"",""zip"":""28716""}"
landfill_1058,Caswell County LF,landfill,36.43950000,-79.36440000,NC,EPA_LMOP,"{""address"":""162 Landfill Road"",""city"":""Yanceyville"",""county"":""Caswell"",""zip"":""27379""}"
landfill_1071,Charlotte Motor Speedway Landfill V,landfill,35.34570000,-80.68260000,NC,EPA_LMOP,"{""address"":""5105 Morehead Road"",""city"":""Concord"",""county"":""Cabarrus"",""ghgrp_id"":""1003099"",""zip"":""28027""}"
landfill_1060,Chatham County LF,landfill,35.74010000,-79.26471000,NC,EPA_LMOP,"{""address"":""720 County Landfill Road"",""city"":""Pittsboro"",""county"":""Chatham"",""zip"":""27312""}"
landfill_1061,Cherokee County Landfill,landfill,35.17883000,-83.90334000,NC,EPA_LMOP,"{""address"":""5610 Fairview Road (SR 1515)"",""city"":""Marble"",""county"":""Cherokee"",""zip"":""28905""}"
landfill_11501,Cherokee County Subtitle D MSW Facility,landfill,35.17860000,-83.91000000,NC,EPA_LMOP,"{""address"":""10160 US 19"",""city"":""Marble"",""county"":""Cherokee"",""zip"":""28905""}"
landfill_1062,City of Albemarle LF,landfill,35.30559600,-80.15266500,NC,EPA_LMOP,"{""address"":""40592B Stony Gap Road"",""city"":""Albemarle"",""county"":""Stanly"",""ghgrp_id"":""1005594"",""zip"":""28001""}"
landfill_1063,City of Durham SLF,landfill,36.02604000,-78.85641000,NC,EPA_LMOP,"{""address"":""2115 E. Club Boulevard"",""city"":""Durham"",""county"":""Durham"",""ghgrp_id"":""1007078"",""zip"":""27704""}"
landfill_1064,City of Greensboro White Street Landfill,landfill,36.10700000,-79.73000000,NC,EPA_LMOP,"{""address"":""2503 White Street"",""city"":""Greensboro"",""county"":""Guilford"",""ghgrp_id"":""1006978"",""zip"":""27405""}"
landfill_1069,Cleveland County LF,landfill,35.32870000,-81.47700000,NC,EPA_LMOP,"{""address"":""1609 Airport Road\n250 Fielding Road"",""city"":""Shelby"",""county"":""Cleveland"",""ghgrp_id"":""1005825"",""zip"":""28150""}"
landfill_1070,Cliffside South Rutherford County LF,landfill,35.27000000,-81.80600000,NC,EPA_LMOP,"{""address"":""SR 2138 Avondale Landfill Road"",""city"":""Forest City"",""county"":""Rutherford"",""zip"":""28043""}"
landfill_1072,"Columbus County, ARS",landfill,34.29410000,-78.75430000,NC,EPA_LMOP,"{""address"":""354 Landfill Road SR-1428"",""city"":""Whiteville"",""county"":""Columbus"",""zip"":""28472""}"
landfill_1073,Craven County LF,landfill,35.16820000,-77.22820000,NC,EPA_LMOP,"{""address"":""7400 Old US 70 Highway"",""city"":""New Bern"",""county"":""Craven"",""zip"":""28562""}"
landfill_1075,Cumberland County Ann Street Landfill,landfill,35.06790700,-78.86185200,NC,EPA_LMOP,"{""address"":""698 Ann Street"",""city"":""Fayetteville"",""county"":""Cumberland"",""ghgrp_id"":""1001627"",""zip"":""28301""}"
landfill_1077,Davidson County LF,landfill,35.83240000,-80.17560000,NC,EPA_LMOP,"{""address"":""1242 Old Highway 29"",""city"":""Thomasville"",""county"":""Davidson"",""ghgrp_id"":""1004204"",""zip"":""27360""}"
landfill_1078,Davie County LF,landfill,35.87509000,-80.52091000,NC,EPA_LMOP,"{""address"":""360 Dalton Road"",""city"":""Mocksville"",""county"":""Davie"",""zip"":""27028""}"
landfill_1080,East Carolina Regional LF,landfill,36.11228600,-77.07192500,NC,EPA_LMOP,"{""address"":""1922 Republican Road"",""city"":""Aulander"",""county"":""Bertie"",""ghgrp_id"":""1003101"",""zip"":""27805""}"
landfill_1081,East Lake LF-Dare County,landfill,35.89308000,-75.96674000,NC,EPA_LMOP,"{""city"":""East Lake"",""county"":""Dare""}"
landfill_1082,Edgecombe County LF,landfill,35.82200000,-77.56500000,NC,EPA_LMOP,"{""address"":""2872 Colonial Road"",""city"":""Tarboro"",""county"":""Edgecombe"",""ghgrp_id"":""1000554"",""zip"":""27886""}"
landfill_1146,Feltonsville Sanitary Landfill,landfill,35.68200000,-78.85000000,NC,EPA_LMOP,"{""address"":""6000 Old Smithfield Road"",""city"":""Apex"",""county"":""Wake"",""ghgrp_id"":""1004405"",""zip"":""27502""}"
landfill_2200,Foothills Environmental Landfill,landfill,35.91500000,-81.59300000,NC,EPA_LMOP,"{""address"":""2800 Cheraw Road"",""city"":""Lenoir"",""county"":""Caldwell"",""ghgrp_id"":""1007044"",""zip"":""28645""}"
landfill_1083,Franklin County LF,landfill,36.06400000,-78.37800000,NC,EPA_LMOP,"{""address"":""10 Landfill Road"",""city"":""Franklinton"",""county"":""Franklin"",""zip"":""27525""}"
landfill_1084,Gaston County LF,landfill,35.38860000,-81.17180000,NC,EPA_LMOP,"{""address"":""3155 Philadelphia Church Road"",""city"":""Dallas"",""county"":""Gaston"",""ghgrp_id"":""1005137"",""zip"":""28034""}"
landfill_20756,Great Oak Landfill,landfill,35.74600000,-79.75200000,NC,EPA_LMOP,"{""address"":""3597 Old Cedar Falls Road"",""city"":""Randleman"",""county"":""Randolph"",""ghgrp_id"":""1013633"",""zip"":""27317""}"
landfill_1088,Greene County Landfill,landfill,35.52515000,-77.69514000,NC,EPA_LMOP,"{""address"":""105 Landfill Road"",""city"":""Walstonburg"",""county"":""Greene"",""zip"":""27888""}"
landfill_1067,Hanes Mill Road Landfill,landfill,36.18690000,-80.28060000,NC,EPA_LMOP,"{""address"":""325 West Hanes Mill Road"",""city"":""Winston-Salem"",""county"":""Forsyth"",""ghgrp_id"":""1003137"",""zip"":""27105""}"
landfill_1090,Harnett County LF,landfill,35.35350000,-78.65370000,NC,EPA_LMOP,"{""address"":""449 Daniels Road\nEnd of SR-1724"",""city"":""Dunn"",""county"":""Harnett"",""zip"":""28334""}"
landfill_1091,Haywood County LF,landfill,35.50400000,-82.95880000,NC,EPA_LMOP,"{""address"":""Francis Farm Road"",""city"":""Haywood"",""county"":""Haywood"",""zip"":""28721""}"
landfill_1092,Haywood County White Oak LF,landfill,35.66343000,-82.99866000,NC,EPA_LMOP,"{""address"":""3898 Fines Creek Road"",""city"":""Waynesville"",""county"":""Haywood"",""ghgrp_id"":""1011696"",""zip"":""28785""}"
landfill_1093,Henderson County LF,landfill,35.35500000,-82.49600000,NC,EPA_LMOP,"{""address"":""802 Stoney Mountain Road"",""city"":""Hendersonville"",""county"":""Henderson"",""ghgrp_id"":""1005993"",""zip"":""28791""}"
landfill_1094,Hertford County LF,landfill,36.38380000,-76.93670000,NC,EPA_LMOP,"{""address"":""Hwy 158 and SR-1203"",""city"":""Winton"",""county"":""Hertford"",""zip"":""27986""}"
landfill_1097,Hoke County LF,landfill,35.01388000,-79.19535000,NC,EPA_LMOP,"{""address"":""Airport Road"",""city"":""Raeford"",""county"":""Hoke"",""zip"":""28376""}"
landfill_1098,Iredell County LF,landfill,35.77680000,-80.82440000,NC,EPA_LMOP,"{""address"":""354 Twin Oaks Road"",""city"":""Statesville"",""county"":""Iredell"",""ghgrp_id"":""1006514"",""zip"":""28625""}"
landfill_1099,Jackson County Landfill,landfill,35.37100000,-83.26100000,NC,EPA_LMOP,"{""city"":""Dillsboro"",""county"":""Jackson"",""zip"":""28779""}"
landfill_2272,JMN Landfill,landfill,35.20960000,-81.50130000,NC,EPA_LMOP,"{""address"":""345 Roseborough Road"",""city"":""Grover"",""county"":""Cleveland"",""zip"":""28073""}"
landfill_1100,Johnston County MSW LF,landfill,35.51170000,-78.42950000,NC,EPA_LMOP,"{""address"":""680 County Home Road"",""city"":""Smithfield"",""county"":""Johnston"",""ghgrp_id"":""1004252"",""zip"":""27577""}"
landfill_1101,Jones County LF,landfill,35.05900000,-77.34100000,NC,EPA_LMOP,"{""address"":""State Road 1343"",""city"":""Trenton"",""county"":""Jones"",""zip"":""28585""}"
landfill_1065,Kersey Valley Landfill,landfill,35.96030000,-79.94010000,NC,EPA_LMOP,"{""address"":""3940 E. Kivett Drive"",""city"":""Jamestown"",""county"":""Guilford"",""ghgrp_id"":""1000365"",""zip"":""27282""}"
landfill_1102,Lee County LF,landfill,35.37200000,-79.19400000,NC,EPA_LMOP,"{""address"":""8200 Landfill Road"",""city"":""Sanford"",""county"":""Lee"",""zip"":""27332""}"
landfill_1103,Lenoir County LF,landfill,35.28200000,-77.71140000,NC,EPA_LMOP,"{""address"":""2949 Hodges Farm Road"",""city"":""La Grange"",""county"":""Lenoir"",""ghgrp_id"":""1005026"",""zip"":""28551""}"
landfill_1104,Lincoln County Landfill,landfill,35.43022400,-81.35252100,NC,EPA_LMOP,"{""address"":""5291 Crouse Road"",""city"":""Crouse"",""county"":""Lincoln"",""ghgrp_id"":""1005461"",""zip"":""28033""}"
landfill_1105,Macon County LF,landfill,35.20200000,-83.38000000,NC,EPA_LMOP,"{""address"":""1448 Lakeside Drive"",""city"":""Franklin"",""county"":""Macon"",""zip"":""28734""}"
landfill_1107,Madison County LF 1,landfill,35.80430000,-82.63250000,NC,EPA_LMOP,"{""address"":""389 Long Branch Road"",""city"":""Marshall"",""county"":""Madison"",""zip"":""28753""}"
landfill_1155,Madison County LF 2,landfill,35.80900000,-82.72000000,NC,EPA_LMOP,"{""address"":""271 Craig Rudisill Road"",""city"":""Marshall"",""county"":""Madison"",""zip"":""28753""}"
landfill_1108,McDowell County LF,landfill,35.65700000,-81.95500000,NC,EPA_LMOP,"{""address"":""3809 NC 226 South"",""city"":""Marion"",""county"":""McDowell"",""zip"":""28752""}"
landfill_1109,Mecklenburg County LF,landfill,35.22230000,-80.68550000,NC,EPA_LMOP,"{""address"":""7819 Harrisburg Road"",""city"":""Charlotte"",""county"":""Mecklenburg"",""zip"":""28215""}"
landfill_21129,Montgomery County Landfill,landfill,35.33088300,-79.96340400,NC,EPA_LMOP,"{""address"":""SR 1137\nLandfill Road"",""city"":""Troy"",""county"":""Montgomery""}"
landfill_1111,Moore County LF,landfill,35.15100000,-79.47070000,NC,EPA_LMOP,"{""address"":""456 Turning Leaf Way (Landfill Road)"",""city"":""Aberdeen"",""county"":""Moore"",""zip"":""28315""}"
landfill_1112,Nash County LF,landfill,36.06160000,-77.97850000,NC,EPA_LMOP,"{""address"":""3057 Duke Road SR 1411"",""city"":""Nashville"",""county"":""Nash"",""zip"":""27856""}"
landfill_1113,New Hanover County Secure Landfill,landfill,34.31948000,-77.99035000,NC,EPA_LMOP,"{""address"":""5210 US Highway 421 North"",""city"":""Wilmington"",""county"":""New Hanover"",""ghgrp_id"":""1006119"",""zip"":""28401""}"
landfill_1915,Newton LF,landfill,35.65550000,-81.16480000,NC,EPA_LMOP,"{""address"":""2436 Bethany Church Road"",""city"":""Newton"",""county"":""Catawba"",""zip"":""28658""}"
landfill_1837,North Wake County Landfill,landfill,35.90800000,-78.58000000,NC,EPA_LMOP,"{""address"":""9300 Deponie Drive"",""city"":""Raleigh"",""county"":""Wake"",""ghgrp_id"":""1005786"",""zip"":""27614""}"
landfill_1114,Northampton County LF,landfill,36.41012000,-77.44038000,NC,EPA_LMOP,"{""address"":""NC Highway 305"",""city"":""Jackson"",""county"":""Northampton"",""zip"":""27845""}"
landfill_10781,Onslow County LF,landfill,34.78720000,-77.53090000,NC,EPA_LMOP,"{""address"":""415 Meadowview Road"",""city"":""Jacksonville"",""county"":""Onslow"",""ghgrp_id"":""1001953"",""zip"":""28540""}"
landfill_1116,Orange County Regional Landfill,landfill,35.96850000,-79.08340000,NC,EPA_LMOP,"{""address"":""1514 Eubanks Road"",""city"":""Chapel Hill"",""county"":""Orange"",""ghgrp_id"":""1005524"",""zip"":""27516""}"
landfill_1086,Oxford MSW Landfill,landfill,36.37170000,-78.62310000,NC,EPA_LMOP,"{""address"":""6584 Landfill Road"",""city"":""Oxford"",""county"":""Granville"",""ghgrp_id"":""1014715"",""zip"":""27565""}"
landfill_1118,Pasquotank County LF,landfill,36.24007000,-76.26546000,NC,EPA_LMOP,"{""address"":""983 Simpson Ditch Road"",""city"":""Elizabeth City"",""county"":""Pasquotank"",""zip"":""27909""}"
landfill_1121,Piedmont SLF,landfill,36.19440000,-80.04070000,NC,EPA_LMOP,"{""address"":""9900 Freeman Road"",""city"":""Kernersville"",""county"":""Forsyth"",""ghgrp_id"":""1007456"",""zip"":""27284""}"
landfill_1122,Pitt County LF,landfill,35.59600000,-77.43800000,NC,EPA_LMOP,"{""address"":""3025 Landfill Road\noff Allen Road"",""city"":""Greenville"",""county"":""Pitt"",""ghgrp_id"":""1010987"",""zip"":""27834""}"
landfill_1123,Polk County LF,landfill,35.31900000,-82.18400000,NC,EPA_LMOP,"{""address"":""NC Highway 9"",""city"":""Mill Spring"",""county"":""Polk"",""zip"":""28722""}"
landfill_1124,Randolph County SWF,landfill,35.75580000,-79.76200000,NC,EPA_LMOP,"{""address"":""1254 County Land Road"",""city"":""Randleman"",""county"":""Randolph"",""ghgrp_id"":""1005767"",""zip"":""27317""}"
landfill_1125,Richmond County LF,landfill,35.01550000,-79.80880000,NC,EPA_LMOP,"{""address"":""197 Walter Kelly Drive"",""city"":""Rockingham"",""county"":""Richmond"",""zip"":""28379""}"
landfill_1095,Riverdale Landfill,landfill,35.94600000,-79.90700000,NC,EPA_LMOP,"{""address"":""5875 Riverdale Drive"",""city"":""Jamestown"",""county"":""Guilford"",""zip"":""27282""}"
landfill_1127,Robeson County LF,landfill,34.79000000,-78.90800000,NC,EPA_LMOP,"{""address"":""246 Landfill Road"",""city"":""St. Pauls"",""county"":""Robeson"",""ghgrp_id"":""1003481"",""zip"":""28384""}"
landfill_2064,Rockingham County LF,landfill,36.37355400,-79.84958500,NC,EPA_LMOP,"{""address"":""281 Shuff Road"",""city"":""Madison"",""county"":""Rockingham"",""ghgrp_id"":""1004501"",""zip"":""27025""}"
landfill_1129,Rowan County LF,landfill,35.75701000,-80.55715000,NC,EPA_LMOP,"{""address"":""789 Campbell Road"",""city"":""Woodleaf"",""county"":""Rowan"",""ghgrp_id"":""1006996"",""zip"":""27054""}"
landfill_1157,"Rowland Landfill, Inc.",landfill,35.88428000,-78.58675000,NC,EPA_LMOP,"{""address"":""3000 Gresham Lake Road"",""city"":""Raleigh"",""county"":""Wake"",""zip"":""27615""}"
landfill_1131,Rutherford County LF,landfill,35.34920000,-81.95202000,NC,EPA_LMOP,"{""address"":""656 Laurel Hill Drive"",""city"":""Rutherfordton"",""county"":""Rutherford"",""zip"":""28139""}"
landfill_2336,"Sampson County Disposal, LLC",landfill,34.98200000,-78.45700000,NC,EPA_LMOP,"{""address"":""7434 Roseboro Highway"",""city"":""Roseboro"",""county"":""Sampson"",""ghgrp_id"":""1004118"",""zip"":""28382""}"
landfill_1132,Sampson County LF,landfill,34.96340000,-78.44860000,NC,EPA_LMOP,"{""address"":""7434 Roseboro Highway"",""city"":""Roseboro"",""county"":""Sampson"",""ghgrp_id"":""1004255"",""zip"":""28382""}"
landfill_1133,Scotland County LF,landfill,34.72600000,-79.38300000,NC,EPA_LMOP,"{""address"":""SR 1611 & SR 1619"",""city"":""Maxton"",""county"":""Scotland"",""zip"":""28352""}"
landfill_10620,South Wake LF (New),landfill,35.67500000,-78.85000000,NC,EPA_LMOP,"{""address"":""6300 Old Smithfield Road"",""city"":""Apex"",""county"":""Wake"",""ghgrp_id"":""1004408"",""zip"":""27539-5353""}"
landfill_1135,Stokes County LF,landfill,36.36650000,-80.26170000,NC,EPA_LMOP,"{""address"":""2015 Sizemore Road"",""city"":""Germanton"",""county"":""Stokes"",""zip"":""27019""}"
landfill_2292,Surry County LF 1 & LF 3,landfill,36.44170000,-80.57070000,NC,EPA_LMOP,"{""address"":""419 Landfill Road\n237 Landfill Road"",""city"":""Mt. Airy"",""county"":""Surry"",""ghgrp_id"":""1005535"",""zip"":""27030""}"
landfill_1137,Surry County LF 2,landfill,36.30021000,-80.77122000,NC,EPA_LMOP,"{""address"":""SR 1121\nnear intersection with SR 1191"",""city"":""Elkin"",""county"":""Surry"",""zip"":""28621""}"
landfill_1138,Swain County LF,landfill,35.41990000,-83.46940000,NC,EPA_LMOP,"{""address"":""Buckner Branch Road SR-1311"",""city"":""Bryson City"",""county"":""Swain"",""zip"":""28713""}"
landfill_1040,Swepsonville LF,landfill,36.01500000,-79.34917000,NC,EPA_LMOP,"{""address"":""3061 Landfill Road\noff Alfred Road"",""city"":""Graham"",""county"":""Alamance"",""zip"":""27253""}"
landfill_1139,Thomasville LF-Davidson County,landfill,35.90100000,-80.10200000,NC,EPA_LMOP,"{""address"":""458 Pine Woods Church Road\n(NC Highway 109 & I-85)"",""city"":""Thomasville"",""county"":""Davidson"",""zip"":""27360""}"
landfill_1141,Transylvania County SLF,landfill,35.12200000,-82.84400000,NC,EPA_LMOP,"{""address"":""500 Howell Road"",""city"":""Brevard"",""county"":""Transylvania"",""zip"":""28712""}"
landfill_1074,Tuscarora Long-Term Regional Landfill,landfill,35.16296000,-77.22612000,NC,EPA_LMOP,"{""address"":""7400 Old Highway 70 West"",""city"":""New Bern"",""county"":""Craven"",""ghgrp_id"":""1003035"",""zip"":""28562""}"
landfill_1142,Union County LF,landfill,35.03550000,-80.46300000,NC,EPA_LMOP,"{""address"":""2125 Austin Chaney Road"",""city"":""Wingate"",""county"":""Union"",""zip"":""28174""}"
landfill_2199,Upper Piedmont Regional Landfill,landfill,36.32400000,-78.83200000,NC,EPA_LMOP,"{""address"":""9650 Oxford Road"",""city"":""Rougemont"",""county"":""Person"",""ghgrp_id"":""1007984"",""zip"":""27572""}"
landfill_1143,US Army Fort Bragg Landfill,landfill,35.14300000,-79.05200000,NC,EPA_LMOP,"{""address"":""Longstreet Road"",""city"":""Fort Bragg"",""county"":""Cumberland"",""zip"":""28307""}"
landfill_10782,US Marine Corps Base Camp Lejeune,landfill,34.68800000,-77.32200000,NC,EPA_LMOP,"{""address"":""Piney Green Road"",""city"":""Camp Lejeune"",""county"":""Onslow"",""ghgrp_id"":""1004062"",""zip"":""28547""}"
landfill_1110,Uwharrie Environmental Regional LF,landfill,35.34150000,-79.96100000,NC,EPA_LMOP,"{""address"":""501 Landfill Road"",""city"":""Mount Gilead"",""county"":""Montgomery"",""ghgrp_id"":""1004831"",""zip"":""27306""}"
landfill_1145,Vance County LF,landfill,36.36700000,-78.42120000,NC,EPA_LMOP,"{""address"":""3181 NC Highway 39 N."",""city"":""Henderson"",""county"":""Vance"",""zip"":""27537""}"
landfill_1148,Warren County LF,landfill,36.40731000,-78.16995000,NC,EPA_LMOP,"{""city"":""Warrenton"",""county"":""Warren"",""zip"":""27589""}"
landfill_2201,Watauga County Landfill,landfill,36.21850000,-81.63000000,NC,EPA_LMOP,"{""address"":""336 Landfill Road"",""city"":""Boone"",""county"":""Watauga"",""zip"":""28607""}"
landfill_1150,Wayne County LF,landfill,35.29080000,-78.06470000,NC,EPA_LMOP,"{""address"":""460B South Landfill Road"",""city"":""Dudley"",""county"":""Wayne"",""ghgrp_id"":""1005274"",""zip"":""28333""}"
landfill_1066,Wilder's Grove Landfill,landfill,35.78900000,-78.56690000,NC,EPA_LMOP,"{""address"":""4120 New Bern Avenue\n800 Corporation Parkway"",""city"":""Raleigh"",""county"":""Wake"",""ghgrp_id"":""1011066"",""zip"":""27610""}"
landfill_1152,Wilkes County LF 1,landfill,36.11800000,-81.19850000,NC,EPA_LMOP,"{""address"":""NC 268 East"",""city"":""Wilkesboro"",""county"":""Wilkes""}"
landfill_1156,Wilkes County LF 2,landfill,36.20930000,-80.98690000,NC,EPA_LMOP,"{""address"":""9219 Elkin Highway NC 268 East"",""city"":""Roaring River"",""county"":""Wilkes"",""ghgrp_id"":""1006748"",""zip"":""28669""}"
landfill_1153,Wilson County LF,landfill,35.71550000,-77.84510000,NC,EPA_LMOP,"{""address"":""4537 Landfill Road\n2400 Highway 42 E"",""city"":""Wilson"",""county"":""Wilson"",""zip"":""27893""}"
landfill_1154,Yancey/Mitchell County LF,landfill,35.93041200,-82.17861800,NC,EPA_LMOP,"{""address"":""66 EnergyXchange Drive"",""city"":""Burnsville"",""county"":""Yancey"",""zip"":""28714""}"
landfill_1910,York Road Landfill,landfill,35.17550000,-80.90990000,NC,EPA_LMOP,"{""address"":""1520 West Tyvola Road"",""city"":""Charlotte"",""county"":""Mecklenburg"",""zip"":""28217""}"
landfill_21028,Bismarck Landfill,landfill,46.83500000,-100.70000000,ND,EPA_LMOP,"{""city"":""Bismarck"",""county"":""Burleigh"",""zip"":""58506""}"
landfill_2153,City of Fargo Landfill,landfill,46.88350000,-96.86130000,ND,EPA_LMOP,"{""address"":""4501 7th Avenue North"",""city"":""Fargo"",""county"":""Cass"",""ghgrp_id"":""1001614"",""zip"":""58102""}"
landfill_2388,City of Minot LF,landfill,48.21130000,-101.35200000,ND,EPA_LMOP,"{""address"":""20th Avenue SW"",""city"":""Minot"",""county"":""Ward"",""zip"":""58701""}"
landfill_2389,Dakota MSW Landfill,landfill,46.24010000,-97.69520000,ND,EPA_LMOP,"{""address"":""7972 129th Avenue SE"",""city"":""Gwinner"",""county"":""Sargent"",""ghgrp_id"":""1003583"",""zip"":""58040""}"
landfill_21029,Dickinson Landfill,landfill,46.85437600,-102.69695500,ND,EPA_LMOP,"{""city"":""Dickinson"",""county"":""Stark"",""zip"":""58601""}"
landfill_20760,Grand Forks Active Landfill,landfill,47.98017100,-97.11760400,ND,EPA_LMOP,"{""address"":""5500 54th Avenue North"",""city"":""Grand Forks"",""county"":""Grand Forks"",""ghgrp_id"":""1011959"",""zip"":""58203""}"
landfill_2302,Grand Forks Landfill,landfill,47.94400000,-97.14800000,ND,EPA_LMOP,"{""address"":""2350 83rd Street N"",""city"":""Grand Forks"",""county"":""Grand Forks"",""ghgrp_id"":""1004044"",""zip"":""58203""}"
landfill_21030,Jahner Sanitation Inc,landfill,46.26738000,-99.71264100,ND,EPA_LMOP,"{""address"":""7971 32nd Avenue SE"",""city"":""Wishek"",""county"":""McIntosh"",""zip"":""58495""}"
landfill_21031,Jamestown Landfill,landfill,46.90294000,-98.56801000,ND,EPA_LMOP,"{""city"":""Jamestown"",""county"":""Stutsman"",""zip"":""58401""}"
landfill_2387,McDaniel Landfill,landfill,47.97500000,-101.10500000,ND,EPA_LMOP,"{""address"":""12300 247th Avenue SE"",""city"":""Sawyer"",""county"":""Ward"",""ghgrp_id"":""1007284"",""zip"":""58781""}"
landfill_21032,McKenzie County Landfill,landfill,47.77577000,-103.41547000,ND,EPA_LMOP,"{""address"":""6 miles west of Watford City on Hwy 85, 2 miles S on 132nd Avenue NW"",""city"":""Arnegard"",""county"":""McKenzie"",""zip"":""58835""}"
landfill_21033,Mercer County Regional Landfill,landfill,47.35739000,-101.65787000,ND,EPA_LMOP,"{""city"":""Hazen"",""county"":""Mercer"",""zip"":""58545""}"
landfill_21034,Noonan Landfill LLC,landfill,48.87363000,-103.00511000,ND,EPA_LMOP,"{""city"":""Noonan"",""county"":""Divide"",""zip"":""58765""}"
landfill_21035,Williston Municipal Landfill,landfill,48.16586000,-103.58256000,ND,EPA_LMOP,"{""city"":""Williston"",""county"":""Williams"",""zip"":""58801""}"
landfill_1743,Alliance Disposal Area LF,landfill,42.08776400,-102.85299800,NE,EPA_LMOP,"{""address"":""1441 E. Kansas Street"",""city"":""Alliance"",""county"":""Box Butte"",""zip"":""69301""}"
landfill_1744,Beatrice Disposal Area LF,landfill,40.21986000,-96.76866000,NE,EPA_LMOP,"{""address"":""3426 W. Locust Road"",""city"":""Beatrice"",""county"":""Gage"",""ghgrp_id"":""1013587"",""zip"":""68310""}"
landfill_1754,Bluff Road Landfill,landfill,40.91460000,-96.63790000,NE,EPA_LMOP,"{""address"":""6001 Bluff Road"",""city"":""Lincoln"",""county"":""Lancaster"",""ghgrp_id"":""1002158"",""zip"":""68517""}"
landfill_1745,Butler County Landfill Inc.,landfill,41.26130000,-97.04230000,NE,EPA_LMOP,"{""address"":""3588 R Road"",""city"":""David City"",""county"":""Butler"",""ghgrp_id"":""1000191"",""zip"":""68632""}"
landfill_21151,City of Kimball Landfill,landfill,41.23840000,-103.69601000,NE,EPA_LMOP,"{""address"":""West Highway 30"",""city"":""Kimball"",""county"":""Kimball"",""zip"":""69145""}"
landfill_1760,"Community Refuse Disposal, Incorporated - Norfolk",landfill,41.96057800,-97.37317500,NE,EPA_LMOP,"{""address"":""837th Road"",""city"":""Norfolk"",""county"":""Madison"",""zip"":""68701""}"
landfill_20181,Douglas County Landfill,landfill,41.33570000,-96.11010000,NE,EPA_LMOP,"{""address"":""12608 State Street"",""city"":""Omaha"",""county"":""Douglas"",""ghgrp_id"":""1000522"",""zip"":""68142""}"
landfill_1746,Douglas County Recycling and Disposal Facility LF,landfill,41.38500000,-96.24100000,NE,EPA_LMOP,"{""address"":""14320 North 216th Street"",""city"":""Bennington"",""county"":""Douglas"",""ghgrp_id"":""1007835"",""zip"":""68007""}"
landfill_1759,Fremont Landfill,landfill,41.40912000,-96.50120000,NE,EPA_LMOP,"{""address"":""Highway 77 S"",""city"":""Inglewood"",""county"":""Dodge"",""zip"":""68026""}"
landfill_1747,G&P Development Inc. Landfill,landfill,40.74700000,-97.05000000,NE,EPA_LMOP,"{""address"":""427 South 238th Road"",""city"":""Milford"",""county"":""Seward"",""ghgrp_id"":""1004439"",""zip"":""68405""}"
landfill_20755,Gering City Landfill,landfill,41.83031100,-103.68464000,NE,EPA_LMOP,"{""address"":""200530 West Drive"",""city"":""Gering"",""county"":""Scotts Bluff"",""zip"":""69341""}"
landfill_1749,Grand Island Regional Landfill,landfill,40.89500000,-98.71800000,NE,EPA_LMOP,"{""address"":""19550 W. Husker Highway"",""city"":""Shelton"",""county"":""Hall"",""ghgrp_id"":""1001960"",""zip"":""68876""}"
landfill_1750,Hastings SLF,landfill,40.57000000,-98.43300000,NE,EPA_LMOP,"{""address"":""725 S. Southern Hills Drive"",""city"":""Hastings"",""county"":""Adams"",""ghgrp_id"":""1002159"",""zip"":""68901""}"
landfill_1751,Holdrege Prairie Hill Landfill,landfill,40.41800000,-99.37400000,NE,EPA_LMOP,"{""address"":""506 13th Street"",""city"":""Holdrege"",""county"":""Phelps"",""zip"":""68949""}"
landfill_1752,J Bar J Landfill,landfill,40.98415300,-101.81818700,NE,EPA_LMOP,"{""address"":""323.3 Road 770"",""city"":""Ogallala"",""county"":""Perkins"",""ghgrp_id"":""1004716"",""zip"":""69153""}"
landfill_1753,Kearney Area Solid Waste Agency Landfill,landfill,40.73000000,-99.17600000,NE,EPA_LMOP,"{""address"":""6711 W 56th Street"",""city"":""Kearney"",""county"":""Buffalo"",""ghgrp_id"":""1010601"",""zip"":""68845""}"
landfill_1748,L.P. Gill LF,landfill,42.47269000,-96.61456000,NE,EPA_LMOP,"{""address"":""1402 Highway 20"",""city"":""Jackson"",""county"":""Dakota"",""ghgrp_id"":""1005097"",""zip"":""68743""}"
landfill_20708,Lexington Area Solid Waste Agency Landfill,landfill,40.91500000,-99.75000000,NE,EPA_LMOP,"{""address"":""76460 NE-21"",""city"":""Lexington"",""county"":""Dawson"",""ghgrp_id"":""1010769"",""zip"":""68850""}"
landfill_21154,Loup Central Landfill,landfill,41.25956100,-98.54953000,NE,EPA_LMOP,"{""address"":""1552 Highway 11"",""city"":""Elba"",""county"":""Howard"",""zip"":""68835""}"
landfill_1755,"Nebraska Ecology Systems, Incorporated Landfill",landfill,40.51600000,-97.76500000,NE,EPA_LMOP,"{""address"":""Road 4\n8 miles W of Geneva"",""city"":""Geneva"",""county"":""Fillmore"",""zip"":""68361""}"
landfill_1756,NNSWC LF,landfill,41.78600000,-97.09200000,NE,EPA_LMOP,"{""address"":""57220 825th Road"",""city"":""Clarkson"",""county"":""Stanton"",""ghgrp_id"":""1007546"",""zip"":""68629""}"
landfill_20789,North 48th Street Landfill,landfill,40.86700000,-96.65333000,NE,EPA_LMOP,"{""address"":""5101 N. 48th Street"",""city"":""Lincoln"",""county"":""Lancaster"",""ghgrp_id"":""1007970"",""zip"":""68504""}"
landfill_1762,North Platte Disposal Area LF,landfill,41.11578000,-100.80572000,NE,EPA_LMOP,"{""address"":""W. South River Road"",""city"":""North Platte"",""county"":""Lincoln"",""zip"":""69101""}"
landfill_1763,Otoe County LF,landfill,40.70474400,-95.87333600,NE,EPA_LMOP,"{""address"":""2524 N. 22nd Street"",""city"":""Nebraska City"",""county"":""Otoe"",""zip"":""68410""}"
landfill_1764,Plattsmouth LF,landfill,40.97681700,-95.87283000,NE,EPA_LMOP,"{""address"":""Horning Road"",""city"":""Plattsmouth"",""county"":""Cass"",""zip"":""68048""}"
landfill_1757,Sarpy County SLF,landfill,41.09930000,-96.16280000,NE,EPA_LMOP,"{""address"":""14414S. 156th Street"",""city"":""Springfield"",""county"":""Sarpy"",""ghgrp_id"":""1001935"",""zip"":""68059""}"
landfill_1765,Scottsbluff Disposal LF,landfill,41.84531000,-103.57253000,NE,EPA_LMOP,"{""address"":""260275 County Road M"",""city"":""Scottsbluff"",""county"":""Scotts Bluff"",""zip"":""69361""}"
landfill_21152,Sidney Landfill,landfill,41.15829500,-102.95873700,NE,EPA_LMOP,"{""address"":""2232 Road 115"",""city"":""Sidney"",""county"":""Cheyenne"",""zip"":""69162""}"
landfill_21150,Solid Waste Agency of Northwest Nebraska Landfill,landfill,42.97962500,-103.11910700,NE,EPA_LMOP,"{""address"":""10 miles N of town on Hwy 385"",""city"":""Chadron"",""county"":""Dawes"",""zip"":""69337""}"
landfill_21153,Valentine Area Solid Waste Agency MSW Landfill,landfill,42.82670100,-100.50100000,NE,EPA_LMOP,"{""address"":""39856 Hwy 20"",""city"":""Valentine"",""county"":""Cherry"",""zip"":""69201""}"
landfill_1758,York County LF,landfill,40.90500000,-97.60400000,NE,EPA_LMOP,"{""address"":""1214 Road 15"",""city"":""York"",""county"":""York"",""zip"":""68467""}"
landfill_2016,Alton Landfill and Transfer Station,landfill,43.46670000,-71.23330000,NH,EPA_LMOP,"{""address"":""Hurd Hill Road #28a"",""city"":""Alton"",""county"":""Belknap"",""zip"":""03809""}"
landfill_2017,Bedford Landfill,landfill,42.94240000,-71.52040000,NH,EPA_LMOP,"{""city"":""Bedford"",""county"":""Hillsborough""}"
landfill_2018,Bennington Landfill,landfill,43.01090000,-71.91140000,NH,EPA_LMOP,"{""city"":""Bennington"",""county"":""Hillsborough"",""zip"":""03442""}"
landfill_2019,Chester Landfill,landfill,42.96560000,-71.24540000,NH,EPA_LMOP,"{""city"":""Chester"",""county"":""Rockingham""}"
landfill_1838,City of Keene Landfill,landfill,42.97920000,-72.35260000,NH,EPA_LMOP,"{""address"":""55 Old Summit Road"",""city"":""Keene"",""county"":""Cheshire"",""zip"":""03431""}"
landfill_10880,Colebrook Landfill,landfill,44.87926000,-71.48174000,NH,EPA_LMOP,"{""address"":""88 Skyline Drive"",""city"":""Colebrook"",""county"":""Coos"",""zip"":""03576""}"
landfill_21065,Concord Suncook Road Landfill Pre-1981,landfill,43.19174600,-71.50451400,NH,EPA_LMOP,"{""address"":""Old Suncook Road"",""city"":""Concord"",""county"":""Merrimack"",""zip"":""03301""}"
landfill_21045,Conway Municipal Unlined Landfill,landfill,44.00900000,-71.05770000,NH,EPA_LMOP,"{""address"":""755 East Conway Road"",""city"":""Conway"",""county"":""Carroll"",""zip"":""03813""}"
landfill_21059,Deerfield Municipal Landfill,landfill,43.09150000,-71.22100000,NH,EPA_LMOP,"{""address"":""51 Brown Street"",""city"":""Deerfield"",""county"":""Rockingham"",""zip"":""03037""}"
landfill_21052,Derry Municipal Landfill,landfill,42.86308900,-71.32912100,NH,EPA_LMOP,"{""address"":""Kendall Pond Road"",""city"":""Derry"",""county"":""Rockingham"",""zip"":""03038""}"
landfill_21063,Durham Primary Landfill,landfill,43.12300000,-70.90150000,NH,EPA_LMOP,"{""address"":""100 Durham Point Road"",""city"":""Durham"",""county"":""Strafford"",""zip"":""03824""}"
landfill_21053,Effingham Municipal Sanitary Landfill,landfill,43.74095300,-71.00420500,NH,EPA_LMOP,"{""address"":""Snow Road"",""city"":""Effingham"",""county"":""Carroll"",""zip"":""03882""}"
landfill_21055,Errol Municipal Landfill,landfill,44.78856200,-71.15732300,NH,EPA_LMOP,"{""address"":""593 Colebrook Road\nRural Route 26"",""city"":""Errol"",""county"":""Coos"",""zip"":""03579""}"
landfill_2020,Farmington Landfill,landfill,43.38940000,-71.06420000,NH,EPA_LMOP,"{""city"":""Farmington"",""county"":""Strafford""}"
landfill_21066,Former Dover Municipal Landfill,landfill,43.19470400,-70.86479000,NH,EPA_LMOP,"{""address"":""River Street"",""city"":""Dover"",""county"":""Strafford"",""zip"":""03820""}"
landfill_1852,Four Hills Landfill,landfill,42.72800000,-71.51800000,NH,EPA_LMOP,"{""address"":""840 West Hollis Street Route 111"",""city"":""Nashua"",""county"":""Hillsborough"",""ghgrp_id"":""1004751"",""zip"":""03062""}"
landfill_2021,Gilmanton Landfill & Recycling Facility,landfill,43.41530000,-71.41730000,NH,EPA_LMOP,"{""city"":""Gilmanton"",""county"":""Belknap""}"
landfill_2022,Groton Landfill,landfill,43.70630000,-71.83410000,NH,EPA_LMOP,"{""city"":""Groton"",""county"":""Grafton""}"
landfill_21049,Hampton Municipal Landfill,landfill,42.92700000,-70.82300000,NH,EPA_LMOP,"{""address"":""Hardardt's Way\nOff Landing Road"",""city"":""Hampton"",""county"":""Rockingham"",""zip"":""03842""}"
landfill_2023,Harrisville Recycling and Transfer Station,landfill,42.94170000,-72.09880000,NH,EPA_LMOP,"{""city"":""Harrisville"",""county"":""Cheshire""}"
landfill_21056,Hooksett Landfill,landfill,43.06240000,-71.46880000,NH,EPA_LMOP,"{""address"":""210 West River Road"",""city"":""Hooksett"",""county"":""Merrimack"",""zip"":""03106""}"
landfill_21051,Hudson Municipal Landfill,landfill,42.82250000,-71.42440000,NH,EPA_LMOP,"{""address"":""26 West Road"",""city"":""Hudson"",""county"":""Hillsborough"",""zip"":""03051""}"
landfill_2024,Kingston Landfill,landfill,42.91258000,-71.05467000,NH,EPA_LMOP,"{""address"":""265 Route 125"",""city"":""Kingston"",""county"":""Rockingham"",""zip"":""03848""}"
landfill_21050,Laconia Disposal Gardens,landfill,43.59600000,-71.43580000,NH,EPA_LMOP,"{""address"":""Route 11B (Endicott Street E)"",""city"":""Laconia"",""county"":""Belknap"",""zip"":""03246""}"
landfill_2025,Lebanon Regional Solid Waste Facility,landfill,43.61390000,-72.32670000,NH,EPA_LMOP,"{""address"":""370 Plainfield Road\nRoute 12-A"",""city"":""West Lebanon"",""county"":""Grafton"",""ghgrp_id"":""1006421"",""zip"":""03784""}"
landfill_21058,Loudon Municipal Landfill,landfill,43.31216300,-71.47413700,NH,EPA_LMOP,"{""address"":""Route 106 and Dump Road"",""city"":""Loudon"",""county"":""Merrimack"",""zip"":""03307""}"
landfill_1853,Manchester Dunbarton Road Landfill,landfill,43.01800000,-71.48800000,NH,EPA_LMOP,"{""address"":""551 Dunbarton Road"",""city"":""Manchester"",""county"":""Hillsborough"",""zip"":""03108""}"
landfill_2028,Merrimack Landfill,landfill,42.86690000,-71.51220000,NH,EPA_LMOP,"{""address"":""2 Farmer Road"",""city"":""Merrimack"",""county"":""Hillsborough"",""zip"":""03054""}"
landfill_21060,Milford Municipal Landfill,landfill,42.84260000,-71.66390000,NH,EPA_LMOP,"{""address"":""76 North River Road"",""city"":""Milford"",""county"":""Hillsborough"",""zip"":""03055""}"
landfill_21044,Milton Municipal Landfill,landfill,43.43270000,-70.99080000,NH,EPA_LMOP,"{""address"":""803 White Mountain Highway"",""city"":""Milton"",""county"":""Strafford"",""zip"":""03851""}"
landfill_2029,Mount Carberry Landfill,landfill,44.47500000,-71.16200000,NH,EPA_LMOP,"{""address"":""80 Hutchins Street"",""city"":""Berlin"",""county"":""Coos"",""ghgrp_id"":""1004084"",""zip"":""03570""}"
landfill_2030,New Ipswich Landfill,landfill,42.75850000,-71.87140000,NH,EPA_LMOP,"{""city"":""New Ipswich"",""county"":""Hillsborough""}"
landfill_21061,Newbury Municipal Landfill HB593,landfill,43.31300000,-72.01710000,NH,EPA_LMOP,"{""address"":""201 Old Post Road"",""city"":""Newbury"",""county"":""Merrimack"",""zip"":""03255""}"
landfill_2001,North Country Environmental Services LF,landfill,44.26000000,-71.62800000,NH,EPA_LMOP,"{""address"":""581 Trudeau Road"",""city"":""Bethlehem"",""county"":""Grafton"",""ghgrp_id"":""1005255"",""zip"":""03574""}"
landfill_21064,Nottingham Municipal Unlined Landfill,landfill,43.15481500,-71.11025600,NH,EPA_LMOP,"{""address"":""Freeman Hall Road"",""city"":""Nottingham"",""county"":""Rockingham"",""zip"":""03290""}"
landfill_21062,Raymond Municipal Landfill,landfill,43.01233400,-71.15944600,NH,EPA_LMOP,"{""address"":""Prescott Road"",""city"":""Raymond"",""county"":""Rockingham"",""zip"":""03077""}"
landfill_21057,Rye Municipal Landfill,landfill,43.00613800,-70.80863800,NH,EPA_LMOP,"{""address"":""INT Breakfast Hill Road & Route 1"",""city"":""Rye"",""county"":""Rockingham"",""zip"":""03840""}"
landfill_21047,Sandwich Municipal Landfill,landfill,43.80780000,-71.48830000,NH,EPA_LMOP,"{""address"":""465 Holderness Road\nRoute 113"",""city"":""Center Sandwich"",""county"":""Carroll"",""zip"":""03227""}"
landfill_21048,Shelburne Municipal Landfill,landfill,44.39480000,-71.04540000,NH,EPA_LMOP,"{""address"":""11 Landfill Road\nOff U.S. Hwy 2"",""city"":""Shelburne"",""county"":""Coos"",""zip"":""03581""}"
landfill_2031,Tamworth Landfill,landfill,43.83890200,-71.26920400,NH,EPA_LMOP,"{""address"":""Hackett Hill Road\nDurrell Road"",""city"":""Tamworth"",""county"":""Carroll"",""zip"":""03886""}"
landfill_21046,Thornton Municipal Landfill,landfill,43.87800000,-71.65550000,NH,EPA_LMOP,"{""address"":""1629 NH-175"",""city"":""Thornton"",""county"":""Grafton"",""zip"":""03285""}"
landfill_2032,Troy Landfill,landfill,42.82600000,-72.18500000,NH,EPA_LMOP,"{""city"":""Troy"",""county"":""Cheshire""}"
landfill_2033,Tuftonboro Landfill,landfill,43.68690000,-71.27040000,NH,EPA_LMOP,"{""address"":""250 Mountain Road Route 171"",""city"":""Center Tuftonboro"",""county"":""Carroll"",""zip"":""03816""}"
landfill_1839,Turnkey Recycling and Environmental Enterprise (TREE),landfill,43.24480000,-70.96950000,NH,EPA_LMOP,"{""address"":""90 Rochester Neck Road"",""city"":""Rochester"",""county"":""Strafford"",""ghgrp_id"":""1007879"",""zip"":""03839""}"
landfill_2034,Wakefield Landfill,landfill,43.43790000,-71.02670000,NH,EPA_LMOP,"{""address"":""330 Rines Road"",""city"":""Wakefield"",""county"":""Carroll"",""zip"":""03872""}"
landfill_2231,Atlantic County Utilities Authority Landfill,landfill,39.42600000,-74.54000000,NJ,EPA_LMOP,"{""address"":""6700 Delilah Road"",""city"":""Egg Harbor Township"",""county"":""Atlantic"",""ghgrp_id"":""1001858"",""zip"":""08234-5623""}"
landfill_940,Burlington County SLF,landfill,40.07600000,-74.76000000,NJ,EPA_LMOP,"{""address"":""22000 Burlington-Columbus Road"",""city"":""Florence"",""county"":""Burlington"",""ghgrp_id"":""1006969"",""zip"":""08022""}"
landfill_941,Cape May County MUA Secure Landfill,landfill,39.22940000,-74.77490000,NJ,EPA_LMOP,"{""address"":""Kearney Avenue & 2050 Route 610"",""city"":""Woodbine"",""county"":""Cape May"",""ghgrp_id"":""1004200"",""zip"":""08270""}"
landfill_942,Cumberland County SWC,landfill,39.45000000,-75.09960000,NJ,EPA_LMOP,"{""address"":""169 Jesse Bridge Road"",""city"":""Millville"",""county"":""Cumberland"",""ghgrp_id"":""1002702"",""zip"":""08332""}"
landfill_20803,Edgeboro LF,landfill,40.47416700,-74.39483300,NJ,EPA_LMOP,"{""address"":""Edgeboro Road"",""city"":""East Brunswick"",""county"":""Middlesex"",""ghgrp_id"":""1006390"",""zip"":""08816""}"
landfill_946,Edison Township SLF,landfill,40.48940000,-74.38320000,NJ,EPA_LMOP,"{""address"":""Meadow Road"",""city"":""Edison"",""county"":""Middlesex"",""zip"":""08837""}"
landfill_943,Gloucester County Solid Waste Complex,landfill,39.71250000,-75.28500000,NJ,EPA_LMOP,"{""address"":""503 Monroeville Road"",""city"":""Swedesboro"",""county"":""Gloucester"",""ghgrp_id"":""1004235"",""zip"":""08085""}"
landfill_960,Hamm's LF,landfill,41.09380000,-74.67020000,NJ,EPA_LMOP,"{""address"":""Old Beaver Run Road"",""city"":""Lafeyette"",""county"":""Sussex"",""zip"":""07848""}"
landfill_944,HMDC 1-A LF,landfill,40.78400000,-74.11300000,NJ,EPA_LMOP,"{""city"":""Kearny"",""county"":""Hudson""}"
landfill_958,Industrial Land Reclaiming (ILR) LF,landfill,40.48769500,-74.35906000,NJ,EPA_LMOP,"{""address"":""Mill Lane"",""city"":""Edison"",""county"":""Middlesex""}"
landfill_959,Kearny MSLA 1-D Landfill,landfill,40.75085500,-74.10976000,NJ,EPA_LMOP,"{""city"":""Kearny"",""county"":""Hudson"",""ghgrp_id"":""1011381""}"
landfill_962,Kingsland Landfill,landfill,40.78400000,-74.11300000,NJ,EPA_LMOP,"{""address"":""100 Disposal Road"",""city"":""North Arlington"",""county"":""Bergen"",""ghgrp_id"":""1009136"",""zip"":""07031""}"
landfill_957,Kinsley's LF,landfill,39.79000000,-75.09980000,NJ,EPA_LMOP,"{""address"":""2025 Delsea Drive"",""city"":""Sewell"",""county"":""Gloucester"",""ghgrp_id"":""1004741"",""zip"":""08080""}"
landfill_961,L & D LF,landfill,39.98350000,-74.77250000,NJ,EPA_LMOP,"{""address"":""North of Route 38\n1 mile West of Route 206"",""city"":""Mount Holly"",""county"":""Burlington"",""ghgrp_id"":""1007225"",""zip"":""08060""}"
landfill_950,Linden City SLF,landfill,40.60730000,-74.24660000,NJ,EPA_LMOP,"{""address"":""1451 Lower Road"",""city"":""Linden"",""county"":""Union"",""ghgrp_id"":""1006684"",""zip"":""07036""}"
landfill_945,Middlesex County LF,landfill,40.46880000,-74.39610000,NJ,EPA_LMOP,"{""address"":""53 Edgeboro Road"",""city"":""East Brunswick"",""county"":""Middlesex"",""ghgrp_id"":""1007298"",""zip"":""08816""}"
landfill_947,Monmouth County Reclamation Center,landfill,40.24500000,-74.11500000,NJ,EPA_LMOP,"{""address"":""6000 Asbury Avenue"",""city"":""Tinton Falls"",""county"":""Monmouth"",""ghgrp_id"":""1005054"",""zip"":""07753""}"
landfill_964,NJMC 1-E Landfill,landfill,40.77000000,-74.11700000,NJ,EPA_LMOP,"{""address"":""100 Baler Boulevard"",""city"":""North Arlington"",""county"":""Bergen"",""ghgrp_id"":""1009137"",""zip"":""07031""}"
landfill_951,Ocean County LF,landfill,40.02500000,-74.25500000,NJ,EPA_LMOP,"{""address"":""2498 Route 70"",""city"":""Manchester"",""county"":""Ocean"",""ghgrp_id"":""1002667"",""zip"":""08759""}"
landfill_939,Parklands Reclamation Project,landfill,40.12720000,-74.71110000,NJ,EPA_LMOP,"{""address"":""1070 Route 206"",""city"":""Bordentown"",""county"":""Burlington"",""ghgrp_id"":""1007953"",""zip"":""08505""}"
landfill_952,Pennsauken SLF,landfill,39.99100000,-75.03420000,NJ,EPA_LMOP,"{""address"":""9600 River Road"",""city"":""Pennsauken"",""county"":""Camden"",""ghgrp_id"":""1000429"",""zip"":""08110""}"
landfill_937,Pinelands Park LF,landfill,39.38300400,-74.63320100,NJ,EPA_LMOP,"{""address"":""3024 Ocean Heights Avenue"",""city"":""Egg Harbor Township"",""county"":""Atlantic"",""ghgrp_id"":""1007557"",""zip"":""08234""}"
landfill_948,Salem County SLF,landfill,39.58690000,-75.37850000,NJ,EPA_LMOP,"{""address"":""36 McKillip Road"",""city"":""Alloway"",""county"":""Salem"",""ghgrp_id"":""1007261"",""zip"":""08001""}"
landfill_949,Sussex County LF 1-E,landfill,41.09400000,-74.67190000,NJ,EPA_LMOP,"{""address"":""34 South Route 94"",""city"":""Lafayette"",""county"":""Sussex"",""ghgrp_id"":""1005034"",""zip"":""07848""}"
landfill_953,Warren County District Landfill,landfill,40.82204400,-75.00614700,NJ,EPA_LMOP,"{""address"":""502 Mt Pisgah Avenue\nE Quarry Road"",""city"":""Oxford"",""county"":""Warren"",""ghgrp_id"":""1004095"",""zip"":""07863""}"
landfill_12161,Caja del Rio Landfill,landfill,35.67774600,-106.08785500,NM,EPA_LMOP,"{""address"":""149 Wildlife Way"",""city"":""Santa Fe"",""county"":""Santa Fe"",""ghgrp_id"":""1006724"",""zip"":""87506""}"
landfill_10480,Camino Real Landfill,landfill,31.79000000,-106.59200000,NM,EPA_LMOP,"{""address"":""1000 Camino Real Boulevard"",""city"":""Sunland Park"",""county"":""Dona Ana"",""ghgrp_id"":""1003362"",""zip"":""88063""}"
landfill_2062,Cerro Colorado LF,landfill,35.01050000,-106.87700000,NM,EPA_LMOP,"{""address"":""18000 Cerro Colorado SW"",""city"":""Albuquerque"",""county"":""Bernalillo"",""ghgrp_id"":""1004341"",""zip"":""87121""}"
landfill_11921,Clovis Regional Solid Waste Facility,landfill,34.38099900,-103.16817500,NM,EPA_LMOP,"{""address"":""801 S Norris Street\n2801 E. Brady Street"",""city"":""Clovis"",""county"":""Curry"",""ghgrp_id"":""1004223"",""zip"":""88101""}"
landfill_12222,Corralitos Regional Landfill,landfill,32.24500000,-107.03000000,NM,EPA_LMOP,"{""address"":""14535 Robert Larson Boulevard"",""city"":""Las Cruces"",""county"":""Dona Ana"",""ghgrp_id"":""1004224"",""zip"":""88005""}"
landfill_1793,Las Vegas-New Mexico Landfill,landfill,35.61194500,-105.25416700,NM,EPA_LMOP,"{""city"":""Las Vegas-New Mexico"",""county"":""San Miguel"",""zip"":""87701""}"
landfill_20710,Lea County Landfill,landfill,32.42830000,-103.07000000,NM,EPA_LMOP,"{""address"":""3219 East State Road 234\n5 to 6 miles east of Eunice"",""city"":""Eunice"",""county"":""Lea"",""ghgrp_id"":""1011595"",""zip"":""88231""}"
landfill_2143,Los Alamos County LF,landfill,35.87520000,-106.31000000,NM,EPA_LMOP,"{""address"":""3701 East Jemez Road"",""city"":""Los Alamos"",""county"":""Los Alamos"",""zip"":""87544""}"
landfill_2061,Los Angeles Landfill,landfill,35.18080000,-106.60200000,NM,EPA_LMOP,"{""address"":""4300 Alameda Blvd NE"",""city"":""Albuquerque"",""county"":""Bernalillo"",""zip"":""87113""}"
landfill_11861,Northeastern New Mexico Regional Landfill,landfill,35.99349200,-104.72599500,NM,EPA_LMOP,"{""address"":""39346 Frontage Road"",""city"":""Wagon Mound"",""county"":""Mora"",""zip"":""87752""}"
landfill_20709,Otero/Greentree Regional Landfill,landfill,32.56420000,-106.02900000,NM,EPA_LMOP,"{""address"":""24 miles south of Alamogordo on U.S. Highway 54"",""city"":""Alamogordo"",""county"":""Otero"",""ghgrp_id"":""1011215"",""zip"":""88310""}"
landfill_2394,Rio Rancho Landfill,landfill,35.27440000,-106.67100000,NM,EPA_LMOP,"{""address"":""1132 33rd Street"",""city"":""Rio Rancho"",""county"":""Sandoval"",""ghgrp_id"":""1007769"",""zip"":""87124""}"
landfill_2395,San Juan County Regional Landfill,landfill,36.78300000,-108.04020000,NM,EPA_LMOP,"{""address"":""3140 #78\n8 mi NE of Farmington"",""city"":""Aztec"",""county"":""San Juan"",""ghgrp_id"":""1003565"",""zip"":""87410""}"
landfill_20762,Sand Point Landfill,landfill,32.50053400,-104.06916700,NM,EPA_LMOP,"{""address"":""164 Landfill Road"",""city"":""Carlsbad"",""county"":""Eddy"",""ghgrp_id"":""1012133"",""zip"":""88220""}"
landfill_12211,Sandoval County Landfill,landfill,35.30640000,-106.62840000,NM,EPA_LMOP,"{""address"":""2708 Iris Road NE"",""city"":""Rio Rancho"",""county"":""Sandoval"",""ghgrp_id"":""1000478"",""zip"":""87144""}"
landfill_2063,South Broadway/Mesa Del Sol LF,landfill,34.98500000,-106.63830000,NM,EPA_LMOP,"{""city"":""Albuquerque"",""county"":""Bernalillo"",""zip"":""87107""}"
landfill_21397,Valencia County Regional Landfill,landfill,34.72167000,-107.04069000,NM,EPA_LMOP,"{""address"":""40 Landfill Road\n6 miles S of NM-6"",""city"":""Los Lunas"",""county"":""Valencia"",""zip"":""87031""}"
landfill_930,Apex Regional LF,landfill,36.37400000,-114.86518000,NV,EPA_LMOP,"{""address"":""13550 US Highway 93 North"",""city"":""Las Vegas"",""county"":""Clark"",""ghgrp_id"":""1004352"",""zip"":""89165""}"
landfill_21083,Battle Mountain Sanitary Landfill,landfill,40.60290000,-116.98150000,NV,EPA_LMOP,"{""address"":""NV-305\n3.5 miles South of town"",""city"":""Battle Mountain"",""county"":""Lander"",""zip"":""89820""}"
landfill_936,Boulder City LF,landfill,35.96436000,-114.81342000,NV,EPA_LMOP,"{""address"":""2500 South Utah Street"",""city"":""Boulder City"",""county"":""Clark"",""zip"":""89005""}"
landfill_935,Carson City Sanitary Landfill,landfill,39.19200000,-119.67500000,NV,EPA_LMOP,"{""address"":""7001 Highway 50 E\n3600 Flint Drive"",""city"":""Carson City"",""county"":""Carson City"",""zip"":""89701""}"
landfill_932,City of Elko Municipal Landfill,landfill,40.83800000,-115.72250000,NV,EPA_LMOP,"{""address"":""2200 Pinion Road"",""city"":""Elko"",""county"":""Elko"",""ghgrp_id"":""1003979"",""zip"":""89801""}"
landfill_21084,Crestline Sanitary Landfill,landfill,37.66310000,-114.12860000,NV,EPA_LMOP,"{""address"":""20601 Crestline Road\n10 mi S of INT with SR-319"",""city"":""Panaca"",""county"":""Lincoln"",""zip"":""89042""}"
landfill_1795,Douglas County Landfill,landfill,38.90300000,-119.66800000,NV,EPA_LMOP,"{""address"":""902 Dump Road"",""city"":""Gardnerville"",""county"":""Douglas"",""zip"":""89410""}"
landfill_21085,Ely Sanitary Landfill,landfill,39.27220000,-114.87240000,NV,EPA_LMOP,"{""address"":""1003 Lackawanna Road"",""city"":""Ely"",""county"":""White Pine"",""zip"":""89301""}"
landfill_21086,Eureka Sanitary Landfill,landfill,39.52280300,-115.95599700,NV,EPA_LMOP,"{""address"":""Wittenburg Road"",""city"":""Eureka"",""county"":""Eureka"",""zip"":""89316""}"
landfill_21087,Goldfield Sanitary Landfill,landfill,37.72841900,-117.26607600,NV,EPA_LMOP,"{""address"":""Off Hwy 95"",""city"":""Goldfield"",""county"":""Esmeralda"",""zip"":""89013""}"
landfill_21088,Hawthorne Sanitary Landfill,landfill,38.50418100,-118.66861700,NV,EPA_LMOP,"{""address"":""Corey View Drive"",""city"":""Hawthorne"",""county"":""Mineral"",""zip"":""89415""}"
landfill_1945,Laughlin Landfill,landfill,35.18061100,-114.63580200,NV,EPA_LMOP,"{""address"":""Needles Highway\n1/4 mile south of Highway 163"",""city"":""Laughlin"",""county"":""Clark"",""ghgrp_id"":""1004242"",""zip"":""89029""}"
landfill_931,Lockwood Regional LF,landfill,39.49400000,-119.61500000,NV,EPA_LMOP,"{""address"":""2700 E. Mustang Road"",""city"":""Sparks"",""county"":""Storey"",""ghgrp_id"":""1003260"",""zip"":""89434""}"
landfill_21089,Mesquite Sanitary Landfill,landfill,36.89220000,-114.07590000,NV,EPA_LMOP,"{""address"":""3200 Mesquite Heights Road"",""city"":""Mesquite"",""county"":""Lincoln"",""zip"":""89034""}"
landfill_21090,Nevada Test Site Sanitary Landfill,landfill,36.65748400,-116.01448500,NV,EPA_LMOP,"{""city"":""Mercury"",""county"":""Nye""}"
landfill_21091,New Austin Landfill,landfill,39.48174900,-117.10768500,NV,EPA_LMOP,"{""address"":""Big Creek Road"",""city"":""Austin"",""county"":""Lander"",""zip"":""89310""}"
landfill_21098,Old Amargosa Landfill,landfill,36.53063200,-116.41423700,NV,EPA_LMOP,"{""address"":""Cook Road\nOff Highway 373"",""city"":""Amargosa Valley"",""county"":""Nye"",""zip"":""89020""}"
landfill_934,Pahrump Valley Sanitary Landfill,landfill,36.24650000,-115.98260000,NV,EPA_LMOP,"{""address"":""1631 E. Mesquite Avenue\nEast of Highway 160"",""city"":""Pahrump"",""county"":""Nye"",""zip"":""89060""}"
landfill_21092,Pershing County Sanitary Landfill,landfill,40.18406300,-118.54525400,NV,EPA_LMOP,"{""address"":""Lone Mountain Road\nOld Toll Road"",""city"":""Lovelock"",""county"":""Pershing"",""zip"":""89419""}"
landfill_21093,Round Mountain Sanitary Landfill,landfill,38.74336200,-117.10952900,NV,EPA_LMOP,"{""address"":""Off Hwy 376\nDump Road"",""city"":""Round Mountain"",""county"":""Nye"",""zip"":""89045""}"
landfill_21094,Russell Pass Sanitary Landfill,landfill,39.23153800,-118.73379200,NV,EPA_LMOP,"{""address"":""Schurz Highway (Hwy 95)\n15 miles S of Fallon"",""city"":""Fallon"",""county"":""Churchill"",""zip"":""89406""}"
landfill_1794,Sunrise Landfill,landfill,36.14120100,-114.99908000,NV,EPA_LMOP,"{""address"":""7900 E. Vegas Valley Drive"",""city"":""Las Vegas"",""county"":""Clark"",""ghgrp_id"":""1006277"",""zip"":""89142""}"
landfill_21095,Tonopah Sanitary Landfill,landfill,38.06136200,-117.16048400,NV,EPA_LMOP,"{""address"":""Off U.S. Hwy 6\n6 miles E of Tonopah"",""city"":""Tonopah"",""county"":""Nye"",""zip"":""89049""}"
landfill_21096,Tonopah Test Range Sanitary Landfill,landfill,37.80287600,-116.76224100,NV,EPA_LMOP,"{""address"":""Tonopah Test Range Airport"",""city"":""Tonopah"",""county"":""Nye"",""zip"":""89049""}"
landfill_21097,West Wendover Sanitary Landfill,landfill,40.70200000,-114.13500000,NV,EPA_LMOP,"{""address"":""Lincoln Highway"",""city"":""W. Wendover"",""county"":""Elko"",""zip"":""89883""}"
landfill_933,Winnemucca LF,landfill,40.96740000,-117.74300000,NV,EPA_LMOP,"{""city"":""Winnemucca"",""county"":""Humboldt"",""zip"":""89445""}"
landfill_965,Al Turi LF,landfill,41.39763000,-74.32233000,NY,EPA_LMOP,"{""address"":""73 Hartley Road"",""city"":""Goshen"",""county"":""Orange"",""ghgrp_id"":""1004823"",""zip"":""10924""}"
landfill_985,Albany Landfill,landfill,42.70360000,-73.84660000,NY,EPA_LMOP,"{""address"":""525 Rapp Rd N"",""city"":""Albany"",""county"":""Albany"",""ghgrp_id"":""1006276"",""zip"":""12205""}"
landfill_997,Allegany County LF,landfill,42.26390000,-78.04090000,NY,EPA_LMOP,"{""address"":""6006 County Road 48 (River Road)"",""city"":""Angelica"",""county"":""Allegany"",""zip"":""14709""}"
landfill_1009,Auburn SLF #1 & #2,landfill,42.95280000,-76.58720000,NY,EPA_LMOP,"{""address"":""311 N. Division Street"",""city"":""Auburn"",""county"":""Cayuga"",""ghgrp_id"":""1003034"",""zip"":""13021""}"
landfill_10700,Ava Landfill,landfill,43.45296500,-75.41158300,NY,EPA_LMOP,"{""address"":""7044 State Route 294"",""city"":""Boonville"",""county"":""Oneida"",""ghgrp_id"":""1003033"",""zip"":""13309""}"
landfill_975,Blydenburgh Road Landfill,landfill,40.81400000,-73.18060000,NY,EPA_LMOP,"{""address"":""440 Blydenburgh Road"",""city"":""Hauppauge"",""county"":""Suffolk"",""ghgrp_id"":""1002125"",""zip"":""11788""}"
landfill_994,Bristol Hill SLF,landfill,43.34800000,-76.34000000,NY,EPA_LMOP,"{""address"":""3125 State Route 3"",""city"":""Fulton"",""county"":""Oswego"",""ghgrp_id"":""1004494"",""zip"":""13069""}"
landfill_20800,Brookfield Avenue Landfill,landfill,40.56166700,-74.16016700,NY,EPA_LMOP,"{""address"":""575 Arthur Kill Road"",""city"":""Staten Island"",""county"":""Richmond"",""ghgrp_id"":""1003163"",""zip"":""10308""}"
landfill_980,Brookhaven LF,landfill,40.79500000,-72.93100000,NY,EPA_LMOP,"{""address"":""350 Horseblock Road\n(Horseblock & Sunrise Highway)"",""city"":""Yaphank"",""county"":""Suffolk"",""ghgrp_id"":""1006196"",""zip"":""11980""}"
landfill_996,Broome County Landfill,landfill,42.23680000,-75.98338000,NY,EPA_LMOP,"{""address"":""286 Knapp Road"",""city"":""Binghamton"",""county"":""Broome"",""ghgrp_id"":""1002436"",""zip"":""13905""}"
landfill_987,Chaffee LF,landfill,42.58200000,-78.50500000,NY,EPA_LMOP,"{""address"":""10860 Olean Road"",""city"":""Chaffee"",""county"":""Erie"",""ghgrp_id"":""1007617"",""zip"":""14030""}"
landfill_990,Chautauqua County Landfill,landfill,42.20150000,-79.31560000,NY,EPA_LMOP,"{""address"":""3889 Towerville Road"",""city"":""Jamestown"",""county"":""Chautauqua"",""ghgrp_id"":""1005488"",""zip"":""14701""}"
landfill_986,Chemung County Landfill,landfill,42.03700000,-76.68200000,NY,EPA_LMOP,"{""address"":""1488 County Road 60"",""city"":""Elmira"",""county"":""Chemung"",""ghgrp_id"":""1006021"",""zip"":""14901""}"
landfill_1010,Chenango County Landfill,landfill,42.57000000,-75.67650000,NY,EPA_LMOP,"{""address"":""439 County Road 47"",""city"":""Norwich"",""county"":""Chenango"",""zip"":""13815""}"
landfill_20795,City of Gloversville Landfill,landfill,43.04883300,-74.31066700,NY,EPA_LMOP,"{""address"":""E. Fulton Street Extension (Route 29A)"",""city"":""Gloversville"",""county"":""Fulton"",""ghgrp_id"":""1005462"",""zip"":""12078""}"
landfill_1025,Clifton Park LF,landfill,42.82460000,-73.82550000,NY,EPA_LMOP,"{""address"":""217 Vischer Ferry Road"",""city"":""Rexford"",""county"":""Saratoga"",""zip"":""12065""}"
landfill_999,Clinton County Regional Landfill,landfill,44.69100000,-73.59400000,NY,EPA_LMOP,"{""address"":""286 Sand Road"",""city"":""Morrisonville"",""county"":""Clinton"",""ghgrp_id"":""1005259"",""zip"":""12962""}"
landfill_1013,Cortland County SLF,landfill,42.59320000,-76.07820000,NY,EPA_LMOP,"{""address"":""4708 Town Line Road"",""city"":""McGraw"",""county"":""Cortland"",""ghgrp_id"":""1003036"",""zip"":""13101""}"
landfill_2002,Croton Point Landfill,landfill,41.18720000,-73.88710000,NY,EPA_LMOP,"{""address"":""Half Moon Bay Drive\nCroton Point Avenue"",""city"":""Croton-on-Hudson"",""county"":""Westchester"",""ghgrp_id"":""1010845"",""zip"":""10520""}"
landfill_989,DANC Solid Waste Management Facility,landfill,43.82000000,-75.91800000,NY,EPA_LMOP,"{""address"":""23400 NYS State Route 177"",""city"":""Rodman"",""county"":""Jefferson"",""ghgrp_id"":""1004057"",""zip"":""13682-0003""}"
landfill_983,Delaware County LF,landfill,42.15800000,-75.05200000,NY,EPA_LMOP,"{""address"":""32230 State Highway 10"",""city"":""Walton"",""county"":""Delaware"",""zip"":""13856""}"
landfill_967,East Northport SLF,landfill,40.88000000,-73.28900000,NY,EPA_LMOP,"{""address"":""Town Line Road"",""city"":""East Northport"",""county"":""Suffolk"",""zip"":""11725""}"
landfill_1035,Edgemere SLF,landfill,40.60250000,-73.78000000,NY,EPA_LMOP,"{""address"":""51st and Almeda Street"",""city"":""Far Rockaway"",""county"":""Queens"",""ghgrp_id"":""1001581"",""zip"":""11691""}"
landfill_1039,Esopus SLF,landfill,41.80400000,-73.96600000,NY,EPA_LMOP,"{""address"":""70 West Shore Drive"",""city"":""Esopus"",""county"":""Ulster"",""zip"":""12429""}"
landfill_20796,Former Town of Babylon Landfill,landfill,40.73233300,-73.38133300,NY,EPA_LMOP,"{""address"":""185 Edison Avenue"",""city"":""West Babylon"",""county"":""Suffolk"",""ghgrp_id"":""1004587"",""zip"":""11704""}"
landfill_10360,Fountain Avenue LF,landfill,40.65549000,-73.86208000,NY,EPA_LMOP,"{""address"":""950 Fountain Avenue"",""city"":""Brooklyn"",""county"":""Kings"",""ghgrp_id"":""1004653"",""zip"":""11208""}"
landfill_10900,Franklin County Regional Landfill,landfill,44.98150000,-74.33230000,NY,EPA_LMOP,"{""address"":""828 County Route 20"",""city"":""Constable"",""county"":""Franklin"",""ghgrp_id"":""1003031"",""zip"":""12926""}"
landfill_966,Fresh Kills SLF,landfill,40.57200000,-74.18800000,NY,EPA_LMOP,"{""address"":""1010 Muldoon Avenue"",""city"":""Staten Island"",""county"":""Richmond"",""ghgrp_id"":""1002843"",""zip"":""10312""}"
landfill_984,Fulton County LF,landfill,43.01270000,-74.47250000,NY,EPA_LMOP,"{""address"":""847 Mud Road"",""city"":""Johnstown"",""county"":""Fulton"",""ghgrp_id"":""1004894"",""zip"":""12095""}"
landfill_21134,Green Ridge Landfill,landfill,43.18654600,-73.61419900,NY,EPA_LMOP,"{""address"":""57 Peters Road"",""city"":""Northumberland"",""county"":""Saratoga"",""ghgrp_id"":""1012955"",""zip"":""12831""}"
landfill_991,Haverstraw SLF,landfill,41.21290000,-73.96980000,NY,EPA_LMOP,"{""address"":""555 Beach Road at Grassy Point Road"",""city"":""Haverstraw"",""county"":""Rockland"",""zip"":""10993""}"
landfill_972,High Acres LF and Recycling Center,landfill,43.08695000,-77.37943000,NY,EPA_LMOP,"{""address"":""425 Perinton Parkway"",""city"":""Fairport"",""county"":""Monroe"",""ghgrp_id"":""1007648"",""zip"":""14450""}"
landfill_1997,Hyland LF,landfill,42.28500000,-78.01500000,NY,EPA_LMOP,"{""address"":""6653 Herdman Road"",""city"":""Angelica"",""county"":""Allegany"",""ghgrp_id"":""1005258"",""zip"":""14709""}"
landfill_1998,Madison County Landfill,landfill,43.03080000,-75.70450000,NY,EPA_LMOP,"{""address"":""6663 Buyea Road"",""city"":""Canastota"",""county"":""Madison"",""ghgrp_id"":""1003029"",""zip"":""13032""}"
landfill_992,Mill Seat LF,landfill,43.06504000,-77.93280000,NY,EPA_LMOP,"{""address"":""303 Brew Road"",""city"":""Bergen"",""county"":""Monroe"",""ghgrp_id"":""1002951"",""zip"":""14416""}"
landfill_993,Modern Landfill Inc,landfill,43.21070800,-78.97899700,NY,EPA_LMOP,"{""address"":""1445 Pletcher Road"",""city"":""Youngstown"",""county"":""Niagara"",""ghgrp_id"":""1003732"",""zip"":""14174""}"
landfill_969,Mohawk Valley SLF,landfill,43.07280000,-75.13030000,NY,EPA_LMOP,"{""address"":""3020 Southside Road"",""city"":""Frankfort"",""county"":""Herkimer"",""ghgrp_id"":""1007652"",""zip"":""13340""}"
landfill_971,Monroe Livingston SLF,landfill,42.99030000,-77.79370000,NY,EPA_LMOP,"{""address"":""1241 South Road"",""city"":""Scottsville"",""county"":""Livingston"",""ghgrp_id"":""1008011"",""zip"":""14546""}"
landfill_1028,Moriah SLF,landfill,44.07900000,-73.48200000,NY,EPA_LMOP,"{""address"":""Pilfershire Road"",""city"":""Moriah"",""county"":""Essex"",""zip"":""12956""}"
landfill_982,New Bath Landfill,landfill,42.31800000,-77.38200000,NY,EPA_LMOP,"{""address"":""5632 Turnpike Road"",""city"":""Bath"",""county"":""Steuben"",""ghgrp_id"":""1003028"",""zip"":""14810""}"
landfill_1001,Niagara Falls Landfill,landfill,43.09076000,-78.99980000,NY,EPA_LMOP,"{""address"":""5600 Niagara Falls Boulevard"",""city"":""Niagara Falls"",""county"":""Niagara"",""ghgrp_id"":""1004772"",""zip"":""14304""}"
landfill_1002,Niagara Landfill,landfill,42.99900000,-78.92500000,NY,EPA_LMOP,"{""address"":""4825 River Road"",""city"":""Tonawanda"",""county"":""Erie"",""zip"":""14150""}"
landfill_979,North Sea LF,landfill,40.93100000,-72.39500000,NY,EPA_LMOP,"{""address"":""1370 Major's Path"",""city"":""Southampton"",""county"":""Suffolk"",""zip"":""11968""}"
landfill_973,Oceanside LF,landfill,40.61860000,-73.63600000,NY,EPA_LMOP,"{""address"":""3737 Long Beach Road"",""city"":""Oceanside"",""county"":""Nassau"",""zip"":""11572""}"
landfill_970,Old Bethpage LF,landfill,40.74020000,-73.45330000,NY,EPA_LMOP,"{""address"":""Round Swamp Road"",""city"":""Oyster Bay"",""county"":""Nassau"",""zip"":""11804""}"
landfill_1006,Ontario County SLF,landfill,42.85910000,-77.08040000,NY,EPA_LMOP,"{""address"":""3555 Post Farm Road\n1879 State Route 5 & 20"",""city"":""Stanley"",""county"":""Ontario"",""ghgrp_id"":""1005257"",""zip"":""14561""}"
landfill_968,Orange County LF,landfill,41.39000000,-74.40500000,NY,EPA_LMOP,"{""address"":""21 Training Center Lane Rt. 17M"",""city"":""New Hampton"",""county"":""Orange"",""ghgrp_id"":""1011227"",""zip"":""10958""}"
landfill_10361,Pelham Bay LF,landfill,40.85638890,-73.81444444,NY,EPA_LMOP,"{""city"":""Bronx"",""county"":""Bronx""}"
landfill_10340,Pennsylvania Avenue LF,landfill,40.64285800,-73.87560800,NY,EPA_LMOP,"{""address"":""Pennsylvania Ave and Shore Parkway INT"",""city"":""Brooklyn"",""county"":""Kings""}"
landfill_1034,Philipstown SLF,landfill,41.42500000,-73.91850000,NY,EPA_LMOP,"{""address"":""Lane Gate Road"",""city"":""Cold Spring"",""county"":""Putnam"",""zip"":""10516""}"
landfill_1000,"Port Washington LF, L-5",landfill,40.81800000,-73.66670000,NY,EPA_LMOP,"{""address"":""802 West Shore Road"",""city"":""Port Washington"",""county"":""Nassau"",""ghgrp_id"":""1004173"",""zip"":""11050""}"
landfill_1029,Queensbury LF,landfill,43.39300000,-73.61550000,NY,EPA_LMOP,"{""address"":""1396 Ridge Road"",""city"":""Queensbury"",""county"":""Warren"",""zip"":""12804""}"
landfill_956,Riverhead LF,landfill,41.39420000,-74.33120000,NY,EPA_LMOP,"{""city"":""Riverhead"",""county"":""Suffolk""}"
landfill_1027,Saratoga Springs LF,landfill,43.09000000,-73.74390000,NY,EPA_LMOP,"{""address"":""Weibel Avenue"",""city"":""Saratoga Springs"",""county"":""Saratoga"",""zip"":""12866""}"
landfill_981,Seneca Meadows SWMF,landfill,42.91795000,-76.84716000,NY,EPA_LMOP,"{""address"":""1786 Salcman Road"",""city"":""Waterloo"",""county"":""Seneca"",""ghgrp_id"":""1004042"",""zip"":""13165""}"
landfill_977,Smithtown Municipal Services Facility,landfill,40.87520000,-73.27890000,NY,EPA_LMOP,"{""address"":""85 Old Northport Road"",""city"":""Kings Park"",""county"":""Suffolk"",""ghgrp_id"":""1004637"",""zip"":""11754""}"
landfill_995,Sullivan County LF,landfill,41.64000000,-74.66000000,NY,EPA_LMOP,"{""address"":""91 Landfill Drive"",""city"":""Monticello"",""county"":""Sullivan"",""ghgrp_id"":""1003231"",""zip"":""12701""}"
landfill_1841,Tonawanda Landfill,landfill,42.99700000,-78.88900000,NY,EPA_LMOP,"{""address"":""E. Park Drive"",""city"":""Tonawanda"",""county"":""Erie"",""zip"":""14150""}"
landfill_988,Town of Colonie SLF,landfill,42.80782500,-73.73098100,NY,EPA_LMOP,"{""address"":""4 Arrowhead Lane"",""city"":""Cohoes"",""county"":""Albany"",""ghgrp_id"":""1005155"",""zip"":""12047""}"
landfill_1030,Troy SLF,landfill,42.69880000,-73.67000000,NY,EPA_LMOP,"{""address"":""Industrial Park Road"",""city"":""Troy"",""county"":""Rensselaer"",""zip"":""12180""}"
landfill_2163,Village of Lake George Landfill,landfill,43.40100000,-73.72800000,NY,EPA_LMOP,"{""address"":""124 Transfer Road"",""city"":""Lake George"",""county"":""Warren"",""zip"":""12845""}"
landfill_1023,Watertown Landfill,landfill,43.98510000,-75.74070000,NY,EPA_LMOP,"{""address"":""Card Road"",""city"":""Black River"",""county"":""Jefferson"",""zip"":""13612""}"
landfill_1197,Akron Regional Landfill,landfill,41.15400000,-81.56000000,OH,EPA_LMOP,"{""address"":""1585 Hardy Road"",""city"":""Akron"",""county"":""Summit"",""ghgrp_id"":""1006088"",""zip"":""44313""}"
landfill_1195,American LF,landfill,40.72000000,-81.26400000,OH,EPA_LMOP,"{""address"":""7916 Chapel Street SE"",""city"":""Waynesburg"",""county"":""Stark"",""ghgrp_id"":""1007722"",""zip"":""44688""}"
landfill_12061,Apex Sanitary Landfill,landfill,40.43500000,-80.91000000,OH,EPA_LMOP,"{""address"":""11 County Road 78"",""city"":""Amsterdam"",""county"":""Jefferson"",""ghgrp_id"":""1006777"",""zip"":""43903""}"
landfill_1158,Ashland County LF,landfill,40.85650000,-82.32000000,OH,EPA_LMOP,"{""city"":""Ashland"",""county"":""Ashland"",""zip"":""44805""}"
landfill_1161,"Athens-Hocking Landfill, Inc.",landfill,39.46000000,-82.27900000,OH,EPA_LMOP,"{""address"":""17970 Diamond Brick Road\n(Old U.S. Route 33)"",""city"":""Nelsonville"",""county"":""Athens"",""ghgrp_id"":""1011217"",""zip"":""45764""}"
landfill_1174,Bedford #1 and #2 LFs,landfill,39.99290000,-82.84800000,OH,EPA_LMOP,"{""address"":""970 Claycraft Road"",""city"":""Gahanna"",""county"":""Franklin"",""zip"":""43230""}"
landfill_2246,Beech Hollow SLF,landfill,39.12370000,-82.48820000,OH,EPA_LMOP,"{""address"":""28 A W Long Road"",""city"":""Wellston"",""county"":""Jackson"",""ghgrp_id"":""1004815"",""zip"":""45692""}"
landfill_1199,Bigfoot Run Landfill,landfill,39.36440000,-84.16730000,OH,EPA_LMOP,"{""address"":""2420 Mason Morrow Millgrove Road"",""city"":""Morrow"",""county"":""Warren"",""ghgrp_id"":""1004354"",""zip"":""45152""}"
landfill_2427,Bobmeyer Road MSW Landfill,landfill,39.36032200,-84.52592300,OH,EPA_LMOP,"{""address"":""2841 Bobmeyer Road"",""city"":""Fairfield"",""county"":""Butler"",""ghgrp_id"":""1004518"",""zip"":""45014""}"
landfill_21200,Bond Road Landfill,landfill,39.20589300,-84.81846400,OH,EPA_LMOP,"{""address"":""11425 Bond Road"",""city"":""Harrison"",""county"":""Hamilton"",""zip"":""45030""}"
landfill_1187,Carbon Limestone LF,landfill,41.00163000,-80.51900000,OH,EPA_LMOP,"{""address"":""8100 South Stateline Road"",""city"":""Lowellville"",""county"":""Mahoning"",""ghgrp_id"":""1003102"",""zip"":""44436""}"
landfill_1898,Celina Landfill,landfill,40.45141200,-84.56340400,OH,EPA_LMOP,"{""address"":""6141 Depweg Road"",""city"":""Celina"",""county"":""Mercer"",""ghgrp_id"":""1008004"",""zip"":""45822""}"
landfill_2248,"Central Waste, Inc. LF",landfill,40.94640000,-81.07710000,OH,EPA_LMOP,"{""address"":""12003 Oyster Road"",""city"":""Alliance"",""county"":""Mahoning"",""ghgrp_id"":""1006294"",""zip"":""44601""}"
landfill_1184,"Cherokee Run Landfill, Inc.",landfill,40.41450000,-83.72500000,OH,EPA_LMOP,"{""address"":""2946 U.S. Route 68 North"",""city"":""Bellefontaine"",""county"":""Logan"",""ghgrp_id"":""1002480"",""zip"":""43311""}"
landfill_1205,City of Brooklyn LF,landfill,41.44400000,-81.75150000,OH,EPA_LMOP,"{""address"":""9400 Memphis Avenue"",""city"":""Brooklyn"",""county"":""Cuyahoga"",""zip"":""44144""}"
landfill_21223,City of Oxford Sanitary Landfill,landfill,39.49719500,-84.74148000,OH,EPA_LMOP,"{""address"":""945 S. Main Street"",""city"":""Oxford"",""county"":""Butler"",""zip"":""45056""}"
landfill_1162,City of St. Marys LF,landfill,40.54390000,-84.39400000,OH,EPA_LMOP,"{""city"":""St. Marys"",""county"":""Auglaize"",""zip"":""45885""}"
landfill_1209,City of Xenia LF,landfill,39.69876900,-83.94757200,OH,EPA_LMOP,"{""address"":""966 Towler Road"",""city"":""Xenia"",""county"":""Greene"",""zip"":""45385""}"
landfill_20900,CLD Landfill,landfill,40.95000000,-80.84500000,OH,EPA_LMOP,"{""address"":""9960 S. Range Road"",""city"":""Salem"",""county"":""Mahoning"",""ghgrp_id"":""1005065"",""zip"":""44460""}"
landfill_1168,Cleveland Land Development LF,landfill,41.41110200,-81.65523300,OH,EPA_LMOP,"{""address"":""1329 East Schaaf Road"",""city"":""Brooklyn Heights"",""county"":""Cuyahoga"",""zip"":""44130""}"
landfill_10921,"Coshocton Landfill, Inc.",landfill,40.22400000,-81.82600000,OH,EPA_LMOP,"{""address"":""19469 County Road No 7"",""city"":""Coshocton"",""county"":""Coshocton"",""ghgrp_id"":""1007579"",""zip"":""43812""}"
landfill_1204,County Environmental Landfill of Wyandot,landfill,40.91000000,-83.33000000,OH,EPA_LMOP,"{""address"":""11164 County Road #4"",""city"":""Carey"",""county"":""Wyandot"",""ghgrp_id"":""1002555"",""zip"":""43316""}"
landfill_1196,Countywide Recycling & Disposal LF,landfill,40.66683000,-81.42369000,OH,EPA_LMOP,"{""address"":""3619 Gracemont Street, S.W."",""city"":""East Sparta"",""county"":""Stark"",""ghgrp_id"":""1008003"",""zip"":""44626""}"
landfill_1166,Crawford County Sanitary LF,landfill,40.82150000,-82.86900000,OH,EPA_LMOP,"{""address"":""5128 Lincoln Highway East"",""city"":""Bucyrus"",""county"":""Crawford"",""ghgrp_id"":""1002276"",""zip"":""44820""}"
landfill_1167,Cuyahoga Regional Sanitary LF,landfill,41.38023000,-81.46918000,OH,EPA_LMOP,"{""address"":""6640 Cochran Road\n28625 Ambina Drive"",""city"":""Solon"",""county"":""Cuyahoga"",""ghgrp_id"":""1007902"",""zip"":""44139""}"
landfill_12206,Defiance County Landfill,landfill,41.25200000,-84.41222400,OH,EPA_LMOP,"{""address"":""13207 Canal Road"",""city"":""Defiance"",""county"":""Defiance"",""ghgrp_id"":""1001101"",""zip"":""43512""}"
landfill_2431,Duck Creek,landfill,39.43220000,-81.37540000,OH,EPA_LMOP,"{""address"":""State Route 26"",""city"":""Marietta"",""county"":""Washington"",""zip"":""45750""}"
landfill_1165,"East Liverpool LF, Inc.",landfill,40.68800000,-80.67300000,OH,EPA_LMOP,"{""address"":""44295 Y&O Road"",""city"":""Wellsville"",""county"":""Columbiana"",""zip"":""43968""}"
landfill_1178,ELDA RDF,landfill,39.18740000,-84.51320000,OH,EPA_LMOP,"{""address"":""5701 Este Avenue"",""city"":""Cincinnati"",""county"":""Hamilton"",""ghgrp_id"":""1002491"",""zip"":""45232""}"
landfill_1172,Erie County SLF,landfill,41.34400000,-82.60350000,OH,EPA_LMOP,"{""address"":""10102 Hoover Road"",""city"":""Milan"",""county"":""Erie"",""ghgrp_id"":""1006103"",""zip"":""44846""}"
landfill_1202,Evergreen Recycling & Disposal LF,landfill,41.60598000,-83.51224000,OH,EPA_LMOP,"{""address"":""2625 East Broadway Street"",""city"":""Northwood"",""county"":""Wood"",""ghgrp_id"":""1007723"",""zip"":""43619""}"
landfill_1216,Fowler LF,landfill,41.31600000,-80.62700000,OH,EPA_LMOP,"{""address"":""SR 305 & Warren Road"",""city"":""Fowler Township"",""county"":""Trumbull"",""zip"":""44410""}"
landfill_1175,Franklin County SLF,landfill,39.84186000,-83.10904000,OH,EPA_LMOP,"{""address"":""3851 London-Groveport Road SR-665"",""city"":""Grove City"",""county"":""Franklin"",""ghgrp_id"":""1003787"",""zip"":""43123""}"
landfill_1176,Gallia County LF,landfill,38.98400000,-82.23900000,OH,EPA_LMOP,"{""address"":""497 Roush Hollow Road"",""city"":""Bidwell"",""county"":""Gallia"",""ghgrp_id"":""1007665"",""zip"":""45614""}"
landfill_1159,Geneva Landfill,landfill,41.79389300,-80.90522700,OH,EPA_LMOP,"{""address"":""4339 Tuttle Road"",""city"":""Geneva"",""county"":""Ashtabula"",""ghgrp_id"":""1003392"",""zip"":""44041""}"
landfill_1170,Glenwillow Landfill,landfill,41.35677300,-81.46390100,OH,EPA_LMOP,"{""address"":""30300 Pettibone Road"",""city"":""Solon"",""county"":""Cuyahoga"",""ghgrp_id"":""1006345"",""zip"":""44139""}"
landfill_1179,Hancock County Sanitary LF,landfill,41.11250000,-83.67850000,OH,EPA_LMOP,"{""address"":""10400 Allen Township Road 107\n3763 County Road 140"",""city"":""Findlay"",""county"":""Hancock"",""ghgrp_id"":""1003638"",""zip"":""45840""}"
landfill_1180,Henry County LF,landfill,41.33500000,-84.06600000,OH,EPA_LMOP,"{""address"":""L-622 Twp. Road 11"",""city"":""Napoleon"",""county"":""Henry"",""ghgrp_id"":""1000397"",""zip"":""43545""}"
landfill_1186,Hoffman Road Sanitary LF,landfill,41.69330000,-83.50560000,OH,EPA_LMOP,"{""address"":""3962 Hoffman Road"",""city"":""Toledo"",""county"":""Lucas"",""ghgrp_id"":""1002581"",""zip"":""43611""}"
landfill_1181,Holmes County LF,landfill,40.59500000,-81.89600000,OH,EPA_LMOP,"{""address"":""6601 Twp Road 326"",""city"":""Millersburg"",""county"":""Holmes"",""zip"":""44654""}"
landfill_11722,Huron County LF,landfill,41.14120000,-82.68750000,OH,EPA_LMOP,"{""address"":""2415 Townline Road 131 W"",""city"":""Willard"",""county"":""Huron"",""zip"":""44890""}"
landfill_1198,Kimble Sanitary LF,landfill,40.51139000,-81.54137000,OH,EPA_LMOP,"{""address"":""3596 SR 39 NW"",""city"":""Dover"",""county"":""Tuscarawas"",""ghgrp_id"":""1004399"",""zip"":""44622""}"
landfill_20857,Lake County Recycling and Disposal Facility,landfill,41.57200000,-81.38150000,OH,EPA_LMOP,"{""address"":""7166 Brooklane Road"",""city"":""Chesterland"",""county"":""Geauga"",""ghgrp_id"":""1007906"",""zip"":""44026""}"
landfill_1908,Lake County SWF,landfill,41.75600000,-81.20040000,OH,EPA_LMOP,"{""address"":""2039 Blase Nemeth Road"",""city"":""Painesville"",""county"":""Lake"",""ghgrp_id"":""1005878"",""zip"":""44077""}"
landfill_2429,Lorain County Landfill I & II,landfill,41.30500000,-82.17500000,OH,EPA_LMOP,"{""address"":""43502 Oberlin-Elyria Road\nState Route 511"",""city"":""Oberlin"",""county"":""Lorain"",""ghgrp_id"":""1007969"",""zip"":""44074""}"
landfill_2243,Mahoning LF,landfill,40.91460300,-80.58563200,OH,EPA_LMOP,"{""address"":""3510 E. Garfield Road"",""city"":""New Springfield"",""county"":""Mahoning"",""ghgrp_id"":""1007756"",""zip"":""44443""}"
landfill_1206,Middletown City LF,landfill,39.53920000,-84.37070000,OH,EPA_LMOP,"{""address"":""3500 Terry Drive\noff Carmody Boulevard"",""city"":""Middletown"",""county"":""Butler"",""zip"":""45042""}"
landfill_2050,Model Landfill,landfill,39.89583000,-83.03067000,OH,EPA_LMOP,"{""address"":""3299 Jackson Pike"",""city"":""Grove City"",""county"":""Franklin"",""ghgrp_id"":""1003788"",""zip"":""43123""}"
landfill_1200,Mt. Eaton East Landfill,landfill,40.69500000,-81.65500000,OH,EPA_LMOP,"{""address"":""8544 W Lebanon Road (Township Road 105)"",""city"":""Navarre"",""county"":""Wayne"",""ghgrp_id"":""1010288"",""zip"":""44662""}"
landfill_2430,Muskingum,landfill,39.96453900,-81.96980200,OH,EPA_LMOP,"{""address"":""2175 Adamsville Road"",""city"":""Zanesville"",""county"":""Muskingum"",""zip"":""43701""}"
landfill_2245,Noble Road LF,landfill,40.97586000,-82.48737000,OH,EPA_LMOP,"{""address"":""170 Noble Road East"",""city"":""Shiloh"",""county"":""Richland"",""ghgrp_id"":""1004850"",""zip"":""44878""}"
landfill_1977,North Sanitary Landfill,landfill,39.69660000,-84.25440000,OH,EPA_LMOP,"{""address"":""4200 Pinnacle Road"",""city"":""Dayton"",""county"":""Montgomery"",""ghgrp_id"":""1003390"",""zip"":""45418""}"
landfill_1189,Ottawa County LF,landfill,41.52500000,-83.03300000,OH,EPA_LMOP,"{""address"":""530 North Camp Road"",""city"":""Port Clinton"",""county"":""Ottawa"",""ghgrp_id"":""1004484"",""zip"":""43452""}"
landfill_1190,Pike Sanitation LF,landfill,39.08577000,-82.96376000,OH,EPA_LMOP,"{""address"":""11775 State Route 220 E"",""city"":""Waverly"",""county"":""Pike"",""ghgrp_id"":""1006383"",""zip"":""45690""}"
landfill_2249,Pine Grove Landfill,landfill,39.59002100,-82.71237000,OH,EPA_LMOP,"{""address"":""5131 Drinkle Road, S.W."",""city"":""Amanda"",""county"":""Fairfield"",""ghgrp_id"":""1003105"",""zip"":""43102""}"
landfill_1192,Preble County SLF,landfill,39.74460000,-84.65250000,OH,EPA_LMOP,"{""address"":""4239 US Route 127 South"",""city"":""Eaton"",""county"":""Preble"",""ghgrp_id"":""1003571"",""zip"":""45320""}"
landfill_1193,Putnam County LF,landfill,41.05998800,-84.08261100,OH,EPA_LMOP,"{""address"":""H-11"",""city"":""Ottawa"",""county"":""Putnam"",""zip"":""45875""}"
landfill_1169,Royalton Road Sanitary LF,landfill,41.32050000,-81.66450000,OH,EPA_LMOP,"{""address"":""9100 Market Place\n3401 East Royalton Road"",""city"":""Broadview Heights"",""county"":""Cuyahoga"",""ghgrp_id"":""1010671"",""zip"":""44147""}"
landfill_1163,Rumpke Brown County Landfill,landfill,38.89730000,-83.90180000,OH,EPA_LMOP,"{""address"":""9427 Beyers Road"",""city"":""Georgetown"",""county"":""Brown"",""ghgrp_id"":""1002425"",""zip"":""45121""}"
landfill_1177,"Rumpke SLF, Inc.",landfill,39.27450000,-84.59822000,OH,EPA_LMOP,"{""address"":""10795 Hughes Road\n3800 Struble Road"",""city"":""Cincinnati"",""county"":""Hamilton"",""ghgrp_id"":""1004856"",""zip"":""45251""}"
landfill_20801,Seneca East Landfill,landfill,41.16111000,-83.05384000,OH,EPA_LMOP,"{""address"":""2780 County Road 43"",""city"":""Republic"",""county"":""Seneca"",""ghgrp_id"":""1007613"",""zip"":""44867""}"
landfill_20798,Springfield Landfill,landfill,39.91416700,-83.88350000,OH,EPA_LMOP,"{""address"":""3850 Lower Valley Pike"",""city"":""Springfield"",""county"":""Clark"",""ghgrp_id"":""1007945"",""zip"":""45506""}"
landfill_1217,State Wide LF,landfill,40.74320000,-81.39860000,OH,EPA_LMOP,"{""address"":""4720 Dueber Avenue SW"",""city"":""Canton"",""county"":""Stark"",""ghgrp_id"":""1003804"",""zip"":""44706""}"
landfill_1941,Stony Hollow Landfill Inc.,landfill,39.71552000,-84.25222000,OH,EPA_LMOP,"{""address"":""2460 S Gettysburg Avenue"",""city"":""Dayton"",""county"":""Montgomery"",""ghgrp_id"":""1007811"",""zip"":""45418""}"
landfill_2247,Suburban South R&D,landfill,39.87600000,-82.28850000,OH,EPA_LMOP,"{""address"":""3415 Township Road 447"",""city"":""Glenford"",""county"":""Perry"",""ghgrp_id"":""1003661"",""zip"":""43739""}"
landfill_12162,"Sunny Farms Landfill, LLC",landfill,41.10843300,-83.41329700,OH,EPA_LMOP,"{""address"":""12500 West County Road 18"",""city"":""Fostoria"",""county"":""Seneca"",""ghgrp_id"":""1007748"",""zip"":""44830""}"
landfill_1164,Tremont LF,landfill,40.02000000,-83.85800000,OH,EPA_LMOP,"{""address"":""3108 Snyder-Domer Road"",""city"":""Springfield"",""county"":""Clark"",""zip"":""45502""}"
landfill_1194,"Triangle Landfill, Inc.",landfill,39.31900000,-83.32450000,OH,EPA_LMOP,"{""address"":""1700 Salem Road"",""city"":""South Salem"",""county"":""Ross"",""zip"":""45123""}"
landfill_20711,Tunnel Hill Reclamation Landfill,landfill,39.73583800,-82.15825100,OH,EPA_LMOP,"{""address"":""8822 Tunnel Hill Road\n2500 Town Highway 205"",""city"":""New Lexington"",""county"":""Perry"",""ghgrp_id"":""1010596"",""zip"":""43764""}"
landfill_1201,Williams County LF,landfill,41.51385000,-84.58150000,OH,EPA_LMOP,"{""address"":""12539 County Road G"",""city"":""Bryan"",""county"":""Williams"",""ghgrp_id"":""1003695"",""zip"":""43506""}"
landfill_1191,Willowcreek Landfill,landfill,41.01746400,-81.09866100,OH,EPA_LMOP,"{""address"":""1043 State Route 225"",""city"":""Atwater"",""county"":""Portage"",""ghgrp_id"":""1004558"",""zip"":""44201""}"
landfill_10922,Wilmington Sanitary LF,landfill,39.44000000,-83.85120000,OH,EPA_LMOP,"{""address"":""397 S Nelson Avenue"",""city"":""Wilmington"",""county"":""Clinton"",""zip"":""45177""}"
landfill_1203,Wood County Landfill,landfill,41.37720000,-83.73770000,OH,EPA_LMOP,"{""address"":""15320 Tontogany Road\noff U.S. Route 6"",""city"":""Bowling Green"",""county"":""Wood"",""zip"":""43402""}"
landfill_1233,"Absolute Waste Solutions, Inc. Landfill",landfill,35.22225000,-96.96042000,OK,EPA_LMOP,"{""address"":""23591 Brooksville Road"",""city"":""Tecumseh"",""county"":""Pottawatomie"",""zip"":""74873""}"
landfill_2434,Alderson Regional Landfill,landfill,34.92845500,-95.76435800,OK,EPA_LMOP,"{""address"":""201 S. 5th Street"",""city"":""Alderson"",""county"":""Pittsburg"",""ghgrp_id"":""1003411"",""zip"":""74522""}"
landfill_12142,American Environmental Landfill,landfill,36.15880300,-96.19053200,OK,EPA_LMOP,"{""address"":""212 N. 177th W. Avenue"",""city"":""Sand Springs"",""county"":""Osage"",""ghgrp_id"":""1002552"",""zip"":""74063""}"
landfill_1228,Broken Arrow LF,landfill,36.08990000,-95.72600000,OK,EPA_LMOP,"{""address"":""21500 East 51st Street\n51st Street & 225th East Avenue"",""city"":""Broken Arrow"",""county"":""Wagoner"",""ghgrp_id"":""1007712"",""zip"":""74014""}"
landfill_1232,Canadian Valley Landfill,landfill,35.34758000,-96.80372000,OK,EPA_LMOP,"{""address"":""48210 East Independence Street"",""city"":""Shawnee"",""county"":""Pottawatomie"",""ghgrp_id"":""1003621"",""zip"":""74801""}"
landfill_20712,Center Point Landfill,landfill,35.54389100,-96.64774600,OK,EPA_LMOP,"{""address"":""101422 South 3570 Road"",""city"":""Prague"",""county"":""Lincoln"",""ghgrp_id"":""1002244"",""zip"":""74864""}"
landfill_1220,Cherokee Nation SLF,landfill,35.71223000,-94.63732000,OK,EPA_LMOP,"{""address"":""Cherokee Nation Landfill Road"",""city"":""Stilwell"",""county"":""Adair"",""zip"":""74960""}"
landfill_21217,City of Broken Bow Landfill,landfill,34.05912800,-94.71210100,OK,EPA_LMOP,"{""city"":""Broken Bow"",""county"":""McCurtain"",""zip"":""74728""}"
landfill_21219,City of McAlester Landfill,landfill,34.95008300,-95.83267700,OK,EPA_LMOP,"{""address"":""2910 W. Mitchell Road"",""city"":""McAlester"",""county"":""Pittsburg"",""zip"":""74501""}"
landfill_20714,City of Okmulgee Landfill,landfill,35.60324700,-95.89022700,OK,EPA_LMOP,"{""address"":""17480 South 270 Road"",""city"":""Morris"",""county"":""Okmulgee"",""ghgrp_id"":""1002855"",""zip"":""74447""}"
landfill_12214,City of Sallisaw Solid Waste Disposal Facility,landfill,35.41416600,-94.74480600,OK,EPA_LMOP,"{""address"":""N4660 Road\n2.5 mi E of Sallisaw off Hwy 64"",""city"":""Sallisaw"",""county"":""Sequoyah"",""ghgrp_id"":""1003963"",""zip"":""74955""}"
landfill_1227,East Oak SLF,landfill,35.50373000,-97.41513000,OK,EPA_LMOP,"{""address"":""3201 Mosley Road"",""city"":""Oklahoma City"",""county"":""Oklahoma"",""ghgrp_id"":""1007801"",""zip"":""73141""}"
landfill_21214,Elk City Municipal Landfill,landfill,35.42549800,-99.49614300,OK,EPA_LMOP,"{""address"":""W. Country Club Boulevard"",""city"":""Elk City"",""county"":""Beckham"",""zip"":""73644""}"
landfill_1223,Enid City Landfill,landfill,36.36195000,-97.85915400,OK,EPA_LMOP,"{""address"":""1313 E. Southgate Road"",""city"":""Enid"",""county"":""Garfield"",""ghgrp_id"":""1002788"",""zip"":""73701""}"
landfill_20893,Fillsand Landfill,landfill,35.46580000,-97.66800000,OK,EPA_LMOP,"{""address"":""8701 West Reno"",""city"":""Oklahoma City"",""county"":""Oklahoma"",""ghgrp_id"":""1007713"",""zip"":""73127""}"
landfill_1231,Great Plains Landfill,landfill,35.19517900,-97.99242500,OK,EPA_LMOP,"{""address"":""Off County Road EW125\n2 miles W of US Hwy 81"",""city"":""Pocasset"",""county"":""Grady"",""zip"":""73079""}"
landfill_1222,Lawton LF,landfill,34.52300000,-98.40000000,OK,EPA_LMOP,"{""address"":""8902 SW 11th Street"",""city"":""Lawton"",""county"":""Comanche"",""ghgrp_id"":""1004993"",""zip"":""73501""}"
landfill_21218,McCurtain County Landfill,landfill,33.86093000,-94.84610700,OK,EPA_LMOP,"{""address"":""4105 South Seminole"",""city"":""Idabel"",""county"":""McCurtain"",""zip"":""74745""}"
landfill_1234,Muskogee Community LF,landfill,35.71897000,-95.42966000,OK,EPA_LMOP,"{""address"":""2801 S. 54th Street W"",""city"":""Muskogee"",""county"":""Muskogee"",""ghgrp_id"":""1003616"",""zip"":""74401""}"
landfill_1224,Newcastle Landfill,landfill,35.26531000,-97.58247000,OK,EPA_LMOP,"{""address"":""1741 North Portland Avenue"",""city"":""Newcastle"",""county"":""McClain"",""ghgrp_id"":""1004028"",""zip"":""73065""}"
landfill_21220,North Tulsa Sanitary Landfill,landfill,36.23838400,-95.93439800,OK,EPA_LMOP,"{""address"":""4215 E. 56th Street North"",""city"":""Tulsa"",""county"":""Tulsa"",""zip"":""74117""}"
landfill_1226,Oklahoma City Landfill,landfill,35.44550000,-97.64000000,OK,EPA_LMOP,"{""address"":""7600 SW 15th Street"",""city"":""Oklahoma City"",""county"":""Oklahoma"",""ghgrp_id"":""1007624"",""zip"":""73128""}"
landfill_1221,Oklahoma Environmental Management Authority (OEMA) Landfill,landfill,35.43800000,-97.92550000,OK,EPA_LMOP,"{""address"":""20435 SW 29th Street"",""city"":""Union City"",""county"":""Canadian"",""ghgrp_id"":""1006219"",""zip"":""73090""}"
landfill_2136,Osage Landfill,landfill,36.71761100,-96.01274700,OK,EPA_LMOP,"{""address"":""83 County Road 2712"",""city"":""Bartlesville"",""county"":""Osage"",""ghgrp_id"":""1004710"",""zip"":""74003""}"
landfill_21216,Pauls Valley Landfill,landfill,34.71370200,-97.20454700,OK,EPA_LMOP,"{""address"":""405 East Airport Industrial Road"",""city"":""Pauls Valley"",""county"":""Garvin"",""ghgrp_id"":""1013807"",""zip"":""73075""}"
landfill_2433,Perkins,landfill,36.15000000,-97.04300000,OK,EPA_LMOP,"{""address"":""2417 North Marine Drive"",""city"":""Stillwater"",""county"":""Payne"",""ghgrp_id"":""1004473"",""zip"":""74075""}"
landfill_20713,Ponca City Landfill,landfill,36.64700000,-97.11000000,OK,EPA_LMOP,"{""address"":""2501 West Riverview Road"",""city"":""Ponca City"",""county"":""Kay"",""ghgrp_id"":""1002729"",""zip"":""74601""}"
landfill_1229,Porter Landfill,landfill,35.85034000,-95.51475000,OK,EPA_LMOP,"{""address"":""19960 S. 381st E. Avenue"",""city"":""Porter"",""county"":""Wagoner"",""ghgrp_id"":""1004149"",""zip"":""74454""}"
landfill_1236,Quarry LF,landfill,36.20683000,-95.83306000,OK,EPA_LMOP,"{""address"":""4041 N. 141st East Avenue"",""city"":""Tulsa"",""county"":""Tulsa"",""ghgrp_id"":""1007851"",""zip"":""74116""}"
landfill_2138,Red Carpet Landfill Inc.,landfill,36.45800000,-98.19000000,OK,EPA_LMOP,"{""address"":""N2700 Road"",""city"":""Meno"",""county"":""Major"",""ghgrp_id"":""1004711"",""zip"":""73760""}"
landfill_21215,Sayre Municipal Landfill,landfill,35.33365600,-99.63087300,OK,EPA_LMOP,"{""address"":""11606 N 1880 Road"",""city"":""Sayre"",""county"":""Beckham"",""zip"":""73662""}"
landfill_12021,Sooner Landfill,landfill,35.18000000,-96.54600000,OK,EPA_LMOP,"{""address"":""36339 E. West 127"",""city"":""Wewoka"",""county"":""Seminole"",""ghgrp_id"":""1002323"",""zip"":""74884""}"
landfill_2384,Southeast OKC Landfill,landfill,35.39720000,-97.45920000,OK,EPA_LMOP,"{""address"":""7001 S. Bryant Street"",""city"":""Oklahoma City"",""county"":""Oklahoma"",""ghgrp_id"":""1005729"",""zip"":""73149""}"
landfill_1225,Southern OK Regional Disposal LF,landfill,34.18910000,-97.03820000,OK,EPA_LMOP,"{""address"":""31 Sord Drive"",""city"":""Ardmore"",""county"":""Carter"",""ghgrp_id"":""1002234"",""zip"":""73402""}"
landfill_2137,Southern Plains Landfill,landfill,34.93260000,-97.81320000,OK,EPA_LMOP,"{""address"":""3198 County Street 2910\n2 miles west of Alex on Hwy 19"",""city"":""Ninnekah"",""county"":""Grady"",""ghgrp_id"":""1006257"",""zip"":""73067""}"
landfill_2432,Stillwater Sanitary Landfill,landfill,36.20955700,-97.05213600,OK,EPA_LMOP,"{""address"":""1717 East Yost Road"",""city"":""Stillwater"",""county"":""Payne"",""ghgrp_id"":""1005730"",""zip"":""74075""}"
landfill_21036,Ant Flat Landfill,landfill,45.45800000,-117.25600000,OR,EPA_LMOP,"{""address"":""Ant Flat Road"",""city"":""Enterprise"",""county"":""Wallowa"",""zip"":""97828""}"
landfill_21037,Baker Sanitary Landfill,landfill,44.70470000,-117.78510000,OR,EPA_LMOP,"{""address"":""39144 W. Sutton Creek Road"",""city"":""Baker City"",""county"":""Baker"",""zip"":""97907""}"
landfill_21038,Burns-Hines Disposal Site,landfill,43.58420000,-119.08460000,OR,EPA_LMOP,"{""address"":""53206 Monroe Lane"",""city"":""Burns"",""county"":""Harney"",""zip"":""97720""}"
landfill_21039,Chemult Landfill,landfill,43.20150000,-121.78650000,OR,EPA_LMOP,"{""address"":""400 Chemult Dump Road\nHwy 97, 1/4 mile south of Chemult"",""city"":""Chemult"",""county"":""Klamath"",""zip"":""97731""}"
landfill_1246,Coffin Butte LF,landfill,44.69915000,-123.22506000,OR,EPA_LMOP,"{""address"":""28972 Coffin Butte Road"",""city"":""Corvallis"",""county"":""Benton"",""ghgrp_id"":""1007054"",""zip"":""97330""}"
landfill_1241,Columbia Ridge LF,landfill,45.63923400,-120.21723700,OR,EPA_LMOP,"{""address"":""18177 Cedar Springs Lane"",""city"":""Arlington"",""county"":""Gilliam"",""ghgrp_id"":""1007989"",""zip"":""97812""}"
landfill_12183,Crook County Landfill,landfill,44.30400000,-120.91200000,OR,EPA_LMOP,"{""address"":""5601 SW Houston Lake Road"",""city"":""Prineville"",""county"":""Crook"",""ghgrp_id"":""1005356"",""zip"":""97754""}"
landfill_2073,Dry Creek Landfill,landfill,42.38200000,-122.77300000,OR,EPA_LMOP,"{""address"":""6260 Dry Creek Road"",""city"":""Eagle Point"",""county"":""Jackson"",""ghgrp_id"":""1005652"",""zip"":""97524""}"
landfill_1242,Finley Buttes Regional Landfill,landfill,45.74470000,-119.62300000,OR,EPA_LMOP,"{""address"":""73221 Bombing Range Road"",""city"":""Boardman"",""county"":""Morrow"",""ghgrp_id"":""1004516"",""zip"":""97818""}"
landfill_21040,Haines Landfill,landfill,44.92940000,-117.91900000,OR,EPA_LMOP,"{""address"":""Haines Dump Road"",""city"":""Haines"",""county"":""Baker"",""zip"":""97833""}"
landfill_21041,Humbert Refuse Landfill,landfill,45.83400000,-118.55790000,OR,EPA_LMOP,"{""address"":""79378 Gerking Flat Road"",""city"":""Athena"",""county"":""Umatilla"",""zip"":""97813""}"
landfill_1239,Klamath Falls LF,landfill,42.23349300,-121.75068400,OR,EPA_LMOP,"{""address"":""Old Fort Road"",""city"":""Klamath Falls"",""county"":""Klamath"",""zip"":""97601""}"
landfill_1238,Knott Landfill,landfill,44.01000000,-121.25500000,OR,EPA_LMOP,"{""address"":""61050 SE 27th Street"",""city"":""Bend"",""county"":""Deschutes"",""ghgrp_id"":""1003232"",""zip"":""97702""}"
landfill_21042,Lytle Boulevard Landfill,landfill,43.87630000,-117.15180000,OR,EPA_LMOP,"{""address"":""Lytle Boulevard"",""city"":""Vale"",""county"":""Malheur"",""zip"":""97918""}"
landfill_1243,Milton-Freewater LF,landfill,44.09450000,-121.29360000,OR,EPA_LMOP,"{""city"":""Milton-Freewater"",""county"":""Umatilla"",""zip"":""97862""}"
landfill_1244,Pendleton LF,landfill,45.59900000,-121.19040000,OR,EPA_LMOP,"{""county"":""Umatilla""}"
landfill_1248,"Riverbend Landfill Company, Inc.",landfill,45.16100000,-123.24700000,OR,EPA_LMOP,"{""address"":""13469 SW Highway 18"",""city"":""McMinnville"",""county"":""Yamhill"",""ghgrp_id"":""1007687"",""zip"":""97128""}"
landfill_1245,Roseburg LF,landfill,43.18590000,-123.37900000,OR,EPA_LMOP,"{""address"":""376 Roseburg Landfill Road"",""city"":""Roseburg"",""county"":""Douglas"",""ghgrp_id"":""1005384"",""zip"":""97470""}"
landfill_20790,Rossman's Landfill,landfill,45.36516700,-122.58883300,OR,EPA_LMOP,"{""address"":""1101 Abernathy Road"",""city"":""Oregon City"",""county"":""Clackamas"",""ghgrp_id"":""1007470"",""zip"":""97045""}"
landfill_1247,Short Mountain LF,landfill,43.97920000,-123.00880000,OR,EPA_LMOP,"{""address"":""84777 Dillard Access Road"",""city"":""Eugene"",""county"":""Lane"",""ghgrp_id"":""1007001"",""zip"":""97405""}"
landfill_20861,South Stage Landfill,landfill,42.30200000,-122.95600000,OR,EPA_LMOP,"{""address"":""4761 South Stage Road"",""city"":""Jacksonville"",""county"":""Jackson"",""ghgrp_id"":""1005103"",""zip"":""97530""}"
landfill_1714,St. Johns LF,landfill,45.60830000,-122.75890000,OR,EPA_LMOP,"{""address"":""9387 N. Columbia Boulevard"",""city"":""Portland"",""county"":""Multnomah"",""ghgrp_id"":""1002446"",""zip"":""97203""}"
landfill_21043,Thomas Creek Road Landfill,landfill,42.28350000,-120.36770000,OR,EPA_LMOP,"{""address"":""23980 Thomas Creek Road"",""city"":""Lakeview"",""county"":""Lake"",""zip"":""97630""}"
landfill_1240,Wasco County Landfill,landfill,45.56129000,-121.14089000,OR,EPA_LMOP,"{""address"":""2550 Steele Road"",""city"":""The Dalles"",""county"":""Wasco"",""ghgrp_id"":""1004515"",""zip"":""97058""}"
landfill_1306,"Adams Sanitation Company, Inc. Landfill",landfill,39.72650000,-77.03650000,PA,EPA_LMOP,"{""address"":""355 Clouser Road"",""city"":""Hanover"",""county"":""Adams"",""zip"":""17331""}"
landfill_1254,Alliance SLF,landfill,41.39800000,-75.73500000,PA,EPA_LMOP,"{""address"":""398 South Keyser Avenue"",""city"":""Taylor"",""county"":""Lackawanna"",""ghgrp_id"":""1007645"",""zip"":""18517""}"
landfill_1323,Amity LF Environmental & Recycling Services,landfill,41.39188000,-75.72743000,PA,EPA_LMOP,"{""address"":""1100 Union Street"",""city"":""Taylor"",""county"":""Lackawanna"",""zip"":""18517""}"
landfill_1276,Arden LF,landfill,40.20830000,-80.26470000,PA,EPA_LMOP,"{""address"":""200 Rangos Lane"",""city"":""Washington"",""county"":""Washington"",""ghgrp_id"":""1003456"",""zip"":""15301""}"
landfill_1293,Bethlehem Landfill,landfill,40.62500000,-75.30700000,PA,EPA_LMOP,"{""address"":""2335 Applebutter Road"",""city"":""Bethlehem"",""county"":""Northampton"",""ghgrp_id"":""1003937"",""zip"":""18015""}"
landfill_1270,Blue Ridge Landfill,landfill,39.97204000,-77.55683000,PA,EPA_LMOP,"{""address"":""1660 Orchard Road\n3747 White Church Road"",""city"":""Chambersburg"",""county"":""Franklin"",""ghgrp_id"":""1003773"",""zip"":""17202""}"
landfill_1273,Bradford County Landfill,landfill,41.77700000,-76.63000000,PA,EPA_LMOP,"{""address"":""108 Steam Hollow Road\noff U.S. Route 6"",""city"":""Troy"",""county"":""Bradford"",""ghgrp_id"":""1007976"",""zip"":""16947""}"
landfill_1277,"Chestnut Valley Landfill, Inc.",landfill,39.89700000,-79.83880000,PA,EPA_LMOP,"{""address"":""1184 McClellandtown Road"",""city"":""McClellandtown"",""county"":""Fayette"",""ghgrp_id"":""1001844"",""zip"":""15458""}"
landfill_1253,Chrin Brothers LF,landfill,40.66580000,-75.22750000,PA,EPA_LMOP,"{""address"":""1225 Industrial Drive"",""city"":""Easton"",""county"":""Northampton"",""ghgrp_id"":""1002232"",""zip"":""18042""}"
landfill_1294,Commonwealth Environmental Systems (CES) LF,landfill,40.67500000,-76.37500000,PA,EPA_LMOP,"{""address"":""99 Commonwealth Road\nnear Route 25 and I-81"",""city"":""Hegins"",""county"":""Schuylkill"",""ghgrp_id"":""1004413"",""zip"":""17938""}"
landfill_1269,Conestoga LF,landfill,40.18060000,-75.91440000,PA,EPA_LMOP,"{""address"":""420 Quarry Road"",""city"":""Morgantown"",""county"":""Berks"",""ghgrp_id"":""1002556"",""zip"":""19543""}"
landfill_1289,County Environmental Landfill of Clarion,landfill,41.39400000,-79.28900000,PA,EPA_LMOP,"{""address"":""344 Walley Run Drive"",""city"":""Leeper"",""county"":""Clarion"",""ghgrp_id"":""1007975"",""zip"":""16233""}"
landfill_1260,Cumberland County LF,landfill,40.13440000,-77.50390000,PA,EPA_LMOP,"{""address"":""135 Vaughn Road"",""city"":""Shippensburg"",""county"":""Cumberland"",""ghgrp_id"":""1004162"",""zip"":""17257""}"
landfill_1264,Dauphin Meadows LF,landfill,40.54772000,-76.86956000,PA,EPA_LMOP,"{""address"":""3035 Route 209"",""city"":""Millersburg"",""county"":""Dauphin"",""ghgrp_id"":""1003503"",""zip"":""17061""}"
landfill_1281,Evergreen Landfill,landfill,40.49300000,-79.13730000,PA,EPA_LMOP,"{""address"":""1310 Luciusboro Road\noff Route 119 S"",""city"":""Blairsville"",""county"":""Indiana"",""ghgrp_id"":""1007987"",""zip"":""15717""}"
landfill_21203,Fairless Landfill,landfill,40.15186500,-74.75844300,PA,EPA_LMOP,"{""address"":""1000 New Ford Mill Road"",""city"":""Morrisville"",""county"":""Bucks"",""ghgrp_id"":""1007615"",""zip"":""19067""}"
landfill_1262,Frey Farm-Creswell LF,landfill,39.95504700,-76.44621500,PA,EPA_LMOP,"{""address"":""3049 River Road"",""city"":""Conestoga"",""county"":""Lancaster"",""ghgrp_id"":""1003521"",""zip"":""17516""}"
landfill_1255,Grand Central SLF,landfill,40.85810000,-75.26190000,PA,EPA_LMOP,"{""address"":""1963 Pen Argyl Road"",""city"":""Pen Argyl"",""county"":""Northampton"",""ghgrp_id"":""1003460"",""zip"":""18072""}"
landfill_1265,Greater Lebanon Refuse Authority LF,landfill,40.36401000,-76.49443000,PA,EPA_LMOP,"{""address"":""1610 Russell Road"",""city"":""Lebanon"",""county"":""Lebanon"",""ghgrp_id"":""1002786"",""zip"":""17046-1425""}"
landfill_1287,Greenridge Reclamation Landfill,landfill,40.12900000,-79.58370000,PA,EPA_LMOP,"{""address"":""234 Landfill Road"",""city"":""Scottdale"",""county"":""Westmoreland"",""ghgrp_id"":""1007925"",""zip"":""15683""}"
landfill_1288,Greentree Landfill,landfill,41.29530000,-78.64690000,PA,EPA_LMOP,"{""address"":""635 Toby Road"",""city"":""Kersey"",""county"":""Elk"",""ghgrp_id"":""1001643"",""zip"":""15846""}"
landfill_1249,GROWS Landfill,landfill,40.15934400,-74.77669500,PA,EPA_LMOP,"{""address"":""1513 Bordentown Road\n1000 New Ford Mill Road"",""city"":""Morrisville"",""county"":""Bucks"",""ghgrp_id"":""1007615"",""zip"":""19067""}"
landfill_1278,Imperial Sanitary Landfill,landfill,40.43512000,-80.29125000,PA,EPA_LMOP,"{""address"":""11 Boggs Road"",""city"":""Imperial"",""county"":""Allegheny"",""ghgrp_id"":""1003103"",""zip"":""15126""}"
landfill_1279,J.J. Brunner LF,landfill,40.72000000,-80.17030000,PA,EPA_LMOP,"{""address"":""211 Brunner Road"",""city"":""Zelienople"",""county"":""Beaver"",""zip"":""16063""}"
landfill_1295,Kelly Run SLF,landfill,40.25554100,-79.87889800,PA,EPA_LMOP,"{""address"":""1500 Hayden Boulevard"",""city"":""Elizabeth"",""county"":""Allegheny"",""ghgrp_id"":""1007688"",""zip"":""15037""}"
landfill_1256,"Keystone Sanitary Landfill, Inc.",landfill,41.42700000,-75.60800000,PA,EPA_LMOP,"{""address"":""249 Dunham Drive"",""city"":""Dunmore"",""county"":""Lackawanna"",""ghgrp_id"":""1006261"",""zip"":""18512""}"
landfill_1290,Lake View LF,landfill,42.06190000,-80.01780000,PA,EPA_LMOP,"{""address"":""851 Robison Road East"",""city"":""Erie"",""county"":""Erie"",""ghgrp_id"":""1007649"",""zip"":""16509""}"
landfill_1266,Lanchester LF,landfill,40.10670000,-75.94560000,PA,EPA_LMOP,"{""address"":""7224 Division Highway"",""city"":""Narvon"",""county"":""Lancaster"",""ghgrp_id"":""1002391"",""zip"":""17555""}"
landfill_1286,Laurel Highlands LF,landfill,40.43210000,-78.87600000,PA,EPA_LMOP,"{""address"":""260 Laurel Ridge Road"",""city"":""Johnstown"",""county"":""Cambria"",""ghgrp_id"":""1007586"",""zip"":""15909""}"
landfill_1275,Lycoming County Landfill,landfill,41.15190000,-76.91940000,PA,EPA_LMOP,"{""address"":""447 Alexander Drive Route 15"",""city"":""Montgomery"",""county"":""Lycoming"",""ghgrp_id"":""1004218"",""zip"":""17752""}"
landfill_1300,Mazzaro LF,landfill,40.47480000,-80.28500000,PA,EPA_LMOP,"{""address"":""Lincoln Highway"",""city"":""Clinton"",""county"":""Allegheny"",""zip"":""15026""}"
landfill_1291,McKean County LF,landfill,41.66500000,-78.63780000,PA,EPA_LMOP,"{""address"":""19 Ness Lane"",""city"":""Kane"",""county"":""McKean"",""ghgrp_id"":""1005530"",""zip"":""16735""}"
landfill_1267,Mifflin County Solid Waste Authority LF,landfill,40.61800000,-77.54300000,PA,EPA_LMOP,"{""address"":""87 Landfill Road\noff U.S. Route 522 North"",""city"":""Lewistown"",""county"":""Mifflin"",""zip"":""17044""}"
landfill_1268,Modern LF,landfill,39.95600000,-76.59500000,PA,EPA_LMOP,"{""address"":""4400 Mount Pisgah Road"",""city"":""York"",""county"":""York"",""ghgrp_id"":""1003100"",""zip"":""17406""}"
landfill_1317,Mon Valley Landfill,landfill,40.11200000,-79.91100000,PA,EPA_LMOP,"{""address"":""30 Fox Stop Road"",""city"":""Charleroi"",""county"":""Washington"",""zip"":""15022""}"
landfill_1280,Monroeville LF,landfill,40.40500000,-79.79000000,PA,EPA_LMOP,"{""address"":""600 Thomas Street Extension"",""city"":""Monroeville"",""county"":""Allegheny"",""ghgrp_id"":""1007585"",""zip"":""15146""}"
landfill_1297,"Mostoller Landfill, Inc.",landfill,39.97190000,-78.98970000,PA,EPA_LMOP,"{""address"":""7095 Glades Pike Route 31"",""city"":""Somerset"",""county"":""Somerset"",""ghgrp_id"":""1004164"",""zip"":""15501""}"
landfill_1259,Mountain View Reclamation Landfill,landfill,39.79470000,-77.80330000,PA,EPA_LMOP,"{""address"":""9446 Letzburg Road"",""city"":""Greencastle"",""county"":""Franklin"",""ghgrp_id"":""1007935"",""zip"":""17225""}"
landfill_1292,Northwest SLF,landfill,41.01904600,-79.90190300,PA,EPA_LMOP,"{""address"":""1436 West Sunbury Road"",""city"":""West Sunbury"",""county"":""Butler"",""ghgrp_id"":""1007647"",""zip"":""16061""}"
landfill_1257,Pine Grove Landfill Inc.,landfill,40.56754000,-76.40548000,PA,EPA_LMOP,"{""address"":""193 Shultz Road"",""city"":""Pine Grove"",""county"":""Schuylkill"",""ghgrp_id"":""1007616"",""zip"":""17963""}"
landfill_1263,Pioneer Crossing LF,landfill,40.27360000,-75.81390000,PA,EPA_LMOP,"{""address"":""727 Redlane Road"",""city"":""Birdsboro"",""county"":""Berks"",""ghgrp_id"":""1011037"",""zip"":""19508""}"
landfill_1251,Pottstown LF,landfill,40.27087000,-75.66966000,PA,EPA_LMOP,"{""address"":""1425 Sell Road"",""city"":""Pottstown"",""county"":""Montgomery"",""ghgrp_id"":""1003556"",""zip"":""19464""}"
landfill_1261,Rolling Hills LF,landfill,40.36110000,-75.71580000,PA,EPA_LMOP,"{""address"":""583 Longview Road"",""city"":""Boyertown"",""county"":""Berks"",""ghgrp_id"":""1005733"",""zip"":""19512""}"
landfill_1842,Rosencranse LF,landfill,41.58825000,-75.15442000,PA,EPA_LMOP,"{""address"":""RD 4"",""city"":""Beach Lake"",""county"":""Wayne"",""zip"":""18405""}"
landfill_1258,Sandy Run Landfill,landfill,40.13200000,-78.19800000,PA,EPA_LMOP,"{""address"":""995 Landfill Road"",""city"":""Hopewell"",""county"":""Bedford"",""ghgrp_id"":""1004321"",""zip"":""16650""}"
landfill_1283,Sanitary LF,landfill,40.15210000,-79.88370000,PA,EPA_LMOP,"{""city"":""Greensburg"",""county"":""Westmoreland"",""zip"":""15062""}"
landfill_1250,SECCRA Community Landfill,landfill,39.86729000,-75.84115000,PA,EPA_LMOP,"{""address"":""219 Street Road"",""city"":""West Grove"",""county"":""Chester"",""ghgrp_id"":""1009925"",""zip"":""19390""}"
landfill_1298,Seneca Landfill Inc.,landfill,40.81170000,-80.07830000,PA,EPA_LMOP,"{""address"":""421 Hartmann Road"",""city"":""Evans City"",""county"":""Butler"",""ghgrp_id"":""1002035"",""zip"":""16033""}"
landfill_1282,Shade Landfill,landfill,40.12039000,-78.80218000,PA,EPA_LMOP,"{""address"":""1176 No. 1 Road"",""city"":""Cairnbrook"",""county"":""Somerset"",""ghgrp_id"":""1007686"",""zip"":""15924""}"
landfill_1843,South Hills Landfill,landfill,40.27858000,-79.99482000,PA,EPA_LMOP,"{""address"":""3100 Hill Road"",""city"":""Library"",""county"":""Allegheny"",""ghgrp_id"":""1007691"",""zip"":""15129""}"
landfill_1284,Southern Alleghenies LF,landfill,40.23610000,-78.90000000,PA,EPA_LMOP,"{""address"":""843 Miller Picking Road"",""city"":""Davidsville"",""county"":""Somerset"",""ghgrp_id"":""1007718"",""zip"":""15928""}"
landfill_1252,Tullytown LF,landfill,40.13000000,-74.80500000,PA,EPA_LMOP,"{""address"":""200 Bordentown Road"",""city"":""Tullytown"",""county"":""Bucks"",""ghgrp_id"":""1007634"",""zip"":""19007""}"
landfill_1285,Valley LF,landfill,40.38810000,-79.67420000,PA,EPA_LMOP,"{""address"":""6015 Pleasant Valley Road"",""city"":""Irwin"",""county"":""Westmoreland"",""ghgrp_id"":""1007692"",""zip"":""15642""}"
landfill_1274,Wayne Township LF,landfill,41.16190000,-77.34500000,PA,EPA_LMOP,"{""address"":""264 Landfill Lane"",""city"":""Lock Haven"",""county"":""Clinton"",""ghgrp_id"":""1007960"",""zip"":""17745""}"
landfill_1271,Western Berks Community Landfill & Recycling Center,landfill,40.30281000,-75.90865000,PA,EPA_LMOP,"{""address"":""455 Poplar Neck Road"",""city"":""Birdsboro"",""county"":""Berks"",""ghgrp_id"":""1002716"",""zip"":""19508""}"
landfill_11721,Westmoreland Waste SLF LLC,landfill,40.14430000,-79.85930000,PA,EPA_LMOP,"{""address"":""900 Tyrol Boulevard\n111 Conner Lane"",""city"":""Belle Vernon"",""county"":""Westmoreland"",""ghgrp_id"":""1000291"",""zip"":""15012""}"
landfill_1272,York County SLF,landfill,39.78310000,-76.62620000,PA,EPA_LMOP,"{""address"":""3969 Plank Road"",""city"":""Stewartstown"",""county"":""York"",""zip"":""17363""}"
landfill_2339,Aguadilla Landfill,landfill,18.41901800,-67.11621100,PR,EPA_LMOP,"{""address"":""Bo. Caimital Bajo, Road 433, km 2.8"",""city"":""Aguadilla"",""county"":""Aguadilla"",""zip"":""00605""}"
landfill_2340,Anasco Landfill,landfill,18.31395400,-67.14319300,PR,EPA_LMOP,"{""address"":""Bo. Maria, Sector Del Salto, Road 4402"",""city"":""Anasco"",""county"":""Anasco"",""zip"":""00610""}"
landfill_2341,Arecibo Landfill,landfill,18.46577600,-66.62126400,PR,EPA_LMOP,"{""address"":""Carr. PR-682 Interior Sector Garrochales  Bo. Factor II"",""city"":""Arecibo"",""county"":""Arecibo"",""ghgrp_id"":""1005158"",""zip"":""00612""}"
landfill_2342,Arroyo Landfill,landfill,18.00459500,-66.04773000,PR,EPA_LMOP,"{""address"":""Bo. Ancone, Road 755, km 1.0"",""city"":""Arroyo"",""county"":""Arroyo"",""zip"":""00714""}"
landfill_2343,Barranquitas Landfill,landfill,18.19756500,-66.31148500,PR,EPA_LMOP,"{""address"":""Road 152 Interior\nBo. Barrancas Sector Nuevo Barranquitas"",""city"":""Barranquitas"",""county"":""Barranquitas"",""zip"":""00794""}"
landfill_2344,Cabo Rojo Landfill,landfill,17.97625200,-67.15265300,PR,EPA_LMOP,"{""address"":""Carr. PR-303  Km 13.4 Llanos Costas  Sector Las Palmas"",""city"":""Cabo Rojo"",""county"":""Cabo Rojo"",""ghgrp_id"":""1007083"",""zip"":""00623""}"
landfill_2345,Carolina Landfill,landfill,18.40836300,-65.93762000,PR,EPA_LMOP,"{""address"":""Carr. PR-874 Final KM 1.7 Bo. Hoyos Mulas"",""city"":""Carolina"",""county"":""Carolina"",""ghgrp_id"":""1007121"",""zip"":""00984""}"
landfill_1930,Cayey Landfill,landfill,18.14582500,-66.10290200,PR,EPA_LMOP,"{""address"":""State Road 184, Bo. Guavate\noff PR Highway 52"",""city"":""Cayey"",""county"":""Cayey"",""zip"":""00737""}"
landfill_2346,Culebra Landfill,landfill,18.32202200,-65.32154000,PR,EPA_LMOP,"{""address"":""Road 251, Sector Tamarindo"",""city"":""Culebra"",""county"":""Culebra"",""zip"":""00775""}"
landfill_2347,El Coqui Landfill,landfill,18.13192000,-65.80834700,PR,EPA_LMOP,"{""address"":""Road 3 Int 923, km 1.7, Bo. Buena Vista"",""city"":""Humacao"",""county"":""Humacao"",""ghgrp_id"":""1007630"",""zip"":""00791""}"
landfill_1931,Fajardo Municipal Landfill,landfill,18.29134300,-65.67931500,PR,EPA_LMOP,"{""address"":""Road 982 km 4.9, Bo. Demajagua"",""city"":""Fajardo"",""county"":""Fajardo"",""ghgrp_id"":""1007084"",""zip"":""00740""}"
landfill_2348,Florida Landfill,landfill,18.36592200,-66.55494800,PR,EPA_LMOP,"{""address"":""Ramal 6642"",""city"":""Florida"",""county"":""Florida"",""zip"":""00650""}"
landfill_2349,Guayama Landfill,landfill,17.98627200,-66.13845100,PR,EPA_LMOP,"{""address"":""Road 7711, Km. 138.3 Bo. Pozo Hondo"",""city"":""Guayama"",""county"":""Guayanilla"",""zip"":""00785""}"
landfill_1932,Guaynabo LF,landfill,18.32618000,-66.10257600,PR,EPA_LMOP,"{""address"":""Carr. PR-1 hacia Carr. PR-834  Sector La Muda"",""city"":""Guaynabo"",""county"":""Guaynabo"",""ghgrp_id"":""1005161"",""zip"":""00969""}"
landfill_2350,Hormigueros Landfill,landfill,18.15081000,-67.09780200,PR,EPA_LMOP,"{""address"":""Road 338, km 0.4\nBo. Aguitas, Sector El Hoyo"",""city"":""Hormigueros"",""county"":""Hormigueros"",""zip"":""00660""}"
landfill_2351,Isabela Landfill,landfill,18.47789100,-67.04216900,PR,EPA_LMOP,"{""address"":""Bo. Guerrero, Road #2, Sector Ramal"",""city"":""Isabela"",""county"":""Isabela"",""zip"":""00662""}"
landfill_2352,Jayuya Landfill,landfill,18.20667700,-66.63181700,PR,EPA_LMOP,"{""address"":""Bo. Canalizo, Road 140"",""city"":""Jayuya"",""county"":""Jayuya"",""zip"":""00664""}"
landfill_2383,Juana Diaz Landfill,landfill,18.03895700,-66.51742400,PR,EPA_LMOP,"{""address"":""Road 510, Sector Sabana Llana"",""city"":""Juana Diaz"",""county"":""Juana Diaz"",""zip"":""00795""}"
landfill_2354,Juncos Landfill,landfill,18.25052300,-65.90702500,PR,EPA_LMOP,"{""address"":""Carr 185 km 20.1\nBo. Gurabo Abajo Sector La Coroza"",""city"":""Juncos"",""county"":""Juncos"",""zip"":""00777""}"
landfill_2355,Lajas Landfill,landfill,17.98990500,-67.09780400,PR,EPA_LMOP,"{""address"":""Road 303, km 6.7"",""city"":""Lajas"",""county"":""Lajas"",""zip"":""00667""}"
landfill_1933,Mayaguez Landfill,landfill,18.23914300,-67.14378000,PR,EPA_LMOP,"{""address"":""Road #108 KM 3.1 Bo. Sabaneta\nSector Cuba"",""city"":""Mayaguez"",""county"":""Mayaguez"",""ghgrp_id"":""1007578"",""zip"":""00680""}"
landfill_2356,Moca Landfill,landfill,18.41463200,-67.11611600,PR,EPA_LMOP,"{""address"":""Road 110, km 16.2, Bo. Centro"",""city"":""Moca"",""county"":""Moca"",""zip"":""00676""}"
landfill_2357,Penuelas Valley Landfill,landfill,18.01730600,-66.70213300,PR,EPA_LMOP,"{""address"":""Road 385, km 4.5, Bo. Tallaboa"",""city"":""Penuelas"",""county"":""Penuelas"",""zip"":""00624""}"
landfill_2358,Ponce Landfill,landfill,18.00842800,-66.65845800,PR,EPA_LMOP,"{""address"":""Ave. Baramaya Final\nRd 500 Sector La Cotorra"",""city"":""Ponce"",""county"":""Ponce"",""ghgrp_id"":""1004774"",""zip"":""00731""}"
landfill_2359,Salinas Landfill,landfill,17.95771100,-66.23635500,PR,EPA_LMOP,"{""address"":""Bo Aguirre Road #3 Hectometro 7"",""city"":""Salinas"",""county"":""Salinas"",""ghgrp_id"":""1006228"",""zip"":""00751""}"
landfill_1934,San Juan Landfill,landfill,18.43000000,-66.08000000,PR,EPA_LMOP,"{""address"":""Ave Kennedy KM 1.7 Carr #2"",""city"":""San Juan"",""county"":""San Juan"",""ghgrp_id"":""1007139"",""zip"":""00907""}"
landfill_2360,Toa Alta Landfill,landfill,18.37174700,-66.26514800,PR,EPA_LMOP,"{""address"":""Carr. PR-165 Km 8.2 Bo. Contomo"",""city"":""Toa Alta"",""county"":""Toa Alta"",""ghgrp_id"":""1007194"",""zip"":""00953""}"
landfill_1935,Toa Baja LF,landfill,18.42171300,-66.20452400,PR,EPA_LMOP,"{""address"":""Road 865, Bo. Candelaria Ward\nNW of SR #866 & De Diego Hwy # PR 22"",""city"":""Toa Baja"",""county"":""Toa Baja"",""ghgrp_id"":""1005166"",""zip"":""00961""}"
landfill_2361,Vega Baja Landfill,landfill,18.47832300,-66.35976400,PR,EPA_LMOP,"{""address"":""Road 688, Km. 7.1\nBo. Sabana Antigua Central San Vicente"",""city"":""Vega Baja"",""county"":""Vega Baja"",""zip"":""00694""}"
landfill_2362,Vieques Landfill,landfill,18.14871800,-65.41780300,PR,EPA_LMOP,"{""address"":""Road 200 Final Bo. Bastimento\nSector Puerto Diablo"",""city"":""Vieques"",""county"":""Vieques"",""zip"":""00765""}"
landfill_2363,Yabucoa Landfill,landfill,18.09571600,-65.86594600,PR,EPA_LMOP,"{""address"":""Bo. Aguacate, Calle Sol, Rd 906"",""city"":""Yabucoa"",""county"":""Yabucoa"",""zip"":""00767""}"
landfill_2364,Yauco Landfill,landfill,17.99705700,-66.86326600,PR,EPA_LMOP,"{""address"":""PR-335 INT km 3.8, Sector La Joya"",""city"":""Yauco"",""county"":""Yauco"",""ghgrp_id"":""1011713"",""zip"":""00698""}"
landfill_2262,Bristol,landfill,41.67800000,-71.25200000,RI,EPA_LMOP,"{""address"":""Minturn Road"",""city"":""Bristol"",""county"":""Bristol"",""zip"":""02809""}"
landfill_1845,Central LF,landfill,41.80468000,-71.50216000,RI,EPA_LMOP,"{""address"":""65 Shun Pike"",""city"":""Johnston"",""county"":""Providence"",""ghgrp_id"":""1006283"",""zip"":""02919""}"
landfill_1846,Cranston Sanitary Landfill,landfill,41.73570000,-71.46170000,RI,EPA_LMOP,"{""address"":""1688 Pontiac Avenue"",""city"":""Cranston"",""county"":""Providence"",""zip"":""02920""}"
landfill_2261,Tiverton Landfill #2,landfill,41.58400000,-71.18300000,RI,EPA_LMOP,"{""address"":""3524 Main Road"",""city"":""Tiverton"",""county"":""Newport"",""zip"":""02878""}"
landfill_2260,Westerly,landfill,41.37600000,-71.80250000,RI,EPA_LMOP,"{""address"":""Town Landfill Road Oak Street"",""city"":""Westerly"",""county"":""Washington"",""zip"":""02891""}"
landfill_2101,Abbeville County Sanitary LF,landfill,34.19452000,-82.51534000,SC,EPA_LMOP,"{""city"":""Abbeville"",""county"":""Abbeville"",""zip"":""29620""}"
landfill_2102,Abbeville County Subtitle D MSWLF,landfill,34.18500000,-82.51550000,SC,EPA_LMOP,"{""address"":""1094 Gassoway Farm Road"",""city"":""Abbeville"",""county"":""Abbeville"",""zip"":""29620""}"
landfill_2104,Aiken County Landfill #3 Wagener Site,landfill,33.61250000,-81.41250000,SC,EPA_LMOP,"{""address"":""1769 Wagener Trail Road"",""city"":""Wagener"",""county"":""Aiken"",""zip"":""29164""}"
landfill_2051,Anderson Regional Landfill,landfill,34.57520000,-82.45800000,SC,EPA_LMOP,"{""address"":""203 Landfill Road"",""city"":""Belton"",""county"":""Anderson"",""ghgrp_id"":""1002813"",""zip"":""29627""}"
landfill_2108,Barnwell County Landfill,landfill,33.31800000,-81.33500000,SC,EPA_LMOP,"{""address"":""155 Landfill Road"",""city"":""Barnwell"",""county"":""Barnwell"",""zip"":""29812""}"
landfill_10600,Bees Ferry Road Subtitle D LF,landfill,32.81028000,-80.10907000,SC,EPA_LMOP,"{""address"":""1344 Bees Ferry Road"",""city"":""Charleston"",""county"":""Charleston"",""ghgrp_id"":""1004099"",""zip"":""29414""}"
landfill_2109,Berkeley County Subtitle D LF,landfill,33.13250000,-80.04275000,SC,EPA_LMOP,"{""address"":""555 Oakley Road"",""city"":""Moncks Corner"",""county"":""Berkeley"",""ghgrp_id"":""1003478"",""zip"":""29461""}"
landfill_1847,Blackberry Valley Landfill,landfill,34.91300000,-82.48600000,SC,EPA_LMOP,"{""address"":""409 Blackberry Valley Road"",""city"":""Greenville"",""county"":""Greenville"",""ghgrp_id"":""1004232"",""zip"":""29617""}"
landfill_2095,Cherokee County Landfill,landfill,35.11368000,-81.60670000,SC,EPA_LMOP,"{""address"":""192 Lemuels Road"",""city"":""Gaffney"",""county"":""Cherokee"",""zip"":""29341""}"
landfill_2110,Chester County Landfill,landfill,34.66449000,-81.07862000,SC,EPA_LMOP,"{""address"":""2351 Peden Bridge Road"",""city"":""Chester"",""county"":""Chester"",""zip"":""29706""}"
landfill_2114,City of Greenville Closed Landfill,landfill,34.78500000,-82.35700000,SC,EPA_LMOP,"{""address"":""684 Mauldin Road"",""city"":""Greenville"",""county"":""Greenville"",""ghgrp_id"":""1004423"",""zip"":""29607""}"
landfill_1919,Croft Landfill,landfill,34.86400000,-81.86360000,SC,EPA_LMOP,"{""address"":""Gibson Road"",""city"":""Spartanburg"",""county"":""Spartanburg"",""zip"":""29302""}"
landfill_1848,Enoree Landfill,landfill,34.80122000,-82.18470000,SC,EPA_LMOP,"{""address"":""1311 Anderson Ridge Road"",""city"":""Greer"",""county"":""Greenville"",""ghgrp_id"":""1004074"",""zip"":""29651""}"
landfill_1923,Florence County LF,landfill,33.86640000,-79.74180000,SC,EPA_LMOP,"{""city"":""Florence"",""county"":""Florence"",""zip"":""29560""}"
landfill_2113,Georgetown County Subtitle D LF,landfill,33.45290000,-79.31530000,SC,EPA_LMOP,"{""address"":""201 Landfill Road"",""city"":""Georgetown"",""county"":""Georgetown"",""ghgrp_id"":""1003528"",""zip"":""29440""}"
landfill_2115,Greenwood County Landfills,landfill,34.19770000,-82.07790000,SC,EPA_LMOP,"{""address"":""1115 Siloam Church Road"",""city"":""Greenwood"",""county"":""Greenwood"",""ghgrp_id"":""1003039"",""zip"":""29646""}"
landfill_2096,Hickory Hill MSWLF,landfill,32.39797900,-80.92525200,SC,EPA_LMOP,"{""address"":""2621 Lowcountry Drive"",""city"":""Ridgeland"",""county"":""Jasper"",""ghgrp_id"":""1006090"",""zip"":""29936""}"
landfill_2099,Highway 321 Lexington County Landfill,landfill,33.90794000,-81.06625000,SC,EPA_LMOP,"{""address"":""3241 Charleston Highway (Hwy 321)"",""city"":""West Columbia"",""county"":""Lexington"",""ghgrp_id"":""1005912"",""zip"":""29172""}"
landfill_1917,Horry County SWA Landfill,landfill,33.81580000,-78.96090000,SC,EPA_LMOP,"{""address"":""1886 S Highway 90\nMcNeill Street"",""city"":""Conway"",""county"":""Horry"",""ghgrp_id"":""1003394"",""zip"":""29526""}"
landfill_2117,Kershaw County Landfill,landfill,34.30000000,-80.52680000,SC,EPA_LMOP,"{""address"":""Park Road"",""city"":""Cassatt"",""county"":""Kershaw"",""zip"":""29032""}"
landfill_1920,Langley Landfill,landfill,33.49280000,-81.84150000,SC,EPA_LMOP,"{""address"":""458 Huber Clay Road"",""city"":""Langley"",""county"":""Aiken"",""zip"":""29851""}"
landfill_2094,"Lee County LF, LLC",landfill,34.18000000,-80.27250000,SC,EPA_LMOP,"{""address"":""1431 Sumter Highway"",""city"":""Bishopville"",""county"":""Lee"",""ghgrp_id"":""1002557"",""zip"":""29010""}"
landfill_2120,Lexington County Edmund Facility,landfill,33.85760000,-81.18190000,SC,EPA_LMOP,"{""address"":""498 Landfill Lane"",""city"":""Lexington"",""county"":""Lexington"",""zip"":""29073""}"
landfill_2124,Northeast Sanitary Landfill,landfill,34.01375000,-80.68390000,SC,EPA_LMOP,"{""address"":""1581 Westvaco Road"",""city"":""Eastover"",""county"":""Richland"",""ghgrp_id"":""1002558"",""zip"":""29044""}"
landfill_2000,Oakridge Landfill Inc.,landfill,33.13591300,-80.39630000,SC,EPA_LMOP,"{""address"":""2183 Highway 78"",""city"":""Dorchester"",""county"":""Dorchester"",""ghgrp_id"":""1007582"",""zip"":""29437""}"
landfill_2100,Orangeburg County Landfill,landfill,33.49491000,-80.84910000,SC,EPA_LMOP,"{""city"":""Orangeburg"",""county"":""Orangeburg""}"
landfill_1928,Palmetto Landfill,landfill,34.93480000,-82.07610000,SC,EPA_LMOP,"{""address"":""360 New Hope Road"",""city"":""Wellford"",""county"":""Spartanburg"",""ghgrp_id"":""1007892"",""zip"":""29385""}"
landfill_2097,Pendleton Sanitary Landfill,landfill,34.62604000,-82.79831000,SC,EPA_LMOP,"{""city"":""Pendleton"",""county"":""Anderson""}"
landfill_2122,Pickens County Landfill,landfill,34.82650000,-82.66250000,SC,EPA_LMOP,"{""address"":""2043 Old Liberty Road"",""city"":""Liberty"",""county"":""Pickens"",""zip"":""29657""}"
landfill_1854,Richland County Landfill,landfill,34.10420000,-80.78200000,SC,EPA_LMOP,"{""address"":""1047 Highway Church Road"",""city"":""Elgin"",""county"":""Richland"",""ghgrp_id"":""1007706"",""zip"":""29045""}"
landfill_2305,Richland County Landfill (closed),landfill,34.13232400,-81.11357100,SC,EPA_LMOP,"{""address"":""Monticello Road / Caughman Road\n6 miles past I-20 on Hwy 215 North"",""city"":""Columbia"",""county"":""Richland"",""zip"":""29202""}"
landfill_2121,Seneca MSWLF,landfill,34.65350000,-82.94660000,SC,EPA_LMOP,"{""address"":""10528 Wells Highway"",""city"":""Seneca"",""county"":""Oconee"",""zip"":""29678""}"
landfill_2130,Starr Sanitary Landfill,landfill,34.40950000,-82.68550000,SC,EPA_LMOP,"{""address"":""Roy Arnold Road"",""city"":""Starr"",""county"":""Anderson"",""zip"":""29684""}"
landfill_2065,Sumter County MSW LF,landfill,33.91285000,-80.22479000,SC,EPA_LMOP,"{""address"":""2185 East Brewington Road"",""city"":""Sumter"",""county"":""Sumter"",""zip"":""29153""}"
landfill_2105,Three Rivers Regional Subtitle D MSWLF,landfill,33.25845700,-81.73443300,SC,EPA_LMOP,"{""address"":""9900 Atomic Road Savannah River Site"",""city"":""Jackson"",""county"":""Aiken"",""ghgrp_id"":""1006351"",""zip"":""29831""}"
landfill_11180,Twin Chimneys Landfill,landfill,34.54000000,-82.31200000,SC,EPA_LMOP,"{""address"":""11075 Augusta Road"",""city"":""Honea Path"",""county"":""Greenville"",""ghgrp_id"":""1004041"",""zip"":""29654""}"
landfill_2126,Union County Regional MSW Landfill,landfill,34.61250000,-81.82100000,SC,EPA_LMOP,"{""address"":""898 Wildcat Road"",""city"":""Enoree"",""county"":""Union"",""ghgrp_id"":""1004485"",""zip"":""29335""}"
landfill_1918,Wellford LF,landfill,34.99667000,-82.13861000,SC,EPA_LMOP,"{""address"":""595 Little Mountain Road"",""city"":""Wellford"",""county"":""Spartanburg"",""ghgrp_id"":""1004251"",""zip"":""29385""}"
landfill_2127,Williamsburg County MSWLF,landfill,33.61500000,-79.86700000,SC,EPA_LMOP,"{""address"":""564 Old Gapway Road"",""city"":""Salters"",""county"":""Williamsburg"",""zip"":""29590""}"
landfill_1916,York County LF,landfill,34.97659000,-81.19957000,SC,EPA_LMOP,"{""address"":""289 Public Works Road"",""city"":""York"",""county"":""York"",""ghgrp_id"":""1008000"",""zip"":""29745""}"
landfill_2327,Brookings Regional Landfill,landfill,44.34300000,-96.73500000,SD,EPA_LMOP,"{""address"":""4101 30th Street"",""city"":""Brookings"",""county"":""Brookings"",""ghgrp_id"":""1004533"",""zip"":""57006""}"
landfill_2330,Brown County Landfill,landfill,45.47105600,-98.62152100,SD,EPA_LMOP,"{""address"":""13225 379th Avenue"",""city"":""Aberdeen"",""county"":""Brown"",""ghgrp_id"":""1005056"",""zip"":""57401""}"
landfill_2325,City of Mitchell Landfill,landfill,43.70500000,-97.96780000,SD,EPA_LMOP,"{""address"":""2801 East Havens"",""city"":""Mitchell"",""county"":""Davison"",""zip"":""57301""}"
landfill_2326,Pierre Landfill,landfill,44.33200000,-100.07150000,SD,EPA_LMOP,"{""address"":""Highway 34 (East of Pierre)"",""city"":""Pierre"",""county"":""Hughes"",""zip"":""57501""}"
landfill_2331,Rapid City Landfill,landfill,44.02600000,-103.19800000,SD,EPA_LMOP,"{""address"":""5555 S. Hwy 79"",""city"":""Rapid City"",""county"":""Pennington"",""ghgrp_id"":""1004676"",""zip"":""57701""}"
landfill_2294,Sioux Falls Regional Sanitary Landfill (SFRSL),landfill,43.50050000,-96.93000000,SD,EPA_LMOP,"{""address"":""26750 464th Avenue"",""city"":""Hartford"",""county"":""Minnehaha"",""ghgrp_id"":""1002656"",""zip"":""57033""}"
landfill_2328,Tri-County Landfill,landfill,43.76240000,-99.21220000,SD,EPA_LMOP,"{""address"":""24978 349th Avenue"",""city"":""Pukwana"",""county"":""Brule"",""zip"":""57370""}"
landfill_2329,Vermillion Landfill,landfill,42.83200000,-96.97600000,SD,EPA_LMOP,"{""address"":""31426 Bluff Road"",""city"":""Vermillion"",""county"":""Clay"",""ghgrp_id"":""1011612"",""zip"":""57069""}"
landfill_2332,Watertown Regional Landfill,landfill,44.84740000,-97.08720000,SD,EPA_LMOP,"{""address"":""45605 175th Street\nOff Hwy 81, 3 mi S of town"",""city"":""Watertown"",""county"":""Codington"",""ghgrp_id"":""1002902"",""zip"":""57201""}"
landfill_1326,Alcoa/ Maryville/ Blount County Landfill,landfill,35.73606000,-84.05903000,TN,EPA_LMOP,"{""address"":""240 Long Powers Road"",""city"":""Friendsville"",""county"":""Blount"",""ghgrp_id"":""1003147"",""zip"":""37737""}"
landfill_1332,Bi-County LF,landfill,36.53870000,-87.54480000,TN,EPA_LMOP,"{""address"":""3212 Dover Road"",""city"":""Woodlawn"",""county"":""Montgomery"",""ghgrp_id"":""1005281"",""zip"":""37191""}"
landfill_1335,Bolivar-Hardeman County LF,landfill,35.28690000,-89.05400000,TN,EPA_LMOP,"{""address"":""75 Landfill Way"",""city"":""Bolivar"",""county"":""Hardeman"",""zip"":""38008""}"
landfill_1336,Bordeaux Landfill,landfill,36.17100000,-86.84400000,TN,EPA_LMOP,"{""address"":""1400 County Hospital Road"",""city"":""Nashville"",""county"":""Davidson"",""ghgrp_id"":""1004808"",""zip"":""37218""}"
landfill_1337,Bradley County LF,landfill,35.15700000,-84.96600000,TN,EPA_LMOP,"{""address"":""282 Natures Trail"",""city"":""McDonald"",""county"":""Bradley"",""ghgrp_id"":""1003356"",""zip"":""37353""}"
landfill_1340,Carter County/Elizabethton LF,landfill,36.36833400,-82.11722300,TN,EPA_LMOP,"{""city"":""Elizabethton"",""county"":""Carter"",""zip"":""37643""}"
landfill_1452,Carter Valley Landfill,landfill,36.54170000,-82.79170000,TN,EPA_LMOP,"{""address"":""2825 Carters Valley Road"",""city"":""Church Hill"",""county"":""Hawkins"",""ghgrp_id"":""1002649"",""zip"":""37642""}"
landfill_1343,Cedar Ridge LF,landfill,35.46000000,-86.83750000,TN,EPA_LMOP,"{""address"":""2340 Mooresville Highway"",""city"":""Lewisburg"",""county"":""Marshall"",""ghgrp_id"":""1006260"",""zip"":""37091""}"
landfill_1344,Cheatham County LF,landfill,36.13660000,-87.04000000,TN,EPA_LMOP,"{""address"":""2791 Sams Creek Road"",""city"":""Pegram"",""county"":""Cheatham"",""zip"":""37143""}"
landfill_1345,Chester County LF,landfill,35.42770000,-88.64080000,TN,EPA_LMOP,"{""city"":""Henderson"",""county"":""Chester"",""zip"":""38340""}"
landfill_1346,Chestnut Ridge LF,landfill,36.11500000,-84.03800000,TN,EPA_LMOP,"{""address"":""140 Fleenor Mill Road"",""city"":""Heiskell"",""county"":""Anderson"",""ghgrp_id"":""1007795"",""zip"":""37754""}"
landfill_2202,City of Chattanooga Landfill,landfill,35.19270000,-85.06940000,TN,EPA_LMOP,"{""address"":""9327 Birchwood Pike"",""city"":""Harrison"",""county"":""Hamilton"",""ghgrp_id"":""1004159"",""zip"":""37341""}"
landfill_1347,Claiborne County LF,landfill,36.39166800,-83.64166800,TN,EPA_LMOP,"{""city"":""New Tazewell"",""county"":""Claiborne"",""zip"":""37825""}"
landfill_1350,Cocke County LF,landfill,35.95590000,-83.15020000,TN,EPA_LMOP,"{""address"":""1160 Old Asheville Highway"",""city"":""Newport"",""county"":""Cocke"",""zip"":""37821""}"
landfill_1352,Crossville City LF,landfill,35.86555600,-85.14444600,TN,EPA_LMOP,"{""county"":""Cumberland""}"
landfill_1353,Cumberland County LF,landfill,35.86500000,-85.15000000,TN,EPA_LMOP,"{""address"":""904 Landfill Road"",""city"":""Crossville"",""county"":""Cumberland"",""zip"":""38555""}"
landfill_1356,Decatur County LF,landfill,35.48300000,-88.08100000,TN,EPA_LMOP,"{""address"":""324 Landfill Lane"",""city"":""Bath Springs"",""county"":""Decatur"",""ghgrp_id"":""1004117"",""zip"":""38311""}"
landfill_1358,DeKalb County LF,landfill,35.96986000,-85.68149000,TN,EPA_LMOP,"{""address"":""455 Felts Road"",""city"":""Smithville"",""county"":""DeKalb"",""zip"":""38583""}"
landfill_1360,Dyer City LF,landfill,36.01750100,-89.37055600,TN,EPA_LMOP,"{""county"":""Gibson""}"
landfill_1361,Dyersburg City LF,landfill,35.99270000,-89.36800000,TN,EPA_LMOP,"{""address"":""2250 Sorrels Chapel Road"",""city"":""Dyersburg"",""county"":""Dyer"",""zip"":""38024""}"
landfill_1436,Eco-Safe Landfill,landfill,36.56115000,-82.35006000,TN,EPA_LMOP,"{""address"":""385 Harr Lane\nHunters Trail (old site)"",""city"":""Blountville"",""county"":""Sullivan"",""ghgrp_id"":""1011487"",""zip"":""37617""}"
landfill_1364,Ellis LF,landfill,35.22250100,-89.35833400,TN,EPA_LMOP,"{""county"":""Henry""}"
landfill_1366,Fayette County Class 1 LF,landfill,35.22250000,-89.35833000,TN,EPA_LMOP,"{""address"":""11675 Hwy 76 South"",""city"":""Somerville"",""county"":""Fayette"",""zip"":""38068""}"
landfill_1365,Fayette County LF,landfill,35.22250000,-89.35833000,TN,EPA_LMOP,"{""address"":""11675 Hwy 76 South"",""city"":""Somerville"",""county"":""Fayette"",""zip"":""38068""}"
landfill_1369,Fort Campbell LF,landfill,36.55250000,-87.46610000,TN,EPA_LMOP,"{""city"":""Fort Campbell"",""county"":""Montgomery""}"
landfill_1371,Franklin County LF,landfill,36.28250100,-83.44000100,TN,EPA_LMOP,"{""address"":""487 Joyce Lane"",""city"":""Winchester"",""county"":""Franklin"",""ghgrp_id"":""1003546"",""zip"":""37398""}"
landfill_1373,Gratio LF,landfill,36.26570000,-89.41250000,TN,EPA_LMOP,"{""address"":""2669 Inman Holllow Road\n0.3 mi S INT Buyrl-Larry Road"",""city"":""Obion"",""county"":""Obion"",""zip"":""38240""}"
landfill_1450,Greeneville/Greene County LF,landfill,36.19130000,-82.76480000,TN,EPA_LMOP,"{""address"":""1555 Old Stage Road"",""city"":""Greeneville"",""county"":""Greene"",""zip"":""37745""}"
landfill_1451,Greenfield LF,landfill,36.38380000,-86.44960000,TN,EPA_LMOP,"{""city"":""Greenfield"",""county"":""Weakley"",""zip"":""38230""}"
landfill_1374,Grundy County LF,landfill,35.36110000,-85.74250000,TN,EPA_LMOP,"{""county"":""Grundy""}"
landfill_1379,Haywood County LF,landfill,36.57000100,-89.28750100,TN,EPA_LMOP,"{""city"":""Brownsville"",""county"":""Haywood"",""zip"":""38012""}"
landfill_1381,Hickman County LF,landfill,35.82970000,-87.44616000,TN,EPA_LMOP,"{""city"":""Centerville"",""county"":""Hickman"",""zip"":""37185""}"
landfill_1383,Houston County LF,landfill,36.23142000,-87.71927000,TN,EPA_LMOP,"{""city"":""Erin"",""county"":""Houston"",""zip"":""37061""}"
landfill_1385,Humphreys County LF,landfill,36.10833400,-87.84166800,TN,EPA_LMOP,"{""city"":""Waverly"",""county"":""Humphreys"",""zip"":""37185""}"
landfill_1388,Iris Glen Environmental Center,landfill,36.32940000,-82.33220000,TN,EPA_LMOP,"{""address"":""1705 E. Main Street"",""city"":""Johnson City"",""county"":""Washington"",""ghgrp_id"":""1003227"",""zip"":""37601""}"
landfill_10580,Jackson-Madison County Landfill,landfill,35.59000000,-88.87641400,TN,EPA_LMOP,"{""address"":""550 Aaron Long Road"",""city"":""Jackson"",""county"":""Madison"",""ghgrp_id"":""1007711"",""zip"":""38301""}"
landfill_1390,Jefferson County LF,landfill,36.05870000,-83.40890000,TN,EPA_LMOP,"{""address"":""650 Grove Road"",""city"":""Dandridge"",""county"":""Jefferson"",""zip"":""37725""}"
landfill_1391,Jere Kirk Disposal,landfill,36.06500000,-89.32000100,TN,EPA_LMOP,"{""city"":""Dyersburg"",""county"":""Dyer"",""zip"":""38059""}"
landfill_1394,Johnson City Regional LF,landfill,36.42082400,-82.53742100,TN,EPA_LMOP,"{""address"":""120 Lancaster Road"",""city"":""Jonesborough"",""county"":""Washington"",""zip"":""37659""}"
landfill_20715,Lakeway Sanitation & Recycling Class I,landfill,36.14847300,-83.20359600,TN,EPA_LMOP,"{""address"":""5155 Enka Highway"",""city"":""Lowland"",""county"":""Hamblen"",""ghgrp_id"":""1010760"",""zip"":""37778""}"
landfill_1396,Lauderdale County LF,landfill,35.82980000,-89.49400000,TN,EPA_LMOP,"{""address"":""3231 Curve Nankipoo Road"",""city"":""Ripley"",""county"":""Lauderdale"",""zip"":""38063""}"
landfill_1397,Lawrenceburg City/County Balefill,landfill,35.26970000,-87.32390000,TN,EPA_LMOP,"{""address"":""2126 Baler Drive"",""city"":""Lawrenceburg"",""county"":""Lawrence"",""ghgrp_id"":""1003549"",""zip"":""38464""}"
landfill_1398,Lewisburg City LF,landfill,35.65070000,-88.39240000,TN,EPA_LMOP,"{""county"":""Marshall""}"
landfill_1399,Lexington City LF,landfill,35.63549000,-88.40428000,TN,EPA_LMOP,"{""city"":""Lexington"",""county"":""Henderson"",""zip"":""38351""}"
landfill_1402,Marion County LF,landfill,35.03690000,-85.62270000,TN,EPA_LMOP,"{""address"":""700 Chasey Simpson Road"",""city"":""Jasper"",""county"":""Marion"",""ghgrp_id"":""1010561"",""zip"":""37347""}"
landfill_1403,Martin City LF,landfill,35.65305600,-87.06111200,TN,EPA_LMOP,"{""county"":""Weakley""}"
landfill_1400,Matlock Bend Landfill,landfill,35.74670000,-84.41190000,TN,EPA_LMOP,"{""address"":""21712 Highway 72 N"",""city"":""Loudon"",""county"":""Loudon"",""ghgrp_id"":""1007440"",""zip"":""37774""}"
landfill_1405,McKenzie LF,landfill,35.38611200,-84.59722300,TN,EPA_LMOP,"{""city"":""McKenzie"",""county"":""Carroll""}"
landfill_1406,McMinn County LF,landfill,35.39000000,-84.58667000,TN,EPA_LMOP,"{""address"":""391 County Road 750"",""city"":""Athens"",""county"":""McMinn"",""ghgrp_id"":""1007988"",""zip"":""37370""}"
landfill_1408,McNairy County LF,landfill,35.21259000,-88.51745000,TN,EPA_LMOP,"{""city"":""Selmer"",""county"":""McNairy"",""zip"":""38375""}"
landfill_1411,Meadow Branch Landfill,landfill,35.48280000,-84.68100000,TN,EPA_LMOP,"{""address"":""233 County Road 166 (Meadow Branch Road)"",""city"":""Athens"",""county"":""McMinn"",""ghgrp_id"":""1003269"",""zip"":""37303""}"
landfill_1415,Middle Point Landfill,landfill,35.94083000,-86.35837000,TN,EPA_LMOP,"{""address"":""750 East Jefferson Pike"",""city"":""Murfreesboro"",""county"":""Rutherford"",""ghgrp_id"":""1002650"",""zip"":""37130""}"
landfill_1409,Milan Arsenal LF,landfill,35.89500100,-88.71944500,TN,EPA_LMOP,"{""city"":""Success"",""county"":""Carroll"",""zip"":""38358""}"
landfill_1410,Milan City LF,landfill,35.92900000,-88.79500000,TN,EPA_LMOP,"{""address"":""Gold Medal Road"",""city"":""Milan"",""county"":""Gibson"",""zip"":""38358""}"
landfill_1412,Monroe County LF,landfill,35.49442000,-84.28617000,TN,EPA_LMOP,"{""county"":""Monroe""}"
landfill_1375,Morristown Balefill Landfill,landfill,36.15240000,-83.29910000,TN,EPA_LMOP,"{""address"":""3849 Sublett Road"",""city"":""Morristown"",""county"":""Hamblen"",""ghgrp_id"":""1007447"",""zip"":""37813""}"
landfill_1327,North Shelby Landfill,landfill,35.32700000,-89.94500000,TN,EPA_LMOP,"{""address"":""7111 Old Millington Road"",""city"":""Millington"",""county"":""Shelby"",""ghgrp_id"":""1006303"",""zip"":""38053""}"
landfill_1328,Northwest Tennessee Landfill,landfill,36.40250000,-89.15200000,TN,EPA_LMOP,"{""address"":""518 Beech Chapel Road"",""city"":""Union City"",""county"":""Obion"",""ghgrp_id"":""1007062"",""zip"":""38261""}"
landfill_1417,Paris-Henry County LF,landfill,36.31800000,-88.35650000,TN,EPA_LMOP,"{""city"":""Paris"",""county"":""Henry"",""zip"":""38344""}"
landfill_1419,Pickett County LF,landfill,36.56250000,-85.12000000,TN,EPA_LMOP,"{""address"":""3065 Gib Moles Road"",""city"":""Byrdstown"",""county"":""Pickett"",""zip"":""38549""}"
landfill_1420,Pulaski City LF,landfill,35.24801900,-86.98923600,TN,EPA_LMOP,"{""address"":""698 Maxwell Hill Road"",""city"":""Pulaski"",""county"":""Giles"",""ghgrp_id"":""1003828"",""zip"":""38478""}"
landfill_1421,Putnam County LF,landfill,36.06941000,-85.63116000,TN,EPA_LMOP,"{""city"":""Cookeville"",""county"":""Putnam"",""zip"":""38544""}"
landfill_1422,Quail Hollow LF,landfill,35.39200000,-86.30540000,TN,EPA_LMOP,"{""address"":""549 Powell Hollow Road"",""city"":""Tullahoma"",""county"":""Bedford"",""ghgrp_id"":""1007859"",""zip"":""37388""}"
landfill_1424,Red Ridge LF,landfill,35.56666700,-85.90833400,TN,EPA_LMOP,"{""county"":""Monroe""}"
landfill_1425,Rhea County LF,landfill,35.56000000,-84.91200000,TN,EPA_LMOP,"{""address"":""207 Sanitary Drive"",""city"":""Dayton"",""county"":""Rhea"",""ghgrp_id"":""1002730"",""zip"":""37321""}"
landfill_1426,Roane County Solid Waste Authority,landfill,35.85800000,-84.57800000,TN,EPA_LMOP,"{""address"":""215 White Pine Road"",""city"":""Harriman"",""county"":""Roane"",""zip"":""37748""}"
landfill_1428,Rutherford County LF,landfill,35.92890000,-86.36130000,TN,EPA_LMOP,"{""address"":""6000 Landfill Road"",""city"":""Murfreesboro"",""county"":""Rutherford"",""zip"":""37130""}"
landfill_1429,Savannah City\Hardin County LF,landfill,36.43805700,-84.53222300,TN,EPA_LMOP,"{""county"":""Hardin""}"
landfill_1431,Sequatchie Bledsoe LF,landfill,35.54434000,-85.26010000,TN,EPA_LMOP,"{""city"":""Dunlap"",""county"":""Bledsoe"",""zip"":""37338""}"
landfill_1432,"Sevier Solid Waste, Incorporated",landfill,35.81920000,-83.55380000,TN,EPA_LMOP,"{""address"":""1826 Ridge Road"",""city"":""Pigeon Forge"",""county"":""Sevier"",""zip"":""37863""}"
landfill_1433,Shelby County Millington LF,landfill,35.13440000,-89.83770000,TN,EPA_LMOP,"{""address"":""6791 Walnut Grove Road"",""city"":""Memphis"",""county"":""Shelby"",""zip"":""38120""}"
landfill_1434,Smith County LF,landfill,36.26969200,-85.93398200,TN,EPA_LMOP,"{""address"":""370 Kennedy Road"",""city"":""Carthage"",""county"":""Smith"",""zip"":""37030""}"
landfill_1330,South Shelby Landfill,landfill,34.99809000,-89.91890000,TN,EPA_LMOP,"{""address"":""5494 Malone Road"",""city"":""Memphis"",""county"":""Shelby"",""ghgrp_id"":""1002466"",""zip"":""38118""}"
landfill_1437,Summit Landfill,landfill,35.05611400,-85.08707900,TN,EPA_LMOP,"{""address"":""4296 Old Woodland Drive"",""city"":""Ooltewah"",""county"":""Hamilton"",""ghgrp_id"":""1006286"",""zip"":""37363""}"
landfill_1331,Sykes Road,landfill,35.30800000,-89.91180000,TN,EPA_LMOP,"{""address"":""Sykes Road"",""city"":""Millington"",""county"":""Shelby"",""zip"":""38053""}"
landfill_1439,Tri-Cities/Dresden LF,landfill,36.20277800,-83.78027900,TN,EPA_LMOP,"{""city"":""Dresden"",""county"":""Weakley""}"
landfill_1440,Twin Oaks,landfill,36.04612600,-83.80814300,TN,EPA_LMOP,"{""address"":""7826 Old Rutledge Pike"",""city"":""Knoxville"",""county"":""Knox"",""ghgrp_id"":""1004644"",""zip"":""37924""}"
landfill_1442,Upper Cumberland LF,landfill,36.56041500,-85.70786000,TN,EPA_LMOP,"{""address"":""776 Terry Odle Road"",""city"":""Red Boiling Springs"",""county"":""Clay"",""zip"":""37150""}"
landfill_11682,Volunteer Regional Landfill,landfill,36.55100000,-84.48600000,TN,EPA_LMOP,"{""address"":""300 Roberta Lane\noff Bear Creek Road"",""city"":""Oneida"",""county"":""Scott"",""ghgrp_id"":""1003207"",""zip"":""37841""}"
landfill_1387,West Camden Sanitary Landfill,landfill,36.05450000,-88.13750000,TN,EPA_LMOP,"{""address"":""2410 Highway 70 West"",""city"":""Camden"",""county"":""Benton"",""ghgrp_id"":""1007889"",""zip"":""38320""}"
landfill_1447,White County LF,landfill,35.89300000,-85.58200000,TN,EPA_LMOP,"{""address"":""6010 Gum Springs Mountain Road"",""city"":""Sparta"",""county"":""White"",""zip"":""38583""}"
landfill_1448,Williamson County LF,landfill,35.88500000,-87.08500000,TN,EPA_LMOP,"{""address"":""5750 Pinewood Road"",""city"":""Franklin"",""county"":""Williamson"",""ghgrp_id"":""1004655"",""zip"":""37064""}"
landfill_1449,Wilson County LF,landfill,36.26027800,-86.29944600,TN,EPA_LMOP,"{""city"":""Lebanon"",""county"":""Wilson"",""zip"":""37087""}"
landfill_21401,130 Environmental Park (130EP) Landfill,landfill,29.97684300,-97.65693400,TX,EPA_LMOP,"{""address"":""5200 N Highway 183 North Bound"",""city"":""Lockhart"",""county"":""Caldwell"",""zip"":""78644""}"
landfill_21132,Abilene Environmental Landfill,landfill,32.53034500,-99.74576800,TX,EPA_LMOP,"{""address"":""1984 FM 3034"",""city"":""Abilene"",""county"":""Jones"",""ghgrp_id"":""1012891"",""zip"":""79601""}"
landfill_1490,Abilene Regional Landfill,landfill,32.53500000,-99.75350000,TX,EPA_LMOP,"{""address"":""FM 277 / 83 & FM 3034"",""city"":""Abilene"",""county"":""Jones"",""ghgrp_id"":""1007357"",""zip"":""79601""}"
landfill_1494,Altair Disposal Services LLC,landfill,29.59416800,-96.48666800,TX,EPA_LMOP,"{""address"":""5464 Highway 71\n2 miles N of Altair on W side of Hwy 71"",""city"":""Altair"",""county"":""Colorado"",""ghgrp_id"":""1007072"",""zip"":""77412""}"
landfill_12202,Angelina County Waste Management Center,landfill,31.25053300,-94.69722100,TX,EPA_LMOP,"{""address"":""7521 FM 58"",""city"":""Lufkin"",""county"":""Angelina"",""ghgrp_id"":""1005392"",""zip"":""75901""}"
landfill_1467,Arlington LF,landfill,32.80000000,-97.10833400,TX,EPA_LMOP,"{""address"":""800 Mosier Valley Road"",""city"":""Euless"",""county"":""Tarrant"",""ghgrp_id"":""1002645"",""zip"":""76040""}"
landfill_1479,Atascocita RDF,landfill,29.95833400,-95.23833400,TX,EPA_LMOP,"{""address"":""3623 Wilson Road"",""city"":""Humble"",""county"":""Harris"",""ghgrp_id"":""1007800"",""zip"":""77396""}"
landfill_1464,Austin Community RDF,landfill,30.34522000,-97.61395000,TX,EPA_LMOP,"{""address"":""9900 Giles Road\noff East 290"",""city"":""Austin"",""county"":""Travis"",""ghgrp_id"":""1007894"",""zip"":""78754""}"
landfill_1822,Baytown Landfill,landfill,29.67166700,-94.91666700,TX,EPA_LMOP,"{""address"":""4791 Tri City Beach Road"",""city"":""Baytown"",""county"":""Chambers"",""ghgrp_id"":""1007684"",""zip"":""77523""}"
landfill_1466,Bell County/Sparks LF,landfill,30.92600000,-97.38350000,TX,EPA_LMOP,"{""address"":""Landfill Road"",""city"":""Holland"",""county"":""Bell"",""zip"":""76534""}"
landfill_1481,Bell Processing Inc. LF,landfill,32.71666700,-97.85750000,TX,EPA_LMOP,"{""city"":""Wichita Falls"",""county"":""Wichita"",""zip"":""76308""}"
landfill_10420,Bellfort Boulevard Landfill,landfill,29.66900000,-95.37200000,TX,EPA_LMOP,"{""address"":""3300 Bellfort Boulevard"",""city"":""Houston"",""county"":""Harris"",""zip"":""77051""}"
landfill_1513,BFI LF,landfill,32.46784000,-99.71451000,TX,EPA_LMOP,"{""city"":""Abilene"",""county"":""Taylor""}"
landfill_20716,Blossom Prairie Landfill,landfill,33.62300000,-95.33500000,TX,EPA_LMOP,"{""address"":""1096 CR 15100"",""city"":""Blossom"",""county"":""Lamar"",""ghgrp_id"":""1011455"",""zip"":""75416""}"
landfill_1520,Blue Bonnet LF,landfill,29.81825800,-95.24369000,TX,EPA_LMOP,"{""address"":""10500 Beaumont Highway"",""city"":""Houston"",""county"":""Harris"",""ghgrp_id"":""1003806"",""zip"":""77078""}"
landfill_1812,Blue Ridge LF,landfill,29.55590000,-95.44190000,TX,EPA_LMOP,"{""address"":""2200 FM 521"",""city"":""Fresno"",""county"":""Fort Bend"",""ghgrp_id"":""1005891"",""zip"":""77545""}"
landfill_12207,Brownsville Municipal Landfill,landfill,25.93600000,-97.38500000,TX,EPA_LMOP,"{""address"":""9000 FM 802"",""city"":""Brownsville"",""county"":""Cameron"",""ghgrp_id"":""1004884"",""zip"":""78521""}"
landfill_1803,C&T Regional Landfill,landfill,26.60616000,-98.19399000,TX,EPA_LMOP,"{""address"":""Hwy 1017\n4.5 miles west of Hwy 281"",""city"":""Linn"",""county"":""Hidalgo"",""ghgrp_id"":""1005893"",""zip"":""78563""}"
landfill_11761,C.M. Hinton Jr Regional Landfill,landfill,32.95900000,-96.54300000,TX,EPA_LMOP,"{""address"":""3175 Elm Grove Road"",""city"":""Rowlett"",""county"":""Dallas"",""ghgrp_id"":""1004491"",""zip"":""75089""}"
landfill_1514,Caliche Canyon LF,landfill,33.67083400,-101.86000000,TX,EPA_LMOP,"{""address"":""8425 N. Avenue P\n1 mile N of FM2641, .5 E of FM 1264"",""city"":""Lubbock"",""county"":""Lubbock"",""ghgrp_id"":""1005482"",""zip"":""79403""}"
landfill_1480,Camelot Landfill,landfill,33.02916700,-96.95100000,TX,EPA_LMOP,"{""address"":""580 Huffines Boulevard"",""city"":""Lewisville"",""county"":""Denton"",""ghgrp_id"":""1007780"",""zip"":""75056""}"
landfill_11862,Cefe Valenzuela Landfill,landfill,27.63184600,-97.57999000,TX,EPA_LMOP,"{""address"":""2397 County Road 20"",""city"":""Robstown"",""county"":""Nueces"",""ghgrp_id"":""1002085"",""zip"":""78380""}"
landfill_2275,Charter Waste Landfill,landfill,31.75480000,-102.53960000,TX,EPA_LMOP,"{""address"":""12035 West Murphy Street"",""city"":""Odessa"",""county"":""Ector"",""ghgrp_id"":""1002509"",""zip"":""79763""}"
landfill_1814,City of Amarillo Landfill,landfill,35.23000000,-102.01750000,TX,EPA_LMOP,"{""address"":""16250 Bezner Drive\n2 mi N of I-40, 5 mi W of Soncy Road"",""city"":""Amarillo"",""county"":""Potter"",""ghgrp_id"":""1006350"",""zip"":""79124""}"
landfill_1492,City of Beaumont LF,landfill,30.02892500,-94.12405300,TX,EPA_LMOP,"{""address"":""5895 Lafin Drive"",""city"":""Beaumont"",""county"":""Jefferson"",""ghgrp_id"":""1002065"",""zip"":""77705""}"
landfill_1914,City of Brownwood Landfill,landfill,31.63333400,-98.96666700,TX,EPA_LMOP,"{""address"":""6800 FM 45 S"",""city"":""Brownwood"",""county"":""Brown"",""zip"":""76801""}"
landfill_1460,City of Conroe LF,landfill,30.34000100,-95.40750000,TX,EPA_LMOP,"{""address"":""1750 N. Loop 336 East"",""city"":""Conroe"",""county"":""Montgomery"",""ghgrp_id"":""1007575"",""zip"":""77301""}"
landfill_1516,City of Corsicana LF,landfill,32.09166800,-96.41416700,TX,EPA_LMOP,"{""address"":""2050 Jester Drive\n0.2 mi N of Magnolia Lake"",""city"":""Corsicana"",""county"":""Navarro"",""ghgrp_id"":""1002351"",""zip"":""75110""}"
landfill_1805,City of Denton Landfill,landfill,33.19000100,-97.07583400,TX,EPA_LMOP,"{""address"":""1527 S. Mayhill Road"",""city"":""Denton"",""county"":""Denton"",""ghgrp_id"":""1000372"",""zip"":""76208""}"
landfill_11822,City of Edinburg Landfill,landfill,26.39765100,-98.12547100,TX,EPA_LMOP,"{""address"":""900 E. Encinitos Road"",""city"":""Edinburg"",""county"":""Hidalgo"",""ghgrp_id"":""1007276"",""zip"":""78539""}"
landfill_1463,City of Fort Worth Southeast Landfill,landfill,32.64750100,-97.23916800,TX,EPA_LMOP,"{""address"":""6288 Salt Road"",""city"":""Forest Hill"",""county"":""Tarrant"",""ghgrp_id"":""1006224"",""zip"":""76140""}"
landfill_1778,City of Garland Castle Drive Landfill,landfill,32.93500100,-96.58333400,TX,EPA_LMOP,"{""address"":""3637 Castle Drive"",""city"":""Garland"",""county"":""Dallas"",""ghgrp_id"":""1000370"",""zip"":""75040""}"
landfill_1475,City of Grand Prairie LF,landfill,32.77166000,-96.95000000,TX,EPA_LMOP,"{""address"":""1102 MacArthur Boulevard"",""city"":""Grand Prairie"",""county"":""Dallas"",""ghgrp_id"":""1000090"",""zip"":""75050""}"
landfill_20409,City of Kingsville Landfill,landfill,27.44670000,-97.81800000,TX,EPA_LMOP,"{""address"":""348 East C.R. 2130"",""city"":""Kingsville"",""county"":""Kleberg"",""zip"":""78363""}"
landfill_1501,City of Laredo LF,landfill,27.49417000,-99.41000000,TX,EPA_LMOP,"{""address"":""6912 State Hwy 359\n2 miles east of Int of Loop 20 & Hwy 359"",""city"":""Laredo"",""county"":""Webb"",""ghgrp_id"":""1004460"",""zip"":""78043""}"
landfill_11422,City of Luling Landfill,landfill,29.73464000,-97.66145000,TX,EPA_LMOP,"{""city"":""Luling"",""county"":""Caldwell""}"
landfill_1498,City of Midland MSW Landfill,landfill,31.96680100,-101.93338900,TX,EPA_LMOP,"{""address"":""7904 S. Garden City Highway\n7 miles east of Midland, .5 miles NE of Hwy 158"",""city"":""Midland"",""county"":""Midland"",""ghgrp_id"":""1002538"",""zip"":""79706""}"
landfill_1827,City of Nacogdoches Landfill,landfill,31.65000000,-94.67333400,TX,EPA_LMOP,"{""address"":""4602 NW Stallings Drive\nEnd of Greenwood Avenue"",""city"":""Nacogdoches"",""county"":""Nacogdoches"",""ghgrp_id"":""1002457"",""zip"":""75964""}"
landfill_11440,City of Nederland Landfill,landfill,29.99300000,-94.00690000,TX,EPA_LMOP,"{""address"":""2800 N Twin City Hwy"",""city"":""Nederland"",""county"":""Jefferson"",""zip"":""77627""}"
landfill_1517,City of Pampa LF,landfill,35.57166700,-100.92333400,TX,EPA_LMOP,"{""address"":""N Loop 171\n1 mile N of Santa Fe RR, .75 E of Loop 171"",""city"":""Pampa"",""county"":""Gray"",""ghgrp_id"":""1002705"",""zip"":""79065""}"
landfill_1824,City of Perryton Landfill,landfill,36.41667000,-100.78834000,TX,EPA_LMOP,"{""address"":""1.3 miles NE of Hwys 15 & 83 INT"",""city"":""Perryton"",""county"":""Ochiltree"",""zip"":""79070""}"
landfill_1802,City of Port Arthur Landfill,landfill,29.87334000,-94.07167000,TX,EPA_LMOP,"{""address"":""4732 West Highway 73\n2 miles W of Hazel Ave & Hwy 73 INT, 1 mile W of Taylor's Bayou"",""city"":""Beaumont"",""county"":""Jefferson"",""ghgrp_id"":""1005665"",""zip"":""77705""}"
landfill_20719,City of Snyder Landfill,landfill,32.68342700,-100.81364000,TX,EPA_LMOP,"{""address"":""3621 S FM 1673"",""city"":""Snyder"",""county"":""Scurry"",""ghgrp_id"":""1002700"",""zip"":""79549""}"
landfill_1826,City of Sweetwater LF,landfill,32.45609600,-100.45118100,TX,EPA_LMOP,"{""address"":""3000 W. Alabama Avenue\n3 miles W of downtown, 500 feet N of I-20"",""city"":""Sweetwater"",""county"":""Nolan"",""zip"":""79556""}"
landfill_1816,City of Victoria Landfill,landfill,28.69340000,-96.90670000,TX,EPA_LMOP,"{""address"":""18545 FM 1686"",""city"":""Bloomington"",""county"":""Victoria"",""ghgrp_id"":""1007802"",""zip"":""77951""}"
landfill_1473,City of Waco LF,landfill,31.47500100,-97.25833400,TX,EPA_LMOP,"{""address"":""11400 Old McGregor Road\n1624 Hannah Hill Road"",""city"":""Waco"",""county"":""McLennan"",""ghgrp_id"":""1002554"",""zip"":""76712""}"
landfill_1821,City of Wichita Falls LF,landfill,33.89013300,-98.66909200,TX,EPA_LMOP,"{""address"":""10984 Wiley Road"",""city"":""Wichita Falls"",""county"":""Wichita"",""ghgrp_id"":""1002964"",""zip"":""76307""}"
landfill_1491,Clint Landfill,landfill,31.59418300,-106.17336100,TX,EPA_LMOP,"{""address"":""2300 Darrington Road\n3.5 miles NE of Clint"",""city"":""El Paso"",""county"":""El Paso"",""ghgrp_id"":""1005316"",""zip"":""79928""}"
landfill_1808,Coastal Plains RDF,landfill,29.42416700,-95.19083400,TX,EPA_LMOP,"{""address"":""21000 E Highway 6\n1 mile E of county line, BTWN FM 517 & Hwy 6"",""city"":""Alvin"",""county"":""Galveston"",""ghgrp_id"":""1003646"",""zip"":""77511""}"
landfill_1815,Colorado City Landfill,landfill,32.42100000,-100.87000000,TX,EPA_LMOP,"{""address"":""222 W CR-141 on Rodgers Road\n.5 mile W of Hwy 208"",""city"":""Colorado City"",""county"":""Mitchell"",""zip"":""79512""}"
landfill_1509,Covel Gardens RDF,landfill,29.35008000,-98.64631000,TX,EPA_LMOP,"{""address"":""8611 Covel Road"",""city"":""San Antonio"",""county"":""Bexar"",""ghgrp_id"":""1003439"",""zip"":""78252""}"
landfill_1478,CSC Disposal and Landfill,landfill,32.22333400,-96.78750100,TX,EPA_LMOP,"{""address"":""101 Republic Way"",""city"":""Avalon"",""county"":""Ellis"",""ghgrp_id"":""1002644"",""zip"":""76623""}"
landfill_1461,DFW Recycling & Disposal Facility,landfill,33.01615000,-96.96316000,TX,EPA_LMOP,"{""address"":""1600 A South Railroad Street"",""city"":""Lewisville"",""county"":""Denton"",""ghgrp_id"":""1005834"",""zip"":""75057""}"
landfill_12217,East Texas Regional Landfill,landfill,32.12500000,-94.70750000,TX,EPA_LMOP,"{""address"":""5155 FM 2867 E"",""city"":""Henderson"",""county"":""Rusk"",""ghgrp_id"":""1003337"",""zip"":""75653""}"
landfill_2049,Eastside Landfill,landfill,32.76344500,-97.26522700,TX,EPA_LMOP,"{""address"":""5300 E. First Street\nbtw Trinity River West Fork & Randol Mill Road"",""city"":""Fort Worth"",""county"":""Tarrant"",""ghgrp_id"":""1007858"",""zip"":""76103""}"
landfill_2437,ECD Landfill,landfill,32.39100000,-96.65260000,TX,EPA_LMOP,"{""address"":""5703 N. IH 45"",""city"":""Ennis"",""county"":""Ellis"",""ghgrp_id"":""1002468"",""zip"":""75119""}"
landfill_11400,El Campo Landfill,landfill,29.14917000,-96.29667000,TX,EPA_LMOP,"{""address"":""4 miles SW of El Campo on W side of FM 1163"",""city"":""El Campo"",""county"":""Wharton""}"
landfill_2441,El Centro Landfill,landfill,27.72214700,-97.65578200,TX,EPA_LMOP,"{""address"":""3189 County Road 69\nINT CR 30"",""city"":""Robstown"",""county"":""Nueces"",""ghgrp_id"":""1002473"",""zip"":""78380""}"
landfill_1468,FM 812 Landfill,landfill,30.15592000,-97.67526000,TX,EPA_LMOP,"{""address"":""10108 FM 812"",""city"":""Austin"",""county"":""Travis"",""ghgrp_id"":""1006693"",""zip"":""78719""}"
landfill_1948,Fort Bend County Landfill,landfill,29.54000000,-95.83250000,TX,EPA_LMOP,"{""address"":""330 Klauke Road"",""city"":""Rosenberg"",""county"":""Fort Bend"",""zip"":""77471""}"
landfill_12101,Fort Bend Regional Landfill,landfill,29.39650000,-95.72590000,TX,EPA_LMOP,"{""address"":""14115 Davis Estate Road"",""city"":""Needville"",""county"":""Fort Bend"",""ghgrp_id"":""1002321"",""zip"":""77461""}"
landfill_20378,Fort Bliss Municipal Solid Waste Landfill,landfill,31.88189100,-106.39299800,TX,EPA_LMOP,"{""address"":""Building 367, Landfill Road"",""city"":""El Paso"",""county"":""El Paso"",""zip"":""79913-0058""}"
landfill_11361,Fort Hood Landfill,landfill,31.15640000,-97.83331000,TX,EPA_LMOP,"{""address"":""Turkey Run Rd & Base Rd"",""city"":""Fort Hood"",""county"":""Coryell"",""ghgrp_id"":""1002890"",""zip"":""76544""}"
landfill_2415,Fort Worth Regional LF,landfill,32.78870000,-97.23890000,TX,EPA_LMOP,"{""address"":""2100-A Minnis Drive"",""city"":""Haltom City"",""county"":""Tarrant"",""ghgrp_id"":""1004561"",""zip"":""76117""}"
landfill_1810,Galveston County LF,landfill,29.38810000,-95.05590000,TX,EPA_LMOP,"{""address"":""3935 Avenue A"",""city"":""Alta Loma"",""county"":""Galveston"",""ghgrp_id"":""1005894"",""zip"":""77510""}"
landfill_1477,Golden Triangle Landfill,landfill,29.99333400,-94.16916700,TX,EPA_LMOP,"{""address"":""6433 Labelle Road"",""city"":""Beaumont"",""county"":""Jefferson"",""ghgrp_id"":""1002475"",""zip"":""77705""}"
landfill_1503,Greenwood Farms Landfill,landfill,32.36916700,-95.18250100,TX,EPA_LMOP,"{""address"":""12920 FM 2767"",""city"":""Tyler"",""county"":""Smith"",""ghgrp_id"":""1005895"",""zip"":""75708""}"
landfill_11420,Hallettsville Landfill,landfill,29.45667000,-96.90250000,TX,EPA_LMOP,"{""address"":""2.3 miles E of US Highway 77\n.3 miles N of US Highway 90A E"",""city"":""Hallettsville"",""county"":""Lavaca""}"
landfill_1809,Hillside Landfill,landfill,33.58200000,-96.53600000,TX,EPA_LMOP,"{""address"":""Nelson Road"",""city"":""Sherman"",""county"":""Grayson"",""ghgrp_id"":""1003614"",""zip"":""75090""}"
landfill_1828,Hunter Ferrell Landfill,landfill,32.78390000,-96.93890000,TX,EPA_LMOP,"{""address"":""110 E. Hunter Ferrell Road"",""city"":""Irving"",""county"":""Dallas"",""ghgrp_id"":""1006634"",""zip"":""75060""}"
landfill_2044,Hutchins Landfill,landfill,32.66018400,-96.69315800,TX,EPA_LMOP,"{""address"":""1450 E. Cleveland Road"",""city"":""Hutchins"",""county"":""Dallas"",""ghgrp_id"":""1005896"",""zip"":""75141""}"
landfill_12204,IESI Buffalo Creek Landfill,landfill,33.95303300,-98.68487500,TX,EPA_LMOP,"{""address"":""1201 W. Smith Avenue"",""city"":""Iowa Park"",""county"":""Wichita"",""ghgrp_id"":""1003339"",""zip"":""76367""}"
landfill_20718,IESI Hardin County Landfill,landfill,30.34135800,-94.35670000,TX,EPA_LMOP,"{""address"":""2525 FM 770"",""city"":""Kountze"",""county"":""Hardin"",""ghgrp_id"":""1006545"",""zip"":""77625""}"
landfill_2438,Itasca Landfill,landfill,32.19000000,-97.10900000,TX,EPA_LMOP,"{""address"":""2559 FM 66"",""city"":""Itasca"",""county"":""Hill"",""ghgrp_id"":""1002647"",""zip"":""76055""}"
landfill_1469,J.C. Elliott LF,landfill,27.70750000,-97.45500000,TX,EPA_LMOP,"{""address"":""7001 Ayers Street"",""city"":""Corpus Christi"",""county"":""Nueces"",""ghgrp_id"":""1002081"",""zip"":""78415""}"
landfill_2439,Kerrville Landfill,landfill,30.01674700,-99.11817500,TX,EPA_LMOP,"{""address"":""3315 Loop 534"",""city"":""Kerrville"",""county"":""Kerr"",""ghgrp_id"":""1006118"",""zip"":""78028""}"
landfill_21133,La Gloria Ranch Landfill,landfill,26.41159100,-98.34624700,TX,EPA_LMOP,"{""address"":""23485 N. Moorefield Road"",""city"":""Edinburg"",""county"":""Hidalgo"",""ghgrp_id"":""1012903"",""zip"":""78541""}"
landfill_1499,Lacy Lakeview RDF,landfill,31.60465400,-97.05518800,TX,EPA_LMOP,"{""address"":""677 Selby Lane"",""city"":""Waco"",""county"":""McLennan"",""ghgrp_id"":""1007814"",""zip"":""76705""}"
landfill_2436,Lewisville Landfill,landfill,33.05000000,-96.98250000,TX,EPA_LMOP,"{""address"":""801 East College Street"",""city"":""Lewisville"",""county"":""Denton"",""zip"":""75057""}"
landfill_2273,Maloy Landfill,landfill,33.24230000,-95.90413000,TX,EPA_LMOP,"{""address"":""2811 FM 1568"",""city"":""Campbell"",""county"":""Hunt"",""ghgrp_id"":""1002643"",""zip"":""75422""}"
landfill_1457,Maxwell Creek LF,landfill,32.99900000,-96.57960000,TX,EPA_LMOP,"{""address"":""INT of Hooper & Hensley\n1 mile S. of 544"",""city"":""Wylie"",""county"":""Collin"",""ghgrp_id"":""1003921"",""zip"":""75098""}"
landfill_1465,McCarty Road LF,landfill,29.82750100,-95.24333400,TX,EPA_LMOP,"{""address"":""5757A Oates Road"",""city"":""Houston"",""county"":""Harris"",""ghgrp_id"":""1006899"",""zip"":""77078""}"
landfill_1471,McCombs LF,landfill,31.99500000,-106.40500000,TX,EPA_LMOP,"{""address"":""13600 McCombs Street\n4.4 mi W of US 54, 300 ft S of NM"",""city"":""El Paso"",""county"":""El Paso"",""ghgrp_id"":""1007154"",""zip"":""79934""}"
landfill_1459,McCommas Bluff Landfill,landfill,32.68416800,-96.71833400,TX,EPA_LMOP,"{""address"":""5100 Youngblood Road"",""city"":""Dallas"",""county"":""Dallas"",""ghgrp_id"":""1006817"",""zip"":""75241""}"
landfill_1470,McKinney Landfill,landfill,33.17320000,-96.61326300,TX,EPA_LMOP,"{""address"":""500 Old Mill Road"",""city"":""McKinney"",""county"":""Collin"",""ghgrp_id"":""1006291"",""zip"":""75069""}"
landfill_1807,Mesquite Creek LF,landfill,29.73247400,-98.02041900,TX,EPA_LMOP,"{""address"":""1700 Kohlenberg Road"",""city"":""New Braunfels"",""county"":""Comal"",""ghgrp_id"":""1007893"",""zip"":""78130""}"
landfill_2440,Mexia Landfill,landfill,31.61275400,-96.50346100,TX,EPA_LMOP,"{""address"":""3048 LCR 460"",""city"":""Mexia"",""county"":""Limestone"",""ghgrp_id"":""1002469"",""zip"":""76667""}"
landfill_1462,Mill Creek LF,landfill,32.82532000,-97.52565000,TX,EPA_LMOP,"{""address"":""7797 Confederate Park Road"",""city"":""Fort Worth"",""county"":""Tarrant"",""ghgrp_id"":""1004645"",""zip"":""76108""}"
landfill_2285,Nelson Gardens LF,landfill,29.34200000,-98.66800000,TX,EPA_LMOP,"{""address"":""8963 Nelson Road\n.8 miles N of FM 2536, 2 miles W of I-410"",""city"":""San Antonio"",""county"":""Bexar"",""ghgrp_id"":""1011256"",""zip"":""78252""}"
landfill_2396,New Boston Landfill,landfill,33.47190800,-94.44784400,TX,EPA_LMOP,"{""address"":""1030 Highway 82 West"",""city"":""New Boston"",""county"":""Bowie"",""ghgrp_id"":""1007670"",""zip"":""75570""}"
landfill_21409,New City of Waco Landfill,landfill,31.70179100,-96.92928100,TX,EPA_LMOP,"{""address"":""4730 TK Parkway"",""city"":""Axtell"",""county"":""McLennan"",""zip"":""76624""}"
landfill_2397,Newton County Landfill,landfill,30.34295300,-93.84162000,TX,EPA_LMOP,"{""address"":""Ebner Rice Field Drive / 2372 CR 3870\n5 miles North of Hwy 12 on Hwy 87"",""city"":""Buna"",""county"":""Newton"",""ghgrp_id"":""1007591"",""zip"":""77612""}"
landfill_2274,North County C&D Landfill,landfill,29.48400000,-95.05300000,TX,EPA_LMOP,"{""address"":""2015 N. Wyoming Avenue"",""city"":""Dickinson"",""county"":""Galveston"",""zip"":""77539""}"
landfill_12201,NTMWD 121 Regional Disposal Facility,landfill,33.29543200,-96.51881400,TX,EPA_LMOP,"{""address"":""3820 Sam Rayburn Highway"",""city"":""Melissa"",""county"":""Collin"",""ghgrp_id"":""1004377"",""zip"":""75454""}"
landfill_10760,Orange County LF,landfill,30.11742000,-93.88986000,TX,EPA_LMOP,"{""address"":""2600 Lawrence Road with entrance on FM 1442"",""city"":""Orange"",""county"":""Orange"",""zip"":""77630""}"
landfill_2398,Paris Landfill,landfill,33.77900000,-95.56500000,TX,EPA_LMOP,"{""address"":""3100 County Road 33900"",""city"":""Powderly"",""county"":""Lamar"",""ghgrp_id"":""1007853"",""zip"":""75473""}"
landfill_2047,Pecan Prairie Landfill,landfill,33.26300000,-96.16000000,TX,EPA_LMOP,"{""address"":""1308 Highway 69 N"",""city"":""Celeste"",""county"":""Hunt"",""ghgrp_id"":""1007854"",""zip"":""75423""}"
landfill_1472,Pine Hill Landfill,landfill,32.45000000,-94.83200000,TX,EPA_LMOP,"{""address"":""1102 Pine Hill Landfill Road"",""city"":""Kilgore"",""county"":""Gregg"",""ghgrp_id"":""1006227"",""zip"":""75662""}"
landfill_2443,Pleasant Oaks Landfill,landfill,33.11670000,-95.01430000,TX,EPA_LMOP,"{""address"":""3031 FM 3417"",""city"":""Mount Pleasant"",""county"":""Titus"",""ghgrp_id"":""1002513"",""zip"":""75455""}"
landfill_11360,Polk County Landfill,landfill,30.83268000,-94.92369000,TX,EPA_LMOP,"{""address"":""3477 FM 942 W"",""city"":""Livingston"",""county"":""Polk"",""ghgrp_id"":""1000215"",""zip"":""77351""}"
landfill_21221,Ponderosa Regional Landfill,landfill,27.48500000,-99.26250000,TX,EPA_LMOP,"{""address"":""10705 State Highway 359\n11 miles E of Loop 20"",""city"":""Laredo"",""county"":""Webb"",""zip"":""78043""}"
landfill_1474,Quail Canyon,landfill,33.67000000,-101.86000000,TX,EPA_LMOP,"{""address"":"".5 miles north of FM 2641"",""city"":""Lubbock"",""county"":""Lubbock"",""zip"":""79401""}"
landfill_2445,Rio Grande Valley,landfill,26.22700000,-98.02900000,TX,EPA_LMOP,"{""address"":""FM 493 and Mile 12 Road"",""city"":""Donna"",""county"":""Hidalgo"",""ghgrp_id"":""1005900"",""zip"":""78537""}"
landfill_1818,Rock Prairie Road Landfill,landfill,30.58227000,-96.25317000,TX,EPA_LMOP,"{""address"":""7600 E. Rock Prairie Road"",""city"":""College Station"",""county"":""Brazos"",""ghgrp_id"":""1002746"",""zip"":""77845""}"
landfill_1779,Royal Oaks Landfill,landfill,32.00220000,-95.26800000,TX,EPA_LMOP,"{""address"":""608 CR 4102 (Heath Lane)"",""city"":""Jacksonville"",""county"":""Cherokee"",""ghgrp_id"":""1002512"",""zip"":""75766""}"
landfill_2276,San Angelo Landfill,landfill,31.50130000,-100.38680000,TX,EPA_LMOP,"{""address"":""3002 Old Ballinger Highway"",""city"":""San Angelo"",""county"":""Tom Green"",""ghgrp_id"":""1003044"",""zip"":""76905""}"
landfill_1497,Seabreeze Environmental Landfill,landfill,29.09083400,-95.36000000,TX,EPA_LMOP,"{""address"":""10310 FM 523"",""city"":""Angleton"",""county"":""Brazoria"",""ghgrp_id"":""1003281"",""zip"":""77515""}"
landfill_1505,Security Recycling and Disposal LF,landfill,30.32920000,-95.26920000,TX,EPA_LMOP,"{""address"":""19248 Highway 105"",""city"":""Cleveland"",""county"":""Montgomery"",""ghgrp_id"":""1007895"",""zip"":""77327""}"
landfill_2442,Sinton Landfill,landfill,28.01060000,-97.55780000,TX,EPA_LMOP,"{""address"":""FM 1945 & CR 39"",""city"":""Sinton"",""county"":""San Patricio"",""ghgrp_id"":""1006746"",""zip"":""78387""}"
landfill_1456,Skyline LF,landfill,32.54900000,-96.68000000,TX,EPA_LMOP,"{""address"":""1201 N. Central"",""city"":""Ferris"",""county"":""Dallas"",""ghgrp_id"":""1007852"",""zip"":""75125""}"
landfill_1813,Southwest Landfill,landfill,35.00200000,-101.95900000,TX,EPA_LMOP,"{""address"":""20700 Helium Road"",""city"":""Canyon"",""county"":""Randall"",""ghgrp_id"":""1002648"",""zip"":""79015""}"
landfill_1489,Sunset Farms Landfill,landfill,30.33500000,-97.62500000,TX,EPA_LMOP,"{""address"":""9912 Giles Road"",""city"":""Austin"",""county"":""Travis"",""ghgrp_id"":""1006747"",""zip"":""78754""}"
landfill_2048,Temple Recycling & Disposal Facility,landfill,31.07445700,-97.30170100,TX,EPA_LMOP,"{""address"":""706 Landfill Rd"",""city"":""Temple"",""county"":""Bell"",""ghgrp_id"":""1003639"",""zip"":""76501""}"
landfill_1820,Tessman Road Landfill,landfill,29.43583400,-98.33916800,TX,EPA_LMOP,"{""address"":""7000 I-10 East"",""city"":""San Antonio"",""county"":""Bexar"",""ghgrp_id"":""1002471"",""zip"":""78219""}"
landfill_1511,Texas Disposal Systems LF,landfill,30.10900000,-97.75700000,TX,EPA_LMOP,"{""address"":""12200 Carl Road, at INT with FM 1327\n5 miles S of Austin, 3 miles E of I-35"",""city"":""Creedmoor"",""county"":""Travis"",""ghgrp_id"":""1005347"",""zip"":""78610""}"
landfill_20717,Texoma Area Solid Waste Authority Landfill,landfill,33.63220000,-96.84190000,TX,EPA_LMOP,"{""address"":""25090 TX-56"",""city"":""Whitesboro"",""county"":""Grayson"",""ghgrp_id"":""1003001"",""zip"":""76273""}"
landfill_1801,Trinity Oaks Landfill,landfill,32.68083400,-96.63000100,TX,EPA_LMOP,"{""address"":""11340 C.F. Hawn Freeway"",""city"":""Dallas"",""county"":""Dallas"",""ghgrp_id"":""1004646"",""zip"":""75253""}"
landfill_1485,Turkey Creek Landfill,landfill,32.35620000,-97.20200000,TX,EPA_LMOP,"{""address"":""9100 South I-35 West"",""city"":""Alvarado"",""county"":""Johnson"",""ghgrp_id"":""1006465"",""zip"":""76009""}"
landfill_20763,Twin Oaks Landfill,landfill,30.59812700,-96.14486600,TX,EPA_LMOP,"{""address"":""2690 State Highway 30"",""city"":""Anderson"",""county"":""Grimes"",""ghgrp_id"":""1011032"",""zip"":""77830""}"
landfill_1817,Weatherford Landfill,landfill,32.71600000,-97.85850000,TX,EPA_LMOP,"{""address"":""3131 Old Brock Road\n2 miles SW of city limits"",""city"":""Weatherford"",""county"":""Parker"",""ghgrp_id"":""1006538"",""zip"":""76087""}"
landfill_12212,West Texas Region Disposal Facility,landfill,33.81500000,-101.93300000,TX,EPA_LMOP,"{""address"":""17304 North FM 2528\nINT of FM 597 & FM 2528"",""city"":""Abernathy"",""county"":""Lubbock"",""ghgrp_id"":""1005480"",""zip"":""79311""}"
landfill_1519,Westside RDF,landfill,32.72716900,-97.53451700,TX,EPA_LMOP,"{""address"":""3500 Linkcrest Drive"",""city"":""Aledo"",""county"":""Tarrant"",""ghgrp_id"":""1007840"",""zip"":""76008""}"
landfill_1811,Whispering Pines LF,landfill,29.87900000,-95.26600000,TX,EPA_LMOP,"{""address"":""8101 Little York"",""city"":""Houston"",""county"":""Harris"",""ghgrp_id"":""1002514"",""zip"":""77016""}"
landfill_1819,Williamson County LF,landfill,30.60200000,-97.55400000,TX,EPA_LMOP,"{""address"":""600 Landfill Road\n600 CR-128 E side CR-130"",""city"":""Hutto"",""county"":""Williamson"",""ghgrp_id"":""1007799"",""zip"":""78634""}"
landfill_1539,Bayview LF,landfill,40.03385600,-111.95830600,UT,EPA_LMOP,"{""address"":""10800 South State Road 68"",""city"":""Elberta"",""county"":""Utah"",""ghgrp_id"":""1006417"",""zip"":""84626""}"
landfill_1553,Beaver County LF,landfill,38.30590000,-112.66800000,UT,EPA_LMOP,"{""address"":""1950 N 1250 W"",""city"":""Beaver"",""county"":""Beaver"",""zip"":""84713""}"
landfill_1540,Bountiful Sanitary LF,landfill,40.91300000,-111.92000000,UT,EPA_LMOP,"{""address"":""1300 West Pages Lane"",""city"":""Woods Cross"",""county"":""Davis"",""ghgrp_id"":""1003818"",""zip"":""84087""}"
landfill_1544,Carbon County LF,landfill,39.60400000,-110.76000000,UT,EPA_LMOP,"{""address"":""2835 E Airport Road"",""city"":""Price"",""county"":""Carbon"",""zip"":""84501""}"
landfill_1527,City of Logan Sanitary Landfill,landfill,41.73170000,-111.87000000,UT,EPA_LMOP,"{""address"":""1400 West 200 North"",""city"":""Logan"",""county"":""Cache"",""ghgrp_id"":""1003949"",""zip"":""84321""}"
landfill_1541,Davis County Landfill,landfill,41.11400000,-111.93100000,UT,EPA_LMOP,"{""address"":""1997 E 3500 N\n650 East Highway 193"",""city"":""Layton"",""county"":""Davis"",""ghgrp_id"":""1007282"",""zip"":""84040""}"
landfill_1565,Duchesne County LF,landfill,40.26750100,-110.36666700,UT,EPA_LMOP,"{""address"":""Highway 87\n8.5 miles N of town"",""city"":""Duchesne"",""county"":""Duchesne"",""zip"":""84021""}"
landfill_2074,ECDC Environmental Landfill,landfill,39.53400000,-110.44800000,UT,EPA_LMOP,"{""address"":""1111 West Highway 123"",""city"":""East Carbon"",""county"":""Carbon"",""ghgrp_id"":""1007944"",""zip"":""84520""}"
landfill_1545,Emery County LF,landfill,39.26230000,-111.02900000,UT,EPA_LMOP,"{""address"":""off N. Des Bee Dove Road\n2.4 mi N of State Hwy 29"",""city"":""Castle Dale"",""county"":""Emery"",""zip"":""84513""}"
landfill_1554,Garfield County/John's Valley LF,landfill,37.79880000,-112.07450000,UT,EPA_LMOP,"{""county"":""Garfield""}"
landfill_1555,Garfield County/Ticaboo LF,landfill,37.61720000,-110.72830000,UT,EPA_LMOP,"{""address"":""SR-276\n3.5 miles South of Ticaboo"",""city"":""Ticaboo"",""county"":""Garfield""}"
landfill_1522,Grouse Creek LF,landfill,41.18944600,-113.89833400,UT,EPA_LMOP,"{""city"":""Grouse Creek"",""county"":""Box Elder"",""zip"":""84313""}"
landfill_21222,Intermountain Regional Landfill,landfill,40.21532400,-112.07977900,UT,EPA_LMOP,"{""address"":""800 S. Allen Ranch Road (18150 West)"",""city"":""Fairfield"",""county"":""Utah"",""ghgrp_id"":""1014096"",""zip"":""84013""}"
landfill_1556,Iron County/ Armstrong Pit LF,landfill,37.71388900,-113.23222300,UT,EPA_LMOP,"{""address"":""3127 N Iron Springs Road"",""city"":""Cedar City"",""county"":""Iron"",""zip"":""84720""}"
landfill_1530,Juab Rural Development Agency Landfill,landfill,39.68444600,-111.92527900,UT,EPA_LMOP,"{""address"":""Sheeplane Road"",""city"":""Nephi"",""county"":""Juab"",""zip"":""84648""}"
landfill_1557,Kane County/Kanab LF,landfill,37.00555600,-112.50000000,UT,EPA_LMOP,"{""city"":""Kanab"",""county"":""Kane"",""zip"":""84741""}"
landfill_20852,Leekay Landfill,landfill,40.72616700,-112.03150000,UT,EPA_LMOP,"{""address"":""6000 West 2100 South"",""city"":""Salt Lake City"",""county"":""Salt Lake"",""ghgrp_id"":""1003548"",""zip"":""84128""}"
landfill_1558,Long Valley Sanitary Landfill,landfill,37.29916700,-112.60805600,UT,EPA_LMOP,"{""address"":""1 mile S. of Glendale on Hwy 89"",""city"":""Glendale"",""county"":""Kane"",""zip"":""84729""}"
landfill_1564,Manila City LF,landfill,40.94111200,-109.69916800,UT,EPA_LMOP,"{""address"":""off Highway 44\n3 miles south of Manila"",""city"":""Manila"",""county"":""Daggett"",""zip"":""84046""}"
landfill_1534,Millard County LF,landfill,39.32055000,-112.47138000,UT,EPA_LMOP,"{""address"":""2250 S. Highway 50"",""city"":""Delta"",""county"":""Millard"",""zip"":""84624""}"
landfill_20764,North Valley Landfill (NVL),landfill,41.99200000,-112.05100000,UT,EPA_LMOP,"{""address"":""14200 N. Stink Creek Road"",""city"":""Clarkston"",""county"":""Cache"",""ghgrp_id"":""1013635"",""zip"":""84305""}"
landfill_1537,Payson City LF,landfill,40.04000000,-111.80400000,UT,EPA_LMOP,"{""address"":""6665 W 10400 South"",""city"":""Payson"",""county"":""Utah"",""zip"":""84651""}"
landfill_1569,Provo LF,landfill,40.21000000,-111.64500000,UT,EPA_LMOP,"{""address"":""1625 South Industrial Parkway"",""city"":""Provo"",""county"":""Utah"",""zip"":""84606""}"
landfill_1528,Rich County LF,landfill,41.77777900,-111.15361200,UT,EPA_LMOP,"{""address"":""off Highway 30"",""city"":""Laketown"",""county"":""Rich"",""zip"":""84038""}"
landfill_1542,Salt Lake Valley LF,landfill,40.74600000,-112.04200000,UT,EPA_LMOP,"{""address"":""6030 West 1300 South"",""city"":""Salt Lake City"",""county"":""Salt Lake"",""ghgrp_id"":""1003471"",""zip"":""84104""}"
landfill_1536,Sevier County/Sage Flat LF,landfill,38.83500100,-111.90194500,UT,EPA_LMOP,"{""address"":""Sage Flat Road\noff SR-24"",""city"":""Sigurd"",""county"":""Sevier""}"
landfill_1560,Summit County/Three Mile Canyon LF,landfill,40.75833400,-111.40083400,UT,EPA_LMOP,"{""address"":""6550 West Three Mile Canyon Road"",""city"":""Coalville"",""county"":""Summit"",""zip"":""84017""}"
landfill_20720,Tekoi Landfill,landfill,40.35832300,-112.72441600,UT,EPA_LMOP,"{""address"":""99 Skull Valley Road"",""city"":""Dugway"",""county"":""Tooele"",""ghgrp_id"":""1005266"",""zip"":""84022""}"
landfill_1561,Tooele Army Depot LF #1,landfill,40.47027900,-112.35638900,UT,EPA_LMOP,"{""city"":""Tooele"",""county"":""Tooele"",""zip"":""84074""}"
landfill_1562,Tooele Army Depot LF #2,landfill,40.47027900,-112.35638900,UT,EPA_LMOP,"{""city"":""Tooele"",""county"":""Tooele"",""zip"":""84074""}"
landfill_1543,Trans-Jordan LF,landfill,40.55862000,-112.05300000,UT,EPA_LMOP,"{""address"":""10473 South Bacchus Highway\nU-111"",""city"":""South Jordan"",""county"":""Salt Lake"",""ghgrp_id"":""1003864"",""zip"":""84009""}"
landfill_1566,Uintah County/Vernal City LF,landfill,40.46500000,-109.47222000,UT,EPA_LMOP,"{""address"":""2801 E 500 N at Brush Creek Road\n3 mi E of Vernal"",""city"":""Vernal"",""county"":""Uintah"",""zip"":""84078""}"
landfill_12209,Wasatch Regional Landfill,landfill,40.84110000,-112.73333000,UT,EPA_LMOP,"{""address"":""8833 North Rowley Road"",""city"":""North Skull Valley"",""county"":""Tooele"",""ghgrp_id"":""1004351"",""zip"":""84029""}"
landfill_1559,Washington County Landfill,landfill,37.14320000,-113.44500000,UT,EPA_LMOP,"{""address"":""325 N Landfill Road"",""city"":""Washington"",""county"":""Washington"",""ghgrp_id"":""1005064"",""zip"":""84780""}"
landfill_1567,Weber County LF,landfill,41.21800000,-111.99000000,UT,EPA_LMOP,"{""address"":""2599 A Avenue\n2840 F Avenue"",""city"":""Ogden"",""county"":""Weber"",""ghgrp_id"":""1011009"",""zip"":""84401""}"
landfill_1535,White Hills Class I LF,landfill,39.12361000,-111.74890000,UT,EPA_LMOP,"{""address"":""off SR-137\n4 miles SE of Gunnison"",""city"":""Gunnison"",""county"":""Sanpete""}"
landfill_21196,Accomack County Northern Landfill,landfill,37.90605800,-75.53342000,VA,EPA_LMOP,"{""address"":""9400 Cutler Lane"",""city"":""Atlantic"",""county"":""Accomack"",""zip"":""23303""}"
landfill_10087,Amherst County Landfill,landfill,37.47630000,-79.03760000,VA,EPA_LMOP,"{""address"":""715 Kentmoor Farm Road"",""city"":""Madison Heights"",""county"":""Amherst"",""ghgrp_id"":""1013081"",""zip"":""24572""}"
landfill_1595,Atlantic Waste Disposal Inc.,landfill,37.06925000,-77.18108000,VA,EPA_LMOP,"{""address"":""3474 Atlantic Lane"",""city"":""Waverly"",""county"":""Sussex"",""ghgrp_id"":""1003826"",""zip"":""23890""}"
landfill_10080,Augusta County Service Authority Landfill,landfill,38.07950000,-79.05500000,VA,EPA_LMOP,"{""address"":""749 Christians Creek Road"",""city"":""Staunton"",""county"":""Augusta"",""ghgrp_id"":""1006344"",""zip"":""24401""}"
landfill_10083,Battle Creek Landfill,landfill,38.62200000,-78.58600000,VA,EPA_LMOP,"{""address"":""806 US-340 South 219 Landfill Drive\n7 mi. W of Luray"",""city"":""Luray"",""county"":""Page"",""ghgrp_id"":""1002639"",""zip"":""22835""}"
landfill_1573,Bedford City Hylton Site,landfill,37.33330000,-79.50416000,VA,EPA_LMOP,"{""address"":""856 Orange Street"",""city"":""Bedford"",""county"":""Bedford"",""zip"":""24523""}"
landfill_1574,Bedford County SLF,landfill,37.30972300,-79.50277800,VA,EPA_LMOP,"{""address"":""Route 714\nFalling Creek Road"",""city"":""Bedford"",""county"":""Bedford"",""zip"":""24523""}"
landfill_10093,Bedford County SLF 2,landfill,37.25500000,-79.48880000,VA,EPA_LMOP,"{""address"":""1060 Recycle Road\noff VA Route 43 South"",""city"":""Bedford"",""county"":""Bedford"",""ghgrp_id"":""1011233"",""zip"":""24523""}"
landfill_1584,Bethel LF,landfill,37.07201000,-76.42704000,VA,EPA_LMOP,"{""address"":""100 North Park Lane"",""city"":""Hampton"",""county"":""Hampton city"",""ghgrp_id"":""1007689"",""zip"":""23666""}"
landfill_10089,Botetourt County Landfill,landfill,37.47000000,-80.01000000,VA,EPA_LMOP,"{""address"":""259 Landfill Road"",""city"":""Troutville"",""county"":""Botetourt"",""zip"":""24175""}"
landfill_10081,Bristol Integrated Solid Waste Management Facility,landfill,36.60350000,-82.15430000,VA,EPA_LMOP,"{""address"":""2125 Shakesville Road"",""city"":""Bristol"",""county"":""Bristol city"",""ghgrp_id"":""1004848"",""zip"":""24201""}"
landfill_2333,Brunswick Waste Management Facility,landfill,36.74500000,-77.80350000,VA,EPA_LMOP,"{""address"":""107 Mallard Crossing Road"",""city"":""Lawrenceville"",""county"":""Brunswick"",""ghgrp_id"":""1007680"",""zip"":""23868""}"
landfill_20854,Campbell County Landfill,landfill,37.28050000,-79.15500000,VA,EPA_LMOP,"{""address"":""427 Livestock Road"",""city"":""Rustburg"",""county"":""Campbell"",""ghgrp_id"":""1005719"",""zip"":""24588""}"
landfill_10680,Caroline County LF,landfill,38.06689000,-77.32888000,VA,EPA_LMOP,"{""address"":""18280 Lakewood Road"",""city"":""Bowling Green"",""county"":""Caroline"",""zip"":""22427""}"
landfill_10082,Carroll-Grayson-Galax SW Authority (CGGSWA) Regional Landfill,landfill,36.75950000,-80.74900000,VA,EPA_LMOP,"{""address"":""162 Landfill Road"",""city"":""Hillsville"",""county"":""Carroll"",""ghgrp_id"":""1002100"",""zip"":""24343""}"
landfill_1575,Charles City County SLF,landfill,37.43919000,-77.13331000,VA,EPA_LMOP,"{""address"":""8000 Chambers Road"",""city"":""Charles City"",""county"":""Charles City"",""ghgrp_id"":""1007583"",""zip"":""23030""}"
landfill_1577,Chesterfield County Northern Area LF,landfill,37.44490000,-77.62650000,VA,EPA_LMOP,"{""address"":""3200 Warbro Road"",""city"":""Midlothian"",""county"":""Chesterfield"",""ghgrp_id"":""1004762"",""zip"":""23112""}"
landfill_1587,Concord Turnpike Regional Landfill,landfill,37.39200000,-79.10900000,VA,EPA_LMOP,"{""address"":""2525 Concord Turnpike"",""city"":""Lynchburg"",""county"":""Lynchburg city"",""ghgrp_id"":""1003566"",""zip"":""24504""}"
landfill_2060,Corral Farm Landfill,landfill,38.67190000,-77.77620000,VA,EPA_LMOP,"{""address"":""6438 College Street\n8477 Bingham Road"",""city"":""Warrenton"",""county"":""Fauquier"",""ghgrp_id"":""1007443"",""zip"":""20187""}"
landfill_1579,Danville City SLF,landfill,36.57220000,-79.34440000,VA,EPA_LMOP,"{""address"":""Airport Road South of U.S. 58/360"",""city"":""Danville"",""county"":""Danville city"",""zip"":""24543""}"
landfill_1600,Dinwiddie County Landfill,landfill,37.12000000,-77.62050000,VA,EPA_LMOP,"{""address"":""10817 Wheelers Pond Road"",""city"":""Dinwiddie"",""county"":""Dinwiddie"",""zip"":""23841""}"
landfill_1581,Franklin County SLF,landfill,36.92700000,-79.86260000,VA,EPA_LMOP,"{""address"":""9340 Virgil H. Goode Highway\nRoute 220 South"",""city"":""Rocky Mount"",""county"":""Franklin"",""ghgrp_id"":""1000881"",""zip"":""24151""}"
landfill_1583,Frederick County Regional Landfill,landfill,39.14160000,-78.09880000,VA,EPA_LMOP,"{""address"":""280 Landfill Road\nRoute 719"",""city"":""Winchester"",""county"":""Frederick"",""ghgrp_id"":""1004247"",""zip"":""22602""}"
landfill_1603,Greene County Landfill,landfill,38.27600000,-78.42200000,VA,EPA_LMOP,"{""address"":""358 Mays Road"",""city"":""Stanardsville"",""county"":""Greene"",""zip"":""22968""}"
landfill_10088,Greensville County LF,landfill,36.74500000,-77.60000000,VA,EPA_LMOP,"{""address"":""980 Maclins Creek Road"",""city"":""Emporia"",""county"":""Greensville"",""zip"":""23847""}"
landfill_10940,Hanover 301 LF,landfill,37.75320000,-77.35640000,VA,EPA_LMOP,"{""address"":""7301 Courtland Farm Road"",""city"":""Hanover"",""county"":""Hanover"",""zip"":""23069""}"
landfill_12102,I-66 Landfill,landfill,38.85200000,-77.38100000,VA,EPA_LMOP,"{""address"":""4618 West Ox Road"",""city"":""Fairfax"",""county"":""Fairfax"",""ghgrp_id"":""1006057"",""zip"":""22030""}"
landfill_1580,I-95 Landfill,landfill,38.68809000,-77.23734000,VA,EPA_LMOP,"{""address"":""9850 Furnace Road"",""city"":""Lorton"",""county"":""Fairfax"",""ghgrp_id"":""1002110"",""zip"":""22079""}"
landfill_1570,Ivy Material Utilization Center,landfill,38.02083000,-78.65330000,VA,EPA_LMOP,"{""address"":""4576 Dick Woods Road"",""city"":""Charlottesville"",""county"":""Albemarle"",""ghgrp_id"":""1011257"",""zip"":""22903""}"
landfill_2444,King and Queen Landfill,landfill,37.66500000,-76.77000000,VA,EPA_LMOP,"{""address"":""1000 Iris Road"",""city"":""Little Plymouth"",""county"":""King and Queen"",""ghgrp_id"":""1006300"",""zip"":""23091""}"
landfill_2071,King George Landfill Inc.,landfill,38.26964000,-77.30596000,VA,EPA_LMOP,"{""address"":""10376 Bullock Drive"",""city"":""King George"",""county"":""King George"",""ghgrp_id"":""1007674"",""zip"":""22485""}"
landfill_10084,Livingston Landfill,landfill,38.12800000,-77.70600000,VA,EPA_LMOP,"{""address"":""6241 Massey Road"",""city"":""Spotsylvania"",""county"":""Spotsylvania"",""ghgrp_id"":""1005300"",""zip"":""22551""}"
landfill_1585,Loudoun County SLF,landfill,39.04210000,-77.58130000,VA,EPA_LMOP,"{""address"":""21101 Evergreen Mills Road"",""city"":""Leesburg"",""county"":""Loudoun"",""ghgrp_id"":""1002490"",""zip"":""20175""}"
landfill_21197,Louisa County Sanitary Landfill,landfill,37.98920400,-77.88377700,VA,EPA_LMOP,"{""address"":""807 Moorfield Road"",""city"":""Mineral"",""county"":""Louisa"",""zip"":""23117""}"
landfill_10091,Lunenburg Disposal & Recycling Center,landfill,36.92400000,-78.24300000,VA,EPA_LMOP,"{""address"":""45 Landfill Road\nOff State Route 659 (Old Mansion Road)"",""city"":""Lunenburg"",""county"":""Lunenburg"",""ghgrp_id"":""1013659"",""zip"":""23952""}"
landfill_1586,Lynchburg City LF,landfill,37.39200000,-79.10900000,VA,EPA_LMOP,"{""address"":""2525 Concord Turnpike"",""city"":""Lynchburg"",""county"":""Lynchburg city"",""zip"":""24504""}"
landfill_1578,Madison District LF,landfill,37.51500000,-78.23550000,VA,EPA_LMOP,"{""address"":""County Road 728 North of Route 60"",""city"":""Cumberland"",""county"":""Cumberland"",""zip"":""23040""}"
landfill_1571,Maplewood Recycling & Waste Disposal,landfill,37.30700000,-78.06340000,VA,EPA_LMOP,"{""address"":""20221 Maplewood Road"",""city"":""Jetersville"",""county"":""Amelia"",""ghgrp_id"":""1007610"",""zip"":""23083""}"
landfill_1588,Martinsville SLF,landfill,36.71800000,-79.84600000,VA,EPA_LMOP,"{""address"":""225 Arden Circle"",""city"":""Martinsville"",""county"":""Henry"",""ghgrp_id"":""1004565"",""zip"":""24112""}"
landfill_12081,Mecklenburg County LF,landfill,36.68492300,-78.31887200,VA,EPA_LMOP,"{""address"":""518 Landfill Road"",""city"":""Baskerville"",""county"":""Mecklenburg"",""ghgrp_id"":""1007038"",""zip"":""23915""}"
landfill_2059,Menchville Road Landfill,landfill,37.09459900,-76.52714400,VA,EPA_LMOP,"{""address"":""513 Oyster Point Road"",""city"":""Newport News"",""county"":""Newport News city"",""ghgrp_id"":""1005827"",""zip"":""23602""}"
landfill_2132,Mid-County Landfill,landfill,37.17090000,-80.41070000,VA,EPA_LMOP,"{""address"":""555 Authority Drive"",""city"":""Christiansburg"",""county"":""Montgomery"",""ghgrp_id"":""1005096"",""zip"":""24073""}"
landfill_2072,Middle Peninsula Landfill,landfill,37.52020000,-76.62010000,VA,EPA_LMOP,"{""address"":""3714 Waste Management Way"",""city"":""Saluda"",""county"":""Gloucester"",""ghgrp_id"":""1007635"",""zip"":""23149""}"
landfill_2133,New River Resource Authority SWMF,landfill,37.19750000,-80.68500000,VA,EPA_LMOP,"{""address"":""7100 Cloyd's Mountain Road"",""city"":""Dublin"",""county"":""Pulaski"",""ghgrp_id"":""1007662"",""zip"":""24084""}"
landfill_1589,Newport News City Landfill No. 2,landfill,37.14750000,-76.53900000,VA,EPA_LMOP,"{""address"":""15110 Warwick Boulevard\n550 Atkinson Way"",""city"":""Newport News"",""county"":""Newport News city"",""ghgrp_id"":""1005783"",""zip"":""23608""}"
landfill_2159,Northampton County Sanitary Landfill,landfill,37.30000000,-75.93000000,VA,EPA_LMOP,"{""address"":""20371 Seaside Road"",""city"":""Cape Charles"",""county"":""Northampton"",""zip"":""23310""}"
landfill_21198,Nottoway County Sanitary Landfill - Blackstone,landfill,37.11369900,-78.01880500,VA,EPA_LMOP,"{""address"":""349 Livestock Road"",""city"":""Blackstone"",""county"":""Nottoway"",""zip"":""23824""}"
landfill_2075,Old Dominion LF,landfill,37.50800000,-77.37600000,VA,EPA_LMOP,"{""address"":""2001 Charles City Road"",""city"":""Richmond"",""county"":""Henrico"",""ghgrp_id"":""1006252"",""zip"":""23231""}"
landfill_12241,Orange County Landfill,landfill,38.24572700,-78.03387100,VA,EPA_LMOP,"{""address"":""11530 Porter Road Route 625"",""city"":""Orange"",""county"":""Orange"",""ghgrp_id"":""1007397"",""zip"":""22960""}"
landfill_2134,Page County Landfill,landfill,38.56316000,-78.51630400,VA,EPA_LMOP,"{""address"":""774 Eldon Yates Drive"",""city"":""Stanley"",""county"":""Page"",""zip"":""22851""}"
landfill_10092,Peters Mountain LF,landfill,37.77200000,-80.07250000,VA,EPA_LMOP,"{""address"":""Route 600"",""city"":""Covington"",""county"":""Alleghany"",""zip"":""24426""}"
landfill_10086,Pittsylvania County Landfill,landfill,36.76700000,-79.41350000,VA,EPA_LMOP,"{""address"":""382 Rainbow Lane"",""city"":""Dry Fork"",""county"":""Pittsylvania"",""zip"":""24549""}"
landfill_10090,Prince Edward County SLF,landfill,37.28500000,-78.48800000,VA,EPA_LMOP,"{""address"":""130 Trashmore Road\noff Route 648, 7 mi west of Farmville"",""city"":""Farmville"",""county"":""Prince Edward"",""zip"":""23901""}"
landfill_1592,Prince William County Sanitary Landfill,landfill,38.63800000,-77.42200000,VA,EPA_LMOP,"{""address"":""14811 Dumfries Road"",""city"":""Manassas"",""county"":""Prince William"",""ghgrp_id"":""1004707"",""zip"":""20112""}"
landfill_10085,Region 2000 Regional Landfill - Livestock Road Facility,landfill,37.27800000,-79.15200000,VA,EPA_LMOP,"{""address"":""361 Livestock Road"",""city"":""Rustburg"",""county"":""Campbell"",""ghgrp_id"":""1010693"",""zip"":""24588""}"
landfill_1602,Richmond Landfill,landfill,37.50910000,-77.36110000,VA,EPA_LMOP,"{""address"":""2325 Charles City Road"",""city"":""Richmond"",""county"":""Henrico"",""ghgrp_id"":""1007354"",""zip"":""23231""}"
landfill_1925,Roanoke Regional Landfill,landfill,37.24722000,-79.86805600,VA,EPA_LMOP,"{""address"":""3442 Rutrough Road"",""city"":""Roanoke"",""county"":""Roanoke"",""ghgrp_id"":""1003667"",""zip"":""24014""}"
landfill_10800,Rockbridge County SLF,landfill,37.76936000,-79.35802000,VA,EPA_LMOP,"{""address"":""225 Landfill Road"",""city"":""Buena Vista"",""county"":""Rockbridge"",""ghgrp_id"":""1004446"",""zip"":""24416""}"
landfill_2131,Rockingham County Landfill,landfill,38.39900000,-78.88110000,VA,EPA_LMOP,"{""address"":""2400 Grassy Creek Road\n813 Greendale Road"",""city"":""Harrisonburg"",""county"":""Rockingham"",""ghgrp_id"":""1007826"",""zip"":""22801""}"
landfill_12083,Scott County Sanitary LF,landfill,36.63836200,-82.56680500,VA,EPA_LMOP,"{""address"":""596 Landfill Lane"",""city"":""Gate City"",""county"":""Scott"",""zip"":""24251""}"
landfill_2338,Shenandoah County LF,landfill,38.84330000,-78.55080000,VA,EPA_LMOP,"{""address"":""349 Landfill Road\noff U.S. Hwy 11"",""city"":""Edinburg"",""county"":""Shenandoah"",""ghgrp_id"":""1004847"",""zip"":""22824""}"
landfill_1576,Shoosmith SLF,landfill,37.35120000,-77.49560000,VA,EPA_LMOP,"{""address"":""11800 Lewis Road"",""city"":""Chester"",""county"":""Chesterfield"",""ghgrp_id"":""1007088"",""zip"":""23831""}"
landfill_1593,Smith Gap Regional Landfill,landfill,37.29000000,-80.21400000,VA,EPA_LMOP,"{""address"":""8484 Bradshaw Road"",""city"":""Salem"",""county"":""Roanoke"",""ghgrp_id"":""1003666"",""zip"":""24153""}"
landfill_12082,South Boston Sanitary LF,landfill,36.71878000,-78.90099800,VA,EPA_LMOP,"{""address"":""2411 Younger Avenue"",""city"":""South Boston"",""county"":""Halifax"",""zip"":""24592""}"
landfill_1601,Springfield Road LF,landfill,37.67917000,-77.56610000,VA,EPA_LMOP,"{""address"":""10600 Fords Country Lane"",""city"":""Glen Allen"",""county"":""Henrico"",""ghgrp_id"":""1006071"",""zip"":""23060""}"
landfill_1597,SPSA Regional LF,landfill,36.75900000,-76.52200000,VA,EPA_LMOP,"{""address"":""1 Bob Foeller Drive"",""city"":""Suffolk"",""county"":""Suffolk city"",""ghgrp_id"":""1014304"",""zip"":""23434""}"
landfill_20721,SRPSA Butcher Creek Landfill,landfill,36.72500000,-78.44000000,VA,EPA_LMOP,"{""address"":""4803 Highway 92"",""city"":""Chase City"",""county"":""Mecklenburg"",""ghgrp_id"":""1010994"",""zip"":""23924""}"
landfill_1594,Stafford County LF,landfill,38.38500000,-77.41250000,VA,EPA_LMOP,"{""address"":""489 Eskimo Hill Road"",""city"":""Stafford"",""county"":""Stafford"",""ghgrp_id"":""1007096"",""zip"":""22554""}"
landfill_2045,Tazewell County Landfill,landfill,37.18500000,-81.44400000,VA,EPA_LMOP,"{""address"":""245 Lynn Hollow Road"",""city"":""North Tazewell"",""county"":""Tazewell"",""ghgrp_id"":""1005371"",""zip"":""24630""}"
landfill_1591,Tri-City Regional Landfill,landfill,37.24000000,-77.37800000,VA,EPA_LMOP,"{""address"":""390 Industrial Drive"",""city"":""Petersburg"",""county"":""Petersburg city"",""ghgrp_id"":""1003322"",""zip"":""23803""}"
landfill_1596,Virginia Beach Landfill No. 2,landfill,36.78500000,-76.20500000,VA,EPA_LMOP,"{""address"":""1989 Jake Sears Road"",""city"":""Virginia Beach"",""county"":""Virginia Beach city"",""ghgrp_id"":""1006561"",""zip"":""23464""}"
landfill_10094,Wise County Sanitary Landfill,landfill,36.93000000,-82.68000000,VA,EPA_LMOP,"{""address"":""5401-B Kent Junction Road"",""city"":""Norton"",""county"":""Wise"",""zip"":""24273""}"
landfill_2295,Anguilla Landfill,landfill,17.70600000,-64.77800000,VI,EPA_LMOP,"{""address"":""Off Route 66\nsouth side of island"",""city"":""Anguilla"",""county"":""St. Croix""}"
landfill_2296,Bovoni Landfill,landfill,18.31300000,-64.88550000,VI,EPA_LMOP,"{""address"":""Off Route 30\nsoutheast side of island"",""city"":""Bovoni"",""county"":""St. Thomas""}"
landfill_1850,Brattleboro,landfill,42.89480000,-72.54010000,VT,EPA_LMOP,"{""address"":""327 Old Ferry Road"",""city"":""Brattleboro"",""county"":""Windham"",""zip"":""05301""}"
landfill_2400,Chittenden County LF,landfill,44.47600000,-73.07600000,VT,EPA_LMOP,"{""address"":""Redmond Road"",""city"":""Williston"",""county"":""Chittenden"",""zip"":""05495""}"
landfill_2037,Lamoille District Transfer Station / Eden,landfill,44.53570000,-72.48470000,VT,EPA_LMOP,"{""city"":""Morrisville"",""county"":""Lamoille""}"
landfill_2042,Moretown Landfill Inc.,landfill,44.31100000,-72.70250000,VT,EPA_LMOP,"{""address"":""19 Kaiser Drive"",""city"":""Waterbury"",""county"":""Washington"",""ghgrp_id"":""1004320"",""zip"":""05676""}"
landfill_2041,NEWSVT Landfill,landfill,44.90858300,-72.22150000,VT,EPA_LMOP,"{""address"":""21 Landfill Lane\noff Airport Road"",""city"":""Newport"",""county"":""Orleans"",""ghgrp_id"":""1005261"",""zip"":""05855""}"
landfill_2446,Rathe Brother's Landfill,landfill,44.51800000,-73.18950000,VT,EPA_LMOP,"{""address"":""Box 81 Rathe Road"",""city"":""Colchester"",""county"":""Chittenden"",""zip"":""05446""}"
landfill_2036,Town of Bristol Landfill,landfill,44.14370000,-73.08070000,VT,EPA_LMOP,"{""city"":""Bristol"",""county"":""Addison""}"
landfill_2039,Town of Salisbury Landfill,landfill,43.89930000,-73.10020000,VT,EPA_LMOP,"{""city"":""Salisbury"",""county"":""Addison""}"
landfill_1632,Aberdeen LF,landfill,46.98740000,-123.79990000,WA,EPA_LMOP,"{""city"":""Aberdeen"",""county"":""Grays Harbor"",""zip"":""98520""}"
landfill_1604,Asotin County Regional Landfill,landfill,46.38551000,-117.10970000,WA,EPA_LMOP,"{""address"":""2901 6th Avenue"",""city"":""Clarkston"",""county"":""Asotin"",""ghgrp_id"":""1014475"",""zip"":""99403""}"
landfill_1605,Bruce LF,landfill,47.13460000,-118.39690000,WA,EPA_LMOP,"{""city"":""Ritzville"",""county"":""Adams"",""zip"":""99169""}"
landfill_1633,Cathcart LF,landfill,47.87067600,-122.12191600,WA,EPA_LMOP,"{""address"":""8915 Cathcart Way\noff Highway 9, S of Snohomish"",""city"":""Snohomish"",""county"":""Snohomish"",""ghgrp_id"":""1006550"",""zip"":""98296""}"
landfill_1606,Cedar Hills Regional LF,landfill,47.44200000,-122.06000000,WA,EPA_LMOP,"{""address"":""16645 228th Avenue SE"",""city"":""Maple Valley"",""county"":""King"",""ghgrp_id"":""1007822"",""zip"":""98038""}"
landfill_1607,Centralia LF,landfill,46.69666900,-122.96330000,WA,EPA_LMOP,"{""address"":""1313 S. Tower Avenue"",""city"":""Centralia"",""county"":""Lewis"",""zip"":""98531""}"
landfill_1608,Cheyne Road LF,landfill,46.47845100,-120.26889800,WA,EPA_LMOP,"{""address"":""4970 Cheyne Road"",""city"":""Zillah"",""county"":""Yakima"",""ghgrp_id"":""1004918"",""zip"":""98953""}"
landfill_20759,Cowlitz County Headquarters Landfill,landfill,46.24872500,-122.77810900,WA,EPA_LMOP,"{""address"":""3434 South Silver Lake Road"",""city"":""Castle Rock"",""county"":""Cowlitz"",""ghgrp_id"":""1008180"",""zip"":""98611""}"
landfill_1610,Cowlitz County Landfill,landfill,46.10800000,-122.90500000,WA,EPA_LMOP,"{""address"":""85 Tennant Way"",""city"":""Longview"",""county"":""Cowlitz"",""ghgrp_id"":""1005412"",""zip"":""98632""}"
landfill_1611,Delano LF,landfill,47.94200000,-118.99000000,WA,EPA_LMOP,"{""city"":""Grand Coulee"",""county"":""Grant"",""zip"":""99133""}"
landfill_1612,Ephrata LF,landfill,47.27000000,-119.57400000,WA,EPA_LMOP,"{""address"":""3803 Neva Lake Road, NW\noff Highway 28"",""city"":""Ephrata"",""county"":""Grant"",""ghgrp_id"":""1007160"",""zip"":""98823""}"
landfill_1613,Fort Lewis LF #5,landfill,47.11800000,-122.63100000,WA,EPA_LMOP,"{""address"":""Dupont-Steilacoom Road"",""city"":""Joint Base Lewis-McChord"",""county"":""Pierce"",""ghgrp_id"":""1001561"",""zip"":""98433""}"
landfill_1614,Greater Wenatchee LF,landfill,47.40420000,-120.17040000,WA,EPA_LMOP,"{""address"":""191 Webb Road S"",""city"":""East Wenatchee"",""county"":""Douglas"",""ghgrp_id"":""1007818"",""zip"":""98802""}"
landfill_1637,Hansville LF,landfill,47.84800000,-122.54900000,WA,EPA_LMOP,"{""address"":""7791 NE Ecology Road"",""city"":""Kingston"",""county"":""Kitsap"",""zip"":""98346""}"
landfill_1616,Hidden Valley LF,landfill,47.09430000,-122.29370000,WA,EPA_LMOP,"{""address"":""17925 Meridian Street East"",""city"":""Puyallup"",""county"":""Pierce"",""ghgrp_id"":""1004384"",""zip"":""98375""}"
landfill_1638,Hobart LF,landfill,47.38850000,-121.97400000,WA,EPA_LMOP,"{""address"":""24041 276th Avenue SE"",""city"":""Maple Valley"",""county"":""King"",""zip"":""98038""}"
landfill_1617,Holden Village LF,landfill,47.84700000,-120.02660000,WA,EPA_LMOP,"{""city"":""Holden Village"",""county"":""Chelan"",""zip"":""98816""}"
landfill_1624,Horn Rapids Landfill,landfill,46.34600000,-119.34600000,WA,EPA_LMOP,"{""address"":""3102 Twin Bridges Road"",""city"":""Richland"",""county"":""Benton"",""ghgrp_id"":""1007090"",""zip"":""99352""}"
landfill_1639,Inman LF,landfill,48.51000000,-122.43360000,WA,EPA_LMOP,"{""address"":""920 Inman Lane"",""city"":""Bow"",""county"":""Skagit"",""zip"":""98232""}"
landfill_1656,Kent Highlands LF,landfill,47.39300000,-122.28820000,WA,EPA_LMOP,"{""address"":""23076 Military Road South"",""city"":""Kent"",""county"":""King"",""zip"":""98032""}"
landfill_11040,Land Recovery Landfill,landfill,46.97100000,-122.29050000,WA,EPA_LMOP,"{""address"":""30919 Meridian Street East"",""city"":""Graham"",""county"":""Pierce"",""ghgrp_id"":""1004679"",""zip"":""98338""}"
landfill_1640,Leichner LF,landfill,45.69030000,-122.57580000,WA,EPA_LMOP,"{""address"":""9411 NE 94th Avenue"",""city"":""Vancouver"",""county"":""Clark"",""zip"":""98662""}"
landfill_1641,Mason County LF,landfill,47.25220000,-123.18800000,WA,EPA_LMOP,"{""address"":""501 W. Eells Hill Road"",""city"":""Shelton"",""county"":""Mason"",""zip"":""98584""}"
landfill_1619,New Waste Inc. LF,landfill,46.26000000,-119.05300000,WA,EPA_LMOP,"{""address"":""1901 Dietrich Road"",""city"":""Pasco"",""county"":""Franklin"",""zip"":""99301""}"
landfill_1620,Northside LF,landfill,47.72700000,-117.48970000,WA,EPA_LMOP,"{""address"":""5502 W. Nine Mile Road"",""city"":""Spokane"",""county"":""Spokane"",""ghgrp_id"":""1007258"",""zip"":""99208""}"
landfill_1621,Okanogan Central LF,landfill,48.34000000,-119.62100000,WA,EPA_LMOP,"{""city"":""Okanogan"",""county"":""Okanogan"",""zip"":""98840""}"
landfill_1648,Olalla LF,landfill,47.43000000,-122.61300000,WA,EPA_LMOP,"{""address"":""2850 SE Burley-Olalla Road"",""city"":""Olalla"",""county"":""Kitsap"",""zip"":""98359""}"
landfill_1622,"Olympic View Sanitary LF, Inc. (OVSL)",landfill,47.50100000,-122.78200000,WA,EPA_LMOP,"{""address"":""10015 SW Barney White Road"",""city"":""Port Orchard"",""county"":""Kitsap"",""ghgrp_id"":""1003586"",""zip"":""98367""}"
landfill_1649,Pasco SLF,landfill,46.25500000,-119.05300000,WA,EPA_LMOP,"{""address"":""1901 Dietrich Road"",""city"":""Pasco"",""county"":""Franklin"",""zip"":""99301""}"
landfill_1623,Port Angeles SLF,landfill,48.13162000,-123.51769000,WA,EPA_LMOP,"{""address"":""3501 W 18th Street"",""city"":""Port Angeles"",""county"":""Clallam"",""zip"":""98362""}"
landfill_1642,Purdy LF,landfill,47.39100000,-122.61100000,WA,EPA_LMOP,"{""address"":""14515 54th Avenue NW"",""city"":""Gig Harbor"",""county"":""Pierce"",""zip"":""98335""}"
landfill_1651,Rainbow Valley LF,landfill,46.71000000,-123.82300000,WA,EPA_LMOP,"{""address"":""Highway 105"",""city"":""Raymond"",""county"":""Pacific"",""zip"":""98577""}"
landfill_1625,Roosevelt Regional MSW Landfill,landfill,45.80500000,-120.17400000,WA,EPA_LMOP,"{""address"":""500 Roosevelt Grade Road"",""city"":""Roosevelt"",""county"":""Klickitat"",""ghgrp_id"":""1003676"",""zip"":""99356""}"
landfill_1626,Ryegrass LF,landfill,46.96500000,-120.21300000,WA,EPA_LMOP,"{""address"":""25900 Vantage Highway"",""city"":""Ellensburg"",""county"":""Kittitas"",""zip"":""98926""}"
landfill_1653,Snipes Mountain LF,landfill,46.32084400,-120.12192800,WA,EPA_LMOP,"{""address"":""1150 Luther Road"",""city"":""Outlook"",""county"":""Yakima""}"
landfill_1627,Stevens County LF,landfill,48.58024500,-118.08478900,WA,EPA_LMOP,"{""address"":""1257 Landfill Road"",""city"":""Kettles Falls"",""county"":""Stevens"",""zip"":""99141""}"
landfill_1628,Sudbury Road LF,landfill,46.07500000,-118.41000000,WA,EPA_LMOP,"{""address"":""414 Landfill Road"",""city"":""Walla Walla"",""county"":""Walla Walla"",""zip"":""99362""}"
landfill_1609,Tacoma City Solid Waste Facility,landfill,47.23000000,-122.49900000,WA,EPA_LMOP,"{""address"":""3510 S. Mullen Street"",""city"":""Tacoma"",""county"":""Pierce"",""ghgrp_id"":""1005619"",""zip"":""98409""}"
landfill_1629,Terrace Heights LF,landfill,46.60617000,-120.40520000,WA,EPA_LMOP,"{""address"":""7151 Roza Hill Drive"",""city"":""Yakima"",""county"":""Yakima"",""ghgrp_id"":""1004916"",""zip"":""98901""}"
landfill_1615,Thurston County Waste and Recovery Center,landfill,47.06710000,-122.76460000,WA,EPA_LMOP,"{""address"":""2418 Hogum Bay Road N.E."",""city"":""Olympia"",""county"":""Thurston"",""zip"":""98516""}"
landfill_1630,Vashon LF,landfill,47.43680000,-122.50000000,WA,EPA_LMOP,"{""address"":""18910 Westside Highway SW"",""city"":""Vashon Island"",""county"":""King"",""zip"":""98038""}"
landfill_1631,Yakima Firing Center,landfill,46.60530000,-120.47720000,WA,EPA_LMOP,"{""city"":""Yakima"",""county"":""Yakima"",""zip"":""98901""}"
landfill_1657,Adams County Resource Recovery LF,landfill,44.02489000,-89.84648000,WI,EPA_LMOP,"{""address"":""1420 State Road 21"",""city"":""Friendship"",""county"":""Adams"",""zip"":""53934""}"
landfill_1658,Brown County East LF,landfill,44.41200000,-88.01400000,WI,EPA_LMOP,"{""address"":""3800 Heritage Road"",""city"":""De Pere"",""county"":""Brown"",""ghgrp_id"":""1004947"",""zip"":""54115""}"
landfill_1659,Brown County West LF,landfill,44.51220000,-88.15450000,WI,EPA_LMOP,"{""address"":""3734 Mason Street"",""city"":""Oneida"",""county"":""Brown"",""ghgrp_id"":""1004742"",""zip"":""54155""}"
landfill_1702,Cranberry Creek Landfill LLC,landfill,44.40918000,-89.85482000,WI,EPA_LMOP,"{""address"":""2510 Engel Road"",""city"":""Wisconsin Rapids"",""county"":""Wood"",""ghgrp_id"":""1001845"",""zip"":""54495""}"
landfill_1709,Dane County LF #1-Verona,landfill,42.99280000,-89.52610000,WI,EPA_LMOP,"{""address"":""6718 E. Verona Avenue"",""city"":""Verona"",""county"":""Dane"",""zip"":""53593""}"
landfill_1660,Dane County LF #2-Rodefeld,landfill,43.04500000,-89.25400000,WI,EPA_LMOP,"{""address"":""7102 U.S. Highway 12 & 18"",""city"":""Madison"",""county"":""Dane"",""ghgrp_id"":""1006096"",""zip"":""53718""}"
landfill_1661,Deer Track Park Landfill,landfill,43.08690000,-88.75660000,WI,EPA_LMOP,"{""address"":""N6756 Waldmann Lane"",""city"":""Watertown"",""county"":""Jefferson"",""ghgrp_id"":""1007878"",""zip"":""53094""}"
landfill_1662,Door County SLF,landfill,44.84360000,-87.37480000,WI,EPA_LMOP,"{""city"":""Sturgeon Bay"",""county"":""Door"",""zip"":""54235""}"
landfill_1663,Easton Town LF,landfill,43.82140000,-89.80780000,WI,EPA_LMOP,"{""address"":""Evergreen Drive"",""city"":""Easton"",""county"":""Adams"",""zip"":""53910""}"
landfill_1712,Emerald Park Landfill LLC,landfill,42.85100000,-88.07450000,WI,EPA_LMOP,"{""address"":""W124 S10629 S 124th Street"",""city"":""Muskego"",""county"":""Waukesha"",""ghgrp_id"":""1007212"",""zip"":""53150""}"
landfill_1667,Glacier Ridge Landfill LLC,landfill,43.46500000,-88.55500000,WI,EPA_LMOP,"{""address"":""N7296 County Road V"",""city"":""Horicon"",""county"":""Dodge"",""ghgrp_id"":""1007195"",""zip"":""53032""}"
landfill_1666,Hayward Town LF,landfill,45.99600000,-91.52900000,WI,EPA_LMOP,"{""address"":""U.S. Highway 63 & Stress Road"",""city"":""Hayward"",""county"":""Sawyer"",""zip"":""54843""}"
landfill_2152,Hickory Meadows Landfill LLC,landfill,44.10500000,-88.19200000,WI,EPA_LMOP,"{""address"":""W3105 Schneider Road"",""city"":""Hilbert"",""county"":""Calumet"",""ghgrp_id"":""1001847"",""zip"":""54129""}"
landfill_21142,Highway G Sanitary LF,landfill,45.96819900,-89.41576600,WI,EPA_LMOP,"{""address"":""7001 CR G"",""city"":""Eagle River"",""county"":""Vilas"",""zip"":""54521""}"
landfill_1669,Jackson County SLF,landfill,44.29230000,-90.84890000,WI,EPA_LMOP,"{""city"":""Black River Falls"",""county"":""Jackson"",""zip"":""54615""}"
landfill_1697,Janesville City/Rock County Landfill,landfill,42.70460000,-89.02180000,WI,EPA_LMOP,"{""address"":""525 Blackbridge Road"",""city"":""Janesville"",""county"":""Rock"",""ghgrp_id"":""1004328"",""zip"":""53545""}"
landfill_1674,Kestrel Hawk Landfill,landfill,42.70740000,-87.87030000,WI,EPA_LMOP,"{""address"":""1989 Oakes Road"",""city"":""Racine"",""county"":""Racine"",""ghgrp_id"":""1003625"",""zip"":""53406""}"
landfill_1670,Kewaunee County Solid Waste Balefill,landfill,44.43230000,-87.56280000,WI,EPA_LMOP,"{""address"":""E3726 County Road L"",""city"":""Kewaunee"",""county"":""Kewaunee"",""zip"":""54216""}"
landfill_1672,La Crosse County Landfill,landfill,43.87800000,-91.15700000,WI,EPA_LMOP,"{""address"":""3200 Berlin Drive\n6500 State Road 16"",""city"":""La Crosse"",""county"":""La Crosse"",""ghgrp_id"":""1000536"",""zip"":""54601""}"
landfill_1673,Lake Area Landfill,landfill,45.68900000,-91.83100000,WI,EPA_LMOP,"{""address"":""W5987 County Hwy D"",""city"":""Sarona"",""county"":""Washburn"",""ghgrp_id"":""1002208"",""zip"":""54870""}"
landfill_1675,Lincoln County SLF,landfill,45.28520000,-89.60580000,WI,EPA_LMOP,"{""address"":""N4570 Landfill Lane"",""city"":""Merrill"",""county"":""Lincoln"",""zip"":""54452""}"
landfill_1676,Mallard Ridge Landfill Inc.,landfill,42.64412000,-88.72180000,WI,EPA_LMOP,"{""address"":""W8470 State Road 11"",""city"":""Delavan"",""county"":""Walworth"",""ghgrp_id"":""1002038"",""zip"":""53115""}"
landfill_1678,Marathon County Landfill,landfill,44.89043900,-89.38486700,WI,EPA_LMOP,"{""address"":""18500 East Highway 29"",""city"":""Ringle"",""county"":""Marathon"",""ghgrp_id"":""1002307"",""zip"":""54471""}"
landfill_1679,Marinette/Oconto County LF,landfill,45.23759100,-88.09254400,WI,EPA_LMOP,"{""address"":""N7785 Shaffer Road"",""city"":""Crivitz"",""county"":""Marinette"",""zip"":""54114""}"
landfill_1681,Metro RDF,landfill,42.84951000,-88.06500000,WI,EPA_LMOP,"{""address"":""10712 South 124th Street"",""city"":""Franklin"",""county"":""Milwaukee"",""ghgrp_id"":""1007725"",""zip"":""53132""}"
landfill_1682,Metropolitan Refuse District Incorporated LF,landfill,43.10550000,-89.50610000,WI,EPA_LMOP,"{""city"":""Middleton"",""county"":""Dane"",""zip"":""53562""}"
landfill_1701,Moccasin Mike SLF,landfill,46.67100000,-91.96650000,WI,EPA_LMOP,"{""address"":""15 Moccasin Mike Road\noff Hwy 53 and 2"",""city"":""Superior"",""county"":""Douglas"",""ghgrp_id"":""1001770"",""zip"":""54880""}"
landfill_1684,Montello City LF,landfill,43.80440000,-89.32520000,WI,EPA_LMOP,"{""address"":""Fern Avenue"",""city"":""Montello"",""county"":""Marquette"",""zip"":""53949""}"
landfill_1686,Oneida County SLF and Demolition,landfill,45.64675000,-89.54983000,WI,EPA_LMOP,"{""city"":""Rhinelander"",""county"":""Oneida"",""zip"":""54501""}"
landfill_2151,Orchard Ridge RDF,landfill,43.18800000,-88.07650000,WI,EPA_LMOP,"{""address"":""W124 N9355 Boundary Road"",""city"":""Menomonee Falls"",""county"":""Waukesha"",""ghgrp_id"":""1006876"",""zip"":""53051""}"
landfill_1687,Outagamie County LF,landfill,44.28720000,-88.34870000,WI,EPA_LMOP,"{""address"":""1419 Holland Road"",""city"":""Appleton"",""county"":""Outagamie"",""ghgrp_id"":""1007075"",""zip"":""54911""}"
landfill_1689,Pheasant Run Recycling and Disposal Facility,landfill,42.58275000,-88.04383000,WI,EPA_LMOP,"{""address"":""19414 60th Street"",""city"":""Bristol"",""county"":""Kenosha"",""ghgrp_id"":""1007726"",""zip"":""53104""}"
landfill_1691,Portage County Sanitary Landfill,landfill,44.51730000,-89.39550000,WI,EPA_LMOP,"{""address"":""1430 County Road QQ"",""city"":""Custer"",""county"":""Portage"",""zip"":""54423""}"
landfill_1693,Princeton City LF,landfill,43.79580000,-89.08380000,WI,EPA_LMOP,"{""address"":""Highway 73"",""city"":""Princeton"",""county"":""Green Lake"",""zip"":""54968""}"
landfill_1695,Ridgeview RDF,landfill,44.17250000,-87.84180000,WI,EPA_LMOP,"{""address"":""6207 Hempton Lake Road"",""city"":""Whitelaw"",""county"":""Manitowoc"",""ghgrp_id"":""1007834"",""zip"":""54247""}"
landfill_1683,Ridgeville Site I,landfill,43.87300000,-90.58300000,WI,EPA_LMOP,"{""address"":""20448 Junco Road"",""city"":""Norwalk"",""county"":""Monroe"",""zip"":""54648""}"
landfill_11561,Ridgeville Site II,landfill,43.87300000,-90.57800000,WI,EPA_LMOP,"{""address"":""20448 Junco Road"",""city"":""Norwalk"",""county"":""Monroe"",""zip"":""56648""}"
landfill_1698,Round Lake Town LF-A Site,landfill,46.01890000,-91.19950000,WI,EPA_LMOP,"{""address"":""County Highway A"",""city"":""Round Lake"",""county"":""Sawyer""}"
landfill_1699,Sauk County SLF,landfill,43.51840000,-89.87800000,WI,EPA_LMOP,"{""address"":""E8795B Evergreen Lane"",""city"":""Baraboo"",""county"":""Sauk"",""zip"":""53913""}"
landfill_1665,Seven Mile Creek Landfill,landfill,44.83750000,-91.36720000,WI,EPA_LMOP,"{""address"":""8001 Olson Drive"",""city"":""Eau Claire"",""county"":""Eau Claire"",""ghgrp_id"":""1006964"",""zip"":""54703""}"
landfill_1700,Sheboygan Falls City LF,landfill,43.74350000,-87.82090000,WI,EPA_LMOP,"{""address"":""111 Hamann Drive"",""city"":""Sheboygan Falls"",""county"":""Sheboygan"",""zip"":""53085""}"
landfill_2407,Timberline Trail Recycling & Disposal Facility,landfill,45.45417000,-91.35838000,WI,EPA_LMOP,"{""address"":""N4581 N. Hutchinson Road"",""city"":""Weyerhaeuser"",""county"":""Rusk"",""ghgrp_id"":""1007705"",""zip"":""54895""}"
landfill_1703,Troy Area Landfill,landfill,42.76634500,-88.40651000,WI,EPA_LMOP,"{""address"":""N. 7617 Highway 120"",""city"":""East Troy"",""county"":""Walworth"",""ghgrp_id"":""1004474"",""zip"":""53120""}"
landfill_1704,"Valley Meadows Landfill, LLC",landfill,42.85790000,-88.80020000,WI,EPA_LMOP,"{""address"":""W5429 Hoge Road"",""city"":""Fort Atkinson"",""county"":""Jefferson"",""zip"":""53538""}"
landfill_1705,Valley Trail Recycling & Disposal Facility,landfill,43.95983000,-88.90632000,WI,EPA_LMOP,"{""address"":""N9101 Willard Road"",""city"":""Berlin"",""county"":""Green Lake"",""ghgrp_id"":""1007704"",""zip"":""54923""}"
landfill_21143,Vernon County Solid Waste/Recycling Facility,landfill,43.59791000,-90.83991500,WI,EPA_LMOP,"{""address"":""S3705 County Road"",""city"":""Viroqua"",""county"":""Vernon"",""zip"":""54665""}"
landfill_1706,Winnebago County Snell Road Landfill,landfill,44.06000000,-88.56500000,WI,EPA_LMOP,"{""address"":""3390 Walter Street\n1955 West Snell Road"",""city"":""Oshkosh"",""county"":""Winnebago"",""ghgrp_id"":""1007065"",""zip"":""54904""}"
landfill_1707,Winnebago County Sunnyview Landfill,landfill,44.08261000,-88.54592000,WI,EPA_LMOP,"{""address"":""100 W County Road Y\nOff Highway 76"",""city"":""Oshkosh"",""county"":""Winnebago"",""ghgrp_id"":""1007224"",""zip"":""54901""}"
landfill_20862,WMWI Stone Ridge Recycling and Disposal,landfill,42.89367400,-88.18643000,WI,EPA_LMOP,"{""address"":""S82 W21595 Wauer Lane"",""city"":""Muskego"",""county"":""Waukesha"",""ghgrp_id"":""1007954"",""zip"":""53150""}"
landfill_10160,Brooke County LF (Subtitle D),landfill,40.38123000,-80.57751000,WV,EPA_LMOP,"{""address"":""1118 Petrillo Road\nHarmon Creek Road RD2 Box 410"",""city"":""Colliers"",""county"":""Brooke"",""zip"":""26035""}"
landfill_2207,City of Charleston Landfill,landfill,38.31279000,-81.61854000,WV,EPA_LMOP,"{""address"":""741 South Park Road"",""city"":""Charleston"",""county"":""Kanawha"",""ghgrp_id"":""1002359"",""zip"":""25304""}"
landfill_11961,Copper Ridge LF,landfill,37.48000000,-81.60000000,WV,EPA_LMOP,"{""address"":""Route 7"",""city"":""Capels"",""county"":""McDowell"",""zip"":""24801""}"
landfill_2205,Disposal Service Inc. Landfill,landfill,38.40500000,-82.01900000,WV,EPA_LMOP,"{""address"":""1100 State Route 34 South"",""city"":""Hurricane"",""county"":""Putnam"",""ghgrp_id"":""1003544"",""zip"":""25526""}"
landfill_2219,Elkins Landfill,landfill,38.92900000,-79.98655000,WV,EPA_LMOP,"{""address"":""Rte 151 towards Buckhannon\n2 miles from Route 33"",""city"":""Elkins"",""county"":""Randolph"",""zip"":""26241""}"
landfill_2220,Greenbrier County Landfill,landfill,37.82760000,-80.37930000,WV,EPA_LMOP,"{""address"":""Harper Road PO Box 1664"",""city"":""Lewisburg"",""county"":""Greenbrier"",""zip"":""24901""}"
landfill_2210,Ham Sanitary Landfill Inc.,landfill,37.43632000,-80.76918000,WV,EPA_LMOP,"{""address"":""1 Bozoo Road"",""city"":""Peterstown"",""county"":""Monroe"",""zip"":""24963""}"
landfill_2208,LCS Services Landfill,landfill,39.57302000,-77.98788000,WV,EPA_LMOP,"{""address"":""911 Allensville Road"",""city"":""Hedgesville"",""county"":""Berkeley"",""ghgrp_id"":""1007584"",""zip"":""25427""}"
landfill_2206,Meadowfill Landfill,landfill,39.33861000,-80.25694000,WV,EPA_LMOP,"{""address"":""1488 Dawson Drive"",""city"":""Bridgeport"",""county"":""Harrison"",""ghgrp_id"":""1007667"",""zip"":""26330""}"
landfill_2215,Mercer County Landfill,landfill,37.33199000,-81.12497000,WV,EPA_LMOP,"{""address"":""749 Frontage Road\nShelter Road"",""city"":""Princeton"",""county"":""Mercer"",""ghgrp_id"":""1000425"",""zip"":""24740""}"
landfill_2222,Nicholas County Solid Waste Authority LF,landfill,38.33850000,-80.71000000,WV,EPA_LMOP,"{""address"":""Route 55"",""city"":""Calvin"",""county"":""Nicholas"",""zip"":""26660""}"
landfill_2212,Northwestern Landfill,landfill,39.24923000,-81.49249000,WV,EPA_LMOP,"{""address"":""510 E. Dry Run Road\noff Highway 50"",""city"":""Parkersburg"",""county"":""Wood"",""ghgrp_id"":""1007587"",""zip"":""26104""}"
landfill_2218,Pocahontas County Landfill,landfill,38.27900000,-79.93650000,WV,EPA_LMOP,"{""address"":""Route 28 about 5 miles from Route 39"",""city"":""Dunmore"",""county"":""Pocahontas"",""zip"":""24954""}"
landfill_2150,Raleigh County SWA Landfill,landfill,37.81670000,-81.16310000,WV,EPA_LMOP,"{""address"":""200 Fernandez Drive\n918 Ragland Road"",""city"":""Beckley"",""county"":""Raleigh"",""ghgrp_id"":""1007785"",""zip"":""25801""}"
landfill_2209,S & S Grading Inc. Landfill,landfill,39.22057000,-80.40832000,WV,EPA_LMOP,"{""address"":""4439 Good Hope Pike"",""city"":""Clarksburg"",""county"":""Harrison"",""ghgrp_id"":""1007636"",""zip"":""26301""}"
landfill_2224,Short Creek Sanitary Landfill,landfill,40.14831000,-80.64112000,WV,EPA_LMOP,"{""address"":""258 North Fork Road"",""city"":""Wheeling"",""county"":""Ohio"",""ghgrp_id"":""1003104"",""zip"":""26003""}"
landfill_2216,Sycamore Landfill,landfill,38.39950000,-82.02500000,WV,EPA_LMOP,"{""address"":""4301 Sycamore Ridge Road"",""city"":""Hurricane"",""county"":""Putnam"",""ghgrp_id"":""1002086"",""zip"":""25526""}"
landfill_2214,Tucker County Landfill,landfill,39.14200000,-79.47000000,WV,EPA_LMOP,"{""address"":""284 Landfill Road"",""city"":""Davis"",""county"":""Tucker"",""ghgrp_id"":""1011302"",""zip"":""26260""}"
landfill_21067,Webster County Landfill,landfill,38.44313400,-80.46052500,WV,EPA_LMOP,"{""address"":""Excelsior Pleasant Ridge Road"",""city"":""Webster Springs"",""county"":""Webster""}"
landfill_2225,Wetzel County Landfill,landfill,39.60502000,-80.85639000,WV,EPA_LMOP,"{""address"":""Cider Run Route 1, Box 156A"",""city"":""New Martinsville"",""county"":""Wetzel"",""ghgrp_id"":""1011036"",""zip"":""26155""}"
landfill_20722,Campbell County Landfill No.2,landfill,44.39256000,-105.49038000,WY,EPA_LMOP,"{""address"":""4 North Landfill Road"",""city"":""Gillette"",""county"":""Campbell"",""ghgrp_id"":""1011229"",""zip"":""82716""}"
landfill_11100,Casper Balefill,landfill,42.87319200,-106.28309700,WY,EPA_LMOP,"{""address"":""1886 N. Station Road"",""city"":""Evansville"",""county"":""Natrona"",""ghgrp_id"":""1005225"",""zip"":""82636""}"
landfill_2196,Cheyenne Landfill,landfill,41.13500000,-105.00500000,WY,EPA_LMOP,"{""address"":""1461 Happy Jack Road"",""city"":""Cheyenne"",""county"":""Laramie"",""ghgrp_id"":""1005583"",""zip"":""82009""}"
landfill_21136,Eastern Laramie County SWDD,landfill,41.23085200,-104.33648800,WY,EPA_LMOP,"{""address"":""4990 CR 216"",""city"":""Burns"",""county"":""Laramie"",""ghgrp_id"":""1013159"",""zip"":""82053""}"
landfill_11140,Sheridan Existing Landfill,landfill,44.80433500,-106.92340600,WY,EPA_LMOP,"{""address"":""83 East Ridge Road"",""city"":""Sheridan"",""county"":""Sheridan"",""zip"":""82801""}"
superfund_AK4170024323,ADAK NAVAL AIR STATION,superfund,+51.877500,-176.652500,AK,EPA NPL,"{""external_id"":""AK4170024323"",""npl_status"":""Final NPL"",""saa"":false,""sources"":[""EPA NPL""]}"
superfund_AKD004904215,ALASKA BATTERY ENTERPRISES,superfund,+64.820300,-147.703800,AK,EPA NPL,"{""external_id"":""AKD004904215"",""npl_status"":""Deleted NPL"",""saa"":false,""sources"":[""EPA NPL""]}"
superfund_AKD980983241,ALASKA RAILROAD ANCHORAGE YARD,superfund,61.22630674,-149.87934578,AK,EPA NPL Superfund boundaries (legacy),"{""external_id"":""AKD980983241"",""geometry_fallback"":""centroid"",""layer"":""SITE_BOUNDARIES_SF"",""npl_status"":null,""saa"":false,""sources"":[""EPA NPL Superfund boundaries (legacy)""]}"
superfund_AKD980988158,ARCTIC SURPLUS,superfund,+64.812200,-147.564300,AK,EPA NPL,"{""external_id"":""AKD980988158"",""npl_status"":""Deleted NPL"",""saa"":false,""sources"":[""EPA NPL""]}"
superfund_AK1570028646,EIELSON AIR FORCE BASE,superfund,+64.671450,-147.049200,AK,EPA NPL,"{""external_id"":""AK1570028646"",""npl_status"":""Final NPL"",""saa"":false,""sources"":[""EPA NPL""]}"
superfund_AK8570028649,ELMENDORF AIR FORCE BASE,superfund,+61.254169,-149.791700,AK,EPA NPL,"{""external_id"":""AK8570028649"",""npl_status"":""Final NPL"",""saa"":false,""sources"":[""EPA NPL""]}"
superfund_AK6214522157,FORT RICHARDSON (USARMY),superfund,+61.258333,-149.700000,AK,EPA NPL,"{""external_id"":""AK6214522157"",""npl_status"":""Final NPL"",""saa"":false,""sources"":[""EPA NPL""]}"
superfund_AK6210022426,FORT WAINWRIGHT,superfund,+64.823000,-147.610600,AK,EPA NPL,"{""external_id"":""AK6210022426"",""npl_status"":""Final NPL"",""saa"":false,""sources"":[""EPA NPL""]}"
superfund_AK0001897602,SALT CHUCK MINE,superfund,55.62129830,-132.55354818,AK,EPA NPL Superfund boundaries (legacy),"{""combined_boundary_parts"":2,""external_id"":""AK0001897602"",""geometry_fallback"":""centroid"",""layer"":""SITE_BOUNDARIES_SF"",""npl_status"":null,""representative_point"":""mean_of_boundary_part_centroids"",""saa"":false,""sources"":[""EPA NPL Superfund boundaries (legacy)""]}"
superfund_AKD980978787,STANDARD STEEL & METALS SALVAGE YARD (USDOT),superfund,+61.227900,-149.832400,AK,EPA NPL,"{""external_id"":""AKD980978787"",""npl_status"":""Deleted NPL"",""saa"":false,""sources"":[""EPA NPL""]}"
superfund_ALN000410750,35TH AVENUE,superfund,+33.557464,-86.799671,AL,EPA NPL,"{""external_id"":""ALN000410750"",""npl_status"":""Proposed NPL"",""saa"":false,""sources"":[""EPA NPL""]}"
superfund_AL6210020008,ALABAMA ARMY AMMUNITION PLANT,superfund,+33.338100,-86.326800,AL,EPA NPL,"{""external_id"":""AL6210020008"",""npl_status"":""Final NPL"",""saa"":false,""sources"":[""EPA NPL""]}"
superfund_ALD004022448,"ALABAMA PLATING COMPANY, INC.",superfund,33.399722,-86.405000,AL,EPA NPL,"{""external_id"":""ALD004022448"",""npl_status"":""Final NPL"",""saa"":false,""sources"":[""EPA NPL""]}"
superfund_ALD981868466,AMERICAN BRASS INC.,superfund,+31.325000,-85.404167,AL,EPA NPL,"{""external_id"":""ALD981868466"",""npl_status"":""Final NPL"",""saa"":false,""sources"":[""EPA NPL""]}"
superfund_AL3210020027,ANNISTON ARMY DEPOT (SOUTHEAST INDUSTRIAL AREA),superfund,33.659439,-85.969439,AL,EPA NPL,"{""external_id"":""AL3210020027"",""npl_status"":""Final NPL"",""saa"":false,""sources"":[""EPA NPL""]}"
superfund_ALD000400123,ANNISTON PCB SITE (MONSANTO CO),superfund,33.56931176,-85.96230318,AL,EPA NPL Superfund boundaries (legacy),"{""external_id"":""ALD000400123"",""geometry_fallback"":""centroid"",""layer"":""SITE_BOUNDARIES_SF"",""npl_status"":null,""saa"":true,""sources"":[""EPA NPL Superfund boundaries (legacy)"",""EPA FOIA-014""]}"
superfund_AL0001058056,CAPITOL CITY PLUME,superfund,32.37921348,-86.30361353,AL,EPA NPL Superfund boundaries (legacy),"{""external_id"":""AL0001058056"",""geometry_fallback"":""centroid"",""layer"":""SITE_BOUNDARIES_SF"",""npl_status"":null,""saa"":false,""sources"":[""EPA NPL Superfund boundaries (legacy)""]}"
superfund_ALD001221902,CIBA-GEIGY CORP. (MCINTOSH PLANT),superfund,+31.279000,-87.995500,AL,EPA NPL,"{""external_id"":""ALD001221902"",""npl_status"":""Final NPL"",""saa"":false,""sources"":[""EPA NPL""]}"
superfund_ALD041906173,INTERSTATE LEAD CO. (ILCO),superfund,+33.539016,-86.533258,AL,EPA NPL,"{""external_id"":""ALD041906173"",""npl_status"":""Final NPL"",""saa"":false,""sources"":[""EPA NPL""]}"
superfund_ALD031618069,MOWBRAY ENGINEERING CO.,superfund,31.831669,-86.613050,AL,EPA NPL,"{""external_id"":""ALD031618069"",""npl_status"":""Deleted NPL"",""saa"":false,""sources"":[""EPA NPL""]}"
superfund_ALD008188708,OLIN CORP. (MCINTOSH PLANT),superfund,31.263889,-87.994450,AL,EPA NPL,"{""external_id"":""ALD008188708"",""npl_status"":""Final NPL"",""saa"":false,""sources"":[""EPA NPL""]}"
superfund_ALD980728703,PERDIDO GROUND WATER CONTAMINATION,superfund,+31.012500,-87.625000,AL,EPA NPL,"{""external_id"":""ALD980728703"",""npl_status"":""Deleted NPL"",""saa"":false,""sources"":[""EPA NPL""]}"
superfund_ALD980844385,"REDWING CARRIERS, INC. (SARALAND)",superfund,30.808331,-88.073061,AL,EPA NPL,"{""external_id"":""ALD980844385"",""npl_status"":""Deleted NPL"",""saa"":false,""sources"":[""EPA NPL""]}"
superfund_ALD095688875,STAUFFER CHEMICAL CO. (COLD CREEK PLANT),superfund,+30.975000,-88.021389,AL,EPA NPL,"{""external_id"":""ALD095688875"",""npl_status"":""Final NPL"",""saa"":false,""sources"":[""EPA NPL""]}"
superfund_ALD008161176,STAUFFER CHEMICAL CO. (LEMOYNE PLANT),superfund,30.969439,-88.017500,AL,EPA NPL,"{""external_id"":""ALD008161176"",""npl_status"":""Final NPL"",""saa"":false,""sources"":[""EPA NPL""]}"
superfund_ALD007454085,T.H. AGRICULTURE & NUTRITION CO. (MONTGOMERY PLANT),superfund,+32.376100,-86.379100,AL,EPA NPL,"{""external_id"":""ALD007454085"",""npl_status"":""Final NPL"",""saa"":false,""sources"":[""EPA NPL""]}"
superfund_ALD983166299,TRIANA/TENNESSEE RIVER,superfund,+34.623503,-86.694499,AL,EPA NPL,"{""external_id"":""ALD983166299"",""npl_status"":""Final NPL"",""saa"":false,""sources"":[""EPA NPL""]}"
superfund_AL7210020742,USARMY/NASA REDSTONE ARSENAL,superfund,+34.646944,-86.673055,AL,EPA NPL,"{""external_id"":""AL7210020742"",""npl_status"":""Final NPL"",""saa"":false,""sources"":[""EPA NPL""]}"
superfund_ARD084930148,"ARKWOOD, INC.",superfund,+36.445000,-93.196400,AR,EPA NPL,"{""external_id"":""ARD084930148"",""npl_status"":""Final NPL"",""saa"":false,""sources"":[""EPA NPL""]}"
superfund_ARD980496186,CECIL LINDSEY,superfund,+35.634900,-91.225500,AR,EPA NPL,"{""external_id"":""ARD980496186"",""npl_status"":""Deleted NPL"",""saa"":false,""sources"":[""EPA NPL""]}"
superfund_ARD990660649,CEDAR CHEMICAL CORPORATION,superfund,34.51964297,-90.65315512,AR,EPA NPL Superfund boundaries (legacy),"{""external_id"":""ARD990660649"",""geometry_fallback"":""centroid"",""layer"":""SITE_BOUNDARIES_SF"",""npl_status"":null,""saa"":false,""sources"":[""EPA NPL Superfund boundaries (legacy)""]}"
superfund_ARD059636456,FRIT INDUSTRIES,superfund,36.11762433,-90.93443798,AR,EPA NPL Superfund boundaries (legacy),"{""external_id"":""ARD059636456"",""geometry_fallback"":""centroid"",""layer"":""SITE_BOUNDARIES_SF"",""npl_status"":null,""saa"":false,""sources"":[""EPA NPL Superfund boundaries (legacy)""]}"
superfund_ARD035662469,GURLEY PIT,superfund,+35.120900,-90.311600,AR,EPA NPL,"{""external_id"":""ARD035662469"",""npl_status"":""Deleted NPL"",""saa"":false,""sources"":[""EPA NPL""]}"
superfund_ARD980496368,INDUSTRIAL WASTE CONTROL,superfund,+35.240200,-94.352500,AR,EPA NPL,"{""external_id"":""ARD980496368"",""npl_status"":""Deleted NPL"",""saa"":false,""sources"":[""EPA NPL""]}"
superfund_ARD980809941,JACKSONVILLE MUNICIPAL LANDFILL,superfund,34.863331,-92.071661,AR,EPA NPL,"{""external_id"":""ARD980809941"",""npl_status"":""Deleted NPL"",""saa"":false,""sources"":[""EPA NPL""]}"
superfund_ARD008049207,MACMILLAN RING FREE OIL,superfund,+33.308360,-92.656880,AR,EPA NPL,"{""external_id"":""ARD008049207"",""npl_status"":""Final NPL"",""saa"":false,""sources"":[""EPA NPL""]}"
superfund_ARD092916188,MID-SOUTH WOOD PRODUCTS,superfund,+34.569700,-94.256600,AR,EPA NPL,"{""external_id"":""ARD092916188"",""npl_status"":""Final NPL"",""saa"":false,""sources"":[""EPA NPL""]}"
superfund_ARD980864110,MONROE AUTO EQUIPMENT CO. (PARAGOULD PIT),superfund,36.020831,-90.575000,AR,EPA NPL,"{""external_id"":""ARD980864110"",""npl_status"":""Deleted NPL"",""saa"":false,""sources"":[""EPA NPL""]}"
superfund_ARD049658628,MOUNTAIN PINE PRESSURE TREATING,superfund,34.984167,-93.302222,AR,EPA NPL,"{""external_id"":""ARD049658628"",""npl_status"":""Final NPL"",""saa"":false,""sources"":[""EPA NPL""]}"
superfund_ARD980745665,OLD MIDLAND PRODUCTS,superfund,+35.025000,-93.203889,AR,EPA NPL,"{""external_id"":""ARD980745665"",""npl_status"":""Final NPL"",""saa"":false,""sources"":[""EPA NPL""]}"
superfund_ARD042755231,OUACHITA NEVADA WOOD TREATER,superfund,33.759453,-93.104258,AR,EPA NPL,"{""external_id"":""ARD042755231"",""npl_status"":""Final NPL"",""saa"":false,""sources"":[""EPA NPL""]}"
superfund_ARD008052508,"POPILE, INC.",superfund,+33.182500,-92.673333,AR,EPA NPL,"{""external_id"":""ARD008052508"",""npl_status"":""Final NPL"",""saa"":false,""sources"":[""EPA NPL""]}"
superfund_ARD981055809,ROGERS ROAD MUNICIPAL LANDFILL,superfund,+34.862700,-92.077800,AR,EPA NPL,"{""external_id"":""ARD981055809"",""npl_status"":""Deleted NPL"",""saa"":false,""sources"":[""EPA NPL""]}"
superfund_ARD980496723,SOUTH 8TH STREET LANDFILL,superfund,35.124444,-90.169444,AR,EPA NPL,"{""external_id"":""ARD980496723"",""npl_status"":""Deleted NPL"",""saa"":false,""sources"":[""EPA NPL""]}"
superfund_ARD000023440,"VERTAC, INC.",superfund,+34.878000,-92.131200,AR,EPA NPL,"{""external_id"":""ARD000023440"",""npl_status"":""Final NPL"",""saa"":false,""sources"":[""EPA NPL""]}"
superfund_ASD980637656,TAPUTIMU FARM,superfund,-14.360100,-170.772000,AS,EPA NPL,"{""external_id"":""ASD980637656"",""npl_status"":""Deleted NPL"",""saa"":false,""sources"":[""EPA NPL""]}"
superfund_AZD008399263,APACHE POWDER CO.,superfund,+31.880000,-110.240000,AZ,EPA NPL,"{""external_id"":""AZD008399263"",""npl_status"":""Final NPL"",""saa"":false,""sources"":[""EPA NPL""]}"
superfund_AZD008397127,ASARCO HAYDEN PLANT,superfund,32.99587685,-110.79714942,AZ,EPA NPL Superfund boundaries (legacy),"{""external_id"":""AZD008397127"",""geometry_fallback"":""centroid"",""layer"":""SITE_BOUNDARIES_SF"",""npl_status"":null,""saa"":true,""sources"":[""EPA NPL Superfund boundaries (legacy)"",""EPA FOIA-014""]}"
superfund_AZD094524097,CYPRUS TOHONO MINE,superfund,32.51126363,-111.93011533,AZ,EPA NPL Superfund boundaries (legacy),"{""external_id"":""AZD094524097"",""geometry_fallback"":""centroid"",""layer"":""SITE_BOUNDARIES_SF"",""npl_status"":null,""saa"":false,""sources"":[""EPA NPL Superfund boundaries (legacy)""]}"
superfund_AZD980735666,HASSAYAMPA LANDFILL,superfund,33.368331,-112.748300,AZ,EPA NPL,"{""external_id"":""AZD980735666"",""npl_status"":""Final NPL"",""saa"":false,""sources"":[""EPA NPL""]}"
superfund_AZD980695969,INDIAN BEND WASH AREA,superfund,33.466669,-111.908300,AZ,EPA NPL,"{""external_id"":""AZD980695969"",""npl_status"":""Final NPL"",""saa"":false,""sources"":[""EPA NPL""]}"
superfund_AZ0000309013,IRON KING MINE - HUMBOLDT SMELTER,superfund,34.500000,-112.250000,AZ,EPA NPL,"{""external_id"":""AZ0000309013"",""npl_status"":""Final NPL"",""saa"":false,""sources"":[""EPA NPL""]}"
superfund_AZ0570024133,LUKE AIR FORCE BASE,superfund,+33.540000,-112.356700,AZ,EPA NPL,"{""external_id"":""AZ0570024133"",""npl_status"":""Deleted NPL"",""saa"":false,""sources"":[""EPA NPL""]}"
superfund_AZD009004177,"MOTOROLA, INC. (52ND STREET PLANT)",superfund,33.461669,-111.970800,AZ,EPA NPL,"{""external_id"":""AZD009004177"",""npl_status"":""Final NPL"",""saa"":false,""sources"":[""EPA NPL""]}"
superfund_AZD980735724,MOUNTAIN VIEW MOBILE HOME ESTATES,superfund,+33.372800,-110.733200,AZ,EPA NPL,"{""external_id"":""AZD980735724"",""npl_status"":""Deleted NPL"",""saa"":false,""sources"":[""EPA NPL""]}"
superfund_AZD980496780,NINETEENTH AVENUE LANDFILL,superfund,33.416669,-112.091700,AZ,EPA NPL,"{""external_id"":""AZD980496780"",""npl_status"":""Deleted NPL"",""saa"":false,""sources"":[""EPA NPL""]}"
superfund_AZD980695902,PHOENIX-GOODYEAR AIRPORT AREA,superfund,33.429719,-112.365300,AZ,EPA NPL,"{""external_id"":""AZD980695902"",""npl_status"":""Final NPL"",""saa"":false,""sources"":[""EPA NPL""]}"
superfund_AZD980737530,TUCSON INTERNATIONAL AIRPORT AREA,superfund,32.105561,-110.933300,AZ,EPA NPL,"{""external_id"":""AZD980737530"",""npl_status"":""Final NPL"",""saa"":false,""sources"":[""EPA NPL""]}"
superfund_AZ7570028582,WILLIAMS AIR FORCE BASE,superfund,+33.306950,-111.651900,AZ,EPA NPL,"{""external_id"":""AZ7570028582"",""npl_status"":""Final NPL"",""saa"":false,""sources"":[""EPA NPL""]}"
superfund_AZ0971590062,YUMA MARINE CORPS AIR STATION,superfund,32.654581,-114.588800,AZ,EPA NPL,"{""external_id"":""AZ0971590062"",""npl_status"":""Final NPL"",""saa"":false,""sources"":[""EPA NPL""]}"
superfund_CAD048634059,"ADVANCED MICRO DEVICES, INC.",superfund,+37.382500,-122.008600,CA,EPA NPL,"{""external_id"":""CAD048634059"",""npl_status"":""Final NPL"",""saa"":false,""sources"":[""EPA NPL""]}"
superfund_CAT080034234,"ADVANCED MICRO DEVICES, INC. (BUILDING 915)",superfund,+37.386800,-122.006600,CA,EPA NPL,"{""external_id"":""CAT080034234"",""npl_status"":""Final NPL"",""saa"":false,""sources"":[""EPA NPL""]}"
superfund_CAD980358832,AEROJET GENERAL CORP.,superfund,38.608331,-121.200000,CA,EPA NPL,"{""external_id"":""CAD980358832"",""npl_status"":""Final NPL"",""saa"":false,""sources"":[""EPA NPL""]}"
superfund_CAN000908808,AFTERTHOUGHT MINE,superfund,40.73051651,-122.07417618,CA,EPA NPL Superfund boundaries (legacy),"{""external_id"":""CAN000908808"",""geometry_fallback"":""centroid"",""layer"":""SITE_BOUNDARIES_SF"",""npl_status"":null,""saa"":false,""sources"":[""EPA NPL Superfund boundaries (legacy)""]}"
superfund_CA2170023236,ALAMEDA NAVAL AIR STATION,superfund,37.788889,-122.330000,CA,EPA NPL,"{""external_id"":""CA2170023236"",""npl_status"":""Final NPL"",""saa"":false,""sources"":[""EPA NPL""]}"
superfund_CAD098229214,ALARK HARD CHROME,superfund,33.99110942,-117.36751085,CA,EPA NPL Superfund boundaries (legacy),"{""external_id"":""CAD098229214"",""geometry_fallback"":""centroid"",""layer"":""SITE_BOUNDARIES_SF"",""npl_status"":null,""saa"":false,""sources"":[""EPA NPL Superfund boundaries (legacy)""]}"
superfund_CA0001576081,AMCO CHEMICAL,superfund,+37.802500,-122.293750,CA,EPA NPL,"{""external_id"":""CA0001576081"",""npl_status"":""Final NPL"",""saa"":false,""sources"":[""EPA NPL""]}"
superfund_CAD042728840,APPLIED MATERIALS,superfund,+37.377700,-121.977700,CA,EPA NPL,"{""external_id"":""CAD042728840"",""npl_status"":""Final NPL"",""saa"":false,""sources"":[""EPA NPL""]}"
superfund_CAD983650011,ARGONAUT MINE,superfund,38.353333,-120.785750,CA,EPA NPL,"{""external_id"":""CAD983650011"",""npl_status"":""Final NPL"",""saa"":false,""sources"":[""EPA NPL""]}"
superfund_CAD980496863,ATLAS ASBESTOS MINE,superfund,36.321669,-120.586700,CA,EPA NPL,"{""external_id"":""CAD980496863"",""npl_status"":""Final NPL"",""saa"":false,""sources"":[""EPA NPL""]}"
superfund_CA8170024261,BARSTOW MARINE CORPS LOGISTICS BASE,superfund,34.878331,-116.938900,CA,EPA NPL,"{""external_id"":""CA8170024261"",""npl_status"":""Final NPL"",""saa"":false,""sources"":[""EPA NPL""]}"
superfund_CAD048645444,BECKMAN INSTRUMENTS (PORTERVILLE PLANT),superfund,+36.049000,-119.020100,CA,EPA NPL,"{""external_id"":""CAD048645444"",""npl_status"":""Deleted NPL"",""saa"":false,""sources"":[""EPA NPL""]}"
superfund_CAN000906063,BLUE LEDGE MINE,superfund,41.96894785,-123.11198720,CA,EPA NPL Superfund boundaries (legacy),"{""external_id"":""CAN000906063"",""geometry_fallback"":""centroid"",""layer"":""SITE_BOUNDARIES_SF"",""npl_status"":null,""saa"":false,""sources"":[""EPA NPL Superfund boundaries (legacy)""]}"
superfund_CAD052384021,"BROWN & BRYANT, INC. (ARVIN PLANT)",superfund,35.203061,-118.822000,CA,EPA NPL,"{""external_id"":""CAD052384021"",""npl_status"":""Final NPL"",""saa"":false,""sources"":[""EPA NPL""]}"
superfund_CA2170023533,CAMP PENDLETON MARINE CORPS BASE,superfund,33.306669,-117.340800,CA,EPA NPL,"{""external_id"":""CA2170023533"",""npl_status"":""Final NPL"",""saa"":false,""sources"":[""EPA NPL""]}"
superfund_CAD020748125,CASMALIA RESOURCES,superfund,34.863125,-120.544303,CA,EPA NPL,"{""external_id"":""CAD020748125"",""npl_status"":""Final NPL"",""saa"":false,""sources"":[""EPA NPL""]}"
superfund_CA3570024551,CASTLE AIR FORCE BASE (6 AREAS),superfund,37.367361,-120.563600,CA,EPA NPL,"{""external_id"":""CA3570024551"",""npl_status"":""Final NPL"",""saa"":false,""sources"":[""EPA NPL""]}"
superfund_CAD980638860,CELTOR CHEMICAL WORKS,superfund,+41.102700,-123.691100,CA,EPA NPL,"{""external_id"":""CAD980638860"",""npl_status"":""Deleted NPL"",""saa"":false,""sources"":[""EPA NPL""]}"
superfund_CAD980817217,COALINGA ASBESTOS MINE,superfund,+36.310000,-120.528300,CA,EPA NPL,"{""external_id"":""CAD980817217"",""npl_status"":""Deleted NPL"",""saa"":false,""sources"":[""EPA NPL""]}"
superfund_CAD063015887,COAST WOOD PRESERVING,superfund,+39.112500,-123.193000,CA,EPA NPL,"{""external_id"":""CAD063015887"",""npl_status"":""Final NPL"",""saa"":false,""sources"":[""EPA NPL""]}"
superfund_CA7170024528,CONCORD NAVAL WEAPONS STATION,superfund,38.049444,-122.000000,CA,EPA NPL,"{""external_id"":""CA7170024528"",""npl_status"":""Final NPL"",""saa"":false,""sources"":[""EPA NPL""]}"
superfund_CAD055753370,COOPER DRUM CO.,superfund,33.946972,-118.179694,CA,EPA NPL,"{""external_id"":""CAD055753370"",""npl_status"":""Final NPL"",""saa"":false,""sources"":[""EPA NPL""]}"
superfund_CAD980638225,COPPER BLUFF MINE,superfund,41.10993806,-123.68690580,CA,EPA NPL Superfund boundaries (legacy),"{""external_id"":""CAD980638225"",""geometry_fallback"":""centroid"",""layer"":""SITE_BOUNDARIES_SF"",""npl_status"":null,""saa"":false,""sources"":[""EPA NPL Superfund boundaries (legacy)""]}"
superfund_CAD980498455,CRAZY HORSE SANITARY LANDFILL,superfund,36.80206868,-121.61953711,CA,EPA NPL Superfund boundaries (legacy),"{""external_id"":""CAD980498455"",""geometry_fallback"":""centroid"",""layer"":""SITE_BOUNDARIES_SF"",""npl_status"":null,""saa"":false,""sources"":[""EPA NPL Superfund boundaries (legacy)""]}"
superfund_CAD009212838,"CTS PRINTEX, INC.",superfund,+37.416500,-122.087200,CA,EPA NPL,"{""external_id"":""CAD009212838"",""npl_status"":""Final NPL"",""saa"":false,""sources"":[""EPA NPL""]}"
superfund_CAD029544731,DEL AMO,superfund,33.846639,-118.289472,CA,EPA NPL,"{""external_id"":""CAD029544731"",""npl_status"":""Final NPL"",""saa"":false,""sources"":[""EPA NPL""]}"
superfund_CAD000626176,DEL NORTE PESTICIDE STORAGE,superfund,41.773331,-124.231700,CA,EPA NPL,"{""external_id"":""CAD000626176"",""npl_status"":""Deleted NPL"",""saa"":false,""sources"":[""EPA NPL""]}"
superfund_CA1570024504,EDWARDS AIR FORCE BASE,superfund,34.949439,-117.885700,CA,EPA NPL,"{""external_id"":""CA1570024504"",""npl_status"":""Final NPL"",""saa"":false,""sources"":[""EPA NPL""]}"
superfund_CA6170023208,EL TORO MARINE CORPS AIR STATION,superfund,33.676669,-117.717600,CA,EPA NPL,"{""external_id"":""CA6170023208"",""npl_status"":""Final NPL"",""saa"":false,""sources"":[""EPA NPL""]}"
superfund_CAD095989778,FAIRCHILD SEMICONDUCTOR CORP. (MOUNTAIN VIEW PLANT),superfund,+37.401200,-122.054200,CA,EPA NPL,"{""external_id"":""CAD095989778"",""npl_status"":""Final NPL"",""saa"":false,""sources"":[""EPA NPL""]}"
superfund_CAD097012298,FAIRCHILD SEMICONDUCTOR CORP. (SOUTH SAN JOSE PLANT),superfund,+37.232600,-121.774800,CA,EPA NPL,"{""external_id"":""CAD097012298"",""npl_status"":""Final NPL"",""saa"":false,""sources"":[""EPA NPL""]}"
superfund_CAD990793887,FIRESTONE TIRE & RUBBER CO. (SALINAS PLANT),superfund,+36.624900,-121.590100,CA,EPA NPL,"{""external_id"":""CAD990793887"",""npl_status"":""Deleted NPL"",""saa"":false,""sources"":[""EPA NPL""]}"
superfund_CA7210020676,FORT ORD,superfund,+36.625000,-121.750000,CA,EPA NPL,"{""external_id"":""CA7210020676"",""npl_status"":""Final NPL"",""saa"":false,""sources"":[""EPA NPL""]}"
superfund_CAD980636914,FRESNO MUNICIPAL SANITARY LANDFILL,superfund,36.704169,-119.826100,CA,EPA NPL,"{""external_id"":""CAD980636914"",""npl_status"":""Final NPL"",""saa"":false,""sources"":[""EPA NPL""]}"
superfund_CAD071530380,FRONTIER FERTILIZER,superfund,+38.552588,-121.703615,CA,EPA NPL,"{""external_id"":""CAD071530380"",""npl_status"":""Final NPL"",""saa"":false,""sources"":[""EPA NPL""]}"
superfund_CA2570024453,GEORGE AIR FORCE BASE,superfund,+34.595000,-117.383300,CA,EPA NPL,"{""external_id"":""CA2570024453"",""npl_status"":""Final NPL"",""saa"":false,""sources"":[""EPA NPL""]}"
superfund_CAD009688052,HALACO ENGINEERING COMPANY,superfund,+34.138889,-119.181944,CA,EPA NPL,"{""external_id"":""CAD009688052"",""npl_status"":""Final NPL"",""saa"":false,""sources"":[""EPA NPL""]}"
superfund_CAD980884209,HEWLETT-PACKARD (620-640 PAGE MILL ROAD),superfund,+37.421400,-122.143400,CA,EPA NPL,"{""external_id"":""CAD980884209"",""npl_status"":""Final NPL"",""saa"":false,""sources"":[""EPA NPL""]}"
superfund_CA1170090087,HUNTERS POINT NAVAL SHIPYARD,superfund,+37.722290,-122.367320,CA,EPA NPL,"{""external_id"":""CA1170090087"",""npl_status"":""Final NPL"",""saa"":false,""sources"":[""EPA NPL""]}"
superfund_CAD980736284,INDUSTRIAL WASTE PROCESSING,superfund,+36.842500,-119.809400,CA,EPA NPL,"{""external_id"":""CAD980736284"",""npl_status"":""Final NPL"",""saa"":false,""sources"":[""EPA NPL""]}"
superfund_CAD061620217,INTEL CORP. (MOUNTAIN VIEW PLANT),superfund,+37.396200,-122.056600,CA,EPA NPL,"{""external_id"":""CAD061620217"",""npl_status"":""Final NPL"",""saa"":false,""sources"":[""EPA NPL""]}"
superfund_CAT000612184,INTEL CORP. (SANTA CLARA III),superfund,+37.373700,-121.971700,CA,EPA NPL,"{""external_id"":""CAT000612184"",""npl_status"":""Deleted NPL"",""saa"":false,""sources"":[""EPA NPL""]}"
superfund_CAD092212497,INTEL MAGNETICS,superfund,+37.375600,-121.980100,CA,EPA NPL,"{""external_id"":""CAD092212497"",""npl_status"":""Final NPL"",""saa"":false,""sources"":[""EPA NPL""]}"
superfund_CAD041472341,INTERSIL INC./SIEMENS COMPONENTS,superfund,+37.336100,-122.001500,CA,EPA NPL,"{""external_id"":""CAD041472341"",""npl_status"":""Final NPL"",""saa"":false,""sources"":[""EPA NPL""]}"
superfund_CAD980498612,IRON MOUNTAIN MINE,superfund,+40.671669,-122.527800,CA,EPA NPL,"{""external_id"":""CAD980498612"",""npl_status"":""Final NPL"",""saa"":false,""sources"":[""EPA NPL""]}"
superfund_CAD000625731,J.H. BAXTER & CO.,superfund,+41.436400,-122.370700,CA,EPA NPL,"{""external_id"":""CAD000625731"",""npl_status"":""Final NPL"",""saa"":false,""sources"":[""EPA NPL""]}"
superfund_CAD009103318,JASCO CHEMICAL CORP.,superfund,+37.398800,-122.088200,CA,EPA NPL,"{""external_id"":""CAD009103318"",""npl_status"":""Deleted NPL"",""saa"":false,""sources"":[""EPA NPL""]}"
superfund_CAD008339467,JERVIS B. WEBB CO.,superfund,33.950325,-118.178017,CA,EPA NPL,"{""external_id"":""CAD008339467"",""npl_status"":""Final NPL"",""saa"":false,""sources"":[""EPA NPL""]}"
superfund_CA9800013030,JET PROPULSION LABORATORY (NASA),superfund,34.201185,-118.167434,CA,EPA NPL,"{""external_id"":""CA9800013030"",""npl_status"":""Final NPL"",""saa"":false,""sources"":[""EPA NPL""]}"
superfund_CAD980737613,JIBBOOM JUNKYARD,superfund,38.591669,-121.503300,CA,EPA NPL,"{""external_id"":""CAD980737613"",""npl_status"":""Deleted NPL"",""saa"":false,""sources"":[""EPA NPL""]}"
superfund_CA1141190578,KLAU/BUENA VISTA MINE,superfund,+35.625900,-120.896700,CA,EPA NPL,"{""external_id"":""CA1141190578"",""npl_status"":""Final NPL"",""saa"":false,""sources"":[""EPA NPL""]}"
superfund_CAD009112087,"KOPPERS CO., INC. (OROVILLE PLANT)",superfund,39.470831,-121.564300,CA,EPA NPL,"{""external_id"":""CAD009112087"",""npl_status"":""Final NPL"",""saa"":false,""sources"":[""EPA NPL""]}"
superfund_CA2890190000,LABORATORY FOR ENERGY-RELATED HEALTH RESEARCH/OLD CAMPUS LANDFILL (USDOE),superfund,+38.518750,-121.751250,CA,EPA NPL,"{""external_id"":""CA2890190000"",""npl_status"":""Final NPL"",""saa"":false,""sources"":[""EPA NPL""]}"
superfund_CAD983618893,LAVA CAP MINE,superfund,39.228056,-120.969861,CA,EPA NPL,"{""external_id"":""CAD983618893"",""npl_status"":""Final NPL"",""saa"":false,""sources"":[""EPA NPL""]}"
superfund_CA2890090002,LAWRENCE LIVERMORE NATL LAB (SITE 300) (USDOE),superfund,37.644306,-121.576667,CA,EPA NPL,"{""external_id"":""CA2890090002"",""npl_status"":""Final NPL"",""saa"":false,""sources"":[""EPA NPL""]}"
superfund_CA2890012584,"LAWRENCE LIVERMORE NATL LAB, MAIN SITE (USDOE)",superfund,37.688061,-121.704700,CA,EPA NPL,"{""external_id"":""CA2890012584"",""npl_status"":""Final NPL"",""saa"":false,""sources"":[""EPA NPL""]}"
superfund_CAD980673685,LEVIATHAN MINE,superfund,38.71911604,-119.65626601,CA,EPA NPL Superfund boundaries (legacy),"{""external_id"":""CAD980673685"",""geometry_fallback"":""centroid"",""layer"":""SITE_BOUNDARIES_SF"",""npl_status"":null,""saa"":false,""sources"":[""EPA NPL Superfund boundaries (legacy)""]}"
superfund_CAT000646208,LIQUID GOLD OIL CORP.,superfund,37.908333,-122.325000,CA,EPA NPL,"{""external_id"":""CAT000646208"",""npl_status"":""Deleted NPL"",""saa"":false,""sources"":[""EPA NPL""]}"
superfund_CAD029295706,LORENTZ BARREL & DRUM CO.,superfund,37.318611,-121.864400,CA,EPA NPL,"{""external_id"":""CAD029295706"",""npl_status"":""Final NPL"",""saa"":false,""sources"":[""EPA NPL""]}"
superfund_CAD065021594,LOUISIANA-PACIFIC CORP.,superfund,+39.474300,-121.570300,CA,EPA NPL,"{""external_id"":""CAD065021594"",""npl_status"":""Deleted NPL"",""saa"":false,""sources"":[""EPA NPL""]}"
superfund_CA4570024527,MARCH AIR FORCE BASE,superfund,33.906389,-117.255700,CA,EPA NPL,"{""external_id"":""CA4570024527"",""npl_status"":""Final NPL"",""saa"":false,""sources"":[""EPA NPL""]}"
superfund_CA8570024143,MATHER AIR FORCE BASE (AC&W DISPOSAL SITE),superfund,+38.556950,-121.297200,CA,EPA NPL,"{""external_id"":""CA8570024143"",""npl_status"":""Final NPL"",""saa"":false,""sources"":[""EPA NPL""]}"
superfund_CA4570024337,MCCLELLAN AIR FORCE BASE (GROUND WATER CONTAMINATION),superfund,+38.660000,-121.399400,CA,EPA NPL,"{""external_id"":""CA4570024337"",""npl_status"":""Final NPL"",""saa"":false,""sources"":[""EPA NPL""]}"
superfund_CAD980498695,MCCOLL,superfund,+33.895300,-117.971200,CA,EPA NPL,"{""external_id"":""CAD980498695"",""npl_status"":""Final NPL"",""saa"":false,""sources"":[""EPA NPL""]}"
superfund_CAD009106527,MCCORMICK & BAXTER CREOSOTING CO.,superfund,37.947851,-121.306635,CA,EPA NPL,"{""external_id"":""CAD009106527"",""npl_status"":""Final NPL"",""saa"":false,""sources"":[""EPA NPL""]}"
superfund_CAD000074120,MGM BRAKES,superfund,+38.784000,-123.010900,CA,EPA NPL,"{""external_id"":""CAD000074120"",""npl_status"":""Deleted NPL"",""saa"":false,""sources"":[""EPA NPL""]}"
superfund_CAD981997752,MODESTO GROUND WATER CONTAMINATION,superfund,+37.659100,-120.996400,CA,EPA NPL,"{""external_id"":""CAD981997752"",""npl_status"":""Final NPL"",""saa"":false,""sources"":[""EPA NPL""]}"
superfund_CA2170090078,MOFFETT FIELD NAVAL AIR STATION,superfund,37.411389,-122.052200,CA,EPA NPL,"{""external_id"":""CA2170090078"",""npl_status"":""Final NPL"",""saa"":false,""sources"":[""EPA NPL""]}"
superfund_CAD049236201,MONOLITHIC MEMORIES,superfund,+37.381600,-121.996800,CA,EPA NPL,"{""external_id"":""CAD049236201"",""npl_status"":""Final NPL"",""saa"":false,""sources"":[""EPA NPL""]}"
superfund_CAD008242711,MONTROSE CHEMICAL CORP.,superfund,33.848331,-118.298300,CA,EPA NPL,"{""external_id"":""CAD008242711"",""npl_status"":""Final NPL"",""saa"":false,""sources"":[""EPA NPL""]}"
superfund_CAD041472986,NATIONAL SEMICONDUCTOR CORP.,superfund,37.375281,-121.998900,CA,EPA NPL,"{""external_id"":""CAD041472986"",""npl_status"":""Final NPL"",""saa"":false,""sources"":[""EPA NPL""]}"
superfund_CA0001900463,NEW IDRIA MERCURY MINE,superfund,36.418392,-120.672511,CA,EPA NPL,"{""external_id"":""CA0001900463"",""npl_status"":""Final NPL"",""saa"":false,""sources"":[""EPA NPL""]}"
superfund_CAD981434517,NEWMARK GROUND WATER CONTAMINATION,superfund,34.171811,-117.313100,CA,EPA NPL,"{""external_id"":""CAD981434517"",""npl_status"":""Final NPL"",""saa"":false,""sources"":[""EPA NPL""]}"
superfund_CA4570024345,NORTON AIR FORCE BASE (LNDFLL #2),superfund,34.098061,-117.237200,CA,EPA NPL,"{""external_id"":""CA4570024345"",""npl_status"":""Final NPL"",""saa"":false,""sources"":[""EPA NPL""]}"
superfund_CAD042245001,OMEGA CHEMICAL CORPORATION,superfund,33.969722,-118.042222,CA,EPA NPL,"{""external_id"":""CAD042245001"",""npl_status"":""Final NPL"",""saa"":false,""sources"":[""EPA NPL""]}"
superfund_CAT080012024,"OPERATING INDUSTRIES, INC., LANDFILL",superfund,34.033333,-118.105556,CA,EPA NPL,"{""external_id"":""CAT080012024"",""npl_status"":""Final NPL"",""saa"":false,""sources"":[""EPA NPL""]}"
superfund_CAN000900251,ORANGE COUNTY NORTH BASIN,superfund,33.85548044,-117.92143941,CA,EPA NPL Superfund boundaries (legacy),"{""external_id"":""CAN000900251"",""geometry_fallback"":""centroid"",""layer"":""SITE_BOUNDARIES_SF"",""npl_status"":null,""saa"":false,""sources"":[""EPA NPL Superfund boundaries (legacy)""]}"
superfund_CAD980636781,PACIFIC COAST PIPELINE,superfund,+34.404169,-118.902800,CA,EPA NPL,"{""external_id"":""CAD980636781"",""npl_status"":""Final NPL"",""saa"":false,""sources"":[""EPA NPL""]}"
superfund_CAD980737092,PEMACO MAYWOOD,superfund,33.985417,-118.171250,CA,EPA NPL,"{""external_id"":""CAD980737092"",""npl_status"":""Final NPL"",""saa"":false,""sources"":[""EPA NPL""]}"
superfund_CAD980736151,"PURITY OIL SALES, INC.",superfund,+36.687400,-119.746700,CA,EPA NPL,"{""external_id"":""CAD980736151"",""npl_status"":""Final NPL"",""saa"":false,""sources"":[""EPA NPL""]}"
superfund_CAD981995947,RALPH GRAY TRUCKING CO.,superfund,33.74890290,-118.00499674,CA,EPA NPL Superfund boundaries (legacy),"{""external_id"":""CAD981995947"",""geometry_fallback"":""centroid"",""layer"":""SITE_BOUNDARIES_SF"",""npl_status"":null,""saa"":false,""sources"":[""EPA NPL Superfund boundaries (legacy)""]}"
superfund_CAD009205097,RAYTHEON CORP.,superfund,+37.397500,-122.053300,CA,EPA NPL,"{""external_id"":""CAD009205097"",""npl_status"":""Final NPL"",""saa"":false,""sources"":[""EPA NPL""]}"
superfund_CA7210020759,RIVERBANK ARMY AMMUNITION PLANT,superfund,+37.716950,-120.918100,CA,EPA NPL,"{""external_id"":""CA7210020759"",""npl_status"":""Final NPL"",""saa"":false,""sources"":[""EPA NPL""]}"
superfund_CAN000905945,"ROCKETS, FIREWORKS, AND FLARES SITE",superfund,34.153683,-117.416567,CA,EPA NPL,"{""external_id"":""CAN000905945"",""npl_status"":""Final NPL"",""saa"":false,""sources"":[""EPA NPL""]}"
superfund_CA0210020780,SACRAMENTO ARMY DEPOT,superfund,38.520281,-121.395800,CA,EPA NPL,"{""external_id"":""CA0210020780"",""npl_status"":""Final NPL"",""saa"":false,""sources"":[""EPA NPL""]}"
superfund_CAD980894893,SAN FERNANDO VALLEY (AREA 1),superfund,+34.190000,-118.351400,CA,EPA NPL,"{""external_id"":""CAD980894893"",""npl_status"":""Final NPL"",""saa"":false,""sources"":[""EPA NPL""]}"
superfund_CAD980894901,SAN FERNANDO VALLEY (AREA 2),superfund,34.163139,-118.286000,CA,EPA NPL,"{""external_id"":""CAD980894901"",""npl_status"":""Final NPL"",""saa"":false,""sources"":[""EPA NPL""]}"
superfund_CAD980894984,SAN FERNANDO VALLEY (AREA 3),superfund,34.227600,-118.413500,CA,EPA NPL,"{""external_id"":""CAD980894984"",""npl_status"":""Deleted NPL"",""saa"":false,""sources"":[""EPA NPL""]}"
superfund_CAD980894976,SAN FERNANDO VALLEY (AREA 4),superfund,34.11495964,-118.25636344,CA,EPA NPL Superfund boundaries (legacy),"{""external_id"":""CAD980894976"",""geometry_fallback"":""centroid"",""layer"":""SITE_BOUNDARIES_SF"",""npl_status"":null,""saa"":false,""sources"":[""EPA NPL Superfund boundaries (legacy)""]}"
superfund_CAD980677355,SAN GABRIEL VALLEY (AREA 1),superfund,+34.125000,-118.000000,CA,EPA NPL,"{""external_id"":""CAD980677355"",""npl_status"":""Final NPL"",""saa"":false,""sources"":[""EPA NPL""]}"
superfund_CAD980818512,SAN GABRIEL VALLEY (AREA 2),superfund,34.073611,-117.936100,CA,EPA NPL,"{""external_id"":""CAD980818512"",""npl_status"":""Final NPL"",""saa"":false,""sources"":[""EPA NPL""]}"
superfund_CAD980818579,SAN GABRIEL VALLEY (AREA 3),superfund,+34.100000,-118.125000,CA,EPA NPL,"{""external_id"":""CAD980818579"",""npl_status"":""Final NPL"",""saa"":false,""sources"":[""EPA NPL""]}"
superfund_CAD980817985,SAN GABRIEL VALLEY (AREA 4),superfund,34.016669,-117.958300,CA,EPA NPL,"{""external_id"":""CAD980817985"",""npl_status"":""Final NPL"",""saa"":false,""sources"":[""EPA NPL""]}"
superfund_CAD029452141,SELMA PRESSURE TREATING COMPANY,superfund,+36.556669,-119.601700,CA,EPA NPL,"{""external_id"":""CAD029452141"",""npl_status"":""Final NPL"",""saa"":false,""sources"":[""EPA NPL""]}"
superfund_CA8210020832,SHARPE ARMY DEPOT,superfund,37.829169,-121.267200,CA,EPA NPL,"{""external_id"":""CA8210020832"",""npl_status"":""Final NPL"",""saa"":false,""sources"":[""EPA NPL""]}"
superfund_CAD070466479,"SIGNETICS, INC.",superfund,37.38335166,-122.01144103,CA,EPA NPL Superfund boundaries (legacy),"{""external_id"":""CAD070466479"",""geometry_fallback"":""centroid"",""layer"":""SITE_BOUNDARIES_SF"",""npl_status"":null,""saa"":false,""sources"":[""EPA NPL Superfund boundaries (legacy)""]}"
superfund_CAD981171523,"SOLA OPTICAL USA, INC.",superfund,+38.233200,-122.593100,CA,EPA NPL,"{""external_id"":""CAD981171523"",""npl_status"":""Deleted NPL"",""saa"":false,""sources"":[""EPA NPL""]}"
superfund_CAD980894885,SOUTH BAY ASBESTOS AREA,superfund,37.429861,-121.981100,CA,EPA NPL,"{""external_id"":""CAD980894885"",""npl_status"":""Final NPL"",""saa"":false,""sources"":[""EPA NPL""]}"
superfund_CAN000905902,SOUTHERN AVENUE INDUSTRIAL AREA,superfund,33.946178,-118.176922,CA,EPA NPL,"{""external_id"":""CAN000905902"",""npl_status"":""Final NPL"",""saa"":false,""sources"":[""EPA NPL""]}"
superfund_CAD980816466,SOUTHERN CALIFORNIA EDISON CO. (VISALIA POLEYARD),superfund,36.333331,-119.276700,CA,EPA NPL,"{""external_id"":""CAD980816466"",""npl_status"":""Deleted NPL"",""saa"":false,""sources"":[""EPA NPL""]}"
superfund_CAD009138488,"SPECTRA-PHYSICS, INC.",superfund,+37.408050,-122.078600,CA,EPA NPL,"{""external_id"":""CAD009138488"",""npl_status"":""Final NPL"",""saa"":false,""sources"":[""EPA NPL""]}"
superfund_CAD066635442,STOKER CHEMICAL,superfund,32.89472409,-115.53240045,CA,EPA NPL Superfund boundaries (legacy),"{""external_id"":""CAD066635442"",""geometry_fallback"":""centroid"",""layer"":""SITE_BOUNDARIES_SF"",""npl_status"":null,""saa"":false,""sources"":[""EPA NPL Superfund boundaries (legacy)""]}"
superfund_CAT080012826,STRINGFELLOW,superfund,34.023056,-117.458330,CA,EPA NPL,"{""external_id"":""CAT080012826"",""npl_status"":""Final NPL"",""saa"":false,""sources"":[""EPA NPL""]}"
superfund_CAD980893275,SULPHUR BANK MERCURY MINE,superfund,+39.005550,-122.670300,CA,EPA NPL,"{""external_id"":""CAD980893275"",""npl_status"":""Final NPL"",""saa"":false,""sources"":[""EPA NPL""]}"
superfund_CAD990832735,"SYNERTEK, INC. (BUILDING 1)",superfund,+37.377300,-121.971900,CA,EPA NPL,"{""external_id"":""CAD990832735"",""npl_status"":""Final NPL"",""saa"":false,""sources"":[""EPA NPL""]}"
superfund_CAD009106220,T.H. AGRICULTURE & NUTRITION CO.,superfund,36.764728,-119.660501,CA,EPA NPL,"{""external_id"":""CAD009106220"",""npl_status"":""Deleted NPL"",""saa"":false,""sources"":[""EPA NPL""]}"
superfund_CAD009111444,TELEDYNE SEMICONDUCTOR,superfund,+37.410800,-122.079700,CA,EPA NPL,"{""external_id"":""CAD009111444"",""npl_status"":""Final NPL"",""saa"":false,""sources"":[""EPA NPL""]}"
superfund_CA4971520834,TRACY DEFENSE DEPOT (USARMY),superfund,37.715281,-121.391100,CA,EPA NPL,"{""external_id"":""CA4971520834"",""npl_status"":""Final NPL"",""saa"":false,""sources"":[""EPA NPL""]}"
superfund_CA5570024575,TRAVIS AIR FORCE BASE,superfund,+38.264450,-121.933200,CA,EPA NPL,"{""external_id"":""CA5570024575"",""npl_status"":""Final NPL"",""saa"":false,""sources"":[""EPA NPL""]}"
superfund_CAN000900265,TRIPLE SITE,superfund,37.38970616,-122.00957074,CA,EPA NPL Superfund boundaries (legacy),"{""combined_boundary_parts"":2,""external_id"":""CAN000900265"",""geometry_fallback"":""centroid"",""layer"":""SITE_BOUNDARIES_SF"",""npl_status"":null,""representative_point"":""mean_of_boundary_part_centroids"",""saa"":false,""sources"":[""EPA NPL Superfund boundaries (legacy)""]}"
superfund_CAD009159088,"TRW MICROWAVE, INC (BUILDING 825)",superfund,+37.384600,-122.008500,CA,EPA NPL,"{""external_id"":""CAD009159088"",""npl_status"":""Final NPL"",""saa"":false,""sources"":[""EPA NPL""]}"
superfund_CAD981436363,UNITED HECKATHORN CO.,superfund,+37.922600,-122.365400,CA,EPA NPL,"{""external_id"":""CAD981436363"",""npl_status"":""Final NPL"",""saa"":false,""sources"":[""EPA NPL""]}"
superfund_CAD063020143,"VALLEY WOOD PRESERVING, INC.",superfund,+37.472700,-120.823900,CA,EPA NPL,"{""external_id"":""CAD063020143"",""npl_status"":""Final NPL"",""saa"":false,""sources"":[""EPA NPL""]}"
superfund_CAD980884357,"WASTE DISPOSAL, INC.",superfund,+33.950000,-118.055000,CA,EPA NPL,"{""external_id"":""CAD980884357"",""npl_status"":""Final NPL"",""saa"":false,""sources"":[""EPA NPL""]}"
superfund_CAD980893234,WATKINS-JOHNSON CO. (STEWART DIVISION PLANT),superfund,37.051111,-122.029028,CA,EPA NPL,"{""external_id"":""CAD980893234"",""npl_status"":""Final NPL"",""saa"":false,""sources"":[""EPA NPL""]}"
superfund_CAD980894679,WESTERN PACIFIC RAILROAD CO.,superfund,39.483061,-121.552500,CA,EPA NPL,"{""external_id"":""CAD980894679"",""npl_status"":""Deleted NPL"",""saa"":false,""sources"":[""EPA NPL""]}"
superfund_CAD001864081,WESTINGHOUSE ELECTRIC CORP. (SUNNYVALE PLANT),superfund,+37.378700,-122.022500,CA,EPA NPL,"{""external_id"":""CAD001864081"",""npl_status"":""Final NPL"",""saa"":false,""sources"":[""EPA NPL""]}"
superfund_CO7570090038,AIR FORCE PLANT PJKS,superfund,+39.508686,-105.128965,CO,EPA NPL,"{""external_id"":""CO7570090038"",""npl_status"":""Final NPL"",""saa"":false,""sources"":[""EPA NPL""]}"
superfund_COD007063530,"ASARCO, INC. (GLOBE PLANT)",superfund,39.79213907,-104.97925398,CO,EPA NPL Superfund boundaries (legacy),"{""external_id"":""COD007063530"",""geometry_fallback"":""centroid"",""layer"":""SITE_BOUNDARIES_SF"",""npl_status"":null,""saa"":false,""sources"":[""EPA NPL Superfund boundaries (legacy)""]}"
superfund_CON000802497,BONITA PEAK MINING DISTRICT,superfund,+37.904037,-107.616630,CO,EPA NPL,"{""external_id"":""CON000802497"",""npl_status"":""Final NPL"",""saa"":false,""sources"":[""EPA NPL""]}"
superfund_COD000110254,BRODERICK WOOD PRODUCTS,superfund,+39.803684,-104.998554,CO,EPA NPL,"{""external_id"":""COD000110254"",""npl_status"":""Final NPL"",""saa"":false,""sources"":[""EPA NPL""]}"
superfund_COD980717938,CALIFORNIA GULCH,superfund,+39.231279,-106.295522,CO,EPA NPL,"{""external_id"":""COD980717938"",""npl_status"":""Final NPL"",""saa"":false,""sources"":[""EPA NPL""]}"
superfund_COD981551427,CAPTAIN JACK MILL,superfund,+40.061319,-105.507611,CO,EPA NPL,"{""external_id"":""COD981551427"",""npl_status"":""Final NPL"",""saa"":false,""sources"":[""EPA NPL""]}"
superfund_COD980717557,"CENTRAL CITY, CLEAR CREEK",superfund,+39.771820,-105.518170,CO,EPA NPL,"{""external_id"":""COD980717557"",""npl_status"":""Final NPL"",""saa"":false,""sources"":[""EPA NPL""]}"
superfund_COD007431620,CHEMICAL SALES CO.,superfund,+39.822695,-104.911952,CO,EPA NPL,"{""external_id"":""COD007431620"",""npl_status"":""Final NPL"",""saa"":false,""sources"":[""EPA NPL""]}"
superfund_CON000802700,COLORADO SMELTER,superfund,+38.249106,-104.608010,CO,EPA NPL,"{""external_id"":""CON000802700"",""npl_status"":""Final NPL"",""saa"":false,""sources"":[""EPA NPL""]}"
superfund_COD980716955,DENVER RADIUM SITE,superfund,+39.716519,-105.005441,CO,EPA NPL,"{""external_id"":""COD980716955"",""npl_status"":""Final NPL"",""saa"":false,""sources"":[""EPA NPL""]}"
superfund_COD081961518,EAGLE MINE,superfund,+39.533331,-106.391700,CO,EPA NPL,"{""external_id"":""COD081961518"",""npl_status"":""Final NPL"",""saa"":false,""sources"":[""EPA NPL""]}"
superfund_COD042167858,LINCOLN PARK,superfund,+38.405864,-105.219379,CO,EPA NPL,"{""external_id"":""COD042167858"",""npl_status"":""Final NPL"",""saa"":false,""sources"":[""EPA NPL""]}"
superfund_COD980499248,LOWRY LANDFILL,superfund,+39.646081,-104.709141,CO,EPA NPL,"{""external_id"":""COD980499248"",""npl_status"":""Final NPL"",""saa"":false,""sources"":[""EPA NPL""]}"
superfund_COD980499255,MARSHALL LANDFILL,superfund,+39.950304,-105.201260,CO,EPA NPL,"{""external_id"":""COD980499255"",""npl_status"":""Final NPL"",""saa"":false,""sources"":[""EPA NPL""]}"
superfund_CON000802630,NELSON TUNNEL/COMMODORE WASTE ROCK,superfund,+37.877852,-106.936723,CO,EPA NPL,"{""external_id"":""CON000802630"",""npl_status"":""Final NPL"",""saa"":false,""sources"":[""EPA NPL""]}"
superfund_CO7890010526,ROCKY FLATS PLANT (USDOE),superfund,+39.892897,-105.199600,CO,EPA NPL,"{""external_id"":""CO7890010526"",""npl_status"":""Final NPL"",""saa"":false,""sources"":[""EPA NPL""]}"
superfund_CO5210020769,ROCKY MOUNTAIN ARSENAL (USARMY),superfund,+39.833398,-104.842445,CO,EPA NPL,"{""external_id"":""CO5210020769"",""npl_status"":""Final NPL"",""saa"":false,""sources"":[""EPA NPL""]}"
superfund_COD980717953,SAND CREEK INDUSTRIAL,superfund,+39.788216,-104.924898,CO,EPA NPL,"{""external_id"":""COD980717953"",""npl_status"":""Deleted NPL"",""saa"":false,""sources"":[""EPA NPL""]}"
superfund_COD983769738,SMELTERTOWN SITE,superfund,+38.554014,-106.029046,CO,EPA NPL,"{""external_id"":""COD983769738"",""npl_status"":""Proposed NPL"",""saa"":false,""sources"":[""EPA NPL""]}"
superfund_COD980806277,SMUGGLER MOUNTAIN,superfund,+39.193693,-106.809840,CO,EPA NPL,"{""external_id"":""COD980806277"",""npl_status"":""Deleted NPL"",""saa"":false,""sources"":[""EPA NPL""]}"
superfund_CO0002378230,STANDARD MINE,superfund,+38.880894,-107.072129,CO,EPA NPL,"{""external_id"":""CO0002378230"",""npl_status"":""Final NPL"",""saa"":false,""sources"":[""EPA NPL""]}"
superfund_COD983778432,SUMMITVILLE MINE,superfund,+37.423917,-106.598491,CO,EPA NPL,"{""external_id"":""COD983778432"",""npl_status"":""Final NPL"",""saa"":false,""sources"":[""EPA NPL""]}"
superfund_COD007063274,URAVAN URANIUM PROJECT (UNION CARBIDE CORP.),superfund,+38.369015,-108.747527,CO,EPA NPL,"{""external_id"":""COD007063274"",""npl_status"":""Final NPL"",""saa"":false,""sources"":[""EPA NPL""]}"
superfund_CO0002259588,VASQUEZ BOULEVARD AND I-70,superfund,+39.791667,-104.958333,CO,EPA NPL,"{""external_id"":""CO0002259588"",""npl_status"":""Final NPL"",""saa"":false,""sources"":[""EPA NPL""]}"
superfund_COD980667075,WOODBURY CHEMICAL CO.,superfund,+39.795025,-104.945326,CO,EPA NPL,"{""external_id"":""COD980667075"",""npl_status"":""Deleted NPL"",""saa"":false,""sources"":[""EPA NPL""]}"
superfund_CTD980732333,BARKHAMSTED-NEW HARTFORD LANDFILL,superfund,+41.893947,-72.989337,CT,EPA NPL,"{""external_id"":""CTD980732333"",""npl_status"":""Final NPL"",""saa"":false,""sources"":[""EPA NPL""]}"
superfund_CTD072122062,BEACON HEIGHTS LANDFILL,superfund,+41.431950,-73.035281,CT,EPA NPL,"{""external_id"":""CTD072122062"",""npl_status"":""Final NPL"",""saa"":false,""sources"":[""EPA NPL""]}"
superfund_CTD981067317,CHESHIRE GROUND WATER CONTAMINATION,superfund,+41.557500,-72.910833,CT,EPA NPL,"{""external_id"":""CTD981067317"",""npl_status"":""Deleted NPL"",""saa"":false,""sources"":[""EPA NPL""]}"
superfund_CTD001452093,DURHAM MEADOWS,superfund,+41.481110,-72.681388,CT,EPA NPL,"{""external_id"":""CTD001452093"",""npl_status"":""Final NPL"",""saa"":false,""sources"":[""EPA NPL""]}"
superfund_CTD108960972,GALLUP'S QUARRY,superfund,41.665281,-71.924161,CT,EPA NPL,"{""external_id"":""CTD108960972"",""npl_status"":""Final NPL"",""saa"":false,""sources"":[""EPA NPL""]}"
superfund_CTD980670814,KELLOGG-DEERING WELL FIELD,superfund,+41.130550,-073.431950,CT,EPA NPL,"{""external_id"":""CTD980670814"",""npl_status"":""Final NPL"",""saa"":false,""sources"":[""EPA NPL""]}"
superfund_CTD980521165,"LAUREL PARK, INC.",superfund,41.476939,-73.071661,CT,EPA NPL,"{""external_id"":""CTD980521165"",""npl_status"":""Final NPL"",""saa"":false,""sources"":[""EPA NPL""]}"
superfund_CTD001153923,LINEMASTER SWITCH CORP.,superfund,41.940561,-71.966939,CT,EPA NPL,"{""external_id"":""CTD001153923"",""npl_status"":""Final NPL"",""saa"":false,""sources"":[""EPA NPL""]}"
superfund_CTD980906515,NEW LONDON SUBMARINE BASE,superfund,41.400139,-72.087081,CT,EPA NPL,"{""external_id"":""CTD980906515"",""npl_status"":""Final NPL"",""saa"":false,""sources"":[""EPA NPL""]}"
superfund_CTD980669261,NUTMEG VALLEY ROAD,superfund,+41.574800,-072.998600,CT,EPA NPL,"{""external_id"":""CTD980669261"",""npl_status"":""Deleted NPL"",""saa"":false,""sources"":[""EPA NPL""]}"
superfund_CTD980670806,OLD SOUTHINGTON LANDFILL,superfund,+41.579169,-72.881939,CT,EPA NPL,"{""external_id"":""CTD980670806"",""npl_status"":""Deleted NPL"",""saa"":false,""sources"":[""EPA NPL""]}"
superfund_CTD051316313,PRECISION PLATING CORP.,superfund,+41.849750,-72.447911,CT,EPA NPL,"{""external_id"":""CTD051316313"",""npl_status"":""Final NPL"",""saa"":false,""sources"":[""EPA NPL""]}"
superfund_CTD001186618,"RAYMARK INDUSTRIES, INC.",superfund,41.201278,-73.117222,CT,EPA NPL,"{""external_id"":""CTD001186618"",""npl_status"":""Final NPL"",""saa"":false,""sources"":[""EPA NPL""]}"
superfund_CTD004532610,REVERE TEXTILE PRINTS CORP.,superfund,41.708331,-71.829169,CT,EPA NPL,"{""external_id"":""CTD004532610"",""npl_status"":""Deleted NPL"",""saa"":false,""sources"":[""EPA NPL""]}"
superfund_CT0002265551,SCOVILL INDUSTRIAL LANDFILL,superfund,41.550389,-73.010639,CT,EPA NPL,"{""external_id"":""CT0002265551"",""npl_status"":""Final NPL"",""saa"":false,""sources"":[""EPA NPL""]}"
superfund_CTD009717604,SOLVENTS RECOVERY SERVICE OF NEW ENGLAND,superfund,+41.619600,-072.878000,CT,EPA NPL,"{""external_id"":""CTD009717604"",""npl_status"":""Final NPL"",""saa"":false,""sources"":[""EPA NPL""]}"
superfund_CTD009774969,YAWORSKI WASTE LAGOON,superfund,+41.669450,-71.964161,CT,EPA NPL,"{""external_id"":""CTD009774969"",""npl_status"":""Final NPL"",""saa"":false,""sources"":[""EPA NPL""]}"
superfund_DC9170024310,WASHINGTON NAVY YARD,superfund,+38.875000,-76.987500,DC,EPA NPL,"{""external_id"":""DC9170024310"",""npl_status"":""Final NPL"",""saa"":false,""sources"":[""EPA NPL""]}"
superfund_DED980494496,ARMY CREEK LANDFILL,superfund,39.653061,-75.608331,DE,EPA NPL,"{""external_id"":""DED980494496"",""npl_status"":""Final NPL"",""saa"":false,""sources"":[""EPA NPL""]}"
superfund_DEN000304203,BLADES GROUNDWATER,superfund,+38.631644,-75.610467,DE,EPA NPL,"{""external_id"":""DEN000304203"",""npl_status"":""Final NPL"",""saa"":false,""sources"":[""EPA NPL""]}"
superfund_DED980714141,"CHEM-SOLV, INC.",superfund,+39.221600,-75.576400,DE,EPA NPL,"{""external_id"":""DED980714141"",""npl_status"":""Deleted NPL"",""saa"":false,""sources"":[""EPA NPL""]}"
superfund_DED980704860,COKER'S SANITATION SERVICE LANDFILLS,superfund,39.227219,-75.611389,DE,EPA NPL,"{""external_id"":""DED980704860"",""npl_status"":""Deleted NPL"",""saa"":false,""sources"":[""EPA NPL""]}"
superfund_DED980551667,DELAWARE CITY PVC PLANT,superfund,39.586111,-75.649439,DE,EPA NPL,"{""external_id"":""DED980551667"",""npl_status"":""Final NPL"",""saa"":false,""sources"":[""EPA NPL""]}"
superfund_DED000605972,DELAWARE SAND & GRAVEL LANDFILL,superfund,39.651389,-75.602781,DE,EPA NPL,"{""external_id"":""DED000605972"",""npl_status"":""Final NPL"",""saa"":false,""sources"":[""EPA NPL""]}"
superfund_DE8570024010,DOVER AIR FORCE BASE,superfund,39.127781,-75.466669,DE,EPA NPL,"{""external_id"":""DE8570024010"",""npl_status"":""Final NPL"",""saa"":false,""sources"":[""EPA NPL""]}"
superfund_DED980693550,DOVER GAS LIGHT CO.,superfund,+39.155800,-75.527700,DE,EPA NPL,"{""external_id"":""DED980693550"",""npl_status"":""Final NPL"",""saa"":false,""sources"":[""EPA NPL""]}"
superfund_DED980555122,"E.I. DU PONT DE NEMOURS & CO., INC. (NEWPORT PIGMENT PLANT LANDFILL)",superfund,39.708331,-75.609169,DE,EPA NPL,"{""external_id"":""DED980555122"",""npl_status"":""Final NPL"",""saa"":false,""sources"":[""EPA NPL""]}"
superfund_DEN000304044,EAST BASIN ROAD GROUNDWATER,superfund,39.67933174,-75.58888001,DE,EPA NPL Superfund boundaries (legacy),"{""external_id"":""DEN000304044"",""geometry_fallback"":""centroid"",""layer"":""SITE_BOUNDARIES_SF"",""npl_status"":null,""saa"":false,""sources"":[""EPA NPL Superfund boundaries (legacy)""]}"
superfund_DEN000304167,GEORGETOWN NORTH GROUNDWATER,superfund,38.69339900,-75.38398500,DE,EPA NPL Superfund boundaries (legacy),"{""external_id"":""DEN000304167"",""geometry_fallback"":""centroid"",""layer"":""SITE_BOUNDARIES_SF"",""npl_status"":null,""saa"":false,""sources"":[""EPA NPL Superfund boundaries (legacy)""]}"
superfund_DED980830954,HALBY CHEMICAL CO.,superfund,39.718611,-75.537219,DE,EPA NPL,"{""external_id"":""DED980830954"",""npl_status"":""Final NPL"",""saa"":false,""sources"":[""EPA NPL""]}"
superfund_DED980713093,"HARVEY & KNOTT DRUM, INC.",superfund,39.573331,-75.770839,DE,EPA NPL,"{""external_id"":""DED980713093"",""npl_status"":""Final NPL"",""saa"":false,""sources"":[""EPA NPL""]}"
superfund_DEN000303920,HOCKESSIN GROUNDWATER,superfund,+39.787520,-75.696513,DE,EPA NPL,"{""external_id"":""DEN000303920"",""npl_status"":""Final NPL"",""saa"":false,""sources"":[""EPA NPL""]}"
superfund_DED980552244,"KOPPERS CO., INC. (NEWPORT PLANT)",superfund,39.704719,-75.624169,DE,EPA NPL,"{""external_id"":""DED980552244"",""npl_status"":""Final NPL"",""saa"":false,""sources"":[""EPA NPL""]}"
superfund_DEN000306645,MILLSBORO TCE,superfund,38.588158,-75.298061,DE,EPA NPL,"{""external_id"":""DEN000306645"",""npl_status"":""Proposed NPL"",""saa"":false,""sources"":[""EPA NPL""]}"
superfund_DED043958388,NCR CORP. (MILLSBORO PLANT),superfund,+38.577500,-75.283061,DE,EPA NPL,"{""external_id"":""DED043958388"",""npl_status"":""Final NPL"",""saa"":false,""sources"":[""EPA NPL""]}"
superfund_DED058980442,NEW CASTLE SPILL,superfund,39.670281,-75.561669,DE,EPA NPL,"{""external_id"":""DED058980442"",""npl_status"":""Deleted NPL"",""saa"":false,""sources"":[""EPA NPL""]}"
superfund_DED980705255,NEW CASTLE STEEL,superfund,39.657781,-75.577769,DE,EPA NPL,"{""external_id"":""DED980705255"",""npl_status"":""Deleted NPL"",""saa"":false,""sources"":[""EPA NPL""]}"
superfund_DEN000306877,NEWARK SOUTH GROUND WATER PLUME,superfund,39.65273718,-75.73776117,DE,EPA NPL Superfund boundaries (legacy),"{""external_id"":""DEN000306877"",""geometry_fallback"":""centroid"",""layer"":""SITE_BOUNDARIES_SF"",""npl_status"":null,""saa"":false,""sources"":[""EPA NPL Superfund boundaries (legacy)""]}"
superfund_DED981035520,SEALAND LIMITED,superfund,+39.512600,-75.710000,DE,EPA NPL,"{""external_id"":""DED981035520"",""npl_status"":""Deleted NPL"",""saa"":false,""sources"":[""EPA NPL""]}"
superfund_DED041212473,"STANDARD CHLORINE OF DELAWARE, INC.",superfund,+39.599581,-75.635831,DE,EPA NPL,"{""external_id"":""DED041212473"",""npl_status"":""Final NPL"",""saa"":false,""sources"":[""EPA NPL""]}"
superfund_DED980494637,SUSSEX COUNTY LANDFILL NO. 5,superfund,+38.535000,-75.614169,DE,EPA NPL,"{""external_id"":""DED980494637"",""npl_status"":""Deleted NPL"",""saa"":false,""sources"":[""EPA NPL""]}"
superfund_DED000606079,TYBOUTS CORNER LANDFILL,superfund,+39.612500,-75.653339,DE,EPA NPL,"{""external_id"":""DED000606079"",""npl_status"":""Final NPL"",""saa"":false,""sources"":[""EPA NPL""]}"
superfund_DED980705545,TYLER REFRIGERATION PIT,superfund,39.295281,-75.618889,DE,EPA NPL,"{""external_id"":""DED980705545"",""npl_status"":""Deleted NPL"",""saa"":false,""sources"":[""EPA NPL""]}"
superfund_DED980704951,WILDCAT LANDFILL,superfund,39.120831,-75.500000,DE,EPA NPL,"{""external_id"":""DED980704951"",""npl_status"":""Deleted NPL"",""saa"":false,""sources"":[""EPA NPL""]}"
superfund_FLD980221857,AGRICO CHEMICAL CO.,superfund,+30.451200,-87.225600,FL,EPA NPL,"{""external_id"":""FLD980221857"",""npl_status"":""Final NPL"",""saa"":false,""sources"":[""EPA NPL""]}"
superfund_FLD004145140,AIRCO PLATING CO.,superfund,+25.815200,-80.255900,FL,EPA NPL,"{""external_id"":""FLD004145140"",""npl_status"":""Final NPL"",""saa"":false,""sources"":[""EPA NPL""]}"
superfund_FLD012978862,ALARIC AREA GW PLUME,superfund,27.964083,-82.375139,FL,EPA NPL,"{""external_id"":""FLD012978862"",""npl_status"":""Final NPL"",""saa"":false,""sources"":[""EPA NPL""]}"
superfund_FLD041495441,ALPHA CHEMICAL CORP.,superfund,28.100831,-82.009719,FL,EPA NPL,"{""external_id"":""FLD041495441"",""npl_status"":""Deleted NPL"",""saa"":false,""sources"":[""EPA NPL""]}"
superfund_FLD008161994,"AMERICAN CREOSOTE WORKS, INC. (PENSACOLA PLANT)",superfund,30.404719,-87.236661,FL,EPA NPL,"{""external_id"":""FLD008161994"",""npl_status"":""Final NPL"",""saa"":false,""sources"":[""EPA NPL""]}"
superfund_FLD020536538,ANACONDA ALUMINUM CO./MILGO ELECTRONICS CORP.,superfund,25.843061,-80.256531,FL,EPA NPL,"{""external_id"":""FLD020536538"",""npl_status"":""Deleted NPL"",""saa"":false,""sources"":[""EPA NPL""]}"
superfund_FLD981014368,"ANODYNE, INC.",superfund,25.923189,-80.221531,FL,EPA NPL,"{""external_id"":""FLD981014368"",""npl_status"":""Final NPL"",""saa"":false,""sources"":[""EPA NPL""]}"
superfund_FLSFN0406909,ARKLA TERRA PROPERTY,superfund,+28.057778,-82.317500,FL,EPA NPL,"{""external_id"":""FLSFN0406909"",""npl_status"":""Final NPL"",""saa"":false,""sources"":[""EPA NPL""]}"
superfund_FLD004574190,"B&B CHEMICAL CO., INC.",superfund,25.839581,-80.300139,FL,EPA NPL,"{""external_id"":""FLD004574190"",""npl_status"":""Deleted NPL"",""saa"":false,""sources"":[""EPA NPL""]}"
superfund_FLD980494660,BEULAH LANDFILL,superfund,30.513061,-87.345139,FL,EPA NPL,"{""external_id"":""FLD980494660"",""npl_status"":""Deleted NPL"",""saa"":false,""sources"":[""EPA NPL""]}"
superfund_FLD052172954,BMI-TEXTRON,superfund,+26.793700,-80.073800,FL,EPA NPL,"{""external_id"":""FLD052172954"",""npl_status"":""Deleted NPL"",""saa"":false,""sources"":[""EPA NPL""]}"
superfund_FLD980728935,BROWN WOOD PRESERVING,superfund,+30.302500,-83.013050,FL,EPA NPL,"{""external_id"":""FLD980728935"",""npl_status"":""Deleted NPL"",""saa"":false,""sources"":[""EPA NPL""]}"
superfund_FLD980847016,BROWN'S DUMP,superfund,30.36640213,-81.68645586,FL,EPA NPL Superfund boundaries (legacy),"{""external_id"":""FLD980847016"",""geometry_fallback"":""centroid"",""layer"":""SITE_BOUNDARIES_SF"",""npl_status"":null,""saa"":true,""sources"":[""EPA NPL Superfund boundaries (legacy)"",""EPA FOIA-014""]}"
superfund_FLD980709356,CABOT/KOPPERS,superfund,+29.675000,-82.323061,FL,EPA NPL,"{""external_id"":""FLD980709356"",""npl_status"":""Final NPL"",""saa"":false,""sources"":[""EPA NPL""]}"
superfund_FLD094590916,CALLAWAY & SON DRUM SERVICE,superfund,28.098056,-81.714722,FL,EPA NPL,"{""external_id"":""FLD094590916"",""npl_status"":""Deleted NPL"",""saa"":false,""sources"":[""EPA NPL""]}"
superfund_FLD981931959,CASCADE PARK GASIFICATION PLANT,superfund,30.43348907,-84.27945040,FL,EPA NPL Superfund boundaries (legacy),"{""external_id"":""FLD981931959"",""geometry_fallback"":""centroid"",""layer"":""SITE_BOUNDARIES_SF"",""npl_status"":null,""saa"":true,""sources"":[""EPA NPL Superfund boundaries (legacy)"",""EPA FOIA-014""]}"
superfund_FLD080174402,"CHEMFORM, INC.",superfund,26.219055,-80.141374,FL,EPA NPL,"{""external_id"":""FLD080174402"",""npl_status"":""Deleted NPL"",""saa"":false,""sources"":[""EPA NPL""]}"
superfund_FLD004064242,CHEVRON CHEMICAL CO. (ORTHO DIVISION),superfund,28.578889,-81.408889,FL,EPA NPL,"{""external_id"":""FLD004064242"",""npl_status"":""Final NPL"",""saa"":false,""sources"":[""EPA NPL""]}"
superfund_FLD055945653,"CITY INDUSTRIES, INC.",superfund,28.601389,-81.300000,FL,EPA NPL,"{""external_id"":""FLD055945653"",""npl_status"":""Final NPL"",""saa"":false,""sources"":[""EPA NPL""]}"
superfund_FLD991279894,COLEMAN-EVANS WOOD PRESERVING CO.,superfund,30.313889,-81.842781,FL,EPA NPL,"{""external_id"":""FLD991279894"",""npl_status"":""Deleted NPL"",""saa"":false,""sources"":[""EPA NPL""]}"
superfund_FLD982130098,CONTINENTAL CLEANERS,superfund,+25.831842,-80.210178,FL,EPA NPL,"{""external_id"":""FLD982130098"",""npl_status"":""Final NPL"",""saa"":false,""sources"":[""EPA NPL""]}"
superfund_FLD001704741,CORONET INDUSTRIES,superfund,27.99699862,-82.08101747,FL,EPA NPL Superfund boundaries (legacy),"{""external_id"":""FLD001704741"",""geometry_fallback"":""centroid"",""layer"":""SITE_BOUNDARIES_SF"",""npl_status"":null,""saa"":true,""sources"":[""EPA NPL Superfund boundaries (legacy)"",""EPA FOIA-014""]}"
superfund_FLD980602288,DAVIE LANDFILL,superfund,+26.069600,-80.342600,FL,EPA NPL,"{""external_id"":""FLD980602288"",""npl_status"":""Deleted NPL"",""saa"":false,""sources"":[""EPA NPL""]}"
superfund_FLD000833368,DUBOSE OIL PRODUCTS CO.,superfund,30.618061,-87.376950,FL,EPA NPL,"{""external_id"":""FLD000833368"",""npl_status"":""Deleted NPL"",""saa"":false,""sources"":[""EPA NPL""]}"
superfund_FLD008168346,ESCAMBIA WOOD - PENSACOLA,superfund,+30.455300,-87.231700,FL,EPA NPL,"{""external_id"":""FLD008168346"",""npl_status"":""Final NPL"",""saa"":false,""sources"":[""EPA NPL""]}"
superfund_FLD000623041,FAIRFAX ST. WOOD TREATERS,superfund,+30.354092,-81.686394,FL,EPA NPL,"{""external_id"":""FLD000623041"",""npl_status"":""Deleted NPL"",""saa"":false,""sources"":[""EPA NPL""]}"
superfund_FLD083111005,FLASH CLEANERS,superfund,26.282400,-80.096900,FL,EPA NPL,"{""external_id"":""FLD083111005"",""npl_status"":""Final NPL"",""saa"":false,""sources"":[""EPA NPL""]}"
superfund_FLD984184127,FLORIDA PETROLEUM REPROCESSORS,superfund,26.081944,-80.215556,FL,EPA NPL,"{""external_id"":""FLD984184127"",""npl_status"":""Final NPL"",""saa"":false,""sources"":[""EPA NPL""]}"
superfund_FLD050432251,FLORIDA STEEL CORP.,superfund,27.041111,-80.506111,FL,EPA NPL,"{""external_id"":""FLD050432251"",""npl_status"":""Final NPL"",""saa"":false,""sources"":[""EPA NPL""]}"
superfund_FL0002264810,FORMER SPELLMAN ENGINEERING,superfund,28.56291052,-81.36722686,FL,EPA NPL Superfund boundaries (legacy),"{""external_id"":""FL0002264810"",""geometry_fallback"":""centroid"",""layer"":""SITE_BOUNDARIES_SF"",""npl_status"":null,""saa"":false,""sources"":[""EPA NPL Superfund boundaries (legacy)""]}"
superfund_FLR000091322,GENERAL DYNAMICS LONGWOOD,superfund,28.716620,-81.321220,FL,EPA NPL,"{""external_id"":""FLR000091322"",""npl_status"":""Final NPL"",""saa"":false,""sources"":[""EPA NPL""]}"
superfund_FLD071307680,GOLD COAST OIL CORP.,superfund,+25.743400,-80.311200,FL,EPA NPL,"{""external_id"":""FLD071307680"",""npl_status"":""Deleted NPL"",""saa"":false,""sources"":[""EPA NPL""]}"
superfund_FLD000602334,HARRIS CORP. (PALM BAY PLANT),superfund,28.030281,-80.601389,FL,EPA NPL,"{""external_id"":""FLD000602334"",""npl_status"":""Final NPL"",""saa"":false,""sources"":[""EPA NPL""]}"
superfund_FLD053502696,HELENA CHEMICAL CO. (TAMPA PLANT),superfund,27.963931,-82.374813,FL,EPA NPL,"{""external_id"":""FLD053502696"",""npl_status"":""Final NPL"",""saa"":false,""sources"":[""EPA NPL""]}"
superfund_FLD980709802,HIPPS ROAD LANDFILL,superfund,30.216939,-81.805561,FL,EPA NPL,"{""external_id"":""FLD980709802"",""npl_status"":""Deleted NPL"",""saa"":false,""sources"":[""EPA NPL""]}"
superfund_FLD004119681,HOLLINGSWORTH SOLDERLESS TERMINAL,superfund,26.198331,-80.152219,FL,EPA NPL,"{""external_id"":""FLD004119681"",""npl_status"":""Final NPL"",""saa"":false,""sources"":[""EPA NPL""]}"
superfund_FL7570024037,HOMESTEAD AIR FORCE BASE,superfund,25.489444,-80.396944,FL,EPA NPL,"{""external_id"":""FL7570024037"",""npl_status"":""Final NPL"",""saa"":false,""sources"":[""EPA NPL""]}"
superfund_FLD043047653,"ITT-THOMPSON INDUSTRIES, INC",superfund,30.47200112,-83.40526726,FL,EPA NPL Superfund boundaries (legacy),"{""external_id"":""FLD043047653"",""geometry_fallback"":""centroid"",""layer"":""SITE_BOUNDARIES_SF"",""npl_status"":null,""saa"":true,""sources"":[""EPA NPL Superfund boundaries (legacy)"",""EPA FOIA-014""]}"
superfund_FLSFN0407002,JACKSONVILLE ASH SITE,superfund,30.34232751,-81.66654870,FL,EPA NPL Superfund boundaries (legacy),"{""external_id"":""FLSFN0407002"",""geometry_fallback"":""centroid"",""layer"":""SITE_BOUNDARIES_SF"",""npl_status"":null,""saa"":true,""sources"":[""EPA NPL Superfund boundaries (legacy)"",""EPA FOIA-014""]}"
superfund_FL6170024412,JACKSONVILLE NAVAL AIR STATION,superfund,+30.221110,-81.682777,FL,EPA NPL,"{""external_id"":""FL6170024412"",""npl_status"":""Final NPL"",""saa"":false,""sources"":[""EPA NPL""]}"
superfund_FLN000410232,JJ SEIFERT MACHINE,superfund,27.678611,-82.477778,FL,EPA NPL,"{""external_id"":""FLN000410232"",""npl_status"":""Final NPL"",""saa"":false,""sources"":[""EPA NPL""]}"
superfund_FLD980727820,KASSAUF-KIMERLING BATTERY DISPOSAL,superfund,27.967219,-82.390000,FL,EPA NPL,"{""external_id"":""FLD980727820"",""npl_status"":""Deleted NPL"",""saa"":false,""sources"":[""EPA NPL""]}"
superfund_FLD039049101,KERR-MCGEE CHEMICAL CORP - JACKSONVILLE,superfund,+30.3442,-081.6265,FL,EPA NPL,"{""external_id"":""FLD039049101"",""npl_status"":""Final NPL"",""saa"":false,""sources"":[""EPA NPL""]}"
superfund_FLD042110841,LANDIA CHEMICAL COMPANY,superfund,28.039444,-81.979167,FL,EPA NPL,"{""external_id"":""FLD042110841"",""npl_status"":""Final NPL"",""saa"":false,""sources"":[""EPA NPL""]}"
superfund_FLD981019235,MADISON COUNTY SANITARY LANDFILL,superfund,30.501111,-83.393750,FL,EPA NPL,"{""external_id"":""FLD981019235"",""npl_status"":""Final NPL"",""saa"":false,""sources"":[""EPA NPL""]}"
superfund_FLD076027820,MIAMI DRUM SERVICES,superfund,25.837219,-80.313061,FL,EPA NPL,"{""external_id"":""FLD076027820"",""npl_status"":""Deleted NPL"",""saa"":false,""sources"":[""EPA NPL""]}"
superfund_FLD088787585,MRI CORP (TAMPA),superfund,+27.960000,-82.355833,FL,EPA NPL,"{""external_id"":""FLD088787585"",""npl_status"":""Final NPL"",""saa"":false,""sources"":[""EPA NPL""]}"
superfund_FLD084535442,MUNISPORT LANDFILL,superfund,25.908331,-80.154169,FL,EPA NPL,"{""external_id"":""FLD084535442"",""npl_status"":""Deleted NPL"",""saa"":false,""sources"":[""EPA NPL""]}"
superfund_FLD980709398,NOCATEE HULL CREOSOTE,superfund,27.11874040,-81.94765093,FL,EPA NPL Superfund boundaries (legacy),"{""external_id"":""FLD980709398"",""geometry_fallback"":""centroid"",""layer"":""SITE_BOUNDARIES_SF"",""npl_status"":null,""saa"":false,""sources"":[""EPA NPL Superfund boundaries (legacy)""]}"
superfund_FLD984229773,NORMANDY PARK APARTMENTS,superfund,28.049444,-82.394722,FL,EPA NPL,"{""external_id"":""FLD984229773"",""npl_status"":""Proposed NPL"",""saa"":false,""sources"":[""EPA NPL""]}"
superfund_FLD980602643,NORTHWEST 58TH STREET LANDFILL,superfund,25.833331,-80.347219,FL,EPA NPL,"{""external_id"":""FLD980602643"",""npl_status"":""Deleted NPL"",""saa"":false,""sources"":[""EPA NPL""]}"
superfund_FLD984169235,ORLANDO GASIFICATION PLANT,superfund,28.54555733,-81.38633065,FL,EPA NPL Superfund boundaries (legacy),"{""external_id"":""FLD984169235"",""geometry_fallback"":""centroid"",""layer"":""SITE_BOUNDARIES_SF"",""npl_status"":null,""saa"":true,""sources"":[""EPA NPL Superfund boundaries (legacy)"",""EPA FOIA-014""]}"
superfund_FLD041140344,PARRAMORE SURPLUS,superfund,30.660689,-84.693750,FL,EPA NPL,"{""external_id"":""FLD041140344"",""npl_status"":""Deleted NPL"",""saa"":false,""sources"":[""EPA NPL""]}"
superfund_FLD004091807,PEAK OIL CO./BAY DRUM CO.,superfund,+27.970800,-82.340400,FL,EPA NPL,"{""external_id"":""FLD004091807"",""npl_status"":""Final NPL"",""saa"":false,""sources"":[""EPA NPL""]}"
superfund_FL9170024567,PENSACOLA NAVAL AIR STATION,superfund,30.357222,-87.283054,FL,EPA NPL,"{""external_id"":""FL9170024567"",""npl_status"":""Final NPL"",""saa"":false,""sources"":[""EPA NPL""]}"
superfund_FLD032544587,"PEPPER STEEL & ALLOYS, INC.",superfund,25.873611,-80.353331,FL,EPA NPL,"{""external_id"":""FLD032544587"",""npl_status"":""Deleted NPL"",""saa"":false,""sources"":[""EPA NPL""]}"
superfund_FLD980798698,PETROLEUM PRODUCTS CORP.,superfund,+25.992600,-80.169600,FL,EPA NPL,"{""external_id"":""FLD980798698"",""npl_status"":""Final NPL"",""saa"":false,""sources"":[""EPA NPL""]}"
superfund_FLD980556351,PICKETTVILLE ROAD LANDFILL,superfund,30.368611,-81.738889,FL,EPA NPL,"{""external_id"":""FLD980556351"",""npl_status"":""Final NPL"",""saa"":false,""sources"":[""EPA NPL""]}"
superfund_FLD056116965,PIONEER SAND CO.,superfund,30.474169,-87.351389,FL,EPA NPL,"{""external_id"":""FLD056116965"",""npl_status"":""Deleted NPL"",""saa"":false,""sources"":[""EPA NPL""]}"
superfund_FLD004054284,PIPER AIRCRAFT CORP./VERO BEACH WATER & SEWER DEPARTMENT,superfund,27.647499,-80.415555,FL,EPA NPL,"{""external_id"":""FLD004054284"",""npl_status"":""Final NPL"",""saa"":false,""sources"":[""EPA NPL""]}"
superfund_FLD004061925,POST AND LUMBER PRESERVING CO INC,superfund,30.592472,-84.510081,FL,EPA NPL,"{""external_id"":""FLD004061925"",""npl_status"":""Final NPL"",""saa"":false,""sources"":[""EPA NPL""]}"
superfund_FLD984227249,RALEIGH STREET DUMP,superfund,27.914417,-82.410861,FL,EPA NPL,"{""external_id"":""FLD984227249"",""npl_status"":""Final NPL"",""saa"":false,""sources"":[""EPA NPL""]}"
superfund_FLD000824896,REEVES SOUTHEASTERN GALVANIZING CORP.,superfund,+27.972500,-82.341939,FL,EPA NPL,"{""external_id"":""FLD000824896"",""npl_status"":""Final NPL"",""saa"":false,""sources"":[""EPA NPL""]}"
superfund_FLD032728032,SANFORD DRY CLEANERS,superfund,28.811217,-81.265606,FL,EPA NPL,"{""external_id"":""FLD032728032"",""npl_status"":""Final NPL"",""saa"":false,""sources"":[""EPA NPL""]}"
superfund_FLD984169193,SANFORD GASIFICATION PLANT,superfund,28.81126235,-81.27663520,FL,EPA NPL Superfund boundaries (legacy),"{""external_id"":""FLD984169193"",""geometry_fallback"":""centroid"",""layer"":""SITE_BOUNDARIES_SF"",""npl_status"":null,""saa"":true,""sources"":[""EPA NPL Superfund boundaries (legacy)"",""EPA FOIA-014""]}"
superfund_FLD980602882,SAPP BATTERY SALVAGE,superfund,30.728331,-85.392500,FL,EPA NPL,"{""external_id"":""FLD980602882"",""npl_status"":""Final NPL"",""saa"":false,""sources"":[""EPA NPL""]}"
superfund_FLD062794003,SCHUYLKILL METALS CORP.,superfund,28.010831,-82.143061,FL,EPA NPL,"{""external_id"":""FLD062794003"",""npl_status"":""Deleted NPL"",""saa"":false,""sources"":[""EPA NPL""]}"
superfund_FLD043861392,SHERWOOD MEDICAL INDUSTRIES,superfund,29.060831,-81.265000,FL,EPA NPL,"{""external_id"":""FLD043861392"",""npl_status"":""Final NPL"",""saa"":false,""sources"":[""EPA NPL""]}"
superfund_FLD980728877,SIXTY-SECOND STREET DUMP,superfund,27.969439,-82.386389,FL,EPA NPL,"{""external_id"":""FLD980728877"",""npl_status"":""Deleted NPL"",""saa"":false,""sources"":[""EPA NPL""]}"
superfund_FLD032845778,SOLITRON DEVICES INC,superfund,26.77981286,-80.07287083,FL,EPA NPL Superfund boundaries (legacy),"{""external_id"":""FLD032845778"",""geometry_fallback"":""centroid"",""layer"":""SITE_BOUNDARIES_SF"",""npl_status"":null,""saa"":true,""sources"":[""EPA NPL Superfund boundaries (legacy)"",""EPA FOIA-014""]}"
superfund_FLD045459526,SOLITRON MICROWAVE,superfund,27.136667,-80.199167,FL,EPA NPL,"{""external_id"":""FLD045459526"",""npl_status"":""Final NPL"",""saa"":false,""sources"":[""EPA NPL""]}"
superfund_FL0001209840,"SOUTHERN SOLVENTS, INC.",superfund,28.040556,-82.510278,FL,EPA NPL,"{""external_id"":""FL0001209840"",""npl_status"":""Final NPL"",""saa"":false,""sources"":[""EPA NPL""]}"
superfund_FLD004072658,SPRAGUE ELECTRIC COMPANY,superfund,28.71588681,-81.32130058,FL,EPA NPL Superfund boundaries (legacy),"{""external_id"":""FLD004072658"",""geometry_fallback"":""centroid"",""layer"":""SITE_BOUNDARIES_SF"",""npl_status"":null,""saa"":false,""sources"":[""EPA NPL Superfund boundaries (legacy)""]}"
superfund_FLD004126520,STANDARD AUTO BUMPER CORP.,superfund,25.844444,-80.289721,FL,EPA NPL,"{""external_id"":""FLD004126520"",""npl_status"":""Deleted NPL"",""saa"":false,""sources"":[""EPA NPL""]}"
superfund_FLD004092532,STAUFFER CHEMICAL CO (TAMPA),superfund,27.963056,-82.370556,FL,EPA NPL,"{""external_id"":""FLD004092532"",""npl_status"":""Final NPL"",""saa"":false,""sources"":[""EPA NPL""]}"
superfund_FLD010596013,STAUFFER CHEMICAL CO. (TARPON SPRINGS),superfund,28.166666,-82.775694,FL,EPA NPL,"{""external_id"":""FLD010596013"",""npl_status"":""Final NPL"",""saa"":false,""sources"":[""EPA NPL""]}"
superfund_FLD000648055,SYDNEY MINE SLUDGE PONDS,superfund,27.929166,-82.209166,FL,EPA NPL,"{""external_id"":""FLD000648055"",""npl_status"":""Final NPL"",""saa"":false,""sources"":[""EPA NPL""]}"
superfund_FLD980494959,TAYLOR ROAD LANDFILL,superfund,28.009719,-82.293050,FL,EPA NPL,"{""external_id"":""FLD980494959"",""npl_status"":""Final NPL"",""saa"":false,""sources"":[""EPA NPL""]}"
superfund_FLD004065546,TOWER CHEMICAL CO.,superfund,28.551389,-81.684719,FL,EPA NPL,"{""external_id"":""FLD004065546"",""npl_status"":""Final NPL"",""saa"":false,""sources"":[""EPA NPL""]}"
superfund_FLD091471904,"TRANS CIRCUITS, INC.",superfund,26.795278,-80.073889,FL,EPA NPL,"{""external_id"":""FLD091471904"",""npl_status"":""Final NPL"",""saa"":false,""sources"":[""EPA NPL""]}"
superfund_FLD070864541,"TRI-CITY OIL CONSERVATIONIST, INC",superfund,28.03188031,-82.40126076,FL,EPA NPL Superfund boundaries (legacy),"{""external_id"":""FLD070864541"",""geometry_fallback"":""centroid"",""layer"":""SITE_BOUNDARIES_SF"",""npl_status"":null,""saa"":false,""sources"":[""EPA NPL Superfund boundaries (legacy)""]}"
superfund_FL1570024124,TYNDALL AIR FORCE BASE,superfund,+30.087500,-85.586667,FL,EPA NPL,"{""external_id"":""FL1570024124"",""npl_status"":""Final NPL"",""saa"":false,""sources"":[""EPA NPL""]}"
superfund_FLD098924038,"UNITED METALS, INC.",superfund,30.685833,-85.168056,FL,EPA NPL,"{""external_id"":""FLD098924038"",""npl_status"":""Final NPL"",""saa"":false,""sources"":[""EPA NPL""]}"
superfund_FL5170022474,USN AIR STATION CECIL FIELD,superfund,+30.238610,-81.902777,FL,EPA NPL,"{""external_id"":""FL5170022474"",""npl_status"":""Final NPL"",""saa"":false,""sources"":[""EPA NPL""]}"
superfund_FLD980602346,VARSOL SPILL,superfund,25.80508097,-80.27700662,FL,EPA NPL Superfund boundaries (legacy),"{""external_id"":""FLD980602346"",""geometry_fallback"":""centroid"",""layer"":""SITE_BOUNDARIES_SF"",""npl_status"":null,""saa"":false,""sources"":[""EPA NPL Superfund boundaries (legacy)""]}"
superfund_FLD982119729,WEST FLORIDA NATURAL GAS COMPANY,superfund,29.19467763,-82.13428446,FL,EPA NPL Superfund boundaries (legacy),"{""external_id"":""FLD982119729"",""geometry_fallback"":""centroid"",""layer"":""SITE_BOUNDARIES_SF"",""npl_status"":null,""saa"":false,""sources"":[""EPA NPL Superfund boundaries (legacy)""]}"
superfund_FLD980602767,WHITEHOUSE OIL PITS,superfund,+30.320100,-81.851300,FL,EPA NPL,"{""external_id"":""FLD980602767"",""npl_status"":""Deleted NPL"",""saa"":false,""sources"":[""EPA NPL""]}"
superfund_FL2170023244,WHITING FIELD NAVAL AIR STATION,superfund,30.709722,-87.020417,FL,EPA NPL,"{""external_id"":""FL2170023244"",""npl_status"":""Final NPL"",""saa"":false,""sources"":[""EPA NPL""]}"
superfund_FLD041184383,"WILSON CONCEPTS OF FLORIDA, INC.",superfund,26.218675,-80.142768,FL,EPA NPL,"{""external_id"":""FLD041184383"",""npl_status"":""Deleted NPL"",""saa"":false,""sources"":[""EPA NPL""]}"
superfund_FLD981021470,WINGATE ROAD MUNICIPAL INCINERATOR DUMP,superfund,+26.144400,-80.184700,FL,EPA NPL,"{""external_id"":""FLD981021470"",""npl_status"":""Final NPL"",""saa"":false,""sources"":[""EPA NPL""]}"
superfund_FLD004146346,WOODBURY CHEMICAL CO. (PRINCETON PLANT),superfund,+25.536700,-80.412400,FL,EPA NPL,"{""external_id"":""FLD004146346"",""npl_status"":""Deleted NPL"",""saa"":false,""sources"":[""EPA NPL""]}"
superfund_FLD980844179,YELLOW WATER ROAD,superfund,+30.280300,-81.971700,FL,EPA NPL,"{""external_id"":""FLD980844179"",""npl_status"":""Deleted NPL"",""saa"":false,""sources"":[""EPA NPL""]}"
superfund_FLD049985302,ZELLWOOD GROUND WATER CONTAMINATION,superfund,+28.731950,-81.613331,FL,EPA NPL,"{""external_id"":""FLD049985302"",""npl_status"":""Final NPL"",""saa"":false,""sources"":[""EPA NPL""]}"
superfund_GAD033582461,ALTERNATE ENERGY RESOURCES INC,superfund,33.454194,-82.036944,GA,EPA NPL,"{""external_id"":""GAD033582461"",""npl_status"":""Final NPL"",""saa"":false,""sources"":[""EPA NPL""]}"
superfund_GAN000410033,ARMSTRONG WORLD INDUSTRIES,superfund,32.773497,-83.651600,GA,EPA NPL,"{""external_id"":""GAN000410033"",""npl_status"":""Final NPL"",""saa"":false,""sources"":[""EPA NPL""]}"
superfund_GAD981024466,BRUNSWICK WOOD PRESERVING,superfund,31.242222,-81.528056,GA,EPA NPL,"{""external_id"":""GAD981024466"",""npl_status"":""Final NPL"",""saa"":false,""sources"":[""EPA NPL""]}"
superfund_GAD008212409,CAMILLA WOOD PRESERVING COMPANY,superfund,+31.222500,-84.203330,GA,EPA NPL,"{""external_id"":""GAD008212409"",""npl_status"":""Final NPL"",""saa"":false,""sources"":[""EPA NPL""]}"
superfund_GAD095840674,"CEDARTOWN INDUSTRIES, INC.",superfund,+34.008200,-85.263600,GA,EPA NPL,"{""external_id"":""GAD095840674"",""npl_status"":""Deleted NPL"",""saa"":false,""sources"":[""EPA NPL""]}"
superfund_GAD980495402,CEDARTOWN MUNICIPAL LANDFILL,superfund,34.015969,-85.282639,GA,EPA NPL,"{""external_id"":""GAD980495402"",""npl_status"":""Deleted NPL"",""saa"":false,""sources"":[""EPA NPL""]}"
superfund_GAD990741092,DIAMOND SHAMROCK CORP. LANDFILL,superfund,+34.020700,-85.271700,GA,EPA NPL,"{""external_id"":""GAD990741092"",""npl_status"":""Deleted NPL"",""saa"":false,""sources"":[""EPA NPL""]}"
superfund_GAD990855074,FIRESTONE TIRE & RUBBER CO. (ALBANY PLANT),superfund,31.565831,-84.053889,GA,EPA NPL,"{""external_id"":""GAD990855074"",""npl_status"":""Final NPL"",""saa"":false,""sources"":[""EPA NPL""]}"
superfund_GAD980556906,HERCULES 009 LANDFILL,superfund,+31.204900,-81.485800,GA,EPA NPL,"{""external_id"":""GAD980556906"",""npl_status"":""Final NPL"",""saa"":false,""sources"":[""EPA NPL""]}"
superfund_GAD099303182,LCP CHEMICALS GEORGIA,superfund,31.189444,-81.508333,GA,EPA NPL,"{""external_id"":""GAD099303182"",""npl_status"":""Final NPL"",""saa"":false,""sources"":[""EPA NPL""]}"
superfund_GAD990855819,"LUMINOUS PROCESSES, INC.",superfund,33.940281,-83.471950,GA,EPA NPL,"{""external_id"":""GAD990855819"",""npl_status"":""Deleted NPL"",""saa"":false,""sources"":[""EPA NPL""]}"
superfund_GAD003302676,MACON NAVAL ORDNANCE PLANT,superfund,32.77642099,-83.64390691,GA,EPA NPL Superfund boundaries (legacy),"{""external_id"":""GAD003302676"",""geometry_fallback"":""centroid"",""layer"":""SITE_BOUNDARIES_SF"",""npl_status"":null,""saa"":false,""sources"":[""EPA NPL Superfund boundaries (legacy)""]}"
superfund_GA7170023694,MARINE CORPS LOGISTICS BASE,superfund,+31.557219,-84.055000,GA,EPA NPL,"{""external_id"":""GA7170023694"",""npl_status"":""Final NPL"",""saa"":false,""sources"":[""EPA NPL""]}"
superfund_GAD991275686,MARZONE INC./CHEVRON CHEMICAL CO.,superfund,+31.428900,-83.501700,GA,EPA NPL,"{""external_id"":""GAD991275686"",""npl_status"":""Final NPL"",""saa"":false,""sources"":[""EPA NPL""]}"
superfund_GAD980838619,MATHIS BROTHERS LANDFILL (SOUTH MARBLE TOP ROAD),superfund,34.797781,-85.377781,GA,EPA NPL,"{""external_id"":""GAD980838619"",""npl_status"":""Final NPL"",""saa"":false,""sources"":[""EPA NPL""]}"
superfund_GAD001700699,MONSANTO CORP. (AUGUSTA PLANT),superfund,+33.389450,-81.993061,GA,EPA NPL,"{""external_id"":""GAD001700699"",""npl_status"":""Deleted NPL"",""saa"":false,""sources"":[""EPA NPL""]}"
superfund_GAN000407449,PEACH ORCHARD RD PCE GROUNDWATER PLUME SITE,superfund,+33.421178,-82.015139,GA,EPA NPL,"{""external_id"":""GAN000407449"",""npl_status"":""Final NPL"",""saa"":false,""sources"":[""EPA NPL""]}"
superfund_GAD980496954,POWERSVILLE SITE,superfund,+32.608890,-83.793600,GA,EPA NPL,"{""external_id"":""GAD980496954"",""npl_status"":""Deleted NPL"",""saa"":false,""sources"":[""EPA NPL""]}"
superfund_GA1570024330,ROBINS AIR FORCE BASE (LANDFILL #4/SLUDGE LAGOON),superfund,32.619983,-83.582075,GA,EPA NPL,"{""external_id"":""GA1570024330"",""npl_status"":""Final NPL"",""saa"":false,""sources"":[""EPA NPL""]}"
superfund_GAD042101261,T.H. AGRICULTURE & NUTRITION CO. (ALBANY PLANT),superfund,31.617361,-84.181661,GA,EPA NPL,"{""external_id"":""GAD042101261"",""npl_status"":""Final NPL"",""saa"":false,""sources"":[""EPA NPL""]}"
superfund_GAD982112658,TERRY CREEK DREDGE SPOIL AREAS/HERCULES OUTFALL,superfund,31.166111,-81.466667,GA,EPA NPL,"{""external_id"":""GAD982112658"",""npl_status"":""Proposed NPL"",""saa"":false,""sources"":[""EPA NPL""]}"
superfund_GAN000407160,WESTSIDE LEAD,superfund,+33.766472,-84.407278,GA,EPA NPL,"{""external_id"":""GAN000407160"",""npl_status"":""Final NPL"",""saa"":false,""sources"":[""EPA NPL""]}"
superfund_GAD003269578,"WOOLFOLK CHEMICAL WORKS, INC.",superfund,32.549581,-83.884161,GA,EPA NPL,"{""external_id"":""GAD003269578"",""npl_status"":""Final NPL"",""saa"":false,""sources"":[""EPA NPL""]}"
superfund_GU6571999519,ANDERSEN AIR FORCE BASE,superfund,13.572916,144.897361,GU,EPA NPL,"{""external_id"":""GU6571999519"",""npl_status"":""Final NPL"",""saa"":false,""sources"":[""EPA NPL""]}"
superfund_GUD980637649,ORDOT LANDFILL,superfund,13.439169,144.747400,GU,EPA NPL,"{""external_id"":""GUD980637649"",""npl_status"":""Final NPL"",""saa"":false,""sources"":[""EPA NPL""]}"
superfund_HID980637631,DEL MONTE CORP. (OAHU PLANTATION),superfund,21.458333,-158.066667,HI,EPA NPL,"{""external_id"":""HID980637631"",""npl_status"":""Final NPL"",""saa"":false,""sources"":[""EPA NPL""]}"
superfund_HI0170090054,NAVAL COMPUTER AND TELECOMMUNICATIONS AREA MASTER STATION EASTERN PACIFIC,superfund,21.519027,-158.005138,HI,EPA NPL,"{""external_id"":""HI0170090054"",""npl_status"":""Final NPL"",""saa"":false,""sources"":[""EPA NPL""]}"
superfund_HI4170090076,PEARL HARBOR NAVAL COMPLEX,superfund,21.388889,-157.983333,HI,EPA NPL,"{""external_id"":""HI4170090076"",""npl_status"":""Final NPL"",""saa"":false,""sources"":[""EPA NPL""]}"
superfund_HI7210090026,SCHOFIELD BARRACKS (USARMY),superfund,21.490694,-158.030139,HI,EPA NPL,"{""external_id"":""HI7210090026"",""npl_status"":""Deleted NPL"",""saa"":false,""sources"":[""EPA NPL""]}"
superfund_IAD042581256,AIDEX CORP.,superfund,+41.143839,-95.813556,IA,EPA NPL,"{""external_id"":""IAD042581256"",""npl_status"":""Deleted NPL"",""saa"":false,""sources"":[""EPA NPL""]}"
superfund_IAD980687933,DES MOINES TCE,superfund,+41.578100,-93.636000,IA,EPA NPL,"{""external_id"":""IAD980687933"",""npl_status"":""Final NPL"",""saa"":false,""sources"":[""EPA NPL""]}"
superfund_IAD980685804,"E.I. DU PONT DE NEMOURS & CO., INC. (COUNTY ROAD X23)",superfund,+40.656467,-91.432639,IA,EPA NPL,"{""external_id"":""IAD980685804"",""npl_status"":""Deleted NPL"",""saa"":false,""sources"":[""EPA NPL""]}"
superfund_IAD005279039,"ELECTRO-COATINGS, INC.",superfund,+41.995300,-91.671389,IA,EPA NPL,"{""external_id"":""IAD005279039"",""npl_status"":""Deleted NPL"",""saa"":false,""sources"":[""EPA NPL""]}"
superfund_IAD981124167,FAIRFIELD COAL GASIFICATION PLANT,superfund,+41.006200,-91.972400,IA,EPA NPL,"{""external_id"":""IAD981124167"",""npl_status"":""Final NPL"",""saa"":false,""sources"":[""EPA NPL""]}"
superfund_IAD022193577,FARMERS' MUTUAL COOPERATIVE,superfund,43.074169,-95.905000,IA,EPA NPL,"{""external_id"":""IAD022193577"",""npl_status"":""Deleted NPL"",""saa"":false,""sources"":[""EPA NPL""]}"
superfund_IAN000706042,HIGHWAY 3 PCE,superfund,+42.793050,-96.166464,IA,EPA NPL,"{""external_id"":""IAN000706042"",""npl_status"":""Final NPL"",""saa"":false,""sources"":[""EPA NPL""]}"
superfund_IA7213820445,IOWA ARMY AMMUNITION PLANT,superfund,40.808331,-91.246669,IA,EPA NPL,"{""external_id"":""IA7213820445"",""npl_status"":""Final NPL"",""saa"":false,""sources"":[""EPA NPL""]}"
superfund_IAD984591172,IOWA CITY FMGP,superfund,41.65543323,-91.53066694,IA,EPA NPL Superfund boundaries (legacy),"{""external_id"":""IAD984591172"",""geometry_fallback"":""centroid"",""layer"":""SITE_BOUNDARIES_SF"",""npl_status"":null,""saa"":true,""sources"":[""EPA NPL Superfund boundaries (legacy)"",""EPA FOIA-014""]}"
superfund_IAD005291182,JOHN DEERE (OTTUMWA WORKS LANDFILLS),superfund,+41.002500,-92.409719,IA,EPA NPL,"{""external_id"":""IAD005291182"",""npl_status"":""Deleted NPL"",""saa"":false,""sources"":[""EPA NPL""]}"
superfund_IAD980631063,LABOUNTY,superfund,+43.058000,-92.669600,IA,EPA NPL,"{""external_id"":""IAD980631063"",""npl_status"":""Deleted NPL"",""saa"":false,""sources"":[""EPA NPL""]}"
superfund_IAD000606038,LAWRENCE TODTZ FARM,superfund,41.787781,-90.292639,IA,EPA NPL,"{""external_id"":""IAD000606038"",""npl_status"":""Final NPL"",""saa"":false,""sources"":[""EPA NPL""]}"
superfund_IAN000705485,LOT 46 VALLEY GARDENS TCE,superfund,41.56533661,-93.65103473,IA,EPA NPL Superfund boundaries (legacy),"{""external_id"":""IAN000705485"",""geometry_fallback"":""centroid"",""layer"":""SITE_BOUNDARIES_SF"",""npl_status"":null,""saa"":false,""sources"":[""EPA NPL Superfund boundaries (legacy)""]}"
superfund_IAD980969190,MASON CITY COAL GASIFICATION PLANT,superfund,+43.147600,-93.199200,IA,EPA NPL,"{""external_id"":""IAD980969190"",""npl_status"":""Final NPL"",""saa"":false,""sources"":[""EPA NPL""]}"
superfund_IAD085824688,MID-AMERICA TANNING CO.,superfund,+42.337500,-96.352219,IA,EPA NPL,"{""external_id"":""IAD085824688"",""npl_status"":""Deleted NPL"",""saa"":false,""sources"":[""EPA NPL""]}"
superfund_IAD069625655,MIDWEST MANUFACTURING/NORTH FARM,superfund,+41.746811,-92.893061,IA,EPA NPL,"{""external_id"":""IAD069625655"",""npl_status"":""Final NPL"",""saa"":false,""sources"":[""EPA NPL""]}"
superfund_IAD980852461,NORTHWESTERN STATES PORTLAND CEMENT CO.,superfund,+43.175000,-93.205000,IA,EPA NPL,"{""external_id"":""IAD980852461"",""npl_status"":""Deleted NPL"",""saa"":false,""sources"":[""EPA NPL""]}"
superfund_IAD039954300,PCE FORMER DRY CLEANER,superfund,+41.403717,-94.995764,IA,EPA NPL,"{""external_id"":""IAD039954300"",""npl_status"":""Final NPL"",""saa"":false,""sources"":[""EPA NPL""]}"
superfund_IAD980852578,PEOPLES NATURAL GAS CO.,superfund,42.505281,-90.658889,IA,EPA NPL,"{""external_id"":""IAD980852578"",""npl_status"":""Final NPL"",""saa"":false,""sources"":[""EPA NPL""]}"
superfund_IA0001610963,RAILROAD AVENUE GROUNDWATER CONTAMINATION,superfund,41.578333,-93.702222,IA,EPA NPL,"{""external_id"":""IA0001610963"",""npl_status"":""Final NPL"",""saa"":false,""sources"":[""EPA NPL""]}"
superfund_IAD980632509,RED OAK CITY LANDFILL,superfund,41.036444,-95.249111,IA,EPA NPL,"{""external_id"":""IAD980632509"",""npl_status"":""Deleted NPL"",""saa"":false,""sources"":[""EPA NPL""]}"
superfund_IAD980630560,SHAW AVENUE DUMP,superfund,+43.056300,-92.663100,IA,EPA NPL,"{""external_id"":""IAD980630560"",""npl_status"":""Final NPL"",""saa"":false,""sources"":[""EPA NPL""]}"
superfund_IAD980630750,SHELLER-GLOBE CORP. DISPOSAL,superfund,+40.466600,-91.413900,IA,EPA NPL,"{""external_id"":""IAD980630750"",""npl_status"":""Deleted NPL"",""saa"":false,""sources"":[""EPA NPL""]}"
superfund_IAD980630487,VOGEL PAINT & WAX CO.,superfund,42.934439,-96.193339,IA,EPA NPL,"{""external_id"":""IAD980630487"",""npl_status"":""Final NPL"",""saa"":false,""sources"":[""EPA NPL""]}"
superfund_IAD984566356,WATERLOO COAL GASIFICATION PLANT,superfund,42.491389,-92.326389,IA,EPA NPL,"{""external_id"":""IAD984566356"",""npl_status"":""Proposed NPL"",""saa"":false,""sources"":[""EPA NPL""]}"
superfund_IAD065210734,WHITE FARM EQUIPMENT CO. DUMP,superfund,+43.085000,-92.680781,IA,EPA NPL,"{""external_id"":""IAD065210734"",""npl_status"":""Deleted NPL"",""saa"":false,""sources"":[""EPA NPL""]}"
superfund_IDD000800961,ARRCOM (DREXLER ENTERPRISES),superfund,+47.784700,-116.945800,ID,EPA NPL,"{""external_id"":""IDD000800961"",""npl_status"":""Deleted NPL"",""saa"":false,""sources"":[""EPA NPL""]}"
superfund_IDN001002859,BALLARD MINE,superfund,42.82511097,-111.49275507,ID,EPA NPL Superfund boundaries (legacy),"{""external_id"":""IDN001002859"",""geometry_fallback"":""centroid"",""layer"":""SITE_BOUNDARIES_SF"",""npl_status"":null,""saa"":false,""sources"":[""EPA NPL Superfund boundaries (legacy)""]}"
superfund_IDD980725832,BLACKBIRD MINE,superfund,+45.116389,-114.264440,ID,EPA NPL,"{""external_id"":""IDD980725832"",""npl_status"":""Proposed NPL"",""saa"":false,""sources"":[""EPA NPL""]}"
superfund_IDD048340921,BUNKER HILL MINING & METALLURGICAL COMPLEX,superfund,+47.543061,-116.161700,ID,EPA NPL,"{""external_id"":""IDD048340921"",""npl_status"":""Final NPL"",""saa"":false,""sources"":[""EPA NPL""]}"
superfund_IDD984666610,EASTERN MICHAUD FLATS CONTAMINATION,superfund,+42.901111,-112.522500,ID,EPA NPL,"{""external_id"":""IDD984666610"",""npl_status"":""Final NPL"",""saa"":false,""sources"":[""EPA NPL""]}"
superfund_ID4890008952,IDAHO NATIONAL ENGINEERING LABORATORY (USDOE),superfund,+43.529389,-112.943500,ID,EPA NPL,"{""external_id"":""ID4890008952"",""npl_status"":""Final NPL"",""saa"":false,""sources"":[""EPA NPL""]}"
superfund_IDD041310707,KERR-MCGEE CHEMICAL CORP. (SODA SPRINGS PLANT),superfund,+42.687219,-111.573600,ID,EPA NPL,"{""external_id"":""IDD041310707"",""npl_status"":""Final NPL"",""saa"":false,""sources"":[""EPA NPL""]}"
superfund_IDD081830994,MONSANTO CHEMICAL CO. (SODA SPRINGS PLANT),superfund,+42.687031,-111.587800,ID,EPA NPL,"{""external_id"":""IDD081830994"",""npl_status"":""Final NPL"",""saa"":false,""sources"":[""EPA NPL""]}"
superfund_ID3572124557,MOUNTAIN HOME AIR FORCE BASE,superfund,+43.048050,-115.864700,ID,EPA NPL,"{""external_id"":""ID3572124557"",""npl_status"":""Final NPL"",""saa"":false,""sources"":[""EPA NPL""]}"
superfund_IDD098812878,PACIFIC HIDE & FUR RECYCLING CO.,superfund,+42.895700,-112.486000,ID,EPA NPL,"{""external_id"":""IDD098812878"",""npl_status"":""Deleted NPL"",""saa"":false,""sources"":[""EPA NPL""]}"
superfund_IDSFN1002095,ST. MARIES CREOSOTE,superfund,+47.321389,-116.575000,ID,EPA NPL,"{""external_id"":""IDSFN1002095"",""npl_status"":""Proposed NPL"",""saa"":false,""sources"":[""EPA NPL""]}"
superfund_IDD980665459,STIBNITE/YELLOW PINE MINING AREA,superfund,+44.892500,-115.345278,ID,EPA NPL,"{""external_id"":""IDD980665459"",""npl_status"":""Proposed NPL"",""saa"":false,""sources"":[""EPA NPL""]}"
superfund_IDD055030852,UNION PACIFIC RAILROAD CO.,superfund,+42.895400,-112.487600,ID,EPA NPL,"{""external_id"":""IDD055030852"",""npl_status"":""Deleted NPL"",""saa"":false,""sources"":[""EPA NPL""]}"
superfund_ILD980397079,"A & F MATERIAL RECLAIMING, INC.",superfund,+39.243900,-88.174000,IL,EPA NPL,"{""external_id"":""ILD980397079"",""npl_status"":""Deleted NPL"",""saa"":false,""sources"":[""EPA NPL""]}"
superfund_ILD053219259,"ACME SOLVENT RECLAIMING, INC. (MORRISTOWN PLANT)",superfund,+42.157700,-89.045500,IL,EPA NPL,"{""external_id"":""ILD053219259"",""npl_status"":""Final NPL"",""saa"":false,""sources"":[""EPA NPL""]}"
superfund_ILN000509241,ACME STEEL COKE PLANT,superfund,41.68960852,-87.56210684,IL,EPA NPL Superfund boundaries (legacy),"{""external_id"":""ILN000509241"",""geometry_fallback"":""centroid"",""layer"":""SITE_BOUNDARIES_SF"",""npl_status"":null,""saa"":false,""sources"":[""EPA NPL Superfund boundaries (legacy)""]}"
superfund_ILD980607055,ADAMS COUNTY QUINCY LANDFILLS 2&3,superfund,39.929444,-91.268472,IL,EPA NPL,"{""external_id"":""ILD980607055"",""npl_status"":""Final NPL"",""saa"":false,""sources"":[""EPA NPL""]}"
superfund_ILSFN0508010,ALCOA PROPERTIES,superfund,38.60234743,-90.12130427,IL,EPA NPL Superfund boundaries (legacy),"{""external_id"":""ILSFN0508010"",""geometry_fallback"":""centroid"",""layer"":""SITE_BOUNDARIES_SF"",""npl_status"":null,""saa"":true,""sources"":[""EPA NPL Superfund boundaries (legacy)"",""EPA FOIA-014""]}"
superfund_ILD002994259,AMOCO CHEMICALS (JOLIET LANDFILL),superfund,41.441669,-88.172781,IL,EPA NPL,"{""external_id"":""ILD002994259"",""npl_status"":""Final NPL"",""saa"":false,""sources"":[""EPA NPL""]}"
superfund_ILN000508170,ASARCO TAYLOR SPRINGS,superfund,39.118677,-89.505458,IL,EPA NPL,"{""external_id"":""ILN000508170"",""npl_status"":""Final NPL"",""saa"":false,""sources"":[""EPA NPL""]}"
superfund_ILN000510407,BAUTSCH-GRAY MINE,superfund,42.357422,-90.398569,IL,EPA NPL,"{""external_id"":""ILN000510407"",""npl_status"":""Final NPL"",""saa"":false,""sources"":[""EPA NPL""]}"
superfund_ILD021440375,BELOIT CORP.,superfund,+42.468611,-89.065550,IL,EPA NPL,"{""external_id"":""ILD021440375"",""npl_status"":""Final NPL"",""saa"":false,""sources"":[""EPA NPL""]}"
superfund_ILD980497663,BELVIDERE MUNICIPAL LANDFILL,superfund,+42.264300,-88.872300,IL,EPA NPL,"{""external_id"":""ILD980497663"",""npl_status"":""Deleted NPL"",""saa"":false,""sources"":[""EPA NPL""]}"
superfund_ILD010236230,BYRON SALVAGE YARD,superfund,+42.081667,-89.295833,IL,EPA NPL,"{""external_id"":""ILD010236230"",""npl_status"":""Final NPL"",""saa"":false,""sources"":[""EPA NPL""]}"
superfund_ILD981781065,CENTRAL ILLINOIS PUBLIC SERVICE CO.,superfund,+39.540400,-89.297500,IL,EPA NPL,"{""external_id"":""ILD981781065"",""npl_status"":""Final NPL"",""saa"":false,""sources"":[""EPA NPL""]}"
superfund_ILD048843809,CHEMETCO,superfund,38.79579322,-90.09660492,IL,EPA NPL Superfund boundaries (legacy),"{""external_id"":""ILD048843809"",""geometry_fallback"":""centroid"",""layer"":""SITE_BOUNDARIES_SF"",""npl_status"":null,""saa"":false,""sources"":[""EPA NPL Superfund boundaries (legacy)""]}"
superfund_ILD050231976,CIRCLE SMELTING CORP.,superfund,38.608333,-89.420833,IL,EPA NPL,"{""external_id"":""ILD050231976"",""npl_status"":""Proposed NPL"",""saa"":false,""sources"":[""EPA NPL""]}"
superfund_ILD980792303,CROSS BROTHERS PAIL RECYCLING (PEMBROKE),superfund,+41.090900,-87.589300,IL,EPA NPL,"{""external_id"":""ILD980792303"",""npl_status"":""Final NPL"",""saa"":false,""sources"":[""EPA NPL""]}"
superfund_ILD062340641,DEPUE/NEW JERSEY ZINC/MOBIL CHEMICAL CORP.,superfund,41.327778,-89.304167,IL,EPA NPL,"{""external_id"":""ILD062340641"",""npl_status"":""Final NPL"",""saa"":false,""sources"":[""EPA NPL""]}"
superfund_ILD980606305,DUPAGE COUNTY LANDFILL/BLACKWELL FOREST PRESERVE,superfund,+41.832600,-88.178700,IL,EPA NPL,"{""external_id"":""ILD980606305"",""npl_status"":""Deleted NPL"",""saa"":false,""sources"":[""EPA NPL""]}"
superfund_ILD980606941,EAGLE ZINC CO DIV T L DIAMOND,superfund,39.161167,-89.476417,IL,EPA NPL,"{""external_id"":""ILD980606941"",""npl_status"":""Final NPL"",""saa"":false,""sources"":[""EPA NPL""]}"
superfund_ILN000508246,ELLSWORTH INDUSTRIAL PARK,superfund,41.78395382,-88.03726455,IL,EPA NPL Superfund boundaries (legacy),"{""external_id"":""ILN000508246"",""geometry_fallback"":""centroid"",""layer"":""SITE_BOUNDARIES_SF"",""npl_status"":null,""saa"":true,""sources"":[""EPA NPL Superfund boundaries (legacy)"",""EPA FOIA-014""]}"
superfund_ILD099213498,ESTECH GENERAL CHEMICAL COMPANY,superfund,41.62933596,-87.52871759,IL,EPA NPL Superfund boundaries (legacy),"{""external_id"":""ILD099213498"",""geometry_fallback"":""centroid"",""layer"":""SITE_BOUNDARIES_SF"",""npl_status"":null,""saa"":false,""sources"":[""EPA NPL Superfund boundaries (legacy)""]}"
superfund_ILD984836734,EVERGREEN MANOR GROUND WATER CONTAMINATION,superfund,42.44222315,-89.02432284,IL,EPA NPL Superfund boundaries (legacy),"{""external_id"":""ILD984836734"",""geometry_fallback"":""centroid"",""layer"":""SITE_BOUNDARIES_SF"",""npl_status"":null,""saa"":false,""sources"":[""EPA NPL Superfund boundaries (legacy)""]}"
superfund_ILD990817991,GALESBURG/KOPPERS CO.,superfund,40.895831,-90.395839,IL,EPA NPL,"{""external_id"":""ILD990817991"",""npl_status"":""Final NPL"",""saa"":false,""sources"":[""EPA NPL""]}"
superfund_ILD980605836,H.O.D. LANDFILL,superfund,+42.475300,-88.081900,IL,EPA NPL,"{""external_id"":""ILD980605836"",""npl_status"":""Final NPL"",""saa"":false,""sources"":[""EPA NPL""]}"
superfund_ILN000508134,HEGELER ZINC,superfund,40.076322,-87.650092,IL,EPA NPL,"{""external_id"":""ILN000508134"",""npl_status"":""Final NPL"",""saa"":false,""sources"":[""EPA NPL""]}"
superfund_ILD980996789,ILADA ENERGY CO.,superfund,+37.258400,-89.463500,IL,EPA NPL,"{""external_id"":""ILD980996789"",""npl_status"":""Deleted NPL"",""saa"":false,""sources"":[""EPA NPL""]}"
superfund_ILD042671248,INDIAN REFINERY-TEXACO LAWRENCEVILLE,superfund,38.71071989,-87.68240487,IL,EPA NPL Superfund boundaries (legacy),"{""external_id"":""ILD042671248"",""geometry_fallback"":""centroid"",""layer"":""SITE_BOUNDARIES_SF"",""npl_status"":null,""saa"":false,""sources"":[""EPA NPL Superfund boundaries (legacy)""]}"
superfund_ILT180011975,"INTERSTATE POLLUTION CONTROL, INC.",superfund,+42.241000,-89.098000,IL,EPA NPL,"{""external_id"":""ILT180011975"",""npl_status"":""Final NPL"",""saa"":false,""sources"":[""EPA NPL""]}"
superfund_ILD006282479,JENNISON-WRIGHT CORPORATION,superfund,38.708333,-90.152500,IL,EPA NPL,"{""external_id"":""ILD006282479"",""npl_status"":""Final NPL"",""saa"":false,""sources"":[""EPA NPL""]}"
superfund_ILD005443544,JOHNS-MANVILLE CORP.,superfund,42.386669,-87.811669,IL,EPA NPL,"{""external_id"":""ILD005443544"",""npl_status"":""Final NPL"",""saa"":false,""sources"":[""EPA NPL""]}"
superfund_IL0210090049,JOLIET ARMY AMMUNITION PLANT (LOAD-ASSEMBLY-PACKING AREA),superfund,+41.366200,-88.077200,IL,EPA NPL,"{""external_id"":""IL0210090049"",""npl_status"":""Final NPL"",""saa"":false,""sources"":[""EPA NPL""]}"
superfund_IL7213820460,JOLIET ARMY AMMUNITION PLANT (MANUFACTURING AREA),superfund,+41.376200,-88.156300,IL,EPA NPL,"{""external_id"":""IL7213820460"",""npl_status"":""Final NPL"",""saa"":false,""sources"":[""EPA NPL""]}"
superfund_ILD980823991,KERR-MCGEE (KRESS CREEK/WEST BRANCH OF DUPAGE RIVER),superfund,41.863611,-88.209300,IL,EPA NPL,"{""external_id"":""ILD980823991"",""npl_status"":""Deleted NPL"",""saa"":false,""sources"":[""EPA NPL""]}"
superfund_ILD980824007,KERR-MCGEE (REED-KEPPLER PARK),superfund,41.891939,-88.208339,IL,EPA NPL,"{""external_id"":""ILD980824007"",""npl_status"":""Deleted NPL"",""saa"":false,""sources"":[""EPA NPL""]}"
superfund_ILD980824015,KERR-MCGEE (RESIDENTIAL AREAS),superfund,41.87760171,-88.20468517,IL,EPA NPL Superfund boundaries (legacy),"{""external_id"":""ILD980824015"",""geometry_fallback"":""centroid"",""layer"":""SITE_BOUNDARIES_SF"",""npl_status"":null,""saa"":false,""sources"":[""EPA NPL Superfund boundaries (legacy)""]}"
superfund_ILD980824031,KERR-MCGEE (SEWAGE TREATMENT PLANT),superfund,+41.863590,-88.193140,IL,EPA NPL,"{""external_id"":""ILD980824031"",""npl_status"":""Deleted NPL"",""saa"":false,""sources"":[""EPA NPL""]}"
superfund_ILD000716852,LAKE CALUMET CLUSTER,superfund,41.679444,-87.568889,IL,EPA NPL,"{""external_id"":""ILD000716852"",""npl_status"":""Final NPL"",""saa"":false,""sources"":[""EPA NPL""]}"
superfund_ILD980794333,LASALLE ELECTRIC UTILITIES,superfund,41.354169,-89.097500,IL,EPA NPL,"{""external_id"":""ILD980794333"",""npl_status"":""Final NPL"",""saa"":false,""sources"":[""EPA NPL""]}"
superfund_ILD005451711,"LENZ OIL SERVICE, INC.",superfund,+41.706800,-87.942200,IL,EPA NPL,"{""external_id"":""ILD005451711"",""npl_status"":""Final NPL"",""saa"":false,""sources"":[""EPA NPL""]}"
superfund_IL0000064782,MATTHIESSEN AND HEGELER ZINC COMPANY,superfund,+41.342150,-89.083067,IL,EPA NPL,"{""external_id"":""IL0000064782"",""npl_status"":""Final NPL"",""saa"":false,""sources"":[""EPA NPL""]}"
superfund_ILD980497788,MIG/DEWANE LANDFILL,superfund,42.255917,-88.806944,IL,EPA NPL,"{""external_id"":""ILD980497788"",""npl_status"":""Final NPL"",""saa"":false,""sources"":[""EPA NPL""]}"
superfund_ILD096731468,NL INDUSTRIES/TARACORP LEAD SMELTER,superfund,+38.695000,-90.158331,IL,EPA NPL,"{""external_id"":""ILD096731468"",""npl_status"":""Final NPL"",""saa"":false,""sources"":[""EPA NPL""]}"
superfund_ILD984807990,NORTH SHORE GAS (NSG) NORTH PLANT,superfund,42.37320923,-87.82452118,IL,EPA NPL Superfund boundaries (legacy),"{""external_id"":""ILD984807990"",""geometry_fallback"":""centroid"",""layer"":""SITE_BOUNDARIES_SF"",""npl_status"":null,""saa"":false,""sources"":[""EPA NPL Superfund boundaries (legacy)""]}"
superfund_ILD984809228,NORTH SHORE GAS SOUTH PLANT,superfund,42.35847390,-87.82556533,IL,EPA NPL Superfund boundaries (legacy),"{""external_id"":""ILD984809228"",""geometry_fallback"":""centroid"",""layer"":""SITE_BOUNDARIES_SF"",""npl_status"":null,""saa"":false,""sources"":[""EPA NPL Superfund boundaries (legacy)""]}"
superfund_IL0000034355,OLD AMERICAN ZINC PLANT,superfund,+38.648000,-90.099000,IL,EPA NPL,"{""external_id"":""IL0000034355"",""npl_status"":""Final NPL"",""saa"":false,""sources"":[""EPA NPL""]}"
superfund_ILD980606750,OTTAWA RADIATION AREAS,superfund,41.351667,-88.836111,IL,EPA NPL,"{""external_id"":""ILD980606750"",""npl_status"":""Final NPL"",""saa"":false,""sources"":[""EPA NPL""]}"
superfund_ILD005468616,OTTAWA TOWNSHIP FLAT GLASS SITE,superfund,41.33029902,-88.87232790,IL,EPA NPL Superfund boundaries (legacy),"{""external_id"":""ILD005468616"",""geometry_fallback"":""centroid"",""layer"":""SITE_BOUNDARIES_SF"",""npl_status"":null,""saa"":false,""sources"":[""EPA NPL Superfund boundaries (legacy)""]}"
superfund_ILD000802827,OUTBOARD MARINE CORP.,superfund,42.365281,-87.821111,IL,EPA NPL,"{""external_id"":""ILD000802827"",""npl_status"":""Final NPL"",""saa"":false,""sources"":[""EPA NPL""]}"
superfund_ILD980606685,PAGEL'S PIT,superfund,42.158331,-89.056661,IL,EPA NPL,"{""external_id"":""ILD980606685"",""npl_status"":""Final NPL"",""saa"":false,""sources"":[""EPA NPL""]}"
superfund_ILD005252432,PARSONS CASKET HARDWARE CO.,superfund,+42.269200,-088.836000,IL,EPA NPL,"{""external_id"":""ILD005252432"",""npl_status"":""Final NPL"",""saa"":false,""sources"":[""EPA NPL""]}"
superfund_ILN000510192,PEOPLES GAS CRAWFORD STATION FORMER MGP,superfund,41.82764100,-87.73258630,IL,EPA NPL Superfund boundaries (legacy),"{""external_id"":""ILN000510192"",""geometry_fallback"":""centroid"",""layer"":""SITE_BOUNDARIES_SF"",""npl_status"":null,""saa"":true,""sources"":[""EPA NPL Superfund boundaries (legacy)"",""EPA FOIA-014""]}"
superfund_ILN000510195,PEOPLES GAS HAWTHORNE AVENUE FORMER MGP,superfund,41.913061,-87.654398,IL,EPA FOIA-014,"{""coordinate_basis"":""address_geocoded"",""external_id"":""ILN000510195"",""npl_status"":null,""saa"":true,""sources"":[""EPA FOIA-014""]}"
superfund_ILN000510190,PEOPLES GAS HOUGH PLACE STATION FORMER MGP,superfund,41.8475176,-87.6524675,IL,EPA FOIA-014,"{""coordinate_basis"":""address_geocoded"",""external_id"":""ILN000510190"",""npl_status"":null,""saa"":true,""sources"":[""EPA FOIA-014""]}"
superfund_ILD982074767,PEOPLES GAS LIGHT & COKE - 22ND ST,superfund,41.85031160,-87.65676722,IL,EPA NPL Superfund boundaries (legacy),"{""external_id"":""ILD982074767"",""geometry_fallback"":""centroid"",""layer"":""SITE_BOUNDARIES_SF"",""npl_status"":null,""saa"":true,""sources"":[""EPA NPL Superfund boundaries (legacy)"",""EPA FOIA-014""]}"
superfund_ILD982074783,PEOPLES GAS LIGHT & COKE - DIVISION ST,superfund,41.90196908,-87.65738569,IL,EPA NPL Superfund boundaries (legacy),"{""external_id"":""ILD982074783"",""geometry_fallback"":""centroid"",""layer"":""SITE_BOUNDARIES_SF"",""npl_status"":null,""saa"":true,""sources"":[""EPA NPL Superfund boundaries (legacy)"",""EPA FOIA-014""]}"
superfund_ILD982074775,PEOPLES GAS LIGHT & COKE NORTH STA,superfund,41.90208686,-87.64673475,IL,EPA NPL Superfund boundaries (legacy),"{""external_id"":""ILD982074775"",""geometry_fallback"":""centroid"",""layer"":""SITE_BOUNDARIES_SF"",""npl_status"":null,""saa"":true,""sources"":[""EPA NPL Superfund boundaries (legacy)"",""EPA FOIA-014""]}"
superfund_ILD982074759,PEOPLES GAS LIGHT & COKE WILLOW ST STATION,superfund,41.91221685,-87.65692215,IL,EPA NPL Superfund boundaries (legacy),"{""external_id"":""ILD982074759"",""geometry_fallback"":""centroid"",""layer"":""SITE_BOUNDARIES_SF"",""npl_status"":null,""saa"":true,""sources"":[""EPA NPL Superfund boundaries (legacy)"",""EPA FOIA-014""]}"
superfund_ILN000510193,PEOPLES GAS NORTH SHORE AVENUE STATION FORMER MGP,superfund,42.00260467,-87.71069531,IL,EPA NPL Superfund boundaries (legacy),"{""external_id"":""ILN000510193"",""geometry_fallback"":""centroid"",""layer"":""SITE_BOUNDARIES_SF"",""npl_status"":null,""saa"":true,""sources"":[""EPA NPL Superfund boundaries (legacy)"",""EPA FOIA-014""]}"
superfund_ILN000510196,PEOPLES GAS PITNEY COURT FORMER MGP,superfund,41.8378469,-87.662426,IL,EPA FOIA-014,"{""coordinate_basis"":""address_geocoded"",""external_id"":""ILN000510196"",""npl_status"":null,""saa"":true,""sources"":[""EPA FOIA-014""]}"
superfund_ILN000510191,PEOPLES GAS SOUTH STATION FORMER MGP,superfund,41.84414209,-87.66221973,IL,EPA NPL Superfund boundaries (legacy),"{""external_id"":""ILN000510191"",""geometry_fallback"":""centroid"",""layer"":""SITE_BOUNDARIES_SF"",""npl_status"":null,""saa"":true,""sources"":[""EPA NPL Superfund boundaries (legacy)"",""EPA FOIA-014""]}"
superfund_ILN000510194,PEOPLES GAS THROOP STREET FORMER MGP,superfund,41.84663277,-87.65776660,IL,EPA NPL Superfund boundaries (legacy),"{""external_id"":""ILN000510194"",""geometry_fallback"":""centroid"",""layer"":""SITE_BOUNDARIES_SF"",""npl_status"":null,""saa"":true,""sources"":[""EPA NPL Superfund boundaries (legacy)"",""EPA FOIA-014""]}"
superfund_ILD003817137,PETERSEN SAND & GRAVEL,superfund,42.31491150,-87.95084126,IL,EPA NPL Superfund boundaries (legacy),"{""external_id"":""ILD003817137"",""geometry_fallback"":""centroid"",""layer"":""SITE_BOUNDARIES_SF"",""npl_status"":null,""saa"":false,""sources"":[""EPA NPL Superfund boundaries (legacy)""]}"
superfund_ILD053980454,SANDOVAL ZINC COMPANY,superfund,+38.613061,-89.108251,IL,EPA NPL,"{""external_id"":""ILD053980454"",""npl_status"":""Final NPL"",""saa"":false,""sources"":[""EPA NPL""]}"
superfund_IL8143609487,SANGAMO ELECTRIC DUMP/CRAB ORCHARD NATIONAL WILDLIFE REFUGE (USDOI),superfund,37.693194,-89.014722,IL,EPA NPL,"{""external_id"":""IL8143609487"",""npl_status"":""Final NPL"",""saa"":false,""sources"":[""EPA NPL""]}"
superfund_ILD980792006,SAUGET AREA 1,superfund,38.585833,-90.172917,IL,EPA NPL,"{""external_id"":""ILD980792006"",""npl_status"":""Proposed NPL"",""saa"":false,""sources"":[""EPA NPL""]}"
superfund_ILD000605790,SAUGET AREA 2,superfund,38.597361,-90.182222,IL,EPA NPL,"{""external_id"":""ILD000605790"",""npl_status"":""Proposed NPL"",""saa"":false,""sources"":[""EPA NPL""]}"
superfund_IL3210020803,SAVANNA ARMY DEPOT ACTIVITY,superfund,+42.210000,-90.313331,IL,EPA NPL,"{""external_id"":""IL3210020803"",""npl_status"":""Final NPL"",""saa"":false,""sources"":[""EPA NPL""]}"
superfund_ILN000505540,SCHROUD PROPERTY,superfund,+41.662606,-87.543503,IL,EPA NPL,"{""external_id"":""ILN000505540"",""npl_status"":""Final NPL"",""saa"":false,""sources"":[""EPA NPL""]}"
superfund_ILD981000417,SOUTHEAST ROCKFORD GROUND WATER CONTAMINATION,superfund,+42.230689,-89.071111,IL,EPA NPL,"{""external_id"":""ILD981000417"",""npl_status"":""Final NPL"",""saa"":false,""sources"":[""EPA NPL""]}"
superfund_ILD048306138,"TRI-COUNTY LANDFILL CO./WASTE MANAGEMENT OF ILLINOIS, INC.",superfund,+41.983200,-088.271200,IL,EPA NPL,"{""external_id"":""ILD048306138"",""npl_status"":""Final NPL"",""saa"":false,""sources"":[""EPA NPL""]}"
superfund_ILD000814673,VELSICOL CHEMICAL CORP. (MARSHALL PLANT),superfund,39.410831,-87.699169,IL,EPA NPL,"{""external_id"":""ILD000814673"",""npl_status"":""Final NPL"",""saa"":false,""sources"":[""EPA NPL""]}"
superfund_ILD047019732,WAUCONDA SAND & GRAVEL,superfund,+42.281389,-88.137500,IL,EPA NPL,"{""external_id"":""ILD047019732"",""npl_status"":""Final NPL"",""saa"":false,""sources"":[""EPA NPL""]}"
superfund_ILD980605943,WOODSTOCK MUNICIPAL LANDFILL,superfund,+42.292300,-088.440200,IL,EPA NPL,"{""external_id"":""ILD980605943"",""npl_status"":""Final NPL"",""saa"":false,""sources"":[""EPA NPL""]}"
superfund_ILD980500102,YEOMAN CREEK LANDFILL,superfund,42.388889,-87.848611,IL,EPA NPL,"{""external_id"":""ILD980500102"",""npl_status"":""Final NPL"",""saa"":false,""sources"":[""EPA NPL""]}"
superfund_IND016360265,"AMERICAN CHEMICAL SERVICE, INC.",superfund,+41.514200,-87.419100,IN,EPA NPL,"{""external_id"":""IND016360265"",""npl_status"":""Final NPL"",""saa"":false,""sources"":[""EPA NPL""]}"
superfund_IND980904379,BECK'S LAKE,superfund,41.676581,-86.297514,IN,EPA NPL,"{""external_id"":""IND980904379"",""npl_status"":""Final NPL"",""saa"":false,""sources"":[""EPA NPL""]}"
superfund_IND006418651,BENNETT STONE QUARRY,superfund,+39.190200,-86.561200,IN,EPA NPL,"{""external_id"":""IND006418651"",""npl_status"":""Deleted NPL"",""saa"":false,""sources"":[""EPA NPL""]}"
superfund_INN000510915,BROADWAY STREET CORRIDOR GROUNDWATER CONTAMINATION,superfund,40.11823806,-85.67893579,IN,EPA NPL Superfund boundaries (legacy),"{""external_id"":""INN000510915"",""geometry_fallback"":""centroid"",""layer"":""SITE_BOUNDARIES_SF"",""npl_status"":null,""saa"":false,""sources"":[""EPA NPL Superfund boundaries (legacy)""]}"
superfund_IND005480462,CAM-OR INC.,superfund,41.546528,-86.899306,IN,EPA NPL,"{""external_id"":""IND005480462"",""npl_status"":""Final NPL"",""saa"":false,""sources"":[""EPA NPL""]}"
superfund_IND016395899,CARTER LEE LUMBER CO.,superfund,+39.765400,-86.191800,IN,EPA NPL,"{""external_id"":""IND016395899"",""npl_status"":""Deleted NPL"",""saa"":false,""sources"":[""EPA NPL""]}"
superfund_INN000510272,CLIFF DRIVE GROUNDWATER CONTAMINATION,superfund,40.74555889,-86.40267833,IN,EPA NPL Superfund boundaries (legacy),"{""external_id"":""INN000510272"",""geometry_fallback"":""centroid"",""layer"":""SITE_BOUNDARIES_SF"",""npl_status"":null,""saa"":false,""sources"":[""EPA NPL Superfund boundaries (legacy)""]}"
superfund_IND980607626,COLUMBUS OLD MUNICIPAL LANDFILL #1,superfund,+39.197400,-85.926000,IN,EPA NPL,"{""external_id"":""IND980607626"",""npl_status"":""Deleted NPL"",""saa"":false,""sources"":[""EPA NPL""]}"
superfund_IND000715490,CONRAIL RAIL YARD (ELKHART),superfund,+41.663400,-86.011500,IN,EPA NPL,"{""external_id"":""IND000715490"",""npl_status"":""Final NPL"",""saa"":false,""sources"":[""EPA NPL""]}"
superfund_IND001213503,CONTINENTAL STEEL CORP.,superfund,40.474169,-86.156299,IN,EPA NPL,"{""external_id"":""IND001213503"",""npl_status"":""Final NPL"",""saa"":false,""sources"":[""EPA NPL""]}"
superfund_IND980607881,"DOUGLAS ROAD/UNIROYAL, INC., LANDFILL",superfund,+41.713200,-86.192600,IN,EPA NPL,"{""external_id"":""IND980607881"",""npl_status"":""Final NPL"",""saa"":false,""sources"":[""EPA NPL""]}"
superfund_INN000509938,ELM STREET GROUND WATER CONTAMINATION,superfund,+39.476586,-87.414319,IN,EPA NPL,"{""external_id"":""INN000509938"",""npl_status"":""Final NPL"",""saa"":false,""sources"":[""EPA NPL""]}"
superfund_IND084259951,ENVIROCHEM CORP.,superfund,+40.029350,-86.279030,IN,EPA NPL,"{""external_id"":""IND084259951"",""npl_status"":""Final NPL"",""saa"":false,""sources"":[""EPA NPL""]}"
superfund_IND005444104,FEDERATED METALS CORP WHITING,superfund,+41.672435,-87.496064,IN,EPA NPL,"{""external_id"":""IND005444104"",""npl_status"":""Final NPL"",""saa"":false,""sources"":[""EPA NPL""]}"
superfund_IND074315896,FISHER-CALO,superfund,+41.508100,-86.670900,IN,EPA NPL,"{""external_id"":""IND074315896"",""npl_status"":""Final NPL"",""saa"":false,""sources"":[""EPA NPL""]}"
superfund_IND980679542,FORT WAYNE REDUCTION DUMP,superfund,+41.075000,-85.066669,IN,EPA NPL,"{""external_id"":""IND980679542"",""npl_status"":""Final NPL"",""saa"":false,""sources"":[""EPA NPL""]}"
superfund_INN000510959,FRANKLIN STREET GROUNDWATER CONTAMINATION,superfund,39.28593516,-86.76563995,IN,EPA NPL Superfund boundaries (legacy),"{""external_id"":""INN000510959"",""geometry_fallback"":""centroid"",""layer"":""SITE_BOUNDARIES_SF"",""npl_status"":null,""saa"":false,""sources"":[""EPA NPL Superfund boundaries (legacy)""]}"
superfund_IND980999635,GALEN MYERS DUMP/DRUM SALVAGE,superfund,41.695839,-086.087500,IN,EPA NPL,"{""external_id"":""IND980999635"",""npl_status"":""Final NPL"",""saa"":false,""sources"":[""EPA NPL""]}"
superfund_INN000508642,GARDEN CITY GROUND WATER PLUME,superfund,39.186075,-85.930472,IN,EPA NPL,"{""external_id"":""INN000508642"",""npl_status"":""Final NPL"",""saa"":false,""sources"":[""EPA NPL""]}"
superfund_IND077005916,GARY DEVELOPMENT LANDFILL,superfund,41.61422854,-87.42622766,IN,EPA NPL Superfund boundaries (legacy),"{""external_id"":""IND077005916"",""geometry_fallback"":""centroid"",""layer"":""SITE_BOUNDARIES_SF"",""npl_status"":null,""saa"":false,""sources"":[""EPA NPL Superfund boundaries (legacy)""]}"
superfund_IND980500292,HIMCO DUMP,superfund,+41.707300,-86.008400,IN,EPA NPL,"{""external_id"":""IND980500292"",""npl_status"":""Final NPL"",""saa"":false,""sources"":[""EPA NPL""]}"
superfund_INT190010876,INTERNATIONAL MINERALS (E. PLANT),superfund,39.437781,-87.391389,IN,EPA NPL,"{""external_id"":""INT190010876"",""npl_status"":""Deleted NPL"",""saa"":false,""sources"":[""EPA NPL""]}"
superfund_INN000508142,JACOBSVILLE NEIGHBORHOOD SOIL CONTAMINATION,superfund,37.979297,-87.563989,IN,EPA NPL,"{""external_id"":""INN000508142"",""npl_status"":""Final NPL"",""saa"":false,""sources"":[""EPA NPL""]}"
superfund_INN000510399,KEYSTONE CORRIDOR GROUND WATER CONTAMINATION,superfund,39.834722,-86.121667,IN,EPA NPL,"{""external_id"":""INN000510399"",""npl_status"":""Final NPL"",""saa"":false,""sources"":[""EPA NPL""]}"
superfund_INN000510479,KOKOMO CONTAMINATED GROUND WATER PLUME,superfund,40.48603915,-86.10010157,IN,EPA NPL Superfund boundaries (legacy),"{""external_id"":""INN000510479"",""geometry_fallback"":""centroid"",""layer"":""SITE_BOUNDARIES_SF"",""npl_status"":null,""saa"":false,""sources"":[""EPA NPL Superfund boundaries (legacy)""]}"
superfund_IND980500524,LAKE SANDY JO (M&M LANDFILL),superfund,+41.570839,-87.382231,IN,EPA NPL,"{""external_id"":""IND980500524"",""npl_status"":""Final NPL"",""saa"":false,""sources"":[""EPA NPL""]}"
superfund_IND064703200,"LAKELAND DISPOSAL SERVICE, INC.",superfund,+41.147500,-85.917219,IN,EPA NPL,"{""external_id"":""IND064703200"",""npl_status"":""Final NPL"",""saa"":false,""sources"":[""EPA NPL""]}"
superfund_INN000510229,LANE STREET GROUND WATER CONTAMINATION,superfund,41.716847,-85.921006,IN,EPA NPL,"{""external_id"":""INN000510229"",""npl_status"":""Final NPL"",""saa"":false,""sources"":[""EPA NPL""]}"
superfund_IND980794341,LEMON LANE LANDFILL,superfund,+39.173100,-86.559800,IN,EPA NPL,"{""external_id"":""IND980794341"",""npl_status"":""Deleted NPL"",""saa"":false,""sources"":[""EPA NPL""]}"
superfund_IND982073785,LUSHER STREET GROUND WATER CONTAMINATION,superfund,41.672922,-85.996225,IN,EPA NPL,"{""external_id"":""IND982073785"",""npl_status"":""Final NPL"",""saa"":false,""sources"":[""EPA NPL""]}"
superfund_IND980794358,MAIN STREET WELL FIELD,superfund,41.696389,-85.979161,IN,EPA NPL,"{""external_id"":""IND980794358"",""npl_status"":""Final NPL"",""saa"":false,""sources"":[""EPA NPL""]}"
superfund_IND980794366,MARION (BRAGG) DUMP,superfund,40.537781,-85.633061,IN,EPA NPL,"{""external_id"":""IND980794366"",""npl_status"":""Final NPL"",""saa"":false,""sources"":[""EPA NPL""]}"
superfund_IND980615421,MIDCO I,superfund,+41.589500,-87.428400,IN,EPA NPL,"{""external_id"":""IND980615421"",""npl_status"":""Final NPL"",""saa"":false,""sources"":[""EPA NPL""]}"
superfund_IND980679559,MIDCO II,superfund,41.622781,-87.408611,IN,EPA NPL,"{""external_id"":""IND980679559"",""npl_status"":""Final NPL"",""saa"":false,""sources"":[""EPA NPL""]}"
superfund_IND980794549,NEAL'S DUMP (SPENCER),superfund,+39.238100,-086.796800,IN,EPA NPL,"{""external_id"":""IND980794549"",""npl_status"":""Deleted NPL"",""saa"":false,""sources"":[""EPA NPL""]}"
superfund_IND980614556,NEAL'S LANDFILL (BLOOMINGTON),superfund,+39.166700,-86.640500,IN,EPA NPL,"{""external_id"":""IND980614556"",""npl_status"":""Deleted NPL"",""saa"":false,""sources"":[""EPA NPL""]}"
superfund_IND980794432,NINTH AVENUE DUMP,superfund,+41.593400,-087.429000,IN,EPA NPL,"{""external_id"":""IND980794432"",""npl_status"":""Final NPL"",""saa"":false,""sources"":[""EPA NPL""]}"
superfund_INN000510667,NORTH 5TH STREET GROUNDWATER CONTAMINATION,superfund,41.59033079,-85.83384246,IN,EPA NPL Superfund boundaries (legacy),"{""external_id"":""INN000510667"",""geometry_fallback"":""centroid"",""layer"":""SITE_BOUNDARIES_SF"",""npl_status"":null,""saa"":false,""sources"":[""EPA NPL Superfund boundaries (legacy)""]}"
superfund_INSFN0507828,NORTH SHORE DRIVE,superfund,41.68550155,-86.05420553,IN,EPA NPL Superfund boundaries (legacy),"{""external_id"":""INSFN0507828"",""geometry_fallback"":""centroid"",""layer"":""SITE_BOUNDARIES_SF"",""npl_status"":null,""saa"":false,""sources"":[""EPA NPL Superfund boundaries (legacy)""]}"
superfund_IND050530872,"NORTHSIDE SANITARY LANDFILL, INC",superfund,40.028331,-86.273331,IN,EPA NPL,"{""external_id"":""IND050530872"",""npl_status"":""Final NPL"",""saa"":false,""sources"":[""EPA NPL""]}"
superfund_INN000508678,PIKE AND MULBERRY STREETS PCE PLUME,superfund,39.428661,-86.431789,IN,EPA NPL,"{""external_id"":""INN000508678"",""npl_status"":""Final NPL"",""saa"":false,""sources"":[""EPA NPL""]}"
superfund_IND980684583,POER FARM,superfund,39.844719,-85.605281,IN,EPA NPL,"{""external_id"":""IND980684583"",""npl_status"":""Deleted NPL"",""saa"":false,""sources"":[""EPA NPL""]}"
superfund_IND006377048,PRESTOLITE BATTERY DIVISION,superfund,38.691669,-87.501661,IN,EPA NPL,"{""external_id"":""IND006377048"",""npl_status"":""Final NPL"",""saa"":false,""sources"":[""EPA NPL""]}"
superfund_IND000807107,REILLY TAR & CHEMICAL CORP. (INDIANAPOLIS PLANT),superfund,39.740281,-86.218331,IN,EPA NPL,"{""external_id"":""IND000807107"",""npl_status"":""Final NPL"",""saa"":false,""sources"":[""EPA NPL""]}"
superfund_INN000510936,RIVERSIDE GROUND WATER CONTAMINATION,superfund,39.78629967,-86.17689973,IN,EPA NPL Superfund boundaries (legacy),"{""external_id"":""INN000510936"",""geometry_fallback"":""centroid"",""layer"":""SITE_BOUNDARIES_SF"",""npl_status"":null,""saa"":false,""sources"":[""EPA NPL Superfund boundaries (legacy)""]}"
superfund_IND040313017,SEYMOUR RECYCLING CORP.,superfund,+38.935200,-085.921300,IN,EPA NPL,"{""external_id"":""IND040313017"",""npl_status"":""Final NPL"",""saa"":false,""sources"":[""EPA NPL""]}"
superfund_IND980607360,SOUTHSIDE SANITARY LANDFILL,superfund,39.71520481,-86.20532493,IN,EPA NPL Superfund boundaries (legacy),"{""external_id"":""IND980607360"",""geometry_fallback"":""centroid"",""layer"":""SITE_BOUNDARIES_SF"",""npl_status"":null,""saa"":false,""sources"":[""EPA NPL Superfund boundaries (legacy)""]}"
superfund_IND980997639,"TIPPECANOE SANITARY LANDFILL, INC.",superfund,40.456111,-86.872219,IN,EPA NPL,"{""external_id"":""IND980997639"",""npl_status"":""Final NPL"",""saa"":false,""sources"":[""EPA NPL""]}"
superfund_INN000508071,TOWN OF PINES GROUNDWATER PLUME,superfund,41.68451546,-86.95033886,IN,EPA NPL Superfund boundaries (legacy),"{""external_id"":""INN000508071"",""geometry_fallback"":""centroid"",""layer"":""SITE_BOUNDARIES_SF"",""npl_status"":null,""saa"":false,""sources"":[""EPA NPL Superfund boundaries (legacy)""]}"
superfund_IND006038764,TRI-STATE PLATING,superfund,+39.216400,-085.900700,IN,EPA NPL,"{""external_id"":""IND006038764"",""npl_status"":""Deleted NPL"",""saa"":false,""sources"":[""EPA NPL""]}"
superfund_IND047030226,"U.S. SMELTER AND LEAD REFINERY, INC.",superfund,+41.616758,-87.464046,IN,EPA NPL,"{""external_id"":""IND047030226"",""npl_status"":""Final NPL"",""saa"":false,""sources"":[""EPA NPL""]}"
superfund_IND980504005,"WASTE, INC., LANDFILL",superfund,41.721669,-086.880000,IN,EPA NPL,"{""external_id"":""IND980504005"",""npl_status"":""Deleted NPL"",""saa"":false,""sources"":[""EPA NPL""]}"
superfund_IND048989479,WAYNE WASTE OIL,superfund,+41.152500,-85.476111,IN,EPA NPL,"{""external_id"":""IND048989479"",""npl_status"":""Final NPL"",""saa"":false,""sources"":[""EPA NPL""]}"
superfund_IND980794374,"WEDZEB ENTERPRISES, INC.",superfund,+40.045300,-086.472300,IN,EPA NPL,"{""external_id"":""IND980794374"",""npl_status"":""Deleted NPL"",""saa"":false,""sources"":[""EPA NPL""]}"
superfund_IND980999791,WHITEFORD SALES & SERVICE INC./NATIONALEASE,superfund,41.663889,-86.280281,IN,EPA NPL,"{""external_id"":""IND980999791"",""npl_status"":""Deleted NPL"",""saa"":false,""sources"":[""EPA NPL""]}"
superfund_KSD007241656,29TH & MEAD GROUND WATER CONTAMINATION,superfund,+37.735692,-97.333250,KS,EPA NPL,"{""external_id"":""KSD007241656"",""npl_status"":""Deleted NPL"",""saa"":false,""sources"":[""EPA NPL""]}"
superfund_KSD981710247,57TH AND NORTH BROADWAY STREETS SITE,superfund,+37.783636,-97.337547,KS,EPA NPL,"{""external_id"":""KSD981710247"",""npl_status"":""Final NPL"",""saa"":false,""sources"":[""EPA NPL""]}"
superfund_KSD046746731,ACE SERVICES,superfund,+39.396267,-101.040361,KS,EPA NPL,"{""external_id"":""KSD046746731"",""npl_status"":""Final NPL"",""saa"":false,""sources"":[""EPA NPL""]}"
superfund_KSD980500789,ARKANSAS CITY DUMP,superfund,+37.056317,-97.050025,KS,EPA NPL,"{""external_id"":""KSD980500789"",""npl_status"":""Deleted NPL"",""saa"":false,""sources"":[""EPA NPL""]}"
superfund_KSD980686174,BIG RIVER SAND CO.,superfund,+37.727839,-97.400417,KS,EPA NPL,"{""external_id"":""KSD980686174"",""npl_status"":""Deleted NPL"",""saa"":false,""sources"":[""EPA NPL""]}"
superfund_KSN000703396,CANEY RESIDENTIAL YARDS,superfund,+37.013136,-95.934889,KS,EPA NPL,"{""external_id"":""KSN000703396"",""npl_status"":""Final NPL"",""saa"":false,""sources"":[""EPA NPL""]}"
superfund_KSD031349624,"CHEMICAL COMMODITIES, INC.",superfund,+38.878244,-94.805603,KS,EPA NPL,"{""external_id"":""KSD031349624"",""npl_status"":""Final NPL"",""saa"":false,""sources"":[""EPA NPL""]}"
superfund_KSD980741862,CHEROKEE COUNTY,superfund,+37.079653,-94.724186,KS,EPA NPL,"{""external_id"":""KSD980741862"",""npl_status"":""Final NPL"",""saa"":false,""sources"":[""EPA NPL""]}"
superfund_KSN000706550,CHEROKEE ZINC - WEIR SMELTER,superfund,+37.313778,-94.772389,KS,EPA NPL,"{""external_id"":""KSN000706550"",""npl_status"":""Final NPL"",""saa"":false,""sources"":[""EPA NPL""]}"
superfund_KSD980632301,DOEPKE DISPOSAL (HOLLIDAY),superfund,+39.036314,-94.794083,KS,EPA NPL,"{""external_id"":""KSD980632301"",""npl_status"":""Final NPL"",""saa"":false,""sources"":[""EPA NPL""]}"
superfund_KSN000705026,FORMER UNITED ZINC & ASSOCIATED SMELTERS,superfund,37.922280,-95.385900,KS,EPA NPL,"{""external_id"":""KSN000705026"",""npl_status"":""Final NPL"",""saa"":false,""sources"":[""EPA NPL""]}"
superfund_KS6214020756,FORT RILEY,superfund,+39.306647,-96.960906,KS,EPA NPL,"{""external_id"":""KS6214020756"",""npl_status"":""Final NPL"",""saa"":false,""sources"":[""EPA NPL""]}"
superfund_KSD007135429,HYDRO-FLEX INC.,superfund,+39.087078,-95.725792,KS,EPA NPL,"{""external_id"":""KSD007135429"",""npl_status"":""Deleted NPL"",""saa"":false,""sources"":[""EPA NPL""]}"
superfund_KSD980631980,JOHNS' SLUDGE POND,superfund,+37.736936,-97.316475,KS,EPA NPL,"{""external_id"":""KSD980631980"",""npl_status"":""Deleted NPL"",""saa"":false,""sources"":[""EPA NPL""]}"
superfund_KSD980631766,OBEE ROAD,superfund,+38.063503,-97.857775,KS,EPA NPL,"{""external_id"":""KSD980631766"",""npl_status"":""Final NPL"",""saa"":false,""sources"":[""EPA NPL""]}"
superfund_KSD000829846,PESTER REFINERY CO.,superfund,+37.839364,-96.857611,KS,EPA NPL,"{""external_id"":""KSD000829846"",""npl_status"":""Final NPL"",""saa"":false,""sources"":[""EPA NPL""]}"
superfund_KSD065735912,"PLATING, INC.",superfund,+38.346542,-98.849460,KS,EPA NPL,"{""external_id"":""KSD065735912"",""npl_status"":""Final NPL"",""saa"":false,""sources"":[""EPA NPL""]}"
superfund_KSD980862726,STROTHER FIELD INDUSTRIAL PARK,superfund,+37.172031,-97.028919,KS,EPA NPL,"{""external_id"":""KSD980862726"",""npl_status"":""Final NPL"",""saa"":false,""sources"":[""EPA NPL""]}"
superfund_KS0001402320,TRI-COUNTY PUBLIC AIRPORT,superfund,+38.697944,-96.797747,KS,EPA NPL,"{""external_id"":""KS0001402320"",""npl_status"":""Proposed NPL"",""saa"":false,""sources"":[""EPA NPL""]}"
superfund_KSD984985929,WRIGHT GROUND WATER CONTAMINATION,superfund,+37.780781,-99.889442,KS,EPA NPL,"{""external_id"":""KSD984985929"",""npl_status"":""Final NPL"",""saa"":false,""sources"":[""EPA NPL""]}"
superfund_KYD980500961,A.L. TAYLOR (VALLEY OF DRUMS),superfund,38.081939,-85.725000,KY,EPA NPL,"{""external_id"":""KYD980500961"",""npl_status"":""Deleted NPL"",""saa"":false,""sources"":[""EPA NPL""]}"
superfund_KYD041981010,AIRCO,superfund,+37.049600,-88.322500,KY,EPA NPL,"{""external_id"":""KYD041981010"",""npl_status"":""Deleted NPL"",""saa"":false,""sources"":[""EPA NPL""]}"
superfund_KYD006370167,B.F. GOODRICH,superfund,+37.050300,-88.323400,KY,EPA NPL,"{""external_id"":""KYD006370167"",""npl_status"":""Final NPL"",""saa"":false,""sources"":[""EPA NPL""]}"
superfund_KYD980501019,BRANTLEY LANDFILL,superfund,+37.446250,-87.156111,KY,EPA NPL,"{""external_id"":""KYD980501019"",""npl_status"":""Deleted NPL"",""saa"":false,""sources"":[""EPA NPL""]}"
superfund_KYD045738291,"CALDWELL LACE LEATHER CO., INC.",superfund,36.87340461,-86.75194528,KY,EPA NPL Superfund boundaries (legacy),"{""external_id"":""KYD045738291"",""geometry_fallback"":""centroid"",""layer"":""SITE_BOUNDARIES_SF"",""npl_status"":null,""saa"":false,""sources"":[""EPA NPL Superfund boundaries (legacy)""]}"
superfund_KYD980602155,DISTLER BRICKYARD,superfund,37.989719,-85.951389,KY,EPA NPL,"{""external_id"":""KYD980602155"",""npl_status"":""Final NPL"",""saa"":false,""sources"":[""EPA NPL""]}"
superfund_KYD980601975,DISTLER FARM,superfund,38.006939,-85.931111,KY,EPA NPL,"{""external_id"":""KYD980601975"",""npl_status"":""Final NPL"",""saa"":false,""sources"":[""EPA NPL""]}"
superfund_KYD980844625,FORT HARTFORD COAL CO. STONE QUARRY,superfund,+37.538889,-86.702769,KY,EPA NPL,"{""external_id"":""KYD980844625"",""npl_status"":""Deleted NPL"",""saa"":false,""sources"":[""EPA NPL""]}"
superfund_KYD006371074,GENERAL TIRE & RUBBER CO. (MAYFIELD LANDFILL),superfund,36.79104979,-88.63595581,KY,EPA NPL Superfund boundaries (legacy),"{""external_id"":""KYD006371074"",""geometry_fallback"":""centroid"",""layer"":""SITE_BOUNDARIES_SF"",""npl_status"":null,""saa"":false,""sources"":[""EPA NPL Superfund boundaries (legacy)""]}"
superfund_KYD980501076,"GREEN RIVER DISPOSAL, INC.",superfund,+37.889450,-86.973611,KY,EPA NPL,"{""external_id"":""KYD980501076"",""npl_status"":""Final NPL"",""saa"":false,""sources"":[""EPA NPL""]}"
superfund_KYD980501191,HOWE VALLEY LANDFILL,superfund,+37.668500,-86.124200,KY,EPA NPL,"{""external_id"":""KYD980501191"",""npl_status"":""Deleted NPL"",""saa"":false,""sources"":[""EPA NPL""]}"
superfund_KYD980557052,LEE'S LANE LANDFILL,superfund,38.191111,-85.883061,KY,EPA NPL,"{""external_id"":""KYD980557052"",""npl_status"":""Deleted NPL"",""saa"":false,""sources"":[""EPA NPL""]}"
superfund_KYD980729107,MAXEY FLATS NUCLEAR DISPOSAL,superfund,+38.260800,-83.569200,KY,EPA NPL,"{""external_id"":""KYD980729107"",""npl_status"":""Final NPL"",""saa"":false,""sources"":[""EPA NPL""]}"
superfund_KYD985069954,NATIONAL ELECTRIC COIL CO./COOPER INDUSTRIES,superfund,36.843889,-83.371389,KY,EPA NPL,"{""external_id"":""KYD985069954"",""npl_status"":""Final NPL"",""saa"":false,""sources"":[""EPA NPL""]}"
superfund_KYD049062375,NATIONAL SOUTHWIRE ALUMINUM CO.,superfund,37.944999,-86.787778,KY,EPA NPL,"{""external_id"":""KYD049062375"",""npl_status"":""Deleted NPL"",""saa"":false,""sources"":[""EPA NPL""]}"
superfund_KYD985066380,NEWPORT DUMP,superfund,39.070725,-84.491228,KY,EPA NPL,"{""external_id"":""KYD985066380"",""npl_status"":""Deleted NPL"",""saa"":false,""sources"":[""EPA NPL""]}"
superfund_KY8890008982,PADUCAH GASEOUS DIFFUSION PLANT (USDOE),superfund,37.120138,-88.811111,KY,EPA NPL,"{""external_id"":""KY8890008982"",""npl_status"":""Final NPL"",""saa"":false,""sources"":[""EPA NPL""]}"
superfund_KYD981469794,RED PENN SANITATION CO. LANDFILL,superfund,+38.288100,-85.465400,KY,EPA NPL,"{""external_id"":""KYD981469794"",""npl_status"":""Deleted NPL"",""saa"":false,""sources"":[""EPA NPL""]}"
superfund_KYD097267413,SMITH'S FARM,superfund,+38.037500,-85.733331,KY,EPA NPL,"{""external_id"":""KYD097267413"",""npl_status"":""Final NPL"",""saa"":false,""sources"":[""EPA NPL""]}"
superfund_KYD981028350,TRI-CITY DISPOSAL CO.,superfund,38.047781,-85.768331,KY,EPA NPL,"{""external_id"":""KYD981028350"",""npl_status"":""Final NPL"",""saa"":false,""sources"":[""EPA NPL""]}"
superfund_LAD981056997,AGRICULTURE STREET LANDFILL,superfund,+29.988660,-90.040165,LA,EPA NPL,"{""external_id"":""LAD981056997"",""npl_status"":""Final NPL"",""saa"":false,""sources"":[""EPA NPL""]}"
superfund_LAN000604293,AMERICAN CREOSOTE DERIDDER,superfund,+30.831693,-93.276863,LA,EPA NPL,"{""external_id"":""LAN000604293"",""npl_status"":""Final NPL"",""saa"":false,""sources"":[""EPA NPL""]}"
superfund_LAD000239814,"AMERICAN CREOSOTE WORKS, INC. (WINNFIELD PLANT)",superfund,31.918611,-92.634722,LA,EPA NPL,"{""external_id"":""LAD000239814"",""npl_status"":""Final NPL"",""saa"":false,""sources"":[""EPA NPL""]}"
superfund_LAD980745632,BAYOU BONFOUCA,superfund,30.282219,-89.784161,LA,EPA NPL,"{""external_id"":""LAD980745632"",""npl_status"":""Final NPL"",""saa"":false,""sources"":[""EPA NPL""]}"
superfund_LAD980745541,BAYOU SORREL,superfund,+30.224400,-91.409500,LA,EPA NPL,"{""external_id"":""LAD980745541"",""npl_status"":""Deleted NPL"",""saa"":false,""sources"":[""EPA NPL""]}"
superfund_LAD980869440,CAPITOL LAKES,superfund,30.46052233,-91.18422215,LA,EPA NPL Superfund boundaries (legacy),"{""external_id"":""LAD980869440"",""geometry_fallback"":""centroid"",""layer"":""SITE_BOUNDARIES_SF"",""npl_status"":null,""saa"":false,""sources"":[""EPA NPL Superfund boundaries (legacy)""]}"
superfund_LAD008187940,CENTRAL WOOD PRESERVING CO.,superfund,30.758889,-91.009444,LA,EPA NPL,"{""external_id"":""LAD008187940"",""npl_status"":""Deleted NPL"",""saa"":false,""sources"":[""EPA NPL""]}"
superfund_LAD980501456,CLEVE REBER,superfund,+30.155000,-90.873339,LA,EPA NPL,"{""external_id"":""LAD980501456"",""npl_status"":""Deleted NPL"",""saa"":false,""sources"":[""EPA NPL""]}"
superfund_LAN000607134,COLONIAL CREOSOTE,superfund,30.76482194,-89.86624889,LA,EPA NPL Superfund boundaries (legacy),"{""external_id"":""LAN000607134"",""geometry_fallback"":""centroid"",""layer"":""SITE_BOUNDARIES_SF"",""npl_status"":null,""saa"":false,""sources"":[""EPA NPL Superfund boundaries (legacy)""]}"
superfund_LAD072606627,"COMBUSTION, INC.",superfund,+30.512900,-90.893900,LA,EPA NPL,"{""external_id"":""LAD072606627"",""npl_status"":""Final NPL"",""saa"":false,""sources"":[""EPA NPL""]}"
superfund_LAD981058019,"D.L. MUD, INC.",superfund,+29.955500,-92.186700,LA,EPA NPL,"{""external_id"":""LAD981058019"",""npl_status"":""Deleted NPL"",""saa"":false,""sources"":[""EPA NPL""]}"
superfund_LAD052510344,DELATTE METALS,superfund,+30.422500,-90.410833,LA,EPA NPL,"{""external_id"":""LAD052510344"",""npl_status"":""Deleted NPL"",""saa"":false,""sources"":[""EPA NPL""]}"
superfund_LAD058475419,DELTA SHIPYARD,superfund,29.56571108,-90.70535615,LA,EPA NPL Superfund boundaries (legacy),"{""external_id"":""LAD058475419"",""geometry_fallback"":""centroid"",""layer"":""SITE_BOUNDARIES_SF"",""npl_status"":null,""saa"":false,""sources"":[""EPA NPL Superfund boundaries (legacy)""]}"
superfund_LAD981155872,DEVIL'S SWAMP LAKE,superfund,30.561944,-91.220556,LA,EPA NPL,"{""external_id"":""LAD981155872"",""npl_status"":""Proposed NPL"",""saa"":false,""sources"":[""EPA NPL""]}"
superfund_LAD980879449,DUTCHTOWN TREATMENT PLANT,superfund,30.256669,-90.980000,LA,EPA NPL,"{""external_id"":""LAD980879449"",""npl_status"":""Deleted NPL"",""saa"":false,""sources"":[""EPA NPL""]}"
superfund_LAN000605517,EVR-WOOD TREATING/EVANGELINE REFINING COMPANY,superfund,+30.248056,-092.617500,LA,EPA NPL,"{""external_id"":""LAN000605517"",""npl_status"":""Final NPL"",""saa"":false,""sources"":[""EPA NPL""]}"
superfund_LAD008184137,EXIDE BATON ROUGE,superfund,+30.586168,-91.245026,LA,EPA NPL,"{""external_id"":""LAD008184137"",""npl_status"":""Final NPL"",""saa"":false,""sources"":[""EPA NPL""]}"
superfund_LAD980750137,GULF COAST VACUUM SERVICES,superfund,+29.958100,-92.185700,LA,EPA NPL,"{""external_id"":""LAD980750137"",""npl_status"":""Deleted NPL"",""saa"":false,""sources"":[""EPA NPL""]}"
superfund_LAD985169317,GULF STATE UTILITIES-NORTH RYAN STREET,superfund,30.240833,-93.219167,LA,EPA NPL,"{""external_id"":""LAD985169317"",""npl_status"":""Proposed NPL"",""saa"":false,""sources"":[""EPA NPL""]}"
superfund_LAD981054075,HIGHWAY 71/72 REFINERY,superfund,32.51858357,-93.71009260,LA,EPA NPL Superfund boundaries (legacy),"{""external_id"":""LAD981054075"",""geometry_fallback"":""centroid"",""layer"":""SITE_BOUNDARIES_SF"",""npl_status"":null,""saa"":false,""sources"":[""EPA NPL Superfund boundaries (legacy)""]}"
superfund_LA0213820533,LOUISIANA ARMY AMMUNITION PLANT,superfund,+32.542200,-93.421000,LA,EPA NPL,"{""external_id"":""LA0213820533"",""npl_status"":""Final NPL"",""saa"":false,""sources"":[""EPA NPL""]}"
superfund_LAD981522998,MADISONVILLE CREOSOTE WORKS,superfund,30.427222,-90.198611,LA,EPA NPL,"{""external_id"":""LAD981522998"",""npl_status"":""Final NPL"",""saa"":false,""sources"":[""EPA NPL""]}"
superfund_LA0000187518,MALLARD BAY LANDING BULK PLANT,superfund,29.934014,-92.655469,LA,EPA NPL,"{""external_id"":""LA0000187518"",""npl_status"":""Deleted NPL"",""saa"":false,""sources"":[""EPA NPL""]}"
superfund_LAD008473142,MARION PRESSURE TREATING,superfund,32.908333,-92.252944,LA,EPA NPL,"{""external_id"":""LAD008473142"",""npl_status"":""Final NPL"",""saa"":false,""sources"":[""EPA NPL""]}"
superfund_LAD980745533,OLD INGER OIL REFINERY,superfund,+30.164700,-90.995500,LA,EPA NPL,"{""external_id"":""LAD980745533"",""npl_status"":""Deleted NPL"",""saa"":false,""sources"":[""EPA NPL""]}"
superfund_LAD980749139,"PAB OIL & CHEMICAL SERVICE, INC.",superfund,+30.015900,-92.115400,LA,EPA NPL,"{""external_id"":""LAD980749139"",""npl_status"":""Deleted NPL"",""saa"":false,""sources"":[""EPA NPL""]}"
superfund_LAD057482713,"PETRO-PROCESSORS OF LOUISIANA, INC.",superfund,30.57964675,-91.24217414,LA,EPA NPL Superfund boundaries (legacy),"{""external_id"":""LAD057482713"",""geometry_fallback"":""centroid"",""layer"":""SITE_BOUNDARIES_SF"",""npl_status"":null,""saa"":false,""sources"":[""EPA NPL Superfund boundaries (legacy)""]}"
superfund_LAD985185107,RUSTON FOUNDRY,superfund,+31.297220,-92.439583,LA,EPA NPL,"{""external_id"":""LAD985185107"",""npl_status"":""Deleted NPL"",""saa"":false,""sources"":[""EPA NPL""]}"
superfund_LAD008434185,SBA SHIPYARD,superfund,30.160603,-92.612236,LA,EPA NPL,"{""external_id"":""LAD008434185"",""npl_status"":""Final NPL"",""saa"":false,""sources"":[""EPA NPL""]}"
superfund_LAD008149015,SOUTHERN SHIPBUILDING,superfund,+30.272500,-89.800833,LA,EPA NPL,"{""external_id"":""LAD008149015"",""npl_status"":""Deleted NPL"",""saa"":false,""sources"":[""EPA NPL""]}"
superfund_MAD001026319,ATLAS TACK CORP.,superfund,41.635561,-070.894450,MA,EPA NPL,"{""external_id"":""MAD001026319"",""npl_status"":""Final NPL"",""saa"":false,""sources"":[""EPA NPL""]}"
superfund_MAD001041987,BAIRD & MCGUIRE,superfund,42.149719,-71.028611,MA,EPA NPL,"{""external_id"":""MAD001041987"",""npl_status"":""Final NPL"",""saa"":false,""sources"":[""EPA NPL""]}"
superfund_MAN000106144,BJAT LLC,superfund,+42.074417,-71.410806,MA,EPA NPL,"{""external_id"":""MAN000106144"",""npl_status"":""Final NPL"",""saa"":false,""sources"":[""EPA NPL""]}"
superfund_MAD982191363,BLACKBURN & UNION PRIVILEGES,superfund,42.138749,-71.251667,MA,EPA NPL,"{""external_id"":""MAD982191363"",""npl_status"":""Final NPL"",""saa"":false,""sources"":[""EPA NPL""]}"
superfund_MAD079510780,CANNON ENGINEERING CORP. (CEC),superfund,+41.972700,-071.025600,MA,EPA NPL,"{""external_id"":""MAD079510780"",""npl_status"":""Deleted NPL"",""saa"":false,""sources"":[""EPA NPL""]}"
superfund_MAD003809266,CHARLES GEORGE RECLAMATION TRUST LANDFILL,superfund,+42.669450,-71.443339,MA,EPA NPL,"{""external_id"":""MAD003809266"",""npl_status"":""Final NPL"",""saa"":false,""sources"":[""EPA NPL""]}"
superfund_MAD001031574,CREESE & COOK TANNERY (FORMER),superfund,42.553111,-70.926722,MA,EPA NPL,"{""external_id"":""MAD001031574"",""npl_status"":""Final NPL"",""saa"":false,""sources"":[""EPA NPL""]}"
superfund_MA7210025154,FORT DEVENS,superfund,42.536111,-71.596111,MA,EPA NPL,"{""external_id"":""MA7210025154"",""npl_status"":""Final NPL"",""saa"":false,""sources"":[""EPA NPL""]}"
superfund_MAD980520670,FORT DEVENS-SUDBURY TRAINING ANNEX,superfund,42.406944,-71.475278,MA,EPA NPL,"{""external_id"":""MAD980520670"",""npl_status"":""Deleted NPL"",""saa"":false,""sources"":[""EPA NPL""]}"
superfund_MAD002084093,GE - HOUSATONIC RIVER,superfund,+42.450278,-73.232222,MA,EPA NPL,"{""external_id"":""MAD002084093"",""npl_status"":""Proposed NPL"",""saa"":false,""sources"":[""EPA NPL""]}"
superfund_MAD980732317,GROVELAND WELLS,superfund,42.753331,-71.038889,MA,EPA NPL,"{""external_id"":""MAD980732317"",""npl_status"":""Final NPL"",""saa"":false,""sources"":[""EPA NPL""]}"
superfund_MA8570024424,HANSCOM FIELD/HANSCOM AIR FORCE BASE,superfund,42.470666,-71.289444,MA,EPA NPL,"{""external_id"":""MA8570024424"",""npl_status"":""Final NPL"",""saa"":false,""sources"":[""EPA NPL""]}"
superfund_MAD001060805,HATHEWAY & PATTERSON,superfund,+42.038194,-71.222500,MA,EPA NPL,"{""external_id"":""MAD001060805"",""npl_status"":""Deleted NPL"",""saa"":false,""sources"":[""EPA NPL""]}"
superfund_MAD980523336,HAVERHILL MUNICIPAL LANDFILL,superfund,42.753889,-71.046669,MA,EPA NPL,"{""external_id"":""MAD980523336"",""npl_status"":""Final NPL"",""saa"":false,""sources"":[""EPA NPL""]}"
superfund_MAD980732341,HOCOMONCO POND,superfund,42.272781,-71.650831,MA,EPA NPL,"{""external_id"":""MAD980732341"",""npl_status"":""Final NPL"",""saa"":false,""sources"":[""EPA NPL""]}"
superfund_MAD076580950,INDUSTRI-PLEX,superfund,+42.516669,-71.141669,MA,EPA NPL,"{""external_id"":""MAD076580950"",""npl_status"":""Final NPL"",""saa"":false,""sources"":[""EPA NPL""]}"
superfund_MAD051787323,IRON HORSE PARK,superfund,42.583331,-71.265269,MA,EPA NPL,"{""external_id"":""MAD051787323"",""npl_status"":""Final NPL"",""saa"":false,""sources"":[""EPA NPL""]}"
superfund_MAN000102204,LOWER NEPONSET RIVER,superfund,42.26579919,-71.09073561,MA,EPA NPL Superfund boundaries (legacy),"{""external_id"":""MAN000102204"",""geometry_fallback"":""centroid"",""layer"":""SITE_BOUNDARIES_SF"",""npl_status"":null,""saa"":false,""sources"":[""EPA NPL Superfund boundaries (legacy)""]}"
superfund_MA0213820939,MATERIALS TECHNOLOGY LABORATORY (USARMY),superfund,42.360416,-71.166111,MA,EPA NPL,"{""external_id"":""MA0213820939"",""npl_status"":""Deleted NPL"",""saa"":false,""sources"":[""EPA NPL""]}"
superfund_MAD001409408,MICROFAB INC (FORMER),superfund,42.842394,-70.959842,MA,EPA NPL,"{""external_id"":""MAD001409408"",""npl_status"":""Final NPL"",""saa"":false,""sources"":[""EPA NPL""]}"
superfund_MA1210020631,"NATICK LABORATORY ARMY RESEARCH, DEVELOPMENT, AND ENGINEERING CENTER",superfund,42.288889,-71.363611,MA,EPA NPL,"{""external_id"":""MA1210020631"",""npl_status"":""Final NPL"",""saa"":false,""sources"":[""EPA NPL""]}"
superfund_MA6170023570,NAVAL WEAPONS INDUSTRIAL RESERVE PLANT,superfund,42.478889,-71.290277,MA,EPA NPL,"{""external_id"":""MA6170023570"",""npl_status"":""Final NPL"",""saa"":false,""sources"":[""EPA NPL""]}"
superfund_MAD980731335,NEW BEDFORD,superfund,41.643171,-70.919887,MA,EPA NPL,"{""external_id"":""MAD980731335"",""npl_status"":""Final NPL"",""saa"":false,""sources"":[""EPA NPL""]}"
superfund_MAD980670566,NORWOOD PCBS,superfund,42.180831,-071.192500,MA,EPA NPL,"{""external_id"":""MAD980670566"",""npl_status"":""Deleted NPL"",""saa"":false,""sources"":[""EPA NPL""]}"
superfund_MAD062166335,"NUCLEAR METALS, INC.",superfund,42.441667,-71.421944,MA,EPA NPL,"{""external_id"":""MAD062166335"",""npl_status"":""Final NPL"",""saa"":false,""sources"":[""EPA NPL""]}"
superfund_MAD990685422,NYANZA CHEMICAL WASTE DUMP,superfund,42.258611,-71.473611,MA,EPA NPL,"{""external_id"":""MAD990685422"",""npl_status"":""Final NPL"",""saa"":false,""sources"":[""EPA NPL""]}"
superfund_MAD001403104,OLIN CHEMICAL,superfund,+42.528056,-071.153889,MA,EPA NPL,"{""external_id"":""MAD001403104"",""npl_status"":""Final NPL"",""saa"":false,""sources"":[""EPA NPL""]}"
superfund_MA2570024487,OTIS AIR NATIONAL GUARD BASE/CAMP EDWARDS,superfund,41.651666,-70.521388,MA,EPA NPL,"{""external_id"":""MA2570024487"",""npl_status"":""Final NPL"",""saa"":false,""sources"":[""EPA NPL""]}"
superfund_MAD980525232,PLYMOUTH HARBOR/CANNON ENGINEERING CORP.,superfund,+41.979600,-070.685400,MA,EPA NPL,"{""external_id"":""MAD980525232"",""npl_status"":""Deleted NPL"",""saa"":false,""sources"":[""EPA NPL""]}"
superfund_MAD980731483,PSC RESOURCES,superfund,42.153331,-72.330281,MA,EPA NPL,"{""external_id"":""MAD980731483"",""npl_status"":""Final NPL"",""saa"":false,""sources"":[""EPA NPL""]}"
superfund_MAD980520621,"RE-SOLVE, INC.",superfund,41.688061,-71.033889,MA,EPA NPL,"{""external_id"":""MAD980520621"",""npl_status"":""Final NPL"",""saa"":false,""sources"":[""EPA NPL""]}"
superfund_MAD980524169,ROSE DISPOSAL PIT,superfund,+42.505500,-073.274800,MA,EPA NPL,"{""external_id"":""MAD980524169"",""npl_status"":""Final NPL"",""saa"":false,""sources"":[""EPA NPL""]}"
superfund_MAD980525240,SALEM ACRES,superfund,+42.503000,-070.931300,MA,EPA NPL,"{""external_id"":""MAD980525240"",""npl_status"":""Deleted NPL"",""saa"":false,""sources"":[""EPA NPL""]}"
superfund_MAD980503973,SHPACK LANDFILL,superfund,41.943331,-71.235000,MA,EPA NPL,"{""external_id"":""MAD980503973"",""npl_status"":""Deleted NPL"",""saa"":false,""sources"":[""EPA NPL""]}"
superfund_MAD000192393,SILRESIM CHEMICAL CORP.,superfund,42.628889,-71.313889,MA,EPA NPL,"{""external_id"":""MAD000192393"",""npl_status"":""Final NPL"",""saa"":false,""sources"":[""EPA NPL""]}"
superfund_MA2170022022,SOUTH WEYMOUTH NAVAL AIR STATION,superfund,+42.155277,-70.933470,MA,EPA NPL,"{""external_id"":""MA2170022022"",""npl_status"":""Final NPL"",""saa"":false,""sources"":[""EPA NPL""]}"
superfund_MAD980731343,SULLIVAN'S LEDGE,superfund,41.654719,-70.957219,MA,EPA NPL,"{""external_id"":""MAD980731343"",""npl_status"":""Final NPL"",""saa"":false,""sources"":[""EPA NPL""]}"
superfund_MAD980520696,SUTTON BROOK DISPOSAL AREA,superfund,42.598222,-71.183194,MA,EPA NPL,"{""external_id"":""MAD980520696"",""npl_status"":""Final NPL"",""saa"":false,""sources"":[""EPA NPL""]}"
superfund_MAD001002252,"W.R. GRACE & CO., INC. (ACTON PLANT)",superfund,+42.450550,-71.427781,MA,EPA NPL,"{""external_id"":""MAD001002252"",""npl_status"":""Final NPL"",""saa"":false,""sources"":[""EPA NPL""]}"
superfund_MAD001197755,WALTON & LONSBURY INC.,superfund,+41.957778,-071.296944,MA,EPA NPL,"{""external_id"":""MAD001197755"",""npl_status"":""Final NPL"",""saa"":false,""sources"":[""EPA NPL""]}"
superfund_MAD980732168,WELLS G&H,superfund,42.494719,-71.130839,MA,EPA NPL,"{""external_id"":""MAD980732168"",""npl_status"":""Final NPL"",""saa"":false,""sources"":[""EPA NPL""]}"
superfund_MDD980918387,68TH STREET DUMP/INDUSTRIAL ENTERPRISES,superfund,39.307967,-76.517886,MD,EPA NPL,"{""external_id"":""MDD980918387"",""npl_status"":""Proposed NPL"",""saa"":false,""sources"":[""EPA NPL""]}"
superfund_MD2210020036,ABERDEEN PROVING GROUND (EDGEWOOD AREA),superfund,39.395404,-76.307730,MD,EPA NPL,"{""external_id"":""MD2210020036"",""npl_status"":""Final NPL"",""saa"":false,""sources"":[""EPA NPL""]}"
superfund_MD3210021355,ABERDEEN PROVING GROUND (MICHAELSVILLE LANDFILL),superfund,+39.460600,-76.141400,MD,EPA NPL,"{""external_id"":""MD3210021355"",""npl_status"":""Final NPL"",""saa"":false,""sources"":[""EPA NPL""]}"
superfund_MD0570024000,ANDREWS AIR FORCE BASE,superfund,38.791667,-76.875000,MD,EPA NPL,"{""external_id"":""MD0570024000"",""npl_status"":""Final NPL"",""saa"":false,""sources"":[""EPA NPL""]}"
superfund_MDN000305762,BEAR CREEK SEDIMENTS,superfund,39.22837896,-76.49506888,MD,EPA NPL Superfund boundaries (legacy),"{""external_id"":""MDN000305762"",""geometry_fallback"":""centroid"",""layer"":""SITE_BOUNDARIES_SF"",""npl_status"":null,""saa"":false,""sources"":[""EPA NPL Superfund boundaries (legacy)""]}"
superfund_MD0120508940,BELTSVILLE AGRICULTURAL RESEARCH CENTER (USDA),superfund,39.029166,-76.884583,MD,EPA NPL,"{""external_id"":""MD0120508940"",""npl_status"":""Final NPL"",""saa"":false,""sources"":[""EPA NPL""]}"
superfund_MD9570024803,BRANDYWINE DRMO,superfund,38.698056,-76.845000,MD,EPA NPL,"{""external_id"":""MD9570024803"",""npl_status"":""Final NPL"",""saa"":false,""sources"":[""EPA NPL""]}"
superfund_MDD980504195,BUSH VALLEY LANDFILL,superfund,39.467219,-76.261950,MD,EPA NPL,"{""external_id"":""MDD980504195"",""npl_status"":""Final NPL"",""saa"":false,""sources"":[""EPA NPL""]}"
superfund_MDD003061447,CENTRAL CHEMICAL (HAGERSTOWN),superfund,39.656667,-77.723611,MD,EPA NPL,"{""external_id"":""MDD003061447"",""npl_status"":""Final NPL"",""saa"":false,""sources"":[""EPA NPL""]}"
superfund_MDD980555478,"CHEMICAL METALS INDUSTRIES, INC.",superfund,39.265419,-76.632500,MD,EPA NPL,"{""external_id"":""MDD980555478"",""npl_status"":""Deleted NPL"",""saa"":false,""sources"":[""EPA NPL""]}"
superfund_MD4690307844,CURTIS BAY COAST GUARD YARD,superfund,+39.200000,-76.572694,MD,EPA NPL,"{""external_id"":""MD4690307844"",""npl_status"":""Final NPL"",""saa"":false,""sources"":[""EPA NPL""]}"
superfund_MDD985366756,DWYER PROPERTY GROUND WATER PLUME,superfund,+39.612007,-75.844474,MD,EPA NPL,"{""external_id"":""MDD985366756"",""npl_status"":""Final NPL"",""saa"":false,""sources"":[""EPA NPL""]}"
superfund_MDD985397249,FORT DETRICK AREA B GROUND WATER,superfund,39.43544862,-77.45108689,MD,EPA NPL Superfund boundaries (legacy),"{""external_id"":""MDD985397249"",""geometry_fallback"":""centroid"",""layer"":""SITE_BOUNDARIES_SF"",""npl_status"":null,""saa"":false,""sources"":[""EPA NPL Superfund boundaries (legacy)""]}"
superfund_MD9210020567,FORT GEORGE G. MEADE,superfund,39.083333,-76.715278,MD,EPA NPL,"{""external_id"":""MD9210020567"",""npl_status"":""Final NPL"",""saa"":false,""sources"":[""EPA NPL""]}"
superfund_MD7170024684,INDIAN HEAD NAVAL SURFACE WARFARE CENTER,superfund,38.591389,-77.174306,MD,EPA NPL,"{""external_id"":""MD7170024684"",""npl_status"":""Final NPL"",""saa"":false,""sources"":[""EPA NPL""]}"
superfund_MDD980923783,KANE & LOMBARD STREET DRUMS,superfund,+39.295600,-76.541900,MD,EPA NPL,"{""external_id"":""MDD980923783"",""npl_status"":""Final NPL"",""saa"":false,""sources"":[""EPA NPL""]}"
superfund_MDD980691588,LIMESTONE ROAD,superfund,39.626389,-78.722219,MD,EPA NPL,"{""external_id"":""MDD980691588"",""npl_status"":""Final NPL"",""saa"":false,""sources"":[""EPA NPL""]}"
superfund_MDD064882889,"MID-ATLANTIC WOOD PRESERVERS, INC.",superfund,39.163611,-76.698331,MD,EPA NPL,"{""external_id"":""MDD064882889"",""npl_status"":""Deleted NPL"",""saa"":false,""sources"":[""EPA NPL""]}"
superfund_MDD980705099,MIDDLETOWN ROAD DUMP,superfund,39.031004,-76.467145,MD,EPA NPL,"{""external_id"":""MDD980705099"",""npl_status"":""Deleted NPL"",""saa"":false,""sources"":[""EPA NPL""]}"
superfund_MDD982364341,"ORDNANCE PRODUCTS, INC.",superfund,39.630833,-75.923889,MD,EPA NPL,"{""external_id"":""MDD982364341"",""npl_status"":""Final NPL"",""saa"":false,""sources"":[""EPA NPL""]}"
superfund_MD7170024536,PATUXENT RIVER NAVAL AIR STATION,superfund,38.270694,-76.419444,MD,EPA NPL,"{""external_id"":""MD7170024536"",""npl_status"":""Final NPL"",""saa"":false,""sources"":[""EPA NPL""]}"
superfund_MDD980705164,"SAND, GRAVEL AND STONE",superfund,39.615281,-75.896389,MD,EPA NPL,"{""external_id"":""MDD980705164"",""npl_status"":""Final NPL"",""saa"":false,""sources"":[""EPA NPL""]}"
superfund_MDD981038334,SAUER DUMP,superfund,+39.270267,-76.452710,MD,EPA NPL,"{""external_id"":""MDD981038334"",""npl_status"":""Final NPL"",""saa"":false,""sources"":[""EPA NPL""]}"
superfund_MDD980704852,SOUTHERN MARYLAND WOOD TREATING,superfund,+38.358900,-76.588200,MD,EPA NPL,"{""external_id"":""MDD980704852"",""npl_status"":""Deleted NPL"",""saa"":false,""sources"":[""EPA NPL""]}"
superfund_MDD000218008,"SPECTRON, INC.",superfund,39.691249,-75.877778,MD,EPA NPL,"{""external_id"":""MDD000218008"",""npl_status"":""Final NPL"",""saa"":false,""sources"":[""EPA NPL""]}"
superfund_MDD980504344,WOODLAWN COUNTY LANDFILL,superfund,39.641669,-76.090000,MD,EPA NPL,"{""external_id"":""MDD980504344"",""npl_status"":""Final NPL"",""saa"":false,""sources"":[""EPA NPL""]}"
superfund_ME8170022018,BRUNSWICK NAVAL AIR STATION,superfund,+43.906340,-69.933986,ME,EPA NPL,"{""external_id"":""ME8170022018"",""npl_status"":""Final NPL"",""saa"":false,""sources"":[""EPA NPL""]}"
superfund_MED980524128,CALLAHAN MINING CORP,superfund,44.351639,-68.810139,ME,EPA NPL,"{""external_id"":""MED980524128"",""npl_status"":""Final NPL"",""saa"":false,""sources"":[""EPA NPL""]}"
superfund_MED981073711,EASTERN SURPLUS,superfund,45.038889,-67.358333,ME,EPA NPL,"{""external_id"":""MED981073711"",""npl_status"":""Final NPL"",""saa"":false,""sources"":[""EPA NPL""]}"
superfund_MED980915474,EASTLAND WOOLEN MILL,superfund,44.921667,-69.261111,ME,EPA NPL,"{""external_id"":""MED980915474"",""npl_status"":""Final NPL"",""saa"":false,""sources"":[""EPA NPL""]}"
superfund_MEN000106078,KEDDY MILL,superfund,43.734953,-70.424514,ME,EPA NPL,"{""external_id"":""MEN000106078"",""npl_status"":""Final NPL"",""saa"":false,""sources"":[""EPA NPL""]}"
superfund_MEN000103584,LEEDS METAL,superfund,44.237083,-70.080250,ME,EPA NPL,"{""external_id"":""MEN000103584"",""npl_status"":""Final NPL"",""saa"":false,""sources"":[""EPA NPL""]}"
superfund_ME9570024522,LORING AIR FORCE BASE,superfund,46.944444,-67.883888,ME,EPA NPL,"{""external_id"":""ME9570024522"",""npl_status"":""Final NPL"",""saa"":false,""sources"":[""EPA NPL""]}"
superfund_MED980524078,MCKIN CO.,superfund,+43.884100,-70.294200,ME,EPA NPL,"{""external_id"":""MED980524078"",""npl_status"":""Deleted NPL"",""saa"":false,""sources"":[""EPA NPL""]}"
superfund_MED980731475,O'CONNOR CO.,superfund,44.301916,-69.736944,ME,EPA NPL,"{""external_id"":""MED980731475"",""npl_status"":""Deleted NPL"",""saa"":false,""sources"":[""EPA NPL""]}"
superfund_MED980732291,PINETTE'S SALVAGE YARD,superfund,+46.778200,-068.170100,ME,EPA NPL,"{""external_id"":""MED980732291"",""npl_status"":""Deleted NPL"",""saa"":false,""sources"":[""EPA NPL""]}"
superfund_ME7170022019,PORTSMOUTH NAVAL SHIPYARD,superfund,+43.084167,-70.741666,ME,EPA NPL,"{""external_id"":""ME7170022019"",""npl_status"":""Deleted NPL"",""saa"":false,""sources"":[""EPA NPL""]}"
superfund_MED980504393,SACO MUNICIPAL LANDFILL,superfund,+43.530200,-070.481500,ME,EPA NPL,"{""external_id"":""MED980504393"",""npl_status"":""Final NPL"",""saa"":false,""sources"":[""EPA NPL""]}"
superfund_MED980520241,SACO TANNERY WASTE PITS,superfund,+43.560550,-70.426389,ME,EPA NPL,"{""external_id"":""MED980520241"",""npl_status"":""Deleted NPL"",""saa"":false,""sources"":[""EPA NPL""]}"
superfund_MED042143883,"UNION CHEMICAL CO., INC.",superfund,+44.214440,-69.189027,ME,EPA NPL,"{""external_id"":""MED042143883"",""npl_status"":""Deleted NPL"",""saa"":false,""sources"":[""EPA NPL""]}"
superfund_MED985466168,WEST SITE/HOWS CORNERS,superfund,44.740278,-69.182222,ME,EPA NPL,"{""external_id"":""MED985466168"",""npl_status"":""Final NPL"",""saa"":false,""sources"":[""EPA NPL""]}"
superfund_MED980504435,WINTHROP LANDFILL,superfund,44.275831,-69.988331,ME,EPA NPL,"{""external_id"":""MED980504435"",""npl_status"":""Final NPL"",""saa"":false,""sources"":[""EPA NPL""]}"
superfund_MID006522791,ADAM'S PLATING,superfund,42.739439,-84.587781,MI,EPA NPL,"{""external_id"":""MID006522791"",""npl_status"":""Final NPL"",""saa"":false,""sources"":[""EPA NPL""]}"
superfund_MI0001119106,AIRCRAFT COMPONENTS (D & L SALES),superfund,+42.126944,-86.454444,MI,EPA NPL,"{""external_id"":""MI0001119106"",""npl_status"":""Final NPL"",""saa"":false,""sources"":[""EPA NPL""]}"
superfund_MID980504450,ALBION-SHERIDAN TOWNSHIP LANDFILL,superfund,+42.249550,-84.719500,MI,EPA NPL,"{""external_id"":""MID980504450"",""npl_status"":""Final NPL"",""saa"":false,""sources"":[""EPA NPL""]}"
superfund_MID006007306,"ALLIED PAPER, INC./PORTAGE CREEK/KALAMAZOO RIVER",superfund,42.303333,-85.576083,MI,EPA NPL,"{""external_id"":""MID006007306"",""npl_status"":""Final NPL"",""saa"":false,""sources"":[""EPA NPL""]}"
superfund_MID006029102,"AMERICAN ANODCO, INC.",superfund,42.98792619,-85.02777081,MI,EPA NPL Superfund boundaries (legacy),"{""external_id"":""MID006029102"",""geometry_fallback"":""centroid"",""layer"":""SITE_BOUNDARIES_SF"",""npl_status"":null,""saa"":false,""sources"":[""EPA NPL Superfund boundaries (legacy)""]}"
superfund_MID002931228,ANDERSON DEVELOPMENT CO.,superfund,41.893611,-84.017219,MI,EPA NPL,"{""external_id"":""MID002931228"",""npl_status"":""Deleted NPL"",""saa"":false,""sources"":[""EPA NPL""]}"
superfund_MID980794382,"AUTO ION CHEMICALS, INC.",superfund,42.293889,-85.567219,MI,EPA NPL,"{""external_id"":""MID980794382"",""npl_status"":""Final NPL"",""saa"":false,""sources"":[""EPA NPL""]}"
superfund_MID980791461,"AVENUE ""E"" GROUND WATER CONTAMINATION",superfund,44.750719,-85.577500,MI,EPA NPL,"{""external_id"":""MID980791461"",""npl_status"":""Deleted NPL"",""saa"":false,""sources"":[""EPA NPL""]}"
superfund_MID017188673,"BARRELS, INC.",superfund,42.74893991,-84.54360695,MI,EPA NPL Superfund boundaries (legacy),"{""external_id"":""MID017188673"",""geometry_fallback"":""centroid"",""layer"":""SITE_BOUNDARIES_SF"",""npl_status"":null,""saa"":false,""sources"":[""EPA NPL Superfund boundaries (legacy)""]}"
superfund_MID981092935,BAY CITY MIDDLEGROUNDS,superfund,43.56956211,-83.90783129,MI,EPA NPL Superfund boundaries (legacy),"{""external_id"":""MID981092935"",""geometry_fallback"":""centroid"",""layer"":""SITE_BOUNDARIES_SF"",""npl_status"":null,""saa"":false,""sources"":[""EPA NPL Superfund boundaries (legacy)""]}"
superfund_MID005107222,BENDIX CORP./ALLIED AUTOMOTIVE,superfund,+42.049450,-86.511950,MI,EPA NPL,"{""external_id"":""MID005107222"",""npl_status"":""Final NPL"",""saa"":false,""sources"":[""EPA NPL""]}"
superfund_MID000605717,BERLIN & FARRO,superfund,+42.904000,-83.834800,MI,EPA NPL,"{""external_id"":""MID000605717"",""npl_status"":""Deleted NPL"",""saa"":false,""sources"":[""EPA NPL""]}"
superfund_MID006030373,"BOFORS NOBEL, INC.",superfund,43.209364,-86.117460,MI,EPA NPL,"{""external_id"":""MID006030373"",""npl_status"":""Final NPL"",""saa"":false,""sources"":[""EPA NPL""]}"
superfund_MID980410617,BURROWS SANITATION,superfund,+42.223300,-86.150200,MI,EPA NPL,"{""external_id"":""MID980410617"",""npl_status"":""Deleted NPL"",""saa"":false,""sources"":[""EPA NPL""]}"
superfund_MID062222997,BUTTERWORTH #2 LANDFILL,superfund,42.952219,-85.700281,MI,EPA NPL,"{""external_id"":""MID062222997"",""npl_status"":""Final NPL"",""saa"":false,""sources"":[""EPA NPL""]}"
superfund_MID980678627,"CANNELTON INDUSTRIES, INC.",superfund,46.488889,-84.393061,MI,EPA NPL,"{""external_id"":""MID980678627"",""npl_status"":""Final NPL"",""saa"":false,""sources"":[""EPA NPL""]}"
superfund_MID980274179,"CARTER INDUSTRIALS, INC.",superfund,42.345281,-83.091669,MI,EPA NPL,"{""external_id"":""MID980274179"",""npl_status"":""Deleted NPL"",""saa"":false,""sources"":[""EPA NPL""]}"
superfund_MID980794663,CEMETERY DUMP,superfund,42.725281,-83.610281,MI,EPA NPL,"{""external_id"":""MID980794663"",""npl_status"":""Deleted NPL"",""saa"":false,""sources"":[""EPA NPL""]}"
superfund_MID980794390,CHARLEVOIX MUNICIPAL WELL,superfund,45.317781,-85.266669,MI,EPA NPL,"{""external_id"":""MID980794390"",""npl_status"":""Deleted NPL"",""saa"":false,""sources"":[""EPA NPL""]}"
superfund_MID980477079,CHEM CENTRAL,superfund,+42.910000,-85.674161,MI,EPA NPL,"{""external_id"":""MID980477079"",""npl_status"":""Final NPL"",""saa"":false,""sources"":[""EPA NPL""]}"
superfund_MID980002273,CLARE WATER SUPPLY,superfund,+43.815000,-84.762500,MI,EPA NPL,"{""external_id"":""MID980002273"",""npl_status"":""Final NPL"",""saa"":false,""sources"":[""EPA NPL""]}"
superfund_MID980608970,CLIFF/DOW DUMP,superfund,46.574439,-87.420000,MI,EPA NPL,"{""external_id"":""MID980608970"",""npl_status"":""Deleted NPL"",""saa"":false,""sources"":[""EPA NPL""]}"
superfund_MIN000510362,DSC MCLOUTH STEEL GIBRALTAR PLANT,superfund,+42.103075,-83.200292,MI,EPA NPL,"{""external_id"":""MIN000510362"",""npl_status"":""Final NPL"",""saa"":false,""sources"":[""EPA NPL""]}"
superfund_MID980504716,DUELL & GARDNER LANDFILL,superfund,+43.319439,-86.208339,MI,EPA NPL,"{""external_id"":""MID980504716"",""npl_status"":""Deleted NPL"",""saa"":false,""sources"":[""EPA NPL""]}"
superfund_MID005068143,ELECTROVOICE,superfund,+41.820600,-86.354500,MI,EPA NPL,"{""external_id"":""MID005068143"",""npl_status"":""Final NPL"",""saa"":false,""sources"":[""EPA NPL""]}"
superfund_MID980609366,FOLKERTSMA REFUSE,superfund,43.001669,-85.703331,MI,EPA NPL,"{""external_id"":""MID980609366"",""npl_status"":""Deleted NPL"",""saa"":false,""sources"":[""EPA NPL""]}"
superfund_MID980410740,FOREST WASTE PRODUCTS,superfund,43.198331,-83.545831,MI,EPA NPL,"{""external_id"":""MID980410740"",""npl_status"":""Final NPL"",""saa"":false,""sources"":[""EPA NPL""]}"
superfund_MID980410823,G&H LANDFILL,superfund,42.664719,-83.077769,MI,EPA NPL,"{""external_id"":""MID980410823"",""npl_status"":""Final NPL"",""saa"":false,""sources"":[""EPA NPL""]}"
superfund_MID017418559,GRAND TRAVERSE OVERALL SUPPLY CO.,superfund,+44.794400,-85.638200,MI,EPA NPL,"{""external_id"":""MID017418559"",""npl_status"":""Final NPL"",""saa"":false,""sources"":[""EPA NPL""]}"
superfund_MID980794531,GRATIOT COUNTY GOLF COURSE,superfund,43.41559635,-84.62345498,MI,EPA NPL Superfund boundaries (legacy),"{""external_id"":""MID980794531"",""geometry_fallback"":""centroid"",""layer"":""SITE_BOUNDARIES_SF"",""npl_status"":null,""saa"":false,""sources"":[""EPA NPL Superfund boundaries (legacy)""]}"
superfund_MID980506281,GRATIOT COUNTY LANDFILL,superfund,+43.395000,-84.595281,MI,EPA NPL,"{""external_id"":""MID980506281"",""npl_status"":""Final NPL"",""saa"":false,""sources"":[""EPA NPL""]}"
superfund_MI0001271535,H & K SALES,superfund,43.098611,-85.228333,MI,EPA NPL,"{""external_id"":""MI0001271535"",""npl_status"":""Deleted NPL"",""saa"":false,""sources"":[""EPA NPL""]}"
superfund_MID017075136,"H. BROWN CO., INC.",superfund,43.003331,-85.678339,MI,EPA NPL,"{""external_id"":""MID017075136"",""npl_status"":""Final NPL"",""saa"":false,""sources"":[""EPA NPL""]}"
superfund_MID980794408,HEDBLUM INDUSTRIES,superfund,+44.411300,-83.346900,MI,EPA NPL,"{""external_id"":""MID980794408"",""npl_status"":""Final NPL"",""saa"":false,""sources"":[""EPA NPL""]}"
superfund_MID005341714,HI-MILL MANUFACTURING CO.,superfund,42.649831,-83.593089,MI,EPA NPL,"{""external_id"":""MID005341714"",""npl_status"":""Final NPL"",""saa"":false,""sources"":[""EPA NPL""]}"
superfund_MID980794416,IONIA CITY LANDFILL,superfund,42.976669,-85.046111,MI,EPA NPL,"{""external_id"":""MID980794416"",""npl_status"":""Final NPL"",""saa"":false,""sources"":[""EPA NPL""]}"
superfund_MID980609440,J & L LANDFILL,superfund,+42.655600,-83.095900,MI,EPA NPL,"{""external_id"":""MID980609440"",""npl_status"":""Final NPL"",""saa"":false,""sources"":[""EPA NPL""]}"
superfund_MID980506463,K&L AVENUE LANDFILL,superfund,42.283331,-85.718889,MI,EPA NPL,"{""external_id"":""MID980506463"",""npl_status"":""Final NPL"",""saa"":false,""sources"":[""EPA NPL""]}"
superfund_MID006016703,KAYDON CORP.,superfund,43.20069373,-86.29084626,MI,EPA NPL Superfund boundaries (legacy),"{""external_id"":""MID006016703"",""geometry_fallback"":""centroid"",""layer"":""SITE_BOUNDARIES_SF"",""npl_status"":null,""saa"":false,""sources"":[""EPA NPL Superfund boundaries (legacy)""]}"
superfund_MID981089915,KENT CITY MOBILE HOME PARK,superfund,43.21671741,-85.75354630,MI,EPA NPL Superfund boundaries (legacy),"{""external_id"":""MID981089915"",""geometry_fallback"":""centroid"",""layer"":""SITE_BOUNDARIES_SF"",""npl_status"":null,""saa"":false,""sources"":[""EPA NPL Superfund boundaries (legacy)""]}"
superfund_MID000260281,KENTWOOD LANDFILL,superfund,+42.873800,-85.590600,MI,EPA NPL,"{""external_id"":""MID000260281"",""npl_status"":""Final NPL"",""saa"":false,""sources"":[""EPA NPL""]}"
superfund_MID043681840,KYSOR INDUSTRIAL CORP.,superfund,+44.256800,-85.422600,MI,EPA NPL,"{""external_id"":""MID043681840"",""npl_status"":""Final NPL"",""saa"":false,""sources"":[""EPA NPL""]}"
superfund_MID067340711,"LIQUID DISPOSAL, INC.",superfund,+42.654164,-83.073574,MI,EPA NPL,"{""external_id"":""MID067340711"",""npl_status"":""Final NPL"",""saa"":false,""sources"":[""EPA NPL""]}"
superfund_MID985574227,LOWER ECORSE CREEK DUMP,superfund,42.234166,-83.157777,MI,EPA NPL,"{""external_id"":""MID985574227"",""npl_status"":""Deleted NPL"",""saa"":false,""sources"":[""EPA NPL""]}"
superfund_MID980794465,MASON COUNTY LANDFILL,superfund,+43.918500,-86.429200,MI,EPA NPL,"{""external_id"":""MID980794465"",""npl_status"":""Deleted NPL"",""saa"":false,""sources"":[""EPA NPL""]}"
superfund_MID005339676,MCGRAW EDISON CORP.,superfund,42.252219,-84.733061,MI,EPA NPL,"{""external_id"":""MID005339676"",""npl_status"":""Final NPL"",""saa"":false,""sources"":[""EPA NPL""]}"
superfund_MID017422304,MCLOUTH STEEL CORP,superfund,+42.160597,-83.170906,MI,EPA NPL,"{""external_id"":""MID017422304"",""npl_status"":""Final NPL"",""saa"":false,""sources"":[""EPA NPL""]}"
superfund_MID980992952,METAL WORKING SHOP,superfund,+44.730000,-85.857500,MI,EPA NPL,"{""external_id"":""MID980992952"",""npl_status"":""Deleted NPL"",""saa"":false,""sources"":[""EPA NPL""]}"
superfund_MID980506562,METAMORA LANDFILL,superfund,+42.946950,-83.274439,MI,EPA NPL,"{""external_id"":""MID980506562"",""npl_status"":""Final NPL"",""saa"":false,""sources"":[""EPA NPL""]}"
superfund_MID000775957,MICHIGAN DISPOSAL SERVICE (CORK STREET LANDFILL),superfund,+42.254500,-85.543300,MI,EPA NPL,"{""external_id"":""MID000775957"",""npl_status"":""Final NPL"",""saa"":false,""sources"":[""EPA NPL""]}"
superfund_MIN000505842,MICHNER PLATING - MECHANIC STREET,superfund,+42.253511,-84.407010,MI,EPA NPL,"{""external_id"":""MIN000505842"",""npl_status"":""Final NPL"",""saa"":false,""sources"":[""EPA NPL""]}"
superfund_MID980702989,"MOTOR WHEEL, INC.",superfund,42.760831,-84.535000,MI,EPA NPL,"{""external_id"":""MID980702989"",""npl_status"":""Final NPL"",""saa"":false,""sources"":[""EPA NPL""]}"
superfund_MID072569510,MUSKEGON CHEMICAL CO.,superfund,+43.389100,-86.334000,MI,EPA NPL,"{""external_id"":""MID072569510"",""npl_status"":""Final NPL"",""saa"":false,""sources"":[""EPA NPL""]}"
superfund_MID005480900,NORTH BRONSON INDUSTRIAL AREA,superfund,41.880281,-85.193339,MI,EPA NPL,"{""external_id"":""MID005480900"",""npl_status"":""Final NPL"",""saa"":false,""sources"":[""EPA NPL""]}"
superfund_MID020883609,NORTHERNAIRE PLATING,superfund,+44.265000,-085.410000,MI,EPA NPL,"{""external_id"":""MID020883609"",""npl_status"":""Final NPL"",""saa"":false,""sources"":[""EPA NPL""]}"
superfund_MID084566900,NOVACO INDUSTRIES,superfund,+41.785600,-083.644300,MI,EPA NPL,"{""external_id"":""MID084566900"",""npl_status"":""Deleted NPL"",""saa"":false,""sources"":[""EPA NPL""]}"
superfund_MID990858003,"ORGANIC CHEMICALS, INC.",superfund,+42.917800,-085.747500,MI,EPA NPL,"{""external_id"":""MID990858003"",""npl_status"":""Final NPL"",""saa"":false,""sources"":[""EPA NPL""]}"
superfund_MID980794440,OSSINEKE GROUND WATER CONTAMINATION,superfund,44.90413027,-83.44243831,MI,EPA NPL Superfund boundaries (legacy),"{""external_id"":""MID980794440"",""geometry_fallback"":""centroid"",""layer"":""SITE_BOUNDARIES_SF"",""npl_status"":null,""saa"":false,""sources"":[""EPA NPL Superfund boundaries (legacy)""]}"
superfund_MID060174240,OTT/STORY/CORDOVA CHEMICAL CO.,superfund,43.303331,-86.256669,MI,EPA NPL,"{""external_id"":""MID060174240"",""npl_status"":""Final NPL"",""saa"":false,""sources"":[""EPA NPL""]}"
superfund_MID980794747,PACKAGING CORP. OF AMERICA,superfund,44.22653690,-86.27375856,MI,EPA NPL Superfund boundaries (legacy),"{""external_id"":""MID980794747"",""geometry_fallback"":""centroid"",""layer"":""SITE_BOUNDARIES_SF"",""npl_status"":null,""saa"":false,""sources"":[""EPA NPL Superfund boundaries (legacy)""]}"
superfund_MID980476907,"PARSONS CHEMICAL WORKS, INC.",superfund,+42.754700,-084.767700,MI,EPA NPL,"{""external_id"":""MID980476907"",""npl_status"":""Final NPL"",""saa"":false,""sources"":[""EPA NPL""]}"
superfund_MID006031348,PEERLESS PLATING CO.,superfund,+43.205600,-086.223700,MI,EPA NPL,"{""external_id"":""MID006031348"",""npl_status"":""Final NPL"",""saa"":false,""sources"":[""EPA NPL""]}"
superfund_MID006013049,PMC GROUNDWATER,superfund,+45.376000,-84.964000,MI,EPA NPL,"{""external_id"":""MID006013049"",""npl_status"":""Final NPL"",""saa"":false,""sources"":[""EPA NPL""]}"
superfund_MID095402210,RASMUSSEN'S DUMP,superfund,+42.454400,-083.769300,MI,EPA NPL,"{""external_id"":""MID095402210"",""npl_status"":""Final NPL"",""saa"":false,""sources"":[""EPA NPL""]}"
superfund_MID006028062,ROCKWELL INTERNATIONAL CORP. (ALLEGAN PLANT),superfund,42.536669,-085.850000,MI,EPA NPL,"{""external_id"":""MID006028062"",""npl_status"":""Final NPL"",""saa"":false,""sources"":[""EPA NPL""]}"
superfund_MID980499842,ROSE TOWNSHIP DUMP,superfund,42.720831,-83.631939,MI,EPA NPL,"{""external_id"":""MID980499842"",""npl_status"":""Final NPL"",""saa"":false,""sources"":[""EPA NPL""]}"
superfund_MID005340088,"ROTO-FINISH CO., INC.",superfund,+42.230629,-85.633714,MI,EPA NPL,"{""external_id"":""MID005340088"",""npl_status"":""Final NPL"",""saa"":false,""sources"":[""EPA NPL""]}"
superfund_MID000724930,SCA INDEPENDENT LANDFILL,superfund,43.20190219,-86.14040266,MI,EPA NPL Superfund boundaries (legacy),"{""external_id"":""MID000724930"",""geometry_fallback"":""centroid"",""layer"":""SITE_BOUNDARIES_SF"",""npl_status"":null,""saa"":false,""sources"":[""EPA NPL Superfund boundaries (legacy)""]}"
superfund_MID980794473,SHIAWASSEE RIVER,superfund,42.622781,-83.963611,MI,EPA NPL,"{""external_id"":""MID980794473"",""npl_status"":""Final NPL"",""saa"":false,""sources"":[""EPA NPL""]}"
superfund_MID069826170,SOUTH MACOMB DISPOSAL AUTHORITY (LANDFILLS #9 AND #9A),superfund,42.682081,-82.907389,MI,EPA NPL,"{""external_id"":""MID069826170"",""npl_status"":""Final NPL"",""saa"":false,""sources"":[""EPA NPL""]}"
superfund_MID980608780,SOUTHWEST OTTAWA COUNTY LANDFILL,superfund,42.820419,-86.185219,MI,EPA NPL,"{""external_id"":""MID980608780"",""npl_status"":""Final NPL"",""saa"":false,""sources"":[""EPA NPL""]}"
superfund_MID000268136,SPARTA LANDFILL,superfund,+43.152500,-085.681950,MI,EPA NPL,"{""external_id"":""MID000268136"",""npl_status"":""Final NPL"",""saa"":false,""sources"":[""EPA NPL""]}"
superfund_MID079300125,SPARTAN CHEMICAL CO.,superfund,42.915831,-85.727781,MI,EPA NPL,"{""external_id"":""MID079300125"",""npl_status"":""Final NPL"",""saa"":false,""sources"":[""EPA NPL""]}"
superfund_MID980794481,SPIEGELBERG LANDFILL,superfund,42.454169,-83.772219,MI,EPA NPL,"{""external_id"":""MID980794481"",""npl_status"":""Deleted NPL"",""saa"":false,""sources"":[""EPA NPL""]}"
superfund_MID980499966,SPRINGFIELD TOWNSHIP DUMP,superfund,+42.704400,-083.541900,MI,EPA NPL,"{""external_id"":""MID980499966"",""npl_status"":""Final NPL"",""saa"":false,""sources"":[""EPA NPL""]}"
superfund_MID980609341,"STATE DISPOSAL LANDFILL, INC.",superfund,43.03362643,-85.58643425,MI,EPA NPL Superfund boundaries (legacy),"{""external_id"":""MID980609341"",""geometry_fallback"":""centroid"",""layer"":""SITE_BOUNDARIES_SF"",""npl_status"":null,""saa"":false,""sources"":[""EPA NPL Superfund boundaries (legacy)""]}"
superfund_MID980703011,STURGIS MUNICIPAL WELLS,superfund,+41.804668,-85.413907,MI,EPA NPL,"{""external_id"":""MID980703011"",""npl_status"":""Final NPL"",""saa"":false,""sources"":[""EPA NPL""]}"
superfund_MID980794655,TAR LAKE,superfund,+44.886600,-085.073000,MI,EPA NPL,"{""external_id"":""MID980794655"",""npl_status"":""Final NPL"",""saa"":false,""sources"":[""EPA NPL""]}"
superfund_MIN000510063,TEN-MILE DRAIN,superfund,42.486944,-82.899167,MI,EPA NPL,"{""external_id"":""MIN000510063"",""npl_status"":""Final NPL"",""saa"":false,""sources"":[""EPA NPL""]}"
superfund_MID044567162,"THERMO-CHEM, INC.",superfund,43.210831,-86.136669,MI,EPA NPL,"{""external_id"":""MID044567162"",""npl_status"":""Final NPL"",""saa"":false,""sources"":[""EPA NPL""]}"
superfund_MID980994354,"TITTABAWASSEE RIVER, SAGINAW RIVER & BAY",superfund,43.96006069,-83.51021619,MI,EPA NPL Superfund boundaries (legacy),"{""external_id"":""MID980994354"",""geometry_fallback"":""centroid"",""layer"":""SITE_BOUNDARIES_SF"",""npl_status"":null,""saa"":false,""sources"":[""EPA NPL Superfund boundaries (legacy)""]}"
superfund_MID980901946,TORCH LAKE,superfund,47.169719,-88.397781,MI,EPA NPL,"{""external_id"":""MID980901946"",""npl_status"":""Final NPL"",""saa"":false,""sources"":[""EPA NPL""]}"
superfund_MID980794556,U.S. AVIEX,superfund,+41.830900,-086.196800,MI,EPA NPL,"{""external_id"":""MID980794556"",""npl_status"":""Final NPL"",""saa"":false,""sources"":[""EPA NPL""]}"
superfund_MIN000510389,VELSICOL BURN PIT,superfund,+43.415545,-84.623263,MI,EPA NPL,"{""external_id"":""MIN000510389"",""npl_status"":""Final NPL"",""saa"":false,""sources"":[""EPA NPL""]}"
superfund_MID000722439,VELSICOL CHEMICAL CORP. (MICHIGAN),superfund,43.410561,-84.618611,MI,EPA NPL,"{""external_id"":""MID000722439"",""npl_status"":""Final NPL"",""saa"":false,""sources"":[""EPA NPL""]}"
superfund_MID980793806,VERONA WELL FIELD,superfund,42.341669,-85.143331,MI,EPA NPL,"{""external_id"":""MID980793806"",""npl_status"":""Final NPL"",""saa"":false,""sources"":[""EPA NPL""]}"
superfund_MID980701247,WASH KING LAUNDRY,superfund,+43.853200,-085.853000,MI,EPA NPL,"{""external_id"":""MID980701247"",""npl_status"":""Final NPL"",""saa"":false,""sources"":[""EPA NPL""]}"
superfund_MID060179587,WASTE MANAGEMENT OF MICHIGAN (HOLLAND LAGOONS),superfund,42.824219,-86.189389,MI,EPA NPL,"{""external_id"":""MID060179587"",""npl_status"":""Deleted NPL"",""saa"":false,""sources"":[""EPA NPL""]}"
superfund_MID980701254,WHITEHALL MUNICIPAL WELLS,superfund,43.412219,-86.328889,MI,EPA NPL,"{""external_id"":""MID980701254"",""npl_status"":""Deleted NPL"",""saa"":false,""sources"":[""EPA NPL""]}"
superfund_MI5570024278,WURTSMITH AIR FORCE BASE,superfund,+44.450000,-83.366666,MI,EPA NPL,"{""external_id"":""MI5570024278"",""npl_status"":""Proposed NPL"",""saa"":false,""sources"":[""EPA NPL""]}"
superfund_MND980904023,ADRIAN MUNICIPAL WELL FIELD,superfund,43.63931035,-95.93503528,MN,EPA NPL Superfund boundaries (legacy),"{""external_id"":""MND980904023"",""geometry_fallback"":""centroid"",""layer"":""SITE_BOUNDARIES_SF"",""npl_status"":null,""saa"":false,""sources"":[""EPA NPL Superfund boundaries (legacy)""]}"
superfund_MND980898068,AGATE LAKE SCRAPYARD,superfund,46.453561,-94.375831,MN,EPA NPL,"{""external_id"":""MND980898068"",""npl_status"":""Deleted NPL"",""saa"":false,""sources"":[""EPA NPL""]}"
superfund_MND980823975,ARROWHEAD REFINERY CO.,superfund,+46.837700,-92.239800,MN,EPA NPL,"{""external_id"":""MND980823975"",""npl_status"":""Deleted NPL"",""saa"":false,""sources"":[""EPA NPL""]}"
superfund_MND982425209,BAYTOWN TOWNSHIP GROUND WATER PLUME,superfund,+45.000000,-92.833333,MN,EPA NPL,"{""external_id"":""MND982425209"",""npl_status"":""Final NPL"",""saa"":false,""sources"":[""EPA NPL""]}"
superfund_MND053417515,"BOISE CASCADE/ONAN CORP./MEDTRONICS, INC.",superfund,45.095831,-93.233331,MN,EPA NPL,"{""external_id"":""MND053417515"",""npl_status"":""Deleted NPL"",""saa"":false,""sources"":[""EPA NPL""]}"
superfund_MND000686196,BURLINGTON NORTHERN (BRAINERD/BAXTER PLANT),superfund,+46.353200,-94.228200,MN,EPA NPL,"{""external_id"":""MND000686196"",""npl_status"":""Final NPL"",""saa"":false,""sources"":[""EPA NPL""]}"
superfund_MND981191570,DAKHUE SANITARY LANDFILL,superfund,+44.571800,-92.927700,MN,EPA NPL,"{""external_id"":""MND981191570"",""npl_status"":""Deleted NPL"",""saa"":false,""sources"":[""EPA NPL""]}"
superfund_MND981088180,EAST BETHEL DEMOLITION LANDFILL,superfund,+45.365300,-93.224600,MN,EPA NPL,"{""external_id"":""MND981088180"",""npl_status"":""Deleted NPL"",""saa"":false,""sources"":[""EPA NPL""]}"
superfund_MND006481543,FMC CORP. (FRIDLEY PLANT),superfund,+45.056500,-93.276200,MN,EPA NPL,"{""external_id"":""MND006481543"",""npl_status"":""Final NPL"",""saa"":false,""sources"":[""EPA NPL""]}"
superfund_MND038384004,FREEWAY SANITARY LANDFILL,superfund,44.79390396,-93.29423226,MN,EPA NPL Superfund boundaries (legacy),"{""external_id"":""MND038384004"",""geometry_fallback"":""centroid"",""layer"":""SITE_BOUNDARIES_SF"",""npl_status"":null,""saa"":false,""sources"":[""EPA NPL Superfund boundaries (legacy)""]}"
superfund_MND985701309,FRIDLEY COMMONS PARK WELL FIELD,superfund,+45.080556,-93.255556,MN,EPA NPL,"{""external_id"":""MND985701309"",""npl_status"":""Deleted NPL"",""saa"":false,""sources"":[""EPA NPL""]}"
superfund_MND051441731,GENERAL MILLS/HENKEL CORP.,superfund,+44.990000,-93.222781,MN,EPA NPL,"{""external_id"":""MND051441731"",""npl_status"":""Final NPL"",""saa"":false,""sources"":[""EPA NPL""]}"
superfund_MNN000506121,HIGHWAY 100 AND COUNTY ROAD 3 GROUNDWATER PLUME,superfund,44.93026836,-93.35000956,MN,EPA NPL Superfund boundaries (legacy),"{""external_id"":""MNN000506121"",""geometry_fallback"":""centroid"",""layer"":""SITE_BOUNDARIES_SF"",""npl_status"":null,""saa"":false,""sources"":[""EPA NPL Superfund boundaries (legacy)""]}"
superfund_MND044799856,JOSLYN MANUFACTURING & SUPPLY CO.,superfund,+45.045000,-93.333339,MN,EPA NPL,"{""external_id"":""MND044799856"",""npl_status"":""Final NPL"",""saa"":false,""sources"":[""EPA NPL""]}"
superfund_MND000686071,KOCH REFINING CO./N-REN CORP.,superfund,+44.768400,-93.040600,MN,EPA NPL,"{""external_id"":""MND000686071"",""npl_status"":""Deleted NPL"",""saa"":false,""sources"":[""EPA NPL""]}"
superfund_MND000819359,KOPPERS COKE,superfund,44.972219,-93.152781,MN,EPA NPL,"{""external_id"":""MND000819359"",""npl_status"":""Final NPL"",""saa"":false,""sources"":[""EPA NPL""]}"
superfund_MND980904049,KUMMER SANITARY LANDFILL,superfund,47.506531,-94.892719,MN,EPA NPL,"{""external_id"":""MND980904049"",""npl_status"":""Deleted NPL"",""saa"":false,""sources"":[""EPA NPL""]}"
superfund_MND059680165,KURT MANUFACTURING CO.,superfund,45.064411,-93.268361,MN,EPA NPL,"{""external_id"":""MND059680165"",""npl_status"":""Final NPL"",""saa"":false,""sources"":[""EPA NPL""]}"
superfund_MND981090483,LAGRAND SANITARY LANDFILL,superfund,+45.900000,-95.496669,MN,EPA NPL,"{""external_id"":""MND981090483"",""npl_status"":""Deleted NPL"",""saa"":false,""sources"":[""EPA NPL""]}"
superfund_MND980792469,LEHILLIER/MANKATO,superfund,44.153331,-94.038331,MN,EPA NPL,"{""external_id"":""MND980792469"",""npl_status"":""Final NPL"",""saa"":false,""sources"":[""EPA NPL""]}"
superfund_MND980904072,LONG PRAIRIE GROUND WATER CONTAMINATION,superfund,45.978531,-94.856639,MN,EPA NPL,"{""external_id"":""MND980904072"",""npl_status"":""Final NPL"",""saa"":false,""sources"":[""EPA NPL""]}"
superfund_MND006192694,MACGILLIS & GIBBS CO./BELL LUMBER & POLE CO.,superfund,+45.055000,-93.194731,MN,EPA NPL,"{""external_id"":""MND006192694"",""npl_status"":""Final NPL"",""saa"":false,""sources"":[""EPA NPL""]}"
superfund_MND980792287,MORRIS ARSENIC DUMP,superfund,+45.606600,-95.884500,MN,EPA NPL,"{""external_id"":""MND980792287"",""npl_status"":""Deleted NPL"",""saa"":false,""sources"":[""EPA NPL""]}"
superfund_MN3170022914,NAVAL INDUSTRIAL RESERVE ORDNANCE PLANT,superfund,+45.058831,-93.273669,MN,EPA NPL,"{""external_id"":""MN3170022914"",""npl_status"":""Final NPL"",""saa"":false,""sources"":[""EPA NPL""]}"
superfund_MN7213820908,NEW BRIGHTON/ARDEN HILLS/TCAAP (USARMY),superfund,+45.079169,-93.197500,MN,EPA NPL,"{""external_id"":""MN7213820908"",""npl_status"":""Final NPL"",""saa"":false,""sources"":[""EPA NPL""]}"
superfund_MND097891634,NL INDUSTRIES/TARACORP/GOLDEN AUTO,superfund,44.936111,-93.363611,MN,EPA NPL,"{""external_id"":""MND097891634"",""npl_status"":""Deleted NPL"",""saa"":false,""sources"":[""EPA NPL""]}"
superfund_MND006154017,NUTTING TRUCK & CASTER CO.,superfund,+44.289169,-93.286389,MN,EPA NPL,"{""external_id"":""MND006154017"",""npl_status"":""Deleted NPL"",""saa"":false,""sources"":[""EPA NPL""]}"
superfund_MND980904056,OAK GROVE SANITARY LANDFILL,superfund,+45.317000,-093.331700,MN,EPA NPL,"{""external_id"":""MND980904056"",""npl_status"":""Deleted NPL"",""saa"":false,""sources"":[""EPA NPL""]}"
superfund_MND980609515,OAKDALE DUMP,superfund,+45.000000,-92.966669,MN,EPA NPL,"{""external_id"":""MND980609515"",""npl_status"":""Final NPL"",""saa"":false,""sources"":[""EPA NPL""]}"
superfund_MND000874354,OLMSTED COUNTY SANITARY LANDFILL,superfund,44.13042147,-92.49944136,MN,EPA NPL Superfund boundaries (legacy),"{""external_id"":""MND000874354"",""geometry_fallback"":""centroid"",""layer"":""SITE_BOUNDARIES_SF"",""npl_status"":null,""saa"":false,""sources"":[""EPA NPL Superfund boundaries (legacy)""]}"
superfund_MND980609572,PERHAM ARSENIC SITE,superfund,46.587781,-95.571661,MN,EPA NPL,"{""external_id"":""MND980609572"",""npl_status"":""Final NPL"",""saa"":false,""sources"":[""EPA NPL""]}"
superfund_MND000245795,PINE BEND SANITARY LANDFILL,superfund,44.784719,-093.050550,MN,EPA NPL,"{""external_id"":""MND000245795"",""npl_status"":""Deleted NPL"",""saa"":false,""sources"":[""EPA NPL""]}"
superfund_MND980609804,REILLY TAR & CHEMICAL CORP. (ST. LOUIS PARK PLANT),superfund,44.941669,-93.372219,MN,EPA NPL,"{""external_id"":""MND980609804"",""npl_status"":""Final NPL"",""saa"":false,""sources"":[""EPA NPL""]}"
superfund_MND980904064,RITARI POST & POLE,superfund,+46.660800,-095.029800,MN,EPA NPL,"{""external_id"":""MND980904064"",""npl_status"":""Final NPL"",""saa"":false,""sources"":[""EPA NPL""]}"
superfund_MND980609614,SOUTH ANDOVER SITE,superfund,+45.217900,-093.318000,MN,EPA NPL,"{""external_id"":""MND980609614"",""npl_status"":""Final NPL"",""saa"":false,""sources"":[""EPA NPL""]}"
superfund_MNN000509136,SOUTH MINNEAPOLIS RESIDENTIAL SOIL CONTAMINATION,superfund,+44.952800,-93.242700,MN,EPA NPL,"{""external_id"":""MNN000509136"",""npl_status"":""Final NPL"",""saa"":false,""sources"":[""EPA NPL""]}"
superfund_MNN000506043,SOUTHEAST HENNEPIN AREA GROUNDWATER AND VAPOR,superfund,44.99519434,-93.21747462,MN,EPA NPL Superfund boundaries (legacy),"{""external_id"":""MNN000506043"",""geometry_fallback"":""centroid"",""layer"":""SITE_BOUNDARIES_SF"",""npl_status"":null,""saa"":false,""sources"":[""EPA NPL Superfund boundaries (legacy)""]}"
superfund_MNN000502963,SPRING PARK MUNICIPAL WELL FIELD,superfund,44.93595956,-93.63332492,MN,EPA NPL Superfund boundaries (legacy),"{""external_id"":""MNN000502963"",""geometry_fallback"":""centroid"",""layer"":""SITE_BOUNDARIES_SF"",""npl_status"":null,""saa"":false,""sources"":[""EPA NPL Superfund boundaries (legacy)""]}"
superfund_MND981002256,ST. AUGUSTA SANITARY LANDFILL/ENGEN DUMP,superfund,45.48204287,-94.13402395,MN,EPA NPL Superfund boundaries (legacy),"{""external_id"":""MND981002256"",""geometry_fallback"":""centroid"",""layer"":""SITE_BOUNDARIES_SF"",""npl_status"":null,""saa"":false,""sources"":[""EPA NPL Superfund boundaries (legacy)""]}"
superfund_MND039045430,ST. LOUIS RIVER SITE,superfund,46.677781,-92.212219,MN,EPA NPL,"{""external_id"":""MND039045430"",""npl_status"":""Final NPL"",""saa"":false,""sources"":[""EPA NPL""]}"
superfund_MND057597940,ST. REGIS PAPER CO.,superfund,47.375561,-094.605550,MN,EPA NPL,"{""external_id"":""MND057597940"",""npl_status"":""Final NPL"",""saa"":false,""sources"":[""EPA NPL""]}"
superfund_MN8570024275,TWIN CITIES AIR FORCE RESERVE BASE (SMALL ARMS RANGE LANDFILL),superfund,44.863061,-93.204719,MN,EPA NPL,"{""external_id"":""MN8570024275"",""npl_status"":""Deleted NPL"",""saa"":false,""sources"":[""EPA NPL""]}"
superfund_MND022949192,UNION SCRAP IRON & METAL CO.,superfund,44.995561,-93.280561,MN,EPA NPL,"{""external_id"":""MND022949192"",""npl_status"":""Deleted NPL"",""saa"":false,""sources"":[""EPA NPL""]}"
superfund_MND980613780,UNIVERSITY OF MINNESOTA (ROSEMOUNT RESEARCH CENTER),superfund,44.719439,-93.072811,MN,EPA NPL,"{""external_id"":""MND980613780"",""npl_status"":""Deleted NPL"",""saa"":false,""sources"":[""EPA NPL""]}"
superfund_MND981002249,WAITE PARK WELLS,superfund,45.561669,-094.215000,MN,EPA NPL,"{""external_id"":""MND981002249"",""npl_status"":""Final NPL"",""saa"":false,""sources"":[""EPA NPL""]}"
superfund_MND980704738,WASHINGTON COUNTY LANDFILL,superfund,45.008639,-92.918139,MN,EPA NPL,"{""external_id"":""MND980704738"",""npl_status"":""Deleted NPL"",""saa"":false,""sources"":[""EPA NPL""]}"
superfund_MND980609119,WASTE DISPOSAL ENGINEERING,superfund,+45.228000,-093.312200,MN,EPA NPL,"{""external_id"":""MND980609119"",""npl_status"":""Deleted NPL"",""saa"":false,""sources"":[""EPA NPL""]}"
superfund_MND006252233,WHITTAKER CORP.,superfund,45.02605852,-93.27098159,MN,EPA NPL Superfund boundaries (legacy),"{""external_id"":""MND006252233"",""geometry_fallback"":""centroid"",""layer"":""SITE_BOUNDARIES_SF"",""npl_status"":null,""saa"":false,""sources"":[""EPA NPL Superfund boundaries (legacy)""]}"
superfund_MND980034516,WINDOM DUMP,superfund,+43.868750,-95.100939,MN,EPA NPL,"{""external_id"":""MND980034516"",""npl_status"":""Deleted NPL"",""saa"":false,""sources"":[""EPA NPL""]}"
superfund_MO0000958611,ANNAPOLIS LEAD MINE,superfund,+37.355556,-90.675000,MO,EPA NPL,"{""external_id"":""MO0000958611"",""npl_status"":""Deleted NPL"",""saa"":false,""sources"":[""EPA NPL""]}"
superfund_MOD046750253,ARMOUR ROAD,superfund,+39.145000,-94.556111,MO,EPA NPL,"{""external_id"":""MOD046750253"",""npl_status"":""Final NPL"",""saa"":false,""sources"":[""EPA NPL""]}"
superfund_MOD980860522,BEE CEE MANUFACTURING CO.,superfund,+36.603292,-89.979050,MO,EPA NPL,"{""external_id"":""MOD980860522"",""npl_status"":""Final NPL"",""saa"":false,""sources"":[""EPA NPL""]}"
superfund_MOD981126899,BIG RIVER MINE TAILINGS/ST. JOE MINERALS CORP.,superfund,+37.878097,-90.539344,MO,EPA NPL,"{""external_id"":""MOD981126899"",""npl_status"":""Final NPL"",""saa"":false,""sources"":[""EPA NPL""]}"
superfund_MON000706143,COMPASS PLAZA WELL TCE,superfund,37.109009,-93.083168,MO,EPA NPL,"{""external_id"":""MON000706143"",""npl_status"":""Final NPL"",""saa"":false,""sources"":[""EPA NPL""]}"
superfund_MOD000829705,CONSERVATION CHEMICAL CO.,superfund,+39.127900,-94.472200,MO,EPA NPL,"{""external_id"":""MOD000829705"",""npl_status"":""Final NPL"",""saa"":false,""sources"":[""EPA NPL""]}"
superfund_MOD980633010,ELLISVILLE SITE,superfund,38.603331,-90.618331,MO,EPA NPL,"{""external_id"":""MOD980633010"",""npl_status"":""Final NPL"",""saa"":false,""sources"":[""EPA NPL""]}"
superfund_MOD980631139,FULBRIGHT LANDFILL,superfund,37.273056,-93.312500,MO,EPA NPL,"{""external_id"":""MOD980631139"",""npl_status"":""Final NPL"",""saa"":false,""sources"":[""EPA NPL""]}"
superfund_MOD980631113,KEM-PEST LABORATORIES,superfund,37.339611,-89.489444,MO,EPA NPL,"{""external_id"":""MOD980631113"",""npl_status"":""Deleted NPL"",""saa"":false,""sources"":[""EPA NPL""]}"
superfund_MO3213890012,LAKE CITY ARMY AMMUNITION PLANT (NORTHWEST LAGOON),superfund,+39.103000,-94.278300,MO,EPA NPL,"{""external_id"":""MO3213890012"",""npl_status"":""Final NPL"",""saa"":false,""sources"":[""EPA NPL""]}"
superfund_MOD980853519,LEE CHEMICAL,superfund,39.201111,-94.392500,MO,EPA NPL,"{""external_id"":""MOD980853519"",""npl_status"":""Final NPL"",""saa"":false,""sources"":[""EPA NPL""]}"
superfund_MOD098633415,MADISON COUNTY MINES,superfund,37.546111,-90.276111,MO,EPA NPL,"{""external_id"":""MOD098633415"",""npl_status"":""Final NPL"",""saa"":false,""sources"":[""EPA NPL""]}"
superfund_MOD980741912,MINKER/STOUT/ROMAINE CREEK,superfund,+38.440000,-90.480000,MO,EPA NPL,"{""external_id"":""MOD980741912"",""npl_status"":""Final NPL"",""saa"":false,""sources"":[""EPA NPL""]}"
superfund_MOD980965982,MISSOURI ELECTRIC WORKS,superfund,+37.286250,-89.555056,MO,EPA NPL,"{""external_id"":""MOD980965982"",""npl_status"":""Final NPL"",""saa"":false,""sources"":[""EPA NPL""]}"
superfund_MOD981507585,NEWTON COUNTY MINE TAILINGS,superfund,+36.992100,-94.384800,MO,EPA NPL,"{""external_id"":""MOD981507585"",""npl_status"":""Final NPL"",""saa"":false,""sources"":[""EPA NPL""]}"
superfund_MOD985798339,NEWTON COUNTY WELLS,superfund,37.044722,-94.473056,MO,EPA NPL,"{""external_id"":""MOD985798339"",""npl_status"":""Final NPL"",""saa"":false,""sources"":[""EPA NPL""]}"
superfund_MOD007163108,NORTH-U DRIVE WELL CONTAMINATION,superfund,37.271389,-93.317781,MO,EPA NPL,"{""external_id"":""MOD007163108"",""npl_status"":""Deleted NPL"",""saa"":false,""sources"":[""EPA NPL""]}"
superfund_MOD981717036,OAK GROVE VILLAGE WELL,superfund,38.220972,-91.149461,MO,EPA NPL,"{""external_id"":""MOD981717036"",""npl_status"":""Final NPL"",""saa"":false,""sources"":[""EPA NPL""]}"
superfund_MOD980686281,ORONOGO-DUENWEG MINING BELT,superfund,37.101111,-94.420561,MO,EPA NPL,"{""external_id"":""MOD980686281"",""npl_status"":""Final NPL"",""saa"":false,""sources"":[""EPA NPL""]}"
superfund_MO0000958835,POOLS PRAIRIE,superfund,36.803056,-94.390278,MO,EPA NPL,"{""external_id"":""MO0000958835"",""npl_status"":""Final NPL"",""saa"":false,""sources"":[""EPA NPL""]}"
superfund_MOD980860555,QUALITY PLATING,superfund,+36.963050,-89.557219,MO,EPA NPL,"{""external_id"":""MOD980860555"",""npl_status"":""Final NPL"",""saa"":false,""sources"":[""EPA NPL""]}"
superfund_MOD981720246,RIVERFRONT,superfund,+38.613889,-91.214722,MO,EPA NPL,"{""external_id"":""MOD981720246"",""npl_status"":""Final NPL"",""saa"":false,""sources"":[""EPA NPL""]}"
superfund_MOD980685838,SHENANDOAH STABLES,superfund,+38.924450,-90.926939,MO,EPA NPL,"{""external_id"":""MOD980685838"",""npl_status"":""Deleted NPL"",""saa"":false,""sources"":[""EPA NPL""]}"
superfund_MOD980854111,"SOLID STATE CIRCUITS, INC.",superfund,37.118061,-93.480281,MO,EPA NPL,"{""external_id"":""MOD980854111"",""npl_status"":""Final NPL"",""saa"":false,""sources"":[""EPA NPL""]}"
superfund_MON000705443,SOUTHWEST JEFFERSON COUNTY MINING,superfund,38.186794,-90.758975,MO,EPA NPL,"{""external_id"":""MON000705443"",""npl_status"":""Final NPL"",""saa"":false,""sources"":[""EPA NPL""]}"
superfund_MON000703541,SPORLAN VALVE PLANT #1,superfund,+38.551900,-91.006680,MO,EPA NPL,"{""external_id"":""MON000703541"",""npl_status"":""Final NPL"",""saa"":false,""sources"":[""EPA NPL""]}"
superfund_MOD980633176,ST. LOUIS AIRPORT/HAZELWOOD INTERIM STORAGE/FUTURA COATINGS CO.,superfund,38.759719,-90.360419,MO,EPA NPL,"{""external_id"":""MOD980633176"",""npl_status"":""Final NPL"",""saa"":false,""sources"":[""EPA NPL""]}"
superfund_MOD007452154,SYNTEX FACILITY,superfund,+36.965000,-93.798331,MO,EPA NPL,"{""external_id"":""MOD007452154"",""npl_status"":""Final NPL"",""saa"":false,""sources"":[""EPA NPL""]}"
superfund_MOD980685226,TIMES BEACH,superfund,38.508339,-90.601669,MO,EPA NPL,"{""external_id"":""MOD980685226"",""npl_status"":""Deleted NPL"",""saa"":false,""sources"":[""EPA NPL""]}"
superfund_MOD980968341,VALLEY PARK TCE,superfund,38.552781,-90.466669,MO,EPA NPL,"{""external_id"":""MOD980968341"",""npl_status"":""Final NPL"",""saa"":false,""sources"":[""EPA NPL""]}"
superfund_MON000705803,VIENNA WELLS,superfund,38.189597,-91.944158,MO,EPA NPL,"{""external_id"":""MON000705803"",""npl_status"":""Final NPL"",""saa"":false,""sources"":[""EPA NPL""]}"
superfund_MON000705842,WASHINGTON COUNTY LEAD DISTRICT - FURNACE CREEK,superfund,37.840531,-90.799556,MO,EPA NPL,"{""external_id"":""MON000705842"",""npl_status"":""Final NPL"",""saa"":false,""sources"":[""EPA NPL""]}"
superfund_MON000705027,WASHINGTON COUNTY LEAD DISTRICT - OLD MINES,superfund,+38.075278,-90.738333,MO,EPA NPL,"{""external_id"":""MON000705027"",""npl_status"":""Final NPL"",""saa"":false,""sources"":[""EPA NPL""]}"
superfund_MON000705023,WASHINGTON COUNTY LEAD DISTRICT - POTOSI,superfund,37.939900,-90.772400,MO,EPA NPL,"{""external_id"":""MON000705023"",""npl_status"":""Final NPL"",""saa"":false,""sources"":[""EPA NPL""]}"
superfund_MON000705032,WASHINGTON COUNTY LEAD DISTRICT - RICHWOODS,superfund,+38.166150,-90.814264,MO,EPA NPL,"{""external_id"":""MON000705032"",""npl_status"":""Final NPL"",""saa"":false,""sources"":[""EPA NPL""]}"
superfund_MO5210021288,WELDON SPRING FORMER ARMY ORDNANCE WORKS,superfund,38.696389,-90.729161,MO,EPA NPL,"{""external_id"":""MO5210021288"",""npl_status"":""Final NPL"",""saa"":false,""sources"":[""EPA NPL""]}"
superfund_MO3210090004,WELDON SPRING QUARRY/PLANT/PITS (USDOE/ARMY),superfund,38.696944,-90.724999,MO,EPA NPL,"{""external_id"":""MO3210090004"",""npl_status"":""Final NPL"",""saa"":false,""sources"":[""EPA NPL""]}"
superfund_MOD079900932,WESTLAKE LANDFILL,superfund,+38.770000,-90.445269,MO,EPA NPL,"{""external_id"":""MOD079900932"",""npl_status"":""Final NPL"",""saa"":false,""sources"":[""EPA NPL""]}"
superfund_MOD000830554,"WHEELING DISPOSAL SERVICE CO., INC., LANDFILL",superfund,+39.875000,-94.870000,MO,EPA NPL,"{""external_id"":""MOD000830554"",""npl_status"":""Deleted NPL"",""saa"":false,""sources"":[""EPA NPL""]}"
superfund_MPD980798318,PCB WAREHOUSE,superfund,15.200000,145.750000,MP,EPA NPL,"{""external_id"":""MPD980798318"",""npl_status"":""Deleted NPL"",""saa"":false,""sources"":[""EPA NPL""]}"
superfund_MSD004006995,AMERICAN CREOSOTE WORKS INC (LOUISVILLE),superfund,33.111111,-89.058333,MS,EPA NPL,"{""external_id"":""MSD004006995"",""npl_status"":""Final NPL"",""saa"":false,""sources"":[""EPA NPL""]}"
superfund_MSD008154486,"CHEMFAX, INC.",superfund,+30.428888,-89.089166,MS,EPA NPL,"{""external_id"":""MSD008154486"",""npl_status"":""Final NPL"",""saa"":false,""sources"":[""EPA NPL""]}"
superfund_MSD046497012,DAVIS TIMBER COMPANY,superfund,+31.345192,-89.404461,MS,EPA NPL,"{""external_id"":""MSD046497012"",""npl_status"":""Deleted NPL"",""saa"":false,""sources"":[""EPA NPL""]}"
superfund_MSD980710941,FLOWOOD SITE,superfund,+32.300000,-90.145839,MS,EPA NPL,"{""external_id"":""MSD980710941"",""npl_status"":""Deleted NPL"",""saa"":false,""sources"":[""EPA NPL""]}"
superfund_MSD990866329,KERR-MCGEE CHEMICAL CORP - COLUMBUS,superfund,33.509767,-88.409686,MS,EPA NPL,"{""external_id"":""MSD990866329"",""npl_status"":""Final NPL"",""saa"":false,""sources"":[""EPA NPL""]}"
superfund_MSN000403508,MISSISSIPPI PHOSPHATES CORPORATION,superfund,+30.372103,-88.491006,MS,EPA NPL,"{""external_id"":""MSN000403508"",""npl_status"":""Final NPL"",""saa"":false,""sources"":[""EPA NPL""]}"
superfund_MSD980840045,"NEWSOM BROTHERS/OLD REICHHOLD CHEMICALS, INC.",superfund,31.244719,-89.826939,MS,EPA NPL,"{""external_id"":""MSD980840045"",""npl_status"":""Deleted NPL"",""saa"":false,""sources"":[""EPA NPL""]}"
superfund_MSD065490930,PICAYUNE WOOD TREATING SITE,superfund,30.524444,-89.689722,MS,EPA NPL,"{""external_id"":""MSD065490930"",""npl_status"":""Final NPL"",""saa"":false,""sources"":[""EPA NPL""]}"
superfund_MSD056029648,POTTER CO.,superfund,31.70955131,-90.39297368,MS,EPA NPL Superfund boundaries (legacy),"{""external_id"":""MSD056029648"",""geometry_fallback"":""centroid"",""layer"":""SITE_BOUNDARIES_SF"",""npl_status"":null,""saa"":false,""sources"":[""EPA NPL Superfund boundaries (legacy)""]}"
superfund_MSD000272385,RED PANTHER CHEMICAL COMPANY,superfund,34.18733622,-90.56204234,MS,EPA NPL Superfund boundaries (legacy),"{""external_id"":""MSD000272385"",""geometry_fallback"":""centroid"",""layer"":""SITE_BOUNDARIES_SF"",""npl_status"":null,""saa"":false,""sources"":[""EPA NPL Superfund boundaries (legacy)""]}"
superfund_MSD007037278,ROCKWELL INTERNATIONAL WHEEL & TRIM,superfund,+33.803244,-89.801661,MS,EPA NPL,"{""external_id"":""MSD007037278"",""npl_status"":""Final NPL"",""saa"":false,""sources"":[""EPA NPL""]}"
superfund_MSD086556388,SONFORD PRODUCTS,superfund,32.292510,-90.142220,MS,EPA NPL,"{""external_id"":""MSD086556388"",""npl_status"":""Final NPL"",""saa"":false,""sources"":[""EPA NPL""]}"
superfund_MSD000828558,SOUTHEASTERN WOOD PRESERVING,superfund,32.618061,-90.018189,MS,EPA NPL,"{""external_id"":""MSD000828558"",""npl_status"":""Final NPL"",""saa"":false,""sources"":[""EPA NPL""]}"
superfund_MSD980601736,WALCOTTE CHEMICAL CO. WAREHOUSES,superfund,33.41108863,-91.05397269,MS,EPA NPL Superfund boundaries (legacy),"{""external_id"":""MSD980601736"",""geometry_fallback"":""centroid"",""layer"":""SITE_BOUNDARIES_SF"",""npl_status"":null,""saa"":false,""sources"":[""EPA NPL Superfund boundaries (legacy)""]}"
superfund_MTD093291599,ACM SMELTER AND REFINERY,superfund,+47.528610,-111.246480,MT,EPA NPL,"{""external_id"":""MTD093291599"",""npl_status"":""Final NPL"",""saa"":false,""sources"":[""EPA NPL""]}"
superfund_MTD057561763,ANACONDA ALUMINUM CO COLUMBIA FALLS REDUCTION PLANT,superfund,+48.391660,-114.136514,MT,EPA NPL,"{""external_id"":""MTD057561763"",""npl_status"":""Final NPL"",""saa"":false,""sources"":[""EPA NPL""]}"
superfund_MTD093291656,ANACONDA CO. SMELTER,superfund,+46.116661,-112.915000,MT,EPA NPL,"{""external_id"":""MTD093291656"",""npl_status"":""Final NPL"",""saa"":false,""sources"":[""EPA NPL""]}"
superfund_MT6122307485,BARKER HUGHESVILLE MINING DISTRICT,superfund,+47.071683,-110.643788,MT,EPA NPL,"{""external_id"":""MT6122307485"",""npl_status"":""Final NPL"",""saa"":false,""sources"":[""EPA NPL""]}"
superfund_MTD982572562,BASIN MINING AREA,superfund,+46.345479,-112.272079,MT,EPA NPL,"{""external_id"":""MTD982572562"",""npl_status"":""Final NPL"",""saa"":false,""sources"":[""EPA NPL""]}"
superfund_MTD986073252,BILLINGS PCE,superfund,+45.774118,-108.522926,MT,EPA NPL,"{""external_id"":""MTD986073252"",""npl_status"":""Final NPL"",""saa"":false,""sources"":[""EPA NPL""]}"
superfund_MTD986066025,BURLINGTON NORTHERN LIVINGSTON SHOP COMPLEX,superfund,45.66786749,-110.55399916,MT,EPA NPL Superfund boundaries (legacy),"{""external_id"":""MTD986066025"",""geometry_fallback"":""centroid"",""layer"":""SITE_BOUNDARIES_SF"",""npl_status"":null,""saa"":false,""sources"":[""EPA NPL Superfund boundaries (legacy)""]}"
superfund_MT0001096353,CARPENTER SNOW CREEK MINING DISTRICT,superfund,+46.956312,-110.709797,MT,EPA NPL,"{""external_id"":""MT0001096353"",""npl_status"":""Final NPL"",""saa"":false,""sources"":[""EPA NPL""]}"
superfund_MTD006230346,EAST HELENA SITE,superfund,+46.583866,-111.920692,MT,EPA NPL,"{""external_id"":""MTD006230346"",""npl_status"":""Final NPL"",""saa"":false,""sources"":[""EPA NPL""]}"
superfund_MT0012694970,FLAT CREEK IMM,superfund,+47.226375,-114.871355,MT,EPA NPL,"{""external_id"":""MT0012694970"",""npl_status"":""Final NPL"",""saa"":false,""sources"":[""EPA NPL""]}"
superfund_MTD006232276,IDAHO POLE CO.,superfund,+45.688331,-111.021700,MT,EPA NPL,"{""external_id"":""MTD006232276"",""npl_status"":""Final NPL"",""saa"":false,""sources"":[""EPA NPL""]}"
superfund_MT0009083840,LIBBY ASBESTOS SITE,superfund,+48.391528,-115.551111,MT,EPA NPL,"{""external_id"":""MT0009083840"",""npl_status"":""Final NPL"",""saa"":false,""sources"":[""EPA NPL""]}"
superfund_MTD980502736,LIBBY GROUND WATER CONTAMINATION,superfund,+48.381158,-115.539627,MT,EPA NPL,"{""external_id"":""MTD980502736"",""npl_status"":""Final NPL"",""saa"":false,""sources"":[""EPA NPL""]}"
superfund_MT0007623052,LOCKWOOD SOLVENT GROUND WATER PLUME,superfund,+45.801471,-108.457075,MT,EPA NPL,"{""external_id"":""MT0007623052"",""npl_status"":""Final NPL"",""saa"":false,""sources"":[""EPA NPL""]}"
superfund_MTD980717565,MILLTOWN RESERVOIR SEDIMENTS,superfund,+46.864520,-113.883364,MT,EPA NPL,"{""external_id"":""MTD980717565"",""npl_status"":""Final NPL"",""saa"":false,""sources"":[""EPA NPL""]}"
superfund_MTD006230635,MONTANA POLE AND TREATING,superfund,+45.991340,-112.548242,MT,EPA NPL,"{""external_id"":""MTD006230635"",""npl_status"":""Final NPL"",""saa"":false,""sources"":[""EPA NPL""]}"
superfund_MTD021997689,MOUAT INDUSTRIES,superfund,+45.633612,-109.245678,MT,EPA NPL,"{""external_id"":""MTD021997689"",""npl_status"":""Final NPL"",""saa"":false,""sources"":[""EPA NPL""]}"
superfund_MTD980502777,SILVER BOW CREEK/BUTTE AREA,superfund,+46.002307,-112.616980,MT,EPA NPL,"{""external_id"":""MTD980502777"",""npl_status"":""Final NPL"",""saa"":false,""sources"":[""EPA NPL""]}"
superfund_MTN000802850,SMURFIT-STONE MILL FRENCHTOWN,superfund,+46.964883,-114.197828,MT,EPA NPL,"{""external_id"":""MTN000802850"",""npl_status"":""Proposed NPL"",""saa"":false,""sources"":[""EPA NPL""]}"
superfund_MTSFN7578012,UPPER TENMILE CREEK MINING AREA,superfund,+46.480910,-112.253990,MT,EPA NPL,"{""external_id"":""MTSFN7578012"",""npl_status"":""Final NPL"",""saa"":false,""sources"":[""EPA NPL""]}"
superfund_NCD024644494,ABC ONE HOUR CLEANERS,superfund,+34.741400,-77.366600,NC,EPA NPL,"{""external_id"":""NCD024644494"",""npl_status"":""Final NPL"",""saa"":false,""sources"":[""EPA NPL""]}"
superfund_NCN000407447,ABERDEEN CONTAMINATED GROUND WATER,superfund,+35.122400,-79.402500,NC,EPA NPL,"{""external_id"":""NCN000407447"",""npl_status"":""Final NPL"",""saa"":false,""sources"":[""EPA NPL""]}"
superfund_NCD980843346,ABERDEEN PESTICIDE DUMPS,superfund,+35.138400,-79.447200,NC,EPA NPL,"{""external_id"":""NCD980843346"",""npl_status"":""Final NPL"",""saa"":false,""sources"":[""EPA NPL""]}"
superfund_NCSFN0406989,BARBER ORCHARD,superfund,35.445833,-83.063889,NC,EPA NPL,"{""external_id"":""NCSFN0406989"",""npl_status"":""Final NPL"",""saa"":false,""sources"":[""EPA NPL""]}"
superfund_NCD000648402,BATTERY TECH (DURACELL-LEXINGTON),superfund,35.83168592,-80.23173094,NC,EPA NPL Superfund boundaries (legacy),"{""external_id"":""NCD000648402"",""geometry_fallback"":""centroid"",""layer"":""SITE_BOUNDARIES_SF"",""npl_status"":null,""saa"":false,""sources"":[""EPA NPL Superfund boundaries (legacy)""]}"
superfund_NCD981026479,"BENFIELD INDUSTRIES, INC.",superfund,35.477781,-83.004169,NC,EPA NPL,"{""external_id"":""NCD981026479"",""npl_status"":""Final NPL"",""saa"":false,""sources"":[""EPA NPL""]}"
superfund_NCD044447589,BLUE RIDGE PLATING COMPANY,superfund,35.462372,-82.528358,NC,EPA NPL,"{""external_id"":""NCD044447589"",""npl_status"":""Final NPL"",""saa"":false,""sources"":[""EPA NPL""]}"
superfund_NCD044440303,BYPASS 601 GROUND WATER CONTAMINATION,superfund,+35.409600,-80.609300,NC,EPA NPL,"{""external_id"":""NCD044440303"",""npl_status"":""Final NPL"",""saa"":false,""sources"":[""EPA NPL""]}"
superfund_NC6170022580,CAMP LEJEUNE MILITARY RES. (USNAVY),superfund,34.717781,-77.342919,NC,EPA NPL,"{""external_id"":""NC6170022580"",""npl_status"":""Final NPL"",""saa"":false,""sources"":[""EPA NPL""]}"
superfund_NCD003188828,CAPE FEAR WOOD PRESERVING,superfund,+35.049450,-79.020839,NC,EPA NPL,"{""external_id"":""NCD003188828"",""npl_status"":""Final NPL"",""saa"":false,""sources"":[""EPA NPL""]}"
superfund_NCD003188844,CAROLINA TRANSFORMER CO.,superfund,35.063331,-78.845000,NC,EPA NPL,"{""external_id"":""NCD003188844"",""npl_status"":""Final NPL"",""saa"":false,""sources"":[""EPA NPL""]}"
superfund_NCD003446721,CELANESE CORP. (SHELBY FIBER OPERATIONS),superfund,35.208889,-81.528339,NC,EPA NPL,"{""external_id"":""NCD003446721"",""npl_status"":""Final NPL"",""saa"":false,""sources"":[""EPA NPL""]}"
superfund_NCD980840409,CHARLES MACON LAGOON AND DRUM STORAGE,superfund,+34.892500,-79.837500,NC,EPA NPL,"{""external_id"":""NCD980840409"",""npl_status"":""Final NPL"",""saa"":false,""sources"":[""EPA NPL""]}"
superfund_NCD095459392,"CHEMTRONICS, INC.",superfund,+35.625000,-82.434719,NC,EPA NPL,"{""external_id"":""NCD095459392"",""npl_status"":""Final NPL"",""saa"":false,""sources"":[""EPA NPL""]}"
superfund_NC1170027261,CHERRY POINT MARINE CORPS AIR STATION,superfund,+34.900000,-76.891700,NC,EPA NPL,"{""external_id"":""NC1170027261"",""npl_status"":""Final NPL"",""saa"":false,""sources"":[""EPA NPL""]}"
superfund_NC0001606250,CRISTEX DRUM,superfund,+36.2972,-78.606700,NC,EPA NPL,"{""external_id"":""NC0001606250"",""npl_status"":""Final NPL"",""saa"":false,""sources"":[""EPA NPL""]}"
superfund_NCD003149556,"CTS OF ASHEVILLE, INC.",superfund,35.493075,-82.505953,NC,EPA NPL,"{""external_id"":""NCD003149556"",""npl_status"":""Final NPL"",""saa"":false,""sources"":[""EPA NPL""]}"
superfund_NCD986175644,DAVIS PARK ROAD TCE,superfund,35.231667,-81.218889,NC,EPA NPL,"{""external_id"":""NCD986175644"",""npl_status"":""Final NPL"",""saa"":false,""sources"":[""EPA NPL""]}"
superfund_NCD003166675,ECUSTA MILL,superfund,35.26298701,-82.69633922,NC,EPA NPL Superfund boundaries (legacy),"{""external_id"":""NCD003166675"",""geometry_fallback"":""centroid"",""layer"":""SITE_BOUNDARIES_SF"",""npl_status"":null,""saa"":true,""sources"":[""EPA NPL Superfund boundaries (legacy)"",""EPA FOIA-014""]}"
superfund_NCD095458527,"FCX, INC. (STATESVILLE PLANT)",superfund,+35.786500,-80.916300,NC,EPA NPL,"{""external_id"":""NCD095458527"",""npl_status"":""Final NPL"",""saa"":false,""sources"":[""EPA NPL""]}"
superfund_NCD981475932,"FCX, INC. (WASHINGTON PLANT)",superfund,35.559581,-77.074450,NC,EPA NPL,"{""external_id"":""NCD981475932"",""npl_status"":""Final NPL"",""saa"":false,""sources"":[""EPA NPL""]}"
superfund_NCD045922986,FLANDERS FILTERS INC,superfund,35.58564477,-77.10481531,NC,EPA NPL Superfund boundaries (legacy),"{""external_id"":""NCD045922986"",""geometry_fallback"":""centroid"",""layer"":""SITE_BOUNDARIES_SF"",""npl_status"":null,""saa"":false,""sources"":[""EPA NPL Superfund boundaries (legacy)""]}"
superfund_NCD981927502,GEIGY CHEMICAL CORP. (ABERDEEN PLANT),superfund,35.126111,-79.406669,NC,EPA NPL,"{""external_id"":""NCD981927502"",""npl_status"":""Final NPL"",""saa"":false,""sources"":[""EPA NPL""]}"
superfund_NCD079044426,GENERAL ELECTRIC CO/SHEPHERD FARM,superfund,35.272222,-82.411111,NC,EPA NPL,"{""external_id"":""NCD079044426"",""npl_status"":""Final NPL"",""saa"":false,""sources"":[""EPA NPL""]}"
superfund_NCN000410161,GMH ELECTRONICS,superfund,36.416722,-78.941625,NC,EPA NPL,"{""external_id"":""NCN000410161"",""npl_status"":""Final NPL"",""saa"":false,""sources"":[""EPA NPL""]}"
superfund_NCD986172526,GURLEY PESTICIDE BURIAL,superfund,35.52818471,-78.27909246,NC,EPA NPL Superfund boundaries (legacy),"{""external_id"":""NCD986172526"",""geometry_fallback"":""centroid"",""layer"":""SITE_BOUNDARIES_SF"",""npl_status"":null,""saa"":true,""sources"":[""EPA NPL Superfund boundaries (legacy)"",""EPA FOIA-014""]}"
superfund_NC0002374445,HEMPHILL ROAD TCE,superfund,35.197933,-81.189852,NC,EPA NPL,"{""external_id"":""NC0002374445"",""npl_status"":""Final NPL"",""saa"":false,""sources"":[""EPA NPL""]}"
superfund_NCD024900987,HOLCOMB CREOSOTE CO,superfund,36.157875,-80.675236,NC,EPA NPL,"{""external_id"":""NCD024900987"",""npl_status"":""Final NPL"",""saa"":false,""sources"":[""EPA NPL""]}"
superfund_NCD991278631,HOLTRA CHEM/HONEYWELL INC.,superfund,34.35432957,-78.20771704,NC,EPA NPL Superfund boundaries (legacy),"{""external_id"":""NCD991278631"",""geometry_fallback"":""centroid"",""layer"":""SITE_BOUNDARIES_SF"",""npl_status"":null,""saa"":false,""sources"":[""EPA NPL Superfund boundaries (legacy)""]}"
superfund_NCN000407480,HORTON IRON AND METAL,superfund,34.266650,-77.954083,NC,EPA NPL,"{""external_id"":""NCN000407480"",""npl_status"":""Final NPL"",""saa"":false,""sources"":[""EPA NPL""]}"
superfund_NCD980729602,JADCO-HUGHES FACILITY,superfund,35.275831,-81.041111,NC,EPA NPL,"{""external_id"":""NCD980729602"",""npl_status"":""Final NPL"",""saa"":false,""sources"":[""EPA NPL""]}"
superfund_NCD122263825,JFD ELECTRONICS/CHANNEL MASTER,superfund,36.299719,-78.606389,NC,EPA NPL,"{""external_id"":""NCD122263825"",""npl_status"":""Final NPL"",""saa"":false,""sources"":[""EPA NPL""]}"
superfund_NCD980557805,KERR-MCGEE CHEMICAL CORP - NAVASSA,superfund,+34.247222,-77.999028,NC,EPA NPL,"{""external_id"":""NCD980557805"",""npl_status"":""Final NPL"",""saa"":false,""sources"":[""EPA NPL""]}"
superfund_NCD003200383,"KOPPERS CO., INC. (MORRISVILLE PLANT)",superfund,+35.846300,-78.840600,NC,EPA NPL,"{""external_id"":""NCD003200383"",""npl_status"":""Final NPL"",""saa"":false,""sources"":[""EPA NPL""]}"
superfund_NCD001810365,"MARTIN-MARIETTA, SODYECO, INC.",superfund,+35.294450,-81.000000,NC,EPA NPL,"{""external_id"":""NCD001810365"",""npl_status"":""Deleted NPL"",""saa"":false,""sources"":[""EPA NPL""]}"
superfund_NCD991278953,NATIONAL STARCH & CHEMICAL CORP.,superfund,+35.632200,-80.541200,NC,EPA NPL,"{""external_id"":""NCD991278953"",""npl_status"":""Final NPL"",""saa"":false,""sources"":[""EPA NPL""]}"
superfund_NCD981021157,NEW HANOVER CNTY AIRPORT BURN PIT,superfund,+34.275000,-77.915281,NC,EPA NPL,"{""external_id"":""NCD981021157"",""npl_status"":""Deleted NPL"",""saa"":false,""sources"":[""EPA NPL""]}"
superfund_NCD986187128,NORTH BELMONT PCE,superfund,35.273472,-81.051250,NC,EPA NPL,"{""external_id"":""NCD986187128"",""npl_status"":""Final NPL"",""saa"":false,""sources"":[""EPA NPL""]}"
superfund_NCD980557656,"NORTH CAROLINA STATE UNIVERSITY (LOT 86, FARM UNIT #1)",superfund,35.801816,-78.713588,NC,EPA NPL,"{""external_id"":""NCD980557656"",""npl_status"":""Final NPL"",""saa"":false,""sources"":[""EPA NPL""]}"
superfund_NCN000409895,ORE KNOB MINE,superfund,36.410011,-81.324606,NC,EPA NPL,"{""external_id"":""NCN000409895"",""npl_status"":""Final NPL"",""saa"":false,""sources"":[""EPA NPL""]}"
superfund_NCD981023260,POTTER'S SEPTIC TANK SERVICE PITS,superfund,+34.284600,-78.157800,NC,EPA NPL,"{""external_id"":""NCD981023260"",""npl_status"":""Final NPL"",""saa"":false,""sources"":[""EPA NPL""]}"
superfund_NCD982096653,RAM LEATHER CARE SITE,superfund,+35.231982,-80.602734,NC,EPA NPL,"{""external_id"":""NCD982096653"",""npl_status"":""Final NPL"",""saa"":false,""sources"":[""EPA NPL""]}"
superfund_NCD986187094,REASOR CHEMICAL COMPANY,superfund,+34.343472,-77.891944,NC,EPA NPL,"{""external_id"":""NCD986187094"",""npl_status"":""Deleted NPL"",""saa"":false,""sources"":[""EPA NPL""]}"
superfund_NCD980602163,ROADSIDE PCB SPILL,superfund,+36.338100,-78.166100,NC,EPA NPL,"{""external_id"":""NCD980602163"",""npl_status"":""Deleted NPL"",""saa"":false,""sources"":[""EPA NPL""]}"
superfund_NCD062555792,SIGMON'S SEPTIC TANK SERVICE,superfund,35.713611,-80.974583,NC,EPA NPL,"{""external_id"":""NCD062555792"",""npl_status"":""Final NPL"",""saa"":false,""sources"":[""EPA NPL""]}"
superfund_NCD087336335,TRIANGLE PACIFIC CORP IXL DIVISION,superfund,36.22754803,-76.13677778,NC,EPA NPL Superfund boundaries (legacy),"{""external_id"":""NCD087336335"",""geometry_fallback"":""centroid"",""layer"":""SITE_BOUNDARIES_SF"",""npl_status"":null,""saa"":false,""sources"":[""EPA NPL Superfund boundaries (legacy)""]}"
superfund_NCD003202603,WARD TRANSFORMER,superfund,35.901944,-78.773611,NC,EPA NPL,"{""external_id"":""NCD003202603"",""npl_status"":""Final NPL"",""saa"":false,""sources"":[""EPA NPL""]}"
superfund_NCD991278540,WEYERHAEUSER CO PLYMOUTH WOOD TRTNG PT,superfund,35.85636083,-76.79005625,NC,EPA NPL Superfund boundaries (legacy),"{""external_id"":""NCD991278540"",""geometry_fallback"":""centroid"",""layer"":""SITE_BOUNDARIES_SF"",""npl_status"":null,""saa"":true,""sources"":[""EPA NPL Superfund boundaries (legacy)"",""EPA FOIA-014""]}"
superfund_NCD024766719,WRIGHT CHEMICAL CORPORATION,superfund,34.32757546,-78.20173380,NC,EPA NPL Superfund boundaries (legacy),"{""external_id"":""NCD024766719"",""geometry_fallback"":""centroid"",""layer"":""SITE_BOUNDARIES_SF"",""npl_status"":null,""saa"":false,""sources"":[""EPA NPL Superfund boundaries (legacy)""]}"
superfund_NDD980716963,ARSENIC TRIOXIDE SITE,superfund,+46.125412,-97.250832,ND,EPA NPL,"{""external_id"":""NDD980716963"",""npl_status"":""Deleted NPL"",""saa"":false,""sources"":[""EPA NPL""]}"
superfund_NDD980959548,MINOT LANDFILL,superfund,+48.217637,-101.326255,ND,EPA NPL,"{""external_id"":""NDD980959548"",""npl_status"":""Deleted NPL"",""saa"":false,""sources"":[""EPA NPL""]}"
superfund_NED981713837,10TH STREET SITE,superfund,+41.427194,-97.359500,NE,EPA NPL,"{""external_id"":""NED981713837"",""npl_status"":""Final NPL"",""saa"":false,""sources"":[""EPA NPL""]}"
superfund_NED981713829,BRUNO CO-OP ASSOCIATION/ASSOCIATED PROPERTIES,superfund,+41.285486,-96.959531,NE,EPA NPL,"{""external_id"":""NED981713829"",""npl_status"":""Final NPL"",""saa"":false,""sources"":[""EPA NPL""]}"
superfund_NED981499312,CLEBURN STREET WELL,superfund,+40.925139,-98.347778,NE,EPA NPL,"{""external_id"":""NED981499312"",""npl_status"":""Final NPL"",""saa"":false,""sources"":[""EPA NPL""]}"
superfund_NE2213820234,CORNHUSKER ARMY AMMUNITION PLANT,superfund,40.923331,-98.492500,NE,EPA NPL,"{""external_id"":""NE2213820234"",""npl_status"":""Final NPL"",""saa"":false,""sources"":[""EPA NPL""]}"
superfund_NEN000704351,GARVEY ELEVATOR,superfund,40.563611,-98.415556,NE,EPA NPL,"{""external_id"":""NEN000704351"",""npl_status"":""Final NPL"",""saa"":false,""sources"":[""EPA NPL""]}"
superfund_NED980862668,HASTINGS GROUND WATER CONTAMINATION,superfund,40.583331,-98.383331,NE,EPA NPL,"{""external_id"":""NED980862668"",""npl_status"":""Final NPL"",""saa"":false,""sources"":[""EPA NPL""]}"
superfund_NED986373678,IOWA-NEBRASKA LIGHT & POWER CO,superfund,42.032300,-97.417028,NE,EPA NPL,"{""external_id"":""NED986373678"",""npl_status"":""Final NPL"",""saa"":false,""sources"":[""EPA NPL""]}"
superfund_NED068645696,LINDSAY MANUFACTURING CO.,superfund,41.701669,-97.690000,NE,EPA NPL,"{""external_id"":""NED068645696"",""npl_status"":""Final NPL"",""saa"":false,""sources"":[""EPA NPL""]}"
superfund_NE6211890011,NEBRASKA ORDNANCE PLANT (FORMER),superfund,41.176669,-96.453331,NE,EPA NPL,"{""external_id"":""NE6211890011"",""npl_status"":""Final NPL"",""saa"":false,""sources"":[""EPA NPL""]}"
superfund_NED986369247,OGALLALA GROUND WATER CONTAMINATION,superfund,41.123889,-101.736111,NE,EPA NPL,"{""external_id"":""NED986369247"",""npl_status"":""Final NPL"",""saa"":false,""sources"":[""EPA NPL""]}"
superfund_NEN000704272,OLD HWY 275 AND N 288TH STREET,superfund,41.33086068,-96.36957644,NE,EPA NPL Superfund boundaries (legacy),"{""external_id"":""NEN000704272"",""geometry_fallback"":""centroid"",""layer"":""SITE_BOUNDARIES_SF"",""npl_status"":null,""saa"":false,""sources"":[""EPA NPL Superfund boundaries (legacy)""]}"
superfund_NESFN0703481,OMAHA LEAD,superfund,+41.267778,-95.929722,NE,EPA NPL,"{""external_id"":""NESFN0703481"",""npl_status"":""Final NPL"",""saa"":false,""sources"":[""EPA NPL""]}"
superfund_NEN000704456,PARKVIEW WELL,superfund,40.895833,-98.365000,NE,EPA NPL,"{""external_id"":""NEN000704456"",""npl_status"":""Final NPL"",""saa"":false,""sources"":[""EPA NPL""]}"
superfund_NEN000710226,PCE - CARRIAGE CLEANERS,superfund,+41.137721,-95.894082,NE,EPA NPL,"{""external_id"":""NEN000710226"",""npl_status"":""Final NPL"",""saa"":false,""sources"":[""EPA NPL""]}"
superfund_NEN000706200,PCE SOUTHEAST CONTAMINATION,superfund,40.859594,-97.580614,NE,EPA NPL,"{""external_id"":""NEN000706200"",""npl_status"":""Final NPL"",""saa"":false,""sources"":[""EPA NPL""]}"
superfund_NEN000706105,PCE/TCE NORTHEAST CONTAMINATION,superfund,40.888636,-97.600361,NE,EPA NPL,"{""external_id"":""NEN000706105"",""npl_status"":""Final NPL"",""saa"":false,""sources"":[""EPA NPL""]}"
superfund_NED084626100,SHERWOOD MEDICAL CO.,superfund,41.993611,-97.421389,NE,EPA NPL,"{""external_id"":""NED084626100"",""npl_status"":""Final NPL"",""saa"":false,""sources"":[""EPA NPL""]}"
superfund_NED980862718,WAVERLY GROUND WATER CONTAMINATION,superfund,40.917219,-96.529439,NE,EPA NPL,"{""external_id"":""NED980862718"",""npl_status"":""Deleted NPL"",""saa"":false,""sources"":[""EPA NPL""]}"
superfund_NEN000704738,WEST HIGHWAY 6 & HIGHWAY 281,superfund,40.571200,-98.409500,NE,EPA NPL,"{""external_id"":""NEN000704738"",""npl_status"":""Final NPL"",""saa"":false,""sources"":[""EPA NPL""]}"
superfund_NHD980524086,AUBURN ROAD LANDFILL,superfund,+42.930200,-071.352900,NH,EPA NPL,"{""external_id"":""NHD980524086"",""npl_status"":""Final NPL"",""saa"":false,""sources"":[""EPA NPL""]}"
superfund_NHD018958140,BEEDE WASTE OIL,superfund,42.855075,-71.105889,NH,EPA NPL,"{""external_id"":""NHD018958140"",""npl_status"":""Final NPL"",""saa"":false,""sources"":[""EPA NPL""]}"
superfund_NHN000103313,CHLOR-ALKALI FACILITY (FORMER),superfund,44.479194,-71.167194,NH,EPA NPL,"{""external_id"":""NHN000103313"",""npl_status"":""Final NPL"",""saa"":false,""sources"":[""EPA NPL""]}"
superfund_NHD064424153,COAKLEY LANDFILL,superfund,43.001111,-70.817219,NH,EPA NPL,"{""external_id"":""NHD064424153"",""npl_status"":""Final NPL"",""saa"":false,""sources"":[""EPA NPL""]}"
superfund_NHN000105928,COLLINS & AIKMAN PLANT (FORMER),superfund,43.37443741,-71.05442071,NH,EPA NPL Superfund boundaries (legacy),"{""external_id"":""NHN000105928"",""geometry_fallback"":""centroid"",""layer"":""SITE_BOUNDARIES_SF"",""npl_status"":null,""saa"":false,""sources"":[""EPA NPL Superfund boundaries (legacy)""]}"
superfund_NHD980520191,DOVER MUNICIPAL LANDFILL,superfund,+43.212500,-070.953000,NH,EPA NPL,"{""external_id"":""NHD980520191"",""npl_status"":""Final NPL"",""saa"":false,""sources"":[""EPA NPL""]}"
superfund_NHD001079649,FLETCHER'S PAINT WORKS & STORAGE,superfund,+42.835800,-071.655400,NH,EPA NPL,"{""external_id"":""NHD001079649"",""npl_status"":""Final NPL"",""saa"":false,""sources"":[""EPA NPL""]}"
superfund_NHD062002001,KEARSARGE METALLURGICAL CORP.,superfund,+43.972100,-071.129300,NH,EPA NPL,"{""external_id"":""NHD062002001"",""npl_status"":""Final NPL"",""saa"":false,""sources"":[""EPA NPL""]}"
superfund_NHD092059112,KEEFE ENVIRONMENTAL SERVICES (KES),superfund,43.024169,-71.033331,NH,EPA NPL,"{""external_id"":""NHD092059112"",""npl_status"":""Final NPL"",""saa"":false,""sources"":[""EPA NPL""]}"
superfund_NHD981889629,MOHAWK TANNERY,superfund,42.76442933,-71.48605569,NH,EPA NPL Superfund boundaries (legacy),"{""external_id"":""NHD981889629"",""geometry_fallback"":""centroid"",""layer"":""SITE_BOUNDARIES_SF"",""npl_status"":null,""saa"":false,""sources"":[""EPA NPL Superfund boundaries (legacy)""]}"
superfund_NHD980503361,MOTTOLO PIG FARM,superfund,42.989581,-71.173189,NH,EPA NPL,"{""external_id"":""NHD980503361"",""npl_status"":""Final NPL"",""saa"":false,""sources"":[""EPA NPL""]}"
superfund_NHD001091453,NEW HAMPSHIRE PLATING CO.,superfund,42.855833,-71.488888,NH,EPA NPL,"{""external_id"":""NHD001091453"",""npl_status"":""Final NPL"",""saa"":false,""sources"":[""EPA NPL""]}"
superfund_NHD990717647,OTTATI & GOSS/KINGSTON STEEL DRUM,superfund,42.897219,-71.080561,NH,EPA NPL,"{""external_id"":""NHD990717647"",""npl_status"":""Final NPL"",""saa"":false,""sources"":[""EPA NPL""]}"
superfund_NH7570024847,PEASE AIR FORCE BASE,superfund,43.080169,-070.821250,NH,EPA NPL,"{""external_id"":""NH7570024847"",""npl_status"":""Final NPL"",""saa"":false,""sources"":[""EPA NPL""]}"
superfund_NHD980671002,SAVAGE MUNICIPAL WATER SUPPLY,superfund,+42.841800,-071.688400,NH,EPA NPL,"{""external_id"":""NHD980671002"",""npl_status"":""Final NPL"",""saa"":false,""sources"":[""EPA NPL""]}"
superfund_NHD980520225,SOMERSWORTH SANITARY LANDFILL,superfund,+43.248900,-070.884500,NH,EPA NPL,"{""external_id"":""NHD980520225"",""npl_status"":""Final NPL"",""saa"":false,""sources"":[""EPA NPL""]}"
superfund_NHD980671069,SOUTH MUNICIPAL WATER SUPPLY WELL,superfund,42.848900,-71.946800,NH,EPA NPL,"{""external_id"":""NHD980671069"",""npl_status"":""Final NPL"",""saa"":false,""sources"":[""EPA NPL""]}"
superfund_NHD099363541,SYLVESTER,superfund,+42.719700,-71.523111,NH,EPA NPL,"{""external_id"":""NHD099363541"",""npl_status"":""Final NPL"",""saa"":false,""sources"":[""EPA NPL""]}"
superfund_NHD989090469,TIBBETTS ROAD,superfund,+43.180000,-071.034700,NH,EPA NPL,"{""external_id"":""NHD989090469"",""npl_status"":""Final NPL"",""saa"":false,""sources"":[""EPA NPL""]}"
superfund_NHD062004569,TINKHAM GARAGE,superfund,42.860831,-71.351111,NH,EPA NPL,"{""external_id"":""NHD062004569"",""npl_status"":""Final NPL"",""saa"":false,""sources"":[""EPA NPL""]}"
superfund_NHD981063860,TOWN GARAGE/RADIO BEACON,superfund,42.861669,-71.393611,NH,EPA NPL,"{""external_id"":""NHD981063860"",""npl_status"":""Deleted NPL"",""saa"":false,""sources"":[""EPA NPL""]}"
superfund_NHD980520217,TROY MILLS LANDFILL,superfund,42.802583,-72.186944,NH,EPA NPL,"{""external_id"":""NHD980520217"",""npl_status"":""Final NPL"",""saa"":false,""sources"":[""EPA NPL""]}"
superfund_NJD030253355,A. O. POLYMER,superfund,+41.048050,-074.630000,NJ,EPA NPL,"{""external_id"":""NJD030253355"",""npl_status"":""Final NPL"",""saa"":false,""sources"":[""EPA NPL""]}"
superfund_NJD002173276,AMERICAN CYANAMID CO,superfund,40.555561,-074.559450,NJ,EPA NPL,"{""external_id"":""NJD002173276"",""npl_status"":""Final NPL"",""saa"":false,""sources"":[""EPA NPL""]}"
superfund_NJD980654149,ASBESTOS DUMP,superfund,+40.672500,-74.525561,NJ,EPA NPL,"{""external_id"":""NJD980654149"",""npl_status"":""Deleted NPL"",""saa"":false,""sources"":[""EPA NPL""]}"
superfund_NJD981558430,ATLANTIC RESOURCES,superfund,40.486111,-74.319444,NJ,EPA NPL,"{""external_id"":""NJD981558430"",""npl_status"":""Final NPL"",""saa"":false,""sources"":[""EPA NPL""]}"
superfund_NJD980654123,BEACHWOOD/BERKELEY WELLS,superfund,39.924719,-74.196661,NJ,EPA NPL,"{""external_id"":""NJD980654123"",""npl_status"":""Deleted NPL"",""saa"":false,""sources"":[""EPA NPL""]}"
superfund_NJD063157150,BOG CREEK FARM,superfund,40.150831,-74.161111,NJ,EPA NPL,"{""external_id"":""NJD063157150"",""npl_status"":""Final NPL"",""saa"":false,""sources"":[""EPA NPL""]}"
superfund_NJD980505176,BRICK TOWNSHIP LANDFILL,superfund,+40.109800,-074.131100,NJ,EPA NPL,"{""external_id"":""NJD980505176"",""npl_status"":""Final NPL"",""saa"":false,""sources"":[""EPA NPL""]}"
superfund_NJD053292652,BRIDGEPORT RENTAL & OIL SERVICES,superfund,39.801669,-75.321661,NJ,EPA NPL,"{""external_id"":""NJD053292652"",""npl_status"":""Final NPL"",""saa"":false,""sources"":[""EPA NPL""]}"
superfund_NJD078251675,BROOK INDUSTRIAL PARK,superfund,40.560139,-74.536111,NJ,EPA NPL,"{""external_id"":""NJD078251675"",""npl_status"":""Final NPL"",""saa"":false,""sources"":[""EPA NPL""]}"
superfund_NJD980504997,BURNT FLY BOG,superfund,+40.375000,-74.279169,NJ,EPA NPL,"{""external_id"":""NJD980504997"",""npl_status"":""Final NPL"",""saa"":false,""sources"":[""EPA NPL""]}"
superfund_NJD048798953,CALDWELL TRUCKING CO.,superfund,40.876389,-74.271389,NJ,EPA NPL,"{""external_id"":""NJD048798953"",""npl_status"":""Final NPL"",""saa"":false,""sources"":[""EPA NPL""]}"
superfund_NJD000607481,CHEMICAL CONTROL,superfund,+40.643200,-074.193500,NJ,EPA NPL,"{""external_id"":""NJD000607481"",""npl_status"":""Final NPL"",""saa"":false,""sources"":[""EPA NPL""]}"
superfund_NJD980484653,CHEMICAL INSECTICIDE CORP.,superfund,+40.527400,-074.368000,NJ,EPA NPL,"{""external_id"":""NJD980484653"",""npl_status"":""Final NPL"",""saa"":false,""sources"":[""EPA NPL""]}"
superfund_NJD047321443,"CHEMICAL LEAMAN TANK LINES, INC.",superfund,39.798331,-75.332781,NJ,EPA NPL,"{""external_id"":""NJD047321443"",""npl_status"":""Final NPL"",""saa"":false,""sources"":[""EPA NPL""]}"
superfund_NJD980528889,"CHEMSOL, INC.",superfund,+40.562500,-74.443339,NJ,EPA NPL,"{""external_id"":""NJD980528889"",""npl_status"":""Final NPL"",""saa"":false,""sources"":[""EPA NPL""]}"
superfund_NJD001502517,CIBA-GEIGY CORP.,superfund,+39.986700,-074.236300,NJ,EPA NPL,"{""external_id"":""NJD001502517"",""npl_status"":""Final NPL"",""saa"":false,""sources"":[""EPA NPL""]}"
superfund_NJD980785638,CINNAMINSON TOWNSHIP (BLOCK 702) GROUND WATER CONTAMINATION,superfund,+40.017500,-074.986200,NJ,EPA NPL,"{""external_id"":""NJD980785638"",""npl_status"":""Final NPL"",""saa"":false,""sources"":[""EPA NPL""]}"
superfund_NJD980530596,COMBE FILL NORTH LANDFILL,superfund,40.881939,-74.713331,NJ,EPA NPL,"{""external_id"":""NJD980530596"",""npl_status"":""Deleted NPL"",""saa"":false,""sources"":[""EPA NPL""]}"
superfund_NJD094966611,COMBE FILL SOUTH LANDFILL,superfund,40.771669,-74.738331,NJ,EPA NPL,"{""external_id"":""NJD094966611"",""npl_status"":""Final NPL"",""saa"":false,""sources"":[""EPA NPL""]}"
superfund_NJD980761381,COOPER ROAD,superfund,+39.847800,-074.945500,NJ,EPA NPL,"{""external_id"":""NJD980761381"",""npl_status"":""Deleted NPL"",""saa"":false,""sources"":[""EPA NPL""]}"
superfund_NJD981557879,CORNELL DUBILIER ELECTRONICS INC.,superfund,40.576389,-74.414167,NJ,EPA NPL,"{""external_id"":""NJD981557879"",""npl_status"":""Final NPL"",""saa"":false,""sources"":[""EPA NPL""]}"
superfund_NJD000565531,COSDEN CHEMICAL COATINGS CORP.,superfund,40.058183,-74.925899,NJ,EPA NPL,"{""external_id"":""NJD000565531"",""npl_status"":""Final NPL"",""saa"":false,""sources"":[""EPA NPL""]}"
superfund_NJD002141190,CPS/MADISON INDUSTRIES,superfund,40.434439,-74.327769,NJ,EPA NPL,"{""external_id"":""NJD002141190"",""npl_status"":""Final NPL"",""saa"":false,""sources"":[""EPA NPL""]}"
superfund_NJN000204492,CROWN VANTAGE LANDFILL,superfund,40.552028,-75.078917,NJ,EPA NPL,"{""external_id"":""NJN000204492"",""npl_status"":""Deleted NPL"",""saa"":false,""sources"":[""EPA NPL""]}"
superfund_NJD011717584,"CURCIO SCRAP METAL, INC.",superfund,+40.890700,-074.103500,NJ,EPA NPL,"{""external_id"":""NJD011717584"",""npl_status"":""Final NPL"",""saa"":false,""sources"":[""EPA NPL""]}"
superfund_NJD057143984,"CURTIS SPECIALTY PAPERS, INC",superfund,40.561758,-75.089842,NJ,EPA NPL,"{""external_id"":""NJD057143984"",""npl_status"":""Final NPL"",""saa"":false,""sources"":[""EPA NPL""]}"
superfund_NJD980529416,D'IMPERIO PROPERTY,superfund,39.454439,-74.658889,NJ,EPA NPL,"{""external_id"":""NJD980529416"",""npl_status"":""Final NPL"",""saa"":false,""sources"":[""EPA NPL""]}"
superfund_NJD002168748,DAYCO CORP./L.E CARPENTER CO.,superfund,40.903331,-074.577500,NJ,EPA NPL,"{""external_id"":""NJD002168748"",""npl_status"":""Final NPL"",""saa"":false,""sources"":[""EPA NPL""]}"
superfund_NJD980761373,DE REWAL CHEMICAL CO.,superfund,+40.516200,-075.061400,NJ,EPA NPL,"{""external_id"":""NJD980761373"",""npl_status"":""Final NPL"",""saa"":false,""sources"":[""EPA NPL""]}"
superfund_NJD980529002,DELILAH ROAD,superfund,39.416669,-74.545831,NJ,EPA NPL,"{""external_id"":""NJD980529002"",""npl_status"":""Deleted NPL"",""saa"":false,""sources"":[""EPA NPL""]}"
superfund_NJD046644407,DENZER & SCHAFER X-RAY CO.,superfund,39.90956634,-74.16968182,NJ,EPA NPL Superfund boundaries (legacy),"{""external_id"":""NJD046644407"",""geometry_fallback"":""centroid"",""layer"":""SITE_BOUNDARIES_SF"",""npl_status"":null,""saa"":false,""sources"":[""EPA NPL Superfund boundaries (legacy)""]}"
superfund_NJD980528996,DIAMOND ALKALI CO.,superfund,40.739719,-74.136111,NJ,EPA NPL,"{""external_id"":""NJD980528996"",""npl_status"":""Final NPL"",""saa"":false,""sources"":[""EPA NPL""]}"
superfund_NJD092226000,DIAMOND HEAD OIL REFINERY DIV.,superfund,+40.749783,-74.133092,NJ,EPA NPL,"{""external_id"":""NJD092226000"",""npl_status"":""Final NPL"",""saa"":false,""sources"":[""EPA NPL""]}"
superfund_NJD980654131,DOVER MUNICIPAL WELL 4,superfund,+40.885800,-074.542300,NJ,EPA NPL,"{""external_id"":""NJD980654131"",""npl_status"":""Final NPL"",""saa"":false,""sources"":[""EPA NPL""]}"
superfund_NJD980529085,ELLIS PROPERTY,superfund,+39.905000,-74.864719,NJ,EPA NPL,"{""external_id"":""NJD980529085"",""npl_status"":""Final NPL"",""saa"":false,""sources"":[""EPA NPL""]}"
superfund_NJD980772727,EMMELL'S SEPTIC LANDFILL,superfund,39.500694,-74.543611,NJ,EPA NPL,"{""external_id"":""NJD980772727"",""npl_status"":""Final NPL"",""saa"":false,""sources"":[""EPA NPL""]}"
superfund_NJD980654222,EVOR PHILLIPS LEASING,superfund,+40.437500,-074.325000,NJ,EPA NPL,"{""external_id"":""NJD980654222"",""npl_status"":""Final NPL"",""saa"":false,""sources"":[""EPA NPL""]}"
superfund_NJD980761365,EWAN PROPERTY,superfund,39.802781,-74.719439,NJ,EPA NPL,"{""external_id"":""NJD980761365"",""npl_status"":""Final NPL"",""saa"":false,""sources"":[""EPA NPL""]}"
superfund_NJD980654107,FAIR LAWN WELL FIELD,superfund,+40.937500,-74.131939,NJ,EPA NPL,"{""external_id"":""NJD980654107"",""npl_status"":""Final NPL"",""saa"":false,""sources"":[""EPA NPL""]}"
superfund_NJ9690510020,FEDERAL AVIATION ADMINISTRATION TECHNICAL CENTER (USDOT),superfund,39.458331,-74.583339,NJ,EPA NPL,"{""external_id"":""NJ9690510020"",""npl_status"":""Final NPL"",""saa"":false,""sources"":[""EPA NPL""]}"
superfund_NJ0001900281,FEDERAL CREOSOTE,superfund,40.544444,-74.584167,NJ,EPA NPL,"{""external_id"":""NJ0001900281"",""npl_status"":""Deleted NPL"",""saa"":false,""sources"":[""EPA NPL""]}"
superfund_NJD980529143,"FLORENCE LAND RECONTOURING, INC., LANDFILL",superfund,40.069439,-74.773611,NJ,EPA NPL,"{""external_id"":""NJD980529143"",""npl_status"":""Deleted NPL"",""saa"":false,""sources"":[""EPA NPL""]}"
superfund_NJN000200874,FORMER KIL-TONE COMPANY,superfund,39.478410,-75.025489,NJ,EPA NPL,"{""external_id"":""NJN000200874"",""npl_status"":""Final NPL"",""saa"":false,""sources"":[""EPA NPL""]}"
superfund_NJ2210020275,FORT DIX (LANDFILL SITE),superfund,+39.980100,-074.624400,NJ,EPA NPL,"{""external_id"":""NJ2210020275"",""npl_status"":""Deleted NPL"",""saa"":false,""sources"":[""EPA NPL""]}"
superfund_NJD986570992,FRANKLIN BURN,superfund,39.594444,-075.025000,NJ,EPA NPL,"{""external_id"":""NJD986570992"",""npl_status"":""Final NPL"",""saa"":false,""sources"":[""EPA NPL""]}"
superfund_NJD041828906,FRIED INDUSTRIES,superfund,+40.442400,-074.441200,NJ,EPA NPL,"{""external_id"":""NJD041828906"",""npl_status"":""Final NPL"",""saa"":false,""sources"":[""EPA NPL""]}"
superfund_NJD980532832,FRIEDMAN PROPERTY,superfund,+40.104800,-074.507700,NJ,EPA NPL,"{""external_id"":""NJD980532832"",""npl_status"":""Deleted NPL"",""saa"":false,""sources"":[""EPA NPL""]}"
superfund_NJD053280160,GARDEN STATE CLEANERS CO.,superfund,39.519031,-074.949450,NJ,EPA NPL,"{""external_id"":""NJD053280160"",""npl_status"":""Final NPL"",""saa"":false,""sources"":[""EPA NPL""]}"
superfund_NJN000206317,GARFIELD GROUND WATER CONTAMINATION,superfund,40.871858,-074.106431,NJ,EPA NPL,"{""external_id"":""NJN000206317"",""npl_status"":""Final NPL"",""saa"":false,""sources"":[""EPA NPL""]}"
superfund_NJD980529192,GEMS LANDFILL,superfund,+39.779450,-75.018889,NJ,EPA NPL,"{""external_id"":""NJD980529192"",""npl_status"":""Final NPL"",""saa"":false,""sources"":[""EPA NPL""]}"
superfund_NJD980785646,GLEN RIDGE RADIUM SITE,superfund,40.788189,-074.212500,NJ,EPA NPL,"{""external_id"":""NJD980785646"",""npl_status"":""Deleted NPL"",""saa"":false,""sources"":[""EPA NPL""]}"
superfund_NJD063160667,GLOBAL SANITARY LANDFILL,superfund,40.446389,-74.286111,NJ,EPA NPL,"{""external_id"":""NJD063160667"",""npl_status"":""Final NPL"",""saa"":false,""sources"":[""EPA NPL""]}"
superfund_NJD980530109,GOOSE FARM,superfund,+40.095550,-074.497500,NJ,EPA NPL,"{""external_id"":""NJD980530109"",""npl_status"":""Final NPL"",""saa"":false,""sources"":[""EPA NPL""]}"
superfund_NJ0001327733,GRAND STREET MERCURY,superfund,40.746111,-74.034444,NJ,EPA NPL,"{""external_id"":""NJ0001327733"",""npl_status"":""Deleted NPL"",""saa"":false,""sources"":[""EPA NPL""]}"
superfund_NJD980505366,HELEN KRAMER LANDFILL,superfund,+39.780100,-075.200300,NJ,EPA NPL,"{""external_id"":""NJD980505366"",""npl_status"":""Final NPL"",""saa"":false,""sources"":[""EPA NPL""]}"
superfund_NJD002349058,"HERCULES, INC. (GIBBSTOWN PLANT)",superfund,39.838889,-75.277781,NJ,EPA NPL,"{""external_id"":""NJD002349058"",""npl_status"":""Final NPL"",""saa"":false,""sources"":[""EPA NPL""]}"
superfund_NJD053102232,HIGGINS DISPOSAL,superfund,+40.387500,-74.615281,NJ,EPA NPL,"{""external_id"":""NJD053102232"",""npl_status"":""Final NPL"",""saa"":false,""sources"":[""EPA NPL""]}"
superfund_NJD981490261,HIGGINS FARM,superfund,40.406389,-74.602781,NJ,EPA NPL,"{""external_id"":""NJD981490261"",""npl_status"":""Final NPL"",""saa"":false,""sources"":[""EPA NPL""]}"
superfund_NJN000203535,HISTORIC POTTERIES,superfund,+40.236541,-74.739361,NJ,EPA NPL,"{""external_id"":""NJN000203535"",""npl_status"":""Final NPL"",""saa"":false,""sources"":[""EPA NPL""]}"
superfund_NJD980532840,HOPKINS FARM,superfund,40.088889,-074.487500,NJ,EPA NPL,"{""external_id"":""NJD980532840"",""npl_status"":""Deleted NPL"",""saa"":false,""sources"":[""EPA NPL""]}"
superfund_NJD980663678,HORSESHOE ROAD,superfund,40.484722,-74.319444,NJ,EPA NPL,"{""external_id"":""NJD980663678"",""npl_status"":""Final NPL"",""saa"":false,""sources"":[""EPA NPL""]}"
superfund_NJ0001360882,ICELAND COIN LAUNDRY AREA GW PLUME,superfund,+39.457250,-075.047250,NJ,EPA NPL,"{""external_id"":""NJ0001360882"",""npl_status"":""Final NPL"",""saa"":false,""sources"":[""EPA NPL""]}"
superfund_NJD980654099,"IMPERIAL OIL CO., INC./CHAMPION CHEMICALS",superfund,40.383889,-74.245831,NJ,EPA NPL,"{""external_id"":""NJD980654099"",""npl_status"":""Final NPL"",""saa"":false,""sources"":[""EPA NPL""]}"
superfund_NJD981178411,INDUSTRIAL LATEX CORP.,superfund,+40.853600,-074.099100,NJ,EPA NPL,"{""external_id"":""NJD981178411"",""npl_status"":""Deleted NPL"",""saa"":false,""sources"":[""EPA NPL""]}"
superfund_NJD980505283,JACKSON TOWNSHIP LANDFILL,superfund,40.063331,-74.348611,NJ,EPA NPL,"{""external_id"":""NJD980505283"",""npl_status"":""Deleted NPL"",""saa"":false,""sources"":[""EPA NPL""]}"
superfund_NJD097400998,JIS LANDFILL,superfund,40.365831,-74.465281,NJ,EPA NPL,"{""external_id"":""NJD097400998"",""npl_status"":""Final NPL"",""saa"":false,""sources"":[""EPA NPL""]}"
superfund_NJD002300051,JOHNSON & TOWERS,superfund,39.96575553,-74.89941522,NJ,EPA NPL Superfund boundaries (legacy),"{""external_id"":""NJD002300051"",""geometry_fallback"":""centroid"",""layer"":""SITE_BOUNDARIES_SF"",""npl_status"":null,""saa"":false,""sources"":[""EPA NPL Superfund boundaries (legacy)""]}"
superfund_NJD002493054,"KAUFFMAN & MINTEER, INC.",superfund,+40.036300,-074.694000,NJ,EPA NPL,"{""external_id"":""NJD002493054"",""npl_status"":""Final NPL"",""saa"":false,""sources"":[""EPA NPL""]}"
superfund_NJD049860836,KIN-BUC LANDFILL,superfund,+40.489100,-074.378500,NJ,EPA NPL,"{""external_id"":""NJD049860836"",""npl_status"":""Final NPL"",""saa"":false,""sources"":[""EPA NPL""]}"
superfund_NJD980505341,KING OF PRUSSIA,superfund,+39.626950,-74.889439,NJ,EPA NPL,"{""external_id"":""NJD980505341"",""npl_status"":""Final NPL"",""saa"":false,""sources"":[""EPA NPL""]}"
superfund_NJD980529838,KRYSOWATY FARM,superfund,40.500281,-074.780000,NJ,EPA NPL,"{""external_id"":""NJD980529838"",""npl_status"":""Deleted NPL"",""saa"":false,""sources"":[""EPA NPL""]}"
superfund_NJD048044325,LANDFILL & DEVELOPMENT CO.,superfund,39.980561,-74.770839,NJ,EPA NPL,"{""external_id"":""NJD048044325"",""npl_status"":""Final NPL"",""saa"":false,""sources"":[""EPA NPL""]}"
superfund_NJD980505382,LANG PROPERTY,superfund,39.929161,-074.494450,NJ,EPA NPL,"{""external_id"":""NJD980505382"",""npl_status"":""Final NPL"",""saa"":false,""sources"":[""EPA NPL""]}"
superfund_NJD079303020,LCP CHEMICALS INC.,superfund,+40.607500,-74.210278,NJ,EPA NPL,"{""external_id"":""NJD079303020"",""npl_status"":""Final NPL"",""saa"":false,""sources"":[""EPA NPL""]}"
superfund_NJD014743678,LIGHTMAN DRUM COMPANY,superfund,39.729722,-74.905917,NJ,EPA NPL,"{""external_id"":""NJD014743678"",""npl_status"":""Final NPL"",""saa"":false,""sources"":[""EPA NPL""]}"
superfund_NJD980505416,LIPARI LANDFILL,superfund,39.720281,-75.141939,NJ,EPA NPL,"{""external_id"":""NJD980505416"",""npl_status"":""Deleted NPL"",""saa"":false,""sources"":[""EPA NPL""]}"
superfund_NJD980769301,LODI MUNICIPAL WELL,superfund,40.87121140,-74.08940497,NJ,EPA NPL Superfund boundaries (legacy),"{""external_id"":""NJD980769301"",""geometry_fallback"":""centroid"",""layer"":""SITE_BOUNDARIES_SF"",""npl_status"":null,""saa"":false,""sources"":[""EPA NPL Superfund boundaries (legacy)""]}"
superfund_NJD980505424,LONE PINE LANDFILL,superfund,40.202781,-74.333339,NJ,EPA NPL,"{""external_id"":""NJD980505424"",""npl_status"":""Final NPL"",""saa"":false,""sources"":[""EPA NPL""]}"
superfund_NJN000201845,LOWER HACKENSACK RIVER,superfund,40.79678125,-74.06569775,NJ,EPA NPL Superfund boundaries (legacy),"{""external_id"":""NJN000201845"",""geometry_fallback"":""centroid"",""layer"":""SITE_BOUNDARIES_SF"",""npl_status"":null,""saa"":false,""sources"":[""EPA NPL Superfund boundaries (legacy)""]}"
superfund_NJD085632164,M&T DELISA LANDFILL,superfund,40.229169,-74.045281,NJ,EPA NPL,"{""external_id"":""NJD085632164"",""npl_status"":""Deleted NPL"",""saa"":false,""sources"":[""EPA NPL""]}"
superfund_NJD980654180,MANNHEIM AVENUE DUMP,superfund,39.538889,-74.533331,NJ,EPA NPL,"{""external_id"":""NJD980654180"",""npl_status"":""Deleted NPL"",""saa"":false,""sources"":[""EPA NPL""]}"
superfund_NJN000206345,MANSFIELD TRAIL DUMP,superfund,40.928944,-74.699600,NJ,EPA NPL,"{""external_id"":""NJN000206345"",""npl_status"":""Final NPL"",""saa"":false,""sources"":[""EPA NPL""]}"
superfund_NJD014623854,"MARTIN AARON, INC.",superfund,39.926111,-75.119167,NJ,EPA NPL,"{""external_id"":""NJD014623854"",""npl_status"":""Final NPL"",""saa"":false,""sources"":[""EPA NPL""]}"
superfund_NJD043584101,"MATLACK, INC.",superfund,39.763106,-75.322169,NJ,EPA NPL,"{""external_id"":""NJD043584101"",""npl_status"":""Final NPL"",""saa"":false,""sources"":[""EPA NPL""]}"
superfund_NJD011770013,MATTEO & SONS INC.,superfund,+39.855590,-75.172700,NJ,EPA NPL,"{""external_id"":""NJD011770013"",""npl_status"":""Final NPL"",""saa"":false,""sources"":[""EPA NPL""]}"
superfund_NJD980529762,MAYWOOD CHEMICAL CO.,superfund,+40.896400,-074.069300,NJ,EPA NPL,"{""external_id"":""NJD980529762"",""npl_status"":""Final NPL"",""saa"":false,""sources"":[""EPA NPL""]}"
superfund_NJ0570024018,MCGUIRE AIR FORCE BASE #1,superfund,40.018056,-74.593611,NJ,EPA NPL,"{""external_id"":""NJ0570024018"",""npl_status"":""Final NPL"",""saa"":false,""sources"":[""EPA NPL""]}"
superfund_NJD002517472,METALTEC/AEROSYSTEMS,superfund,41.109719,-74.599719,NJ,EPA NPL,"{""external_id"":""NJD002517472"",""npl_status"":""Final NPL"",""saa"":false,""sources"":[""EPA NPL""]}"
superfund_NJ0890090012,MIDDLESEX SAMPLING PLANT (USDOE),superfund,40.569806,-74.493194,NJ,EPA NPL,"{""external_id"":""NJ0890090012"",""npl_status"":""Final NPL"",""saa"":false,""sources"":[""EPA NPL""]}"
superfund_NJD980529408,"MONITOR DEVICES, INC./INTERCIRCUITS, INC.",superfund,40.185281,-74.119719,NJ,EPA NPL,"{""external_id"":""NJD980529408"",""npl_status"":""Final NPL"",""saa"":false,""sources"":[""EPA NPL""]}"
superfund_NJD980505671,MONROE TOWNSHIP LANDFILL,superfund,40.361669,-74.401389,NJ,EPA NPL,"{""external_id"":""NJD980505671"",""npl_status"":""Deleted NPL"",""saa"":false,""sources"":[""EPA NPL""]}"
superfund_NJD980785653,MONTCLAIR/WEST ORANGE RADIUM SITE,superfund,+40.792900,-074.225700,NJ,EPA NPL,"{""external_id"":""NJD980785653"",""npl_status"":""Deleted NPL"",""saa"":false,""sources"":[""EPA NPL""]}"
superfund_NJD980654164,MONTGOMERY TOWNSHIP HOUSING DEVELOPMENT,superfund,40.408331,-74.644169,NJ,EPA NPL,"{""external_id"":""NJD980654164"",""npl_status"":""Final NPL"",""saa"":false,""sources"":[""EPA NPL""]}"
superfund_NJD980654198,MYERS PROPERTY,superfund,+40.595000,-074.940400,NJ,EPA NPL,"{""external_id"":""NJD980654198"",""npl_status"":""Final NPL"",""saa"":false,""sources"":[""EPA NPL""]}"
superfund_NJD002362705,NASCOLITE CORP.,superfund,39.422219,-75.032781,NJ,EPA NPL,"{""external_id"":""NJD002362705"",""npl_status"":""Final NPL"",""saa"":false,""sources"":[""EPA NPL""]}"
superfund_NJ7170023744,NAVAL AIR ENGINEERING CENTER,superfund,40.029719,-74.369161,NJ,EPA NPL,"{""external_id"":""NJ7170023744"",""npl_status"":""Final NPL"",""saa"":false,""sources"":[""EPA NPL""]}"
superfund_NJ0170022172,NAVAL WEAPONS STATION EARLE (SITE A),superfund,40.264581,-74.162919,NJ,EPA NPL,"{""external_id"":""NJ0170022172"",""npl_status"":""Final NPL"",""saa"":false,""sources"":[""EPA NPL""]}"
superfund_NJD061843249,NL INDUSTRIES,superfund,39.758061,-75.424719,NJ,EPA NPL,"{""external_id"":""NJD061843249"",""npl_status"":""Final NPL"",""saa"":false,""sources"":[""EPA NPL""]}"
superfund_NJD002148799,ORANGE VALLEY REGIONAL GROUND WATER CONTAMINATION,superfund,40.779936,-74.225267,NJ,EPA NPL,"{""external_id"":""NJD002148799"",""npl_status"":""Final NPL"",""saa"":false,""sources"":[""EPA NPL""]}"
superfund_NJD980529598,PEPE FIELD,superfund,40.912219,-74.411939,NJ,EPA NPL,"{""external_id"":""NJD980529598"",""npl_status"":""Deleted NPL"",""saa"":false,""sources"":[""EPA NPL""]}"
superfund_NJ3210020704,PICATINNY ARSENAL (USARMY),superfund,40.916669,-74.583339,NJ,EPA NPL,"{""external_id"":""NJ3210020704"",""npl_status"":""Final NPL"",""saa"":false,""sources"":[""EPA NPL""]}"
superfund_NJD002144517,PIERSON'S CREEK,superfund,+40.716300,-74.145200,NJ,EPA NPL,"{""external_id"":""NJD002144517"",""npl_status"":""Final NPL"",""saa"":false,""sources"":[""EPA NPL""]}"
superfund_NJD980532808,PIJAK FARM,superfund,+40.075550,-74.499439,NJ,EPA NPL,"{""external_id"":""NJD980532808"",""npl_status"":""Deleted NPL"",""saa"":false,""sources"":[""EPA NPL""]}"
superfund_NJD002360188,PIONEER METAL FINISHING INC,superfund,+39.616969,-75.061474,NJ,EPA NPL,"{""external_id"":""NJD002360188"",""npl_status"":""Final NPL"",""saa"":false,""sources"":[""EPA NPL""]}"
superfund_NJD980505648,PJP LANDFILL,superfund,40.734719,-74.085561,NJ,EPA NPL,"{""external_id"":""NJD980505648"",""npl_status"":""Final NPL"",""saa"":false,""sources"":[""EPA NPL""]}"
superfund_NJD981179047,POHATCONG VALLEY GROUND WATER CONTAMINATION,superfund,+40.750000,-075.000000,NJ,EPA NPL,"{""external_id"":""NJD981179047"",""npl_status"":""Final NPL"",""saa"":false,""sources"":[""EPA NPL""]}"
superfund_NJD980769350,POMONA OAKS RESIDENTIAL WELLS,superfund,39.477781,-74.569439,NJ,EPA NPL,"{""external_id"":""NJD980769350"",""npl_status"":""Deleted NPL"",""saa"":false,""sources"":[""EPA NPL""]}"
superfund_NJD070281175,PRICE LANDFILL,superfund,39.415281,-074.526950,NJ,EPA NPL,"{""external_id"":""NJD070281175"",""npl_status"":""Final NPL"",""saa"":false,""sources"":[""EPA NPL""]}"
superfund_NJD981084767,PUCHACK WELL FIELD,superfund,39.976667,-75.051944,NJ,EPA NPL,"{""external_id"":""NJD981084767"",""npl_status"":""Final NPL"",""saa"":false,""sources"":[""EPA NPL""]}"
superfund_NJD980582142,PULVERIZING SERVICES,superfund,39.96510457,-74.97403656,NJ,EPA NPL Superfund boundaries (legacy),"{""external_id"":""NJD980582142"",""geometry_fallback"":""centroid"",""layer"":""SITE_BOUNDARIES_SF"",""npl_status"":null,""saa"":false,""sources"":[""EPA NPL Superfund boundaries (legacy)""]}"
superfund_NJD000606442,QUANTA RESOURCES,superfund,40.804306,-73.989167,NJ,EPA NPL,"{""external_id"":""NJD000606442"",""npl_status"":""Final NPL"",""saa"":false,""sources"":[""EPA NPL""]}"
superfund_NJD047684451,"RADIATION TECHNOLOGY, INC.",superfund,40.970831,-074.505550,NJ,EPA NPL,"{""external_id"":""NJD047684451"",""npl_status"":""Final NPL"",""saa"":false,""sources"":[""EPA NPL""]}"
superfund_NJN000206276,RARITAN BAY SLAG,superfund,+40.464589,-074.258017,NJ,EPA NPL,"{""external_id"":""NJN000206276"",""npl_status"":""Final NPL"",""saa"":false,""sources"":[""EPA NPL""]}"
superfund_NJD980529713,REICH FARMS,superfund,+40.010600,-74.214900,NJ,EPA NPL,"{""external_id"":""NJD980529713"",""npl_status"":""Deleted NPL"",""saa"":false,""sources"":[""EPA NPL""]}"
superfund_NJD070415005,"RENORA, INC.",superfund,40.519628,-74.358889,NJ,EPA NPL,"{""external_id"":""NJD070415005"",""npl_status"":""Deleted NPL"",""saa"":false,""sources"":[""EPA NPL""]}"
superfund_NJD980529739,RINGWOOD MINES/LANDFILL,superfund,41.136669,-074.272500,NJ,EPA NPL,"{""external_id"":""NJD980529739"",""npl_status"":""Final NPL"",""saa"":false,""sources"":[""EPA NPL""]}"
superfund_NJSFN0204232,RIVERSIDE INDUSTRIAL PARK,superfund,+40.765722,-74.159084,NJ,EPA NPL,"{""external_id"":""NJSFN0204232"",""npl_status"":""Final NPL"",""saa"":false,""sources"":[""EPA NPL""]}"
superfund_NJD980654115,ROCKAWAY BOROUGH WELL FIELD,superfund,40.905831,-74.515561,NJ,EPA NPL,"{""external_id"":""NJD980654115"",""npl_status"":""Final NPL"",""saa"":false,""sources"":[""EPA NPL""]}"
superfund_NJD980654214,ROCKAWAY TOWNSHIP WELLS,superfund,40.913331,-74.499169,NJ,EPA NPL,"{""external_id"":""NJD980654214"",""npl_status"":""Final NPL"",""saa"":false,""sources"":[""EPA NPL""]}"
superfund_NJD980654156,ROCKY HILL MUNICIPAL WELL,superfund,40.401669,-074.647500,NJ,EPA NPL,"{""external_id"":""NJD980654156"",""npl_status"":""Final NPL"",""saa"":false,""sources"":[""EPA NPL""]}"
superfund_NJD073732257,ROEBLING STEEL CO.,superfund,40.120831,-74.770839,NJ,EPA NPL,"{""external_id"":""NJD073732257"",""npl_status"":""Final NPL"",""saa"":false,""sources"":[""EPA NPL""]}"
superfund_NJD980505192,ROLLING KNOLLS LF,superfund,40.72735284,-74.44536195,NJ,EPA NPL Superfund boundaries (legacy),"{""external_id"":""NJD980505192"",""geometry_fallback"":""centroid"",""layer"":""SITE_BOUNDARIES_SF"",""npl_status"":null,""saa"":false,""sources"":[""EPA NPL Superfund boundaries (legacy)""]}"
superfund_NJ0000453514,ROUTE 561 DUMP,superfund,+39.836110,-74.958333,NJ,EPA NPL,"{""external_id"":""NJ0000453514"",""npl_status"":""Proposed NPL"",""saa"":false,""sources"":[""EPA NPL""]}"
superfund_NJD980505754,SAYREVILLE LANDFILL,superfund,40.445561,-74.358331,NJ,EPA NPL,"{""external_id"":""NJD980505754"",""npl_status"":""Deleted NPL"",""saa"":false,""sources"":[""EPA NPL""]}"
superfund_NJD070565403,SCIENTIFIC CHEMICAL PROCESSING,superfund,+40.824540,-74.074329,NJ,EPA NPL,"{""external_id"":""NJD070565403"",""npl_status"":""Final NPL"",""saa"":false,""sources"":[""EPA NPL""]}"
superfund_NJD980505762,SHARKEY LANDFILL,superfund,+40.850100,-074.345400,NJ,EPA NPL,"{""external_id"":""NJD980505762"",""npl_status"":""Final NPL"",""saa"":false,""sources"":[""EPA NPL""]}"
superfund_NJD980417976,SHERWIN-WILLIAMS/HILLIARDS CREEK,superfund,39.835526,-74.964977,NJ,EPA NPL,"{""external_id"":""NJD980417976"",""npl_status"":""Final NPL"",""saa"":false,""sources"":[""EPA NPL""]}"
superfund_NJD002365930,SHIELDALLOY CORP.,superfund,39.543061,-75.022219,NJ,EPA NPL,"{""external_id"":""NJD002365930"",""npl_status"":""Final NPL"",""saa"":false,""sources"":[""EPA NPL""]}"
superfund_NJD980530679,SOUTH BRUNSWICK LANDFILL,superfund,40.402781,-074.568050,NJ,EPA NPL,"{""external_id"":""NJD980530679"",""npl_status"":""Deleted NPL"",""saa"":false,""sources"":[""EPA NPL""]}"
superfund_NJD980766828,SOUTH JERSEY CLOTHING CO.,superfund,+39.520600,-074.949100,NJ,EPA NPL,"{""external_id"":""NJD980766828"",""npl_status"":""Final NPL"",""saa"":false,""sources"":[""EPA NPL""]}"
superfund_NJD980532816,SPENCE FARM,superfund,+40.078900,-074.506100,NJ,EPA NPL,"{""external_id"":""NJD980532816"",""npl_status"":""Deleted NPL"",""saa"":false,""sources"":[""EPA NPL""]}"
superfund_NJD002175057,STANDARD CHLORINE,superfund,+40.750000,-74.097222,NJ,EPA NPL,"{""external_id"":""NJD002175057"",""npl_status"":""Final NPL"",""saa"":false,""sources"":[""EPA NPL""]}"
superfund_NJD041743220,SWOPE OIL & CHEMICAL CO.,superfund,+39.988600,-075.034700,NJ,EPA NPL,"{""external_id"":""NJD041743220"",""npl_status"":""Final NPL"",""saa"":false,""sources"":[""EPA NPL""]}"
superfund_NJD064263817,SYNCON RESINS,superfund,40.737781,-74.114719,NJ,EPA NPL,"{""external_id"":""NJD064263817"",""npl_status"":""Final NPL"",""saa"":false,""sources"":[""EPA NPL""]}"
superfund_NJD980761357,TABERNACLE DRUM DUMP,superfund,+39.820000,-74.700839,NJ,EPA NPL,"{""external_id"":""NJD980761357"",""npl_status"":""Deleted NPL"",""saa"":false,""sources"":[""EPA NPL""]}"
superfund_NJD980654172,U.S. RADIUM CORP.,superfund,40.781389,-74.228611,NJ,EPA NPL,"{""external_id"":""NJD980654172"",""npl_status"":""Final NPL"",""saa"":false,""sources"":[""EPA NPL""]}"
superfund_NJD002164796,UNIMATIC MANUFACTURING CORPORATION,superfund,+40.878792,-74.269155,NJ,EPA NPL,"{""external_id"":""NJD002164796"",""npl_status"":""Final NPL"",""saa"":false,""sources"":[""EPA NPL""]}"
superfund_NJ0001120799,UNITED STATES AVENUE BURN,superfund,39.834167,-74.963889,NJ,EPA NPL,"{""external_id"":""NJ0001120799"",""npl_status"":""Final NPL"",""saa"":false,""sources"":[""EPA NPL""]}"
superfund_NJD002005106,UNIVERSAL OIL PRODUCTS (CHEMICAL DIVISION),superfund,+40.830000,-74.088889,NJ,EPA NPL,"{""external_id"":""NJD002005106"",""npl_status"":""Final NPL"",""saa"":false,""sources"":[""EPA NPL""]}"
superfund_NJD980761399,UPPER DEERFIELD TOWNSHIP SANITARY LANDFILL,superfund,39.494169,-75.184719,NJ,EPA NPL,"{""external_id"":""NJD980761399"",""npl_status"":""Deleted NPL"",""saa"":false,""sources"":[""EPA NPL""]}"
superfund_NJD980529879,VENTRON/VELSICOL,superfund,+40.840000,-74.079439,NJ,EPA NPL,"{""external_id"":""NJD980529879"",""npl_status"":""Final NPL"",""saa"":false,""sources"":[""EPA NPL""]}"
superfund_NJD002385664,"VINELAND CHEMICAL CO., INC.",superfund,39.510281,-75.056661,NJ,EPA NPL,"{""external_id"":""NJD002385664"",""npl_status"":""Final NPL"",""saa"":false,""sources"":[""EPA NPL""]}"
superfund_NJD980529887,VINELAND STATE SCHOOL,superfund,39.486111,-74.991669,NJ,EPA NPL,"{""external_id"":""NJD980529887"",""npl_status"":""Deleted NPL"",""saa"":false,""sources"":[""EPA NPL""]}"
superfund_NJ1891837980,"W.R. GRACE & CO., INC./WAYNE INTERIM STORAGE SITE (USDOE)",superfund,40.969014,-74.270327,NJ,EPA NPL,"{""external_id"":""NJ1891837980"",""npl_status"":""Deleted NPL"",""saa"":false,""sources"":[""EPA NPL""]}"
superfund_NJD054981337,"WALDICK AEROSPACE DEVICES, INC.",superfund,+40.143000,-074.061300,NJ,EPA NPL,"{""external_id"":""NJD054981337"",""npl_status"":""Final NPL"",""saa"":false,""sources"":[""EPA NPL""]}"
superfund_NJD986620995,WELSBACH & GENERAL GAS MANTLE (CAMDEN RADIATION),superfund,39.919722,-75.121944,NJ,EPA NPL,"{""external_id"":""NJD986620995"",""npl_status"":""Final NPL"",""saa"":false,""sources"":[""EPA NPL""]}"
superfund_NJD980755623,WHITE CHEMICAL CORP.,superfund,40.698484,-74.198242,NJ,EPA NPL,"{""external_id"":""NJD980755623"",""npl_status"":""Final NPL"",""saa"":false,""sources"":[""EPA NPL""]}"
superfund_NJSFN0204241,WHITE SWAN LAUNDRY AND CLEANER INC.,superfund,+40.135721,-74.060000,NJ,EPA NPL,"{""external_id"":""NJSFN0204241"",""npl_status"":""Final NPL"",""saa"":false,""sources"":[""EPA NPL""]}"
superfund_NJD980529945,WILLIAMS PROPERTY,superfund,+39.117300,-074.800400,NJ,EPA NPL,"{""external_id"":""NJD980529945"",""npl_status"":""Final NPL"",""saa"":false,""sources"":[""EPA NPL""]}"
superfund_NJD980532824,WILSON FARM,superfund,40.072219,-74.445269,NJ,EPA NPL,"{""external_id"":""NJD980532824"",""npl_status"":""Deleted NPL"",""saa"":false,""sources"":[""EPA NPL""]}"
superfund_NJD045653854,WITCO CHEMICAL CORP. (OAKLAND PLANT),superfund,+41.003750,-074.243750,NJ,EPA NPL,"{""external_id"":""NJD045653854"",""npl_status"":""Deleted NPL"",""saa"":false,""sources"":[""EPA NPL""]}"
superfund_NJSFN0204260,WOODBROOK ROAD DUMP,superfund,40.561564,-74.402914,NJ,EPA NPL,"{""external_id"":""NJSFN0204260"",""npl_status"":""Final NPL"",""saa"":false,""sources"":[""EPA NPL""]}"
superfund_NJD980505887,WOODLAND ROUTE 532 DUMP,superfund,39.829169,-74.492231,NJ,EPA NPL,"{""external_id"":""NJD980505887"",""npl_status"":""Final NPL"",""saa"":false,""sources"":[""EPA NPL""]}"
superfund_NJD980505879,WOODLAND ROUTE 72 DUMP,superfund,39.821669,-74.447781,NJ,EPA NPL,"{""external_id"":""NJD980505879"",""npl_status"":""Final NPL"",""saa"":false,""sources"":[""EPA NPL""]}"
superfund_NJD986643153,ZSCHIEGNER REFINING,superfund,40.145833,-074.200000,NJ,EPA NPL,"{""external_id"":""NJD986643153"",""npl_status"":""Final NPL"",""saa"":false,""sources"":[""EPA NPL""]}"
superfund_NMD043158591,AT & SF (CLOVIS),superfund,34.378331,-103.211700,NM,EPA NPL,"{""external_id"":""NMD043158591"",""npl_status"":""Deleted NPL"",""saa"":false,""sources"":[""EPA NPL""]}"
superfund_NMD980622864,AT&SF (ALBUQUERQUE),superfund,35.033333,-106.655278,NM,EPA NPL,"{""external_id"":""NMD980622864"",""npl_status"":""Final NPL"",""saa"":false,""sources"":[""EPA NPL""]}"
superfund_NMD097960272,CAL WEST METALS (USSBA),superfund,34.163331,-106.920100,NM,EPA NPL,"{""external_id"":""NMD097960272"",""npl_status"":""Deleted NPL"",""saa"":false,""sources"":[""EPA NPL""]}"
superfund_NMN000622185,CARLISLE VILLAGE CLEANERS,superfund,35.06380675,-106.60413678,NM,EPA NPL Superfund boundaries (legacy),"{""external_id"":""NMN000622185"",""geometry_fallback"":""centroid"",""layer"":""SITE_BOUNDARIES_SF"",""npl_status"":null,""saa"":false,""sources"":[""EPA NPL Superfund boundaries (legacy)""]}"
superfund_NMD002899094,CHEVRON QUESTA MINE,superfund,36.700294,-105.497706,NM,EPA NPL,"{""external_id"":""NMD002899094"",""npl_status"":""Final NPL"",""saa"":false,""sources"":[""EPA NPL""]}"
superfund_NMD980749378,CIMARRON MINING CORP.,superfund,+33.643469,-105.864700,NM,EPA NPL,"{""external_id"":""NMD980749378"",""npl_status"":""Deleted NPL"",""saa"":false,""sources"":[""EPA NPL""]}"
superfund_NMD981155930,CLEVELAND MILL,superfund,+32.862600,-108.255800,NM,EPA NPL,"{""external_id"":""NMD981155930"",""npl_status"":""Deleted NPL"",""saa"":false,""sources"":[""EPA NPL""]}"
superfund_NMD001829506,EAGLE PICHER CAREFREE BATTERY,superfund,34.099517,-106.901239,NM,EPA NPL,"{""external_id"":""NMD001829506"",""npl_status"":""Final NPL"",""saa"":false,""sources"":[""EPA NPL""]}"
superfund_NMD986668911,FRUIT AVENUE PLUME,superfund,35.086444,-106.640611,NM,EPA NPL,"{""external_id"":""NMD986668911"",""npl_status"":""Final NPL"",""saa"":false,""sources"":[""EPA NPL""]}"
superfund_NM0007271768,GRANTS CHLORINATED SOLVENTS,superfund,35.155778,-107.843889,NM,EPA NPL,"{""external_id"":""NM0007271768"",""npl_status"":""Final NPL"",""saa"":false,""sources"":[""EPA NPL""]}"
superfund_NM0002271286,GRIGGS & WALNUT GROUND WATER PLUME,superfund,32.315556,-106.760000,NM,EPA NPL,"{""external_id"":""NM0002271286"",""npl_status"":""Final NPL"",""saa"":false,""sources"":[""EPA NPL""]}"
superfund_NMD007860935,HOMESTAKE MINING CO.,superfund,35.243331,-107.863300,NM,EPA NPL,"{""external_id"":""NMD007860935"",""npl_status"":""Final NPL"",""saa"":false,""sources"":[""EPA NPL""]}"
superfund_NMN000607033,JACKPILE-PAGUATE URANIUM MINE,superfund,35.12320196,-107.34820395,NM,EPA NPL Superfund boundaries (legacy),"{""external_id"":""NMN000607033"",""geometry_fallback"":""centroid"",""layer"":""SITE_BOUNDARIES_SF"",""npl_status"":null,""saa"":false,""sources"":[""EPA NPL Superfund boundaries (legacy)""]}"
superfund_NMN000607057,LEA AND WEST SECOND STREET,superfund,33.39658771,-104.52105829,NM,EPA NPL Superfund boundaries (legacy),"{""external_id"":""NMN000607057"",""geometry_fallback"":""centroid"",""layer"":""SITE_BOUNDARIES_SF"",""npl_status"":null,""saa"":false,""sources"":[""EPA NPL Superfund boundaries (legacy)""]}"
superfund_NMD980750020,LEE ACRES LANDFILL (USDOI),superfund,+36.711100,-108.092100,NM,EPA NPL,"{""external_id"":""NMD980750020"",""npl_status"":""Final NPL"",""saa"":false,""sources"":[""EPA NPL""]}"
superfund_NM0000605386,MCGAFFEY AND MAIN GROUNDWATER PLUME,superfund,33.379792,-104.518722,NM,EPA NPL,"{""external_id"":""NM0000605386"",""npl_status"":""Final NPL"",""saa"":false,""sources"":[""EPA NPL""]}"
superfund_NMD986670156,NORTH RAILROAD AVENUE PLUME,superfund,+35.991400,-106.081384,NM,EPA NPL,"{""external_id"":""NMD986670156"",""npl_status"":""Final NPL"",""saa"":false,""sources"":[""EPA NPL""]}"
superfund_NMD980749980,PAGANO SALVAGE,superfund,+34.789600,-106.720500,NM,EPA NPL,"{""external_id"":""NMD980749980"",""npl_status"":""Deleted NPL"",""saa"":false,""sources"":[""EPA NPL""]}"
superfund_NMD980622773,PREWITT ABANDONED REFINERY,superfund,+35.359600,-108.034800,NM,EPA NPL,"{""external_id"":""NMD980622773"",""npl_status"":""Final NPL"",""saa"":false,""sources"":[""EPA NPL""]}"
superfund_NMN000606847,SAN MATEO CREEK BASIN LEGACY URANIUM SITES,superfund,35.29471864,-107.82644855,NM,EPA NPL Superfund boundaries (legacy),"{""external_id"":""NMN000606847"",""geometry_fallback"":""centroid"",""layer"":""SITE_BOUNDARIES_SF"",""npl_status"":null,""saa"":false,""sources"":[""EPA NPL Superfund boundaries (legacy)""]}"
superfund_NMD980745558,SOUTH VALLEY,superfund,+35.044100,-106.641100,NM,EPA NPL,"{""external_id"":""NMD980745558"",""npl_status"":""Final NPL"",""saa"":false,""sources"":[""EPA NPL""]}"
superfund_NMD030443303,UNITED NUCLEAR CORP.,superfund,35.643331,-108.500000,NM,EPA NPL,"{""external_id"":""NMD030443303"",""npl_status"":""Final NPL"",""saa"":false,""sources"":[""EPA NPL""]}"
superfund_NVD083917252,ANACONDA COPPER MINE,superfund,38.990272,-119.187067,NV,EPA NPL,"{""external_id"":""NVD083917252"",""npl_status"":""Proposed NPL"",""saa"":false,""sources"":[""EPA NPL""]}"
superfund_NVD980813646,CARSON RIVER MERCURY SITE,superfund,+39.231950,-119.589200,NV,EPA NPL,"{""external_id"":""NVD980813646"",""npl_status"":""Final NPL"",""saa"":false,""sources"":[""EPA NPL""]}"
superfund_NV3141190030,RIO TINTO COPPER MINE,superfund,41.81402251,-115.97808603,NV,EPA NPL Superfund boundaries (legacy),"{""external_id"":""NV3141190030"",""geometry_fallback"":""centroid"",""layer"":""SITE_BOUNDARIES_SF"",""npl_status"":null,""saa"":false,""sources"":[""EPA NPL Superfund boundaries (legacy)""]}"
superfund_NYD072366453,"ACTION ANODIZING, PLATING, & POLISHING CORP.",superfund,40.684439,-73.406111,NY,EPA NPL,"{""external_id"":""NYD072366453"",""npl_status"":""Deleted NPL"",""saa"":false,""sources"":[""EPA NPL""]}"
superfund_NYD980506232,ALCOA AGGREGATION SITE,superfund,44.96322878,-74.81420625,NY,EPA NPL Superfund boundaries (legacy),"{""external_id"":""NYD980506232"",""geometry_fallback"":""centroid"",""layer"":""SITE_BOUNDARIES_SF"",""npl_status"":null,""saa"":false,""sources"":[""EPA NPL Superfund boundaries (legacy)""]}"
superfund_NYD002066330,AMERICAN THERMOSTAT CO.,superfund,42.266939,-73.941111,NY,EPA NPL,"{""external_id"":""NYD002066330"",""npl_status"":""Final NPL"",""saa"":false,""sources"":[""EPA NPL""]}"
superfund_NYD001485226,ANCHOR CHEMICALS,superfund,40.766389,-73.546389,NY,EPA NPL,"{""external_id"":""NYD001485226"",""npl_status"":""Deleted NPL"",""saa"":false,""sources"":[""EPA NPL""]}"
superfund_NYD980535652,APPLIED ENVIRONMENTAL SERVICES,superfund,40.823054,-73.646693,NY,EPA NPL,"{""external_id"":""NYD980535652"",""npl_status"":""Final NPL"",""saa"":false,""sources"":[""EPA NPL""]}"
superfund_NYD982531469,ARSENIC MINE,superfund,+41.457972,-73.715285,NY,EPA NPL,"{""external_id"":""NYD982531469"",""npl_status"":""Final NPL"",""saa"":false,""sources"":[""EPA NPL""]}"
superfund_NYD980507693,BATAVIA LANDFILL,superfund,+43.019700,-078.256100,NY,EPA NPL,"{""external_id"":""NYD980507693"",""npl_status"":""Deleted NPL"",""saa"":false,""sources"":[""EPA NPL""]}"
superfund_NYD980768675,BEC TRUCKING,superfund,42.097639,-75.998339,NY,EPA NPL,"{""external_id"":""NYD980768675"",""npl_status"":""Deleted NPL"",""saa"":false,""sources"":[""EPA NPL""]}"
superfund_NYD980768683,"BIOCLINICAL LABORATORIES, INC.",superfund,40.783331,-73.110281,NY,EPA NPL,"{""external_id"":""NYD980768683"",""npl_status"":""Deleted NPL"",""saa"":false,""sources"":[""EPA NPL""]}"
superfund_NYN000206296,BLACK RIVER PCBS,superfund,44.00211538,-75.63651343,NY,EPA NPL Superfund boundaries (legacy),"{""external_id"":""NYN000206296"",""geometry_fallback"":""centroid"",""layer"":""SITE_BOUNDARIES_SF"",""npl_status"":null,""saa"":false,""sources"":[""EPA NPL Superfund boundaries (legacy)""]}"
superfund_NYD980652275,BREWSTER WELL FIELD,superfund,41.401669,-073.600000,NY,EPA NPL,"{""external_id"":""NYD980652275"",""npl_status"":""Final NPL"",""saa"":false,""sources"":[""EPA NPL""]}"
superfund_NYN000203129,BRILLO LANDFILL,superfund,+43.170353,-76.613503,NY,EPA NPL,"{""external_id"":""NYN000203129"",""npl_status"":""Final NPL"",""saa"":false,""sources"":[""EPA NPL""]}"
superfund_NY7890008975,BROOKHAVEN NATIONAL LABORATORY (USDOE),superfund,+40.860000,-72.869583,NY,EPA NPL,"{""external_id"":""NY7890008975"",""npl_status"":""Final NPL"",""saa"":false,""sources"":[""EPA NPL""]}"
superfund_NYD980780670,BYRON BARREL & DRUM,superfund,+43.119100,-078.110300,NY,EPA NPL,"{""external_id"":""NYD980780670"",""npl_status"":""Final NPL"",""saa"":false,""sources"":[""EPA NPL""]}"
superfund_NYD981561954,C & J DISPOSAL LEASING CO. DUMP,superfund,+42.863800,-075.568700,NY,EPA NPL,"{""external_id"":""NYD981561954"",""npl_status"":""Deleted NPL"",""saa"":false,""sources"":[""EPA NPL""]}"
superfund_NYD010968014,CARROLL & DUBIES SEWAGE DISPOSAL,superfund,+41.394200,-074.668100,NY,EPA NPL,"{""external_id"":""NYD010968014"",""npl_status"":""Final NPL"",""saa"":false,""sources"":[""EPA NPL""]}"
superfund_NYN000204289,CAYUGA GROUNDWATER CONTAMINATION SITE,superfund,42.880556,-076.642500,NY,EPA NPL,"{""external_id"":""NYN000204289"",""npl_status"":""Final NPL"",""saa"":false,""sources"":[""EPA NPL""]}"
superfund_NYD981184229,CIRCUITRON CORP.,superfund,+40.749500,-073.419500,NY,EPA NPL,"{""external_id"":""NYD981184229"",""npl_status"":""Final NPL"",""saa"":false,""sources"":[""EPA NPL""]}"
superfund_NYD002044584,CLAREMONT POLYCHEMICAL,superfund,+40.757600,-073.443200,NY,EPA NPL,"{""external_id"":""NYD002044584"",""npl_status"":""Final NPL"",""saa"":false,""sources"":[""EPA NPL""]}"
superfund_NYD000511576,CLOTHIER DISPOSAL,superfund,43.247219,-76.412781,NY,EPA NPL,"{""external_id"":""NYD000511576"",""npl_status"":""Deleted NPL"",""saa"":false,""sources"":[""EPA NPL""]}"
superfund_NYD980768691,COLESVILLE MUNICIPAL LANDFILL,superfund,42.160419,-075.589450,NY,EPA NPL,"{""external_id"":""NYD980768691"",""npl_status"":""Final NPL"",""saa"":false,""sources"":[""EPA NPL""]}"
superfund_NYD125499673,COMPUTER CIRCUITS,superfund,40.813194,-073.246110,NY,EPA NPL,"{""external_id"":""NYD125499673"",""npl_status"":""Final NPL"",""saa"":false,""sources"":[""EPA NPL""]}"
superfund_NYD981486947,CONKLIN DUMPS,superfund,+42.050000,-075.818050,NY,EPA NPL,"{""external_id"":""NYD981486947"",""npl_status"":""Deleted NPL"",""saa"":false,""sources"":[""EPA NPL""]}"
superfund_NY0002455756,CONSOLIDATED IRON AND METAL,superfund,41.498028,-74.005639,NY,EPA NPL,"{""external_id"":""NY0002455756"",""npl_status"":""Deleted NPL"",""saa"":false,""sources"":[""EPA NPL""]}"
superfund_NYD980528475,CORTESE LANDFILL,superfund,41.600561,-075.065000,NY,EPA NPL,"{""external_id"":""NYD980528475"",""npl_status"":""Final NPL"",""saa"":false,""sources"":[""EPA NPL""]}"
superfund_NYD986965333,CROWN CLEANERS OF WATERTOWN INC.,superfund,44.022944,-75.651861,NY,EPA NPL,"{""external_id"":""NYD986965333"",""npl_status"":""Final NPL"",""saa"":false,""sources"":[""EPA NPL""]}"
superfund_NYD000512335,DEWEY LOEFFEL LANDFILL,superfund,+42.560957,-073.560496,NY,EPA NPL,"{""external_id"":""NYD000512335"",""npl_status"":""Final NPL"",""saa"":false,""sources"":[""EPA NPL""]}"
superfund_NYD067532580,DIAZ CHEMICAL,superfund,43.222944,-78.029278,NY,EPA NPL,"{""external_id"":""NYD067532580"",""npl_status"":""Final NPL"",""saa"":false,""sources"":[""EPA NPL""]}"
superfund_NYD980532162,DUPONT /NECCO PARK,superfund,43.09488073,-78.99720945,NY,EPA NPL Superfund boundaries (legacy),"{""external_id"":""NYD980532162"",""geometry_fallback"":""centroid"",""layer"":""SITE_BOUNDARIES_SF"",""npl_status"":null,""saa"":false,""sources"":[""EPA NPL Superfund boundaries (legacy)""]}"
superfund_NYN000206456,EIGHTEENMILE CREEK,superfund,+43.181300,-78.689544,NY,EPA NPL,"{""external_id"":""NYN000206456"",""npl_status"":""Final NPL"",""saa"":false,""sources"":[""EPA NPL""]}"
superfund_NYSFN0204190,ELLENVILLE SCRAP IRON AND METAL,superfund,+41.724028,-74.405500,NY,EPA NPL,"{""external_id"":""NYSFN0204190"",""npl_status"":""Deleted NPL"",""saa"":false,""sources"":[""EPA NPL""]}"
superfund_NYD980780746,ENDICOTT VILLAGE WELL FIELD,superfund,42.086111,-76.086111,NY,EPA NPL,"{""external_id"":""NYD980780746"",""npl_status"":""Final NPL"",""saa"":false,""sources"":[""EPA NPL""]}"
superfund_NYD073675514,"FACET ENTERPRISES, INC.",superfund,+42.132500,-76.829169,NY,EPA NPL,"{""external_id"":""NYD073675514"",""npl_status"":""Final NPL"",""saa"":false,""sources"":[""EPA NPL""]}"
superfund_NYD000511857,FMC CORP. (DUBLIN ROAD LANDFILL),superfund,+43.217200,-78.441700,NY,EPA NPL,"{""external_id"":""NYD000511857"",""npl_status"":""Deleted NPL"",""saa"":false,""sources"":[""EPA NPL""]}"
superfund_NYD981560923,FOREST GLEN MOBILE HOME SUBDIVISION,superfund,+43.112700,-078.999500,NY,EPA NPL,"{""external_id"":""NYD981560923"",""npl_status"":""Final NPL"",""saa"":false,""sources"":[""EPA NPL""]}"
superfund_NY0000110247,FULTON AVENUE,superfund,40.737337,-73.657844,NY,EPA NPL,"{""external_id"":""NY0000110247"",""npl_status"":""Final NPL"",""saa"":false,""sources"":[""EPA NPL""]}"
superfund_NYD980593099,FULTON TERMINALS,superfund,+43.356900,-76.427400,NY,EPA NPL,"{""external_id"":""NYD980593099"",""npl_status"":""Deleted NPL"",""saa"":false,""sources"":[""EPA NPL""]}"
superfund_NYD981566417,GCL TIE AND TREATING INC.,superfund,42.300555,-75.413333,NY,EPA NPL,"{""external_id"":""NYD981566417"",""npl_status"":""Final NPL"",""saa"":false,""sources"":[""EPA NPL""]}"
superfund_NYD980528335,GE MOREAU,superfund,+43.283050,-73.629169,NY,EPA NPL,"{""external_id"":""NYD980528335"",""npl_status"":""Final NPL"",""saa"":false,""sources"":[""EPA NPL""]}"
superfund_NYD091972554,GENERAL MOTORS (CENTRAL FOUNDRY DIVISION),superfund,44.983889,-74.732781,NY,EPA NPL,"{""external_id"":""NYD091972554"",""npl_status"":""Final NPL"",""saa"":false,""sources"":[""EPA NPL""]}"
superfund_NYD002050110,GENZALE PLATING CO.,superfund,+40.715300,-073.677700,NY,EPA NPL,"{""external_id"":""NYD002050110"",""npl_status"":""Final NPL"",""saa"":false,""sources"":[""EPA NPL""]}"
superfund_NYD980768717,"GOLDISC RECORDINGS, INC.",superfund,+40.774500,-073.064700,NY,EPA NPL,"{""external_id"":""NYD980768717"",""npl_status"":""Final NPL"",""saa"":false,""sources"":[""EPA NPL""]}"
superfund_NYN000206222,GOWANUS CANAL,superfund,+40.681639,-73.987333,NY,EPA NPL,"{""external_id"":""NYN000206222"",""npl_status"":""Final NPL"",""saa"":false,""sources"":[""EPA NPL""]}"
superfund_NY4571924451,GRIFFISS AIR FORCE BASE (11 AREAS),superfund,43.233331,-75.416661,NY,EPA NPL,"{""external_id"":""NY4571924451"",""npl_status"":""Final NPL"",""saa"":false,""sources"":[""EPA NPL""]}"
superfund_NYD980785661,HAVILAND COMPLEX,superfund,+41.771111,-73.908061,NY,EPA NPL,"{""external_id"":""NYD980785661"",""npl_status"":""Deleted NPL"",""saa"":false,""sources"":[""EPA NPL""]}"
superfund_NYD980780779,HERTEL LANDFILL,superfund,41.688061,-74.038889,NY,EPA NPL,"{""external_id"":""NYD980780779"",""npl_status"":""Final NPL"",""saa"":false,""sources"":[""EPA NPL""]}"
superfund_NYD981560915,HITEMAN LEATHER,superfund,42.883333,-75.195833,NY,EPA NPL,"{""external_id"":""NYD981560915"",""npl_status"":""Deleted NPL"",""saa"":false,""sources"":[""EPA NPL""]}"
superfund_NYD980506810,HOOKER (102ND STREET),superfund,43.070281,-78.942219,NY,EPA NPL,"{""external_id"":""NYD980506810"",""npl_status"":""Deleted NPL"",""saa"":false,""sources"":[""EPA NPL""]}"
superfund_NYD000831644,HOOKER (HYDE PARK),superfund,43.131111,-79.036669,NY,EPA NPL,"{""external_id"":""NYD000831644"",""npl_status"":""Deleted NPL"",""saa"":false,""sources"":[""EPA NPL""]}"
superfund_NYD980651087,HOOKER (S AREA),superfund,+43.075700,-079.005400,NY,EPA NPL,"{""external_id"":""NYD980651087"",""npl_status"":""Final NPL"",""saa"":false,""sources"":[""EPA NPL""]}"
superfund_NYD002920312,HOOKER CHEMICAL & PLASTICS CORP./RUCO POLYMER CORP.,superfund,+40.757500,-73.504169,NY,EPA NPL,"{""external_id"":""NYD002920312"",""npl_status"":""Final NPL"",""saa"":false,""sources"":[""EPA NPL""]}"
superfund_NYD066813064,HOPEWELL PRECISION,superfund,+41.611560,-73.781770,NY,EPA NPL,"{""external_id"":""NYD066813064"",""npl_status"":""Final NPL"",""saa"":false,""sources"":[""EPA NPL""]}"
superfund_NYD980763841,HUDSON RIVER PCBS,superfund,+43.110200,-073.576500,NY,EPA NPL,"{""external_id"":""NYD980763841"",""npl_status"":""Final NPL"",""saa"":false,""sources"":[""EPA NPL""]}"
superfund_NYD980506901,ISLIP MUNICIPAL SANITARY LANDFILL,superfund,+40.817800,-073.182900,NY,EPA NPL,"{""external_id"":""NYD980506901"",""npl_status"":""Final NPL"",""saa"":false,""sources"":[""EPA NPL""]}"
superfund_NYD001344456,JACKSON STEEL,superfund,40.738806,-73.652694,NY,EPA NPL,"{""external_id"":""NYD001344456"",""npl_status"":""Deleted NPL"",""saa"":false,""sources"":[""EPA NPL""]}"
superfund_NYD980506927,JOHNSTOWN CITY LANDFILL,superfund,43.043061,-74.393061,NY,EPA NPL,"{""external_id"":""NYD980506927"",""npl_status"":""Final NPL"",""saa"":false,""sources"":[""EPA NPL""]}"
superfund_NYD000813428,"JONES CHEMICALS, INC.",superfund,42.976531,-77.845561,NY,EPA NPL,"{""external_id"":""NYD000813428"",""npl_status"":""Final NPL"",""saa"":false,""sources"":[""EPA NPL""]}"
superfund_NYD980534556,JONES SANITATION,superfund,+41.795000,-073.902000,NY,EPA NPL,"{""external_id"":""NYD980534556"",""npl_status"":""Deleted NPL"",""saa"":false,""sources"":[""EPA NPL""]}"
superfund_NYD980780795,KATONAH MUNICIPAL WELL,superfund,41.259169,-73.682911,NY,EPA NPL,"{""external_id"":""NYD980780795"",""npl_status"":""Deleted NPL"",""saa"":false,""sources"":[""EPA NPL""]}"
superfund_NYD075784165,KENMARK TEXTILE CORP.,superfund,40.73853429,-73.42598064,NY,EPA NPL Superfund boundaries (legacy),"{""external_id"":""NYD075784165"",""geometry_fallback"":""centroid"",""layer"":""SITE_BOUNDARIES_SF"",""npl_status"":null,""saa"":false,""sources"":[""EPA NPL Superfund boundaries (legacy)""]}"
superfund_NYD980650667,KENTUCKY AVENUE WELL FIELD,superfund,42.145831,-76.828331,NY,EPA NPL,"{""external_id"":""NYD980650667"",""npl_status"":""Final NPL"",""saa"":false,""sources"":[""EPA NPL""]}"
superfund_NYD002041531,"LAWRENCE AVIATION INDUSTRIES, INC.",superfund,40.928139,-73.069194,NY,EPA NPL,"{""external_id"":""NYD002041531"",""npl_status"":""Final NPL"",""saa"":false,""sources"":[""EPA NPL""]}"
superfund_NYD986950251,LEHIGH VALLEY RAILROAD,superfund,42.992028,-77.933306,NY,EPA NPL,"{""external_id"":""NYD986950251"",""npl_status"":""Final NPL"",""saa"":false,""sources"":[""EPA NPL""]}"
superfund_NYD986882660,LI TUNGSTEN CORP.,superfund,40.860929,-73.640773,NY,EPA NPL,"{""external_id"":""NYD986882660"",""npl_status"":""Final NPL"",""saa"":false,""sources"":[""EPA NPL""]}"
superfund_NYD000337295,LIBERTY INDUSTRIAL FINISHING,superfund,+40.726250,-73.448889,NY,EPA NPL,"{""external_id"":""NYD000337295"",""npl_status"":""Final NPL"",""saa"":false,""sources"":[""EPA NPL""]}"
superfund_NY0001233634,LITTLE VALLEY,superfund,42.236667,-78.766944,NY,EPA NPL,"{""external_id"":""NY0001233634"",""npl_status"":""Final NPL"",""saa"":false,""sources"":[""EPA NPL""]}"
superfund_NYD000606947,LOVE CANAL,superfund,43.079719,-078.949450,NY,EPA NPL,"{""external_id"":""NYD000606947"",""npl_status"":""Deleted NPL"",""saa"":false,""sources"":[""EPA NPL""]}"
superfund_NYD013468939,LUDLOW SAND & GRAVEL,superfund,42.959169,-75.226389,NY,EPA NPL,"{""external_id"":""NYD013468939"",""npl_status"":""Deleted NPL"",""saa"":false,""sources"":[""EPA NPL""]}"
superfund_NYD980753420,MACKENZIE CHEMICAL WORKS,superfund,40.788889,-73.205278,NY,EPA NPL,"{""external_id"":""NYD980753420"",""npl_status"":""Final NPL"",""saa"":false,""sources"":[""EPA NPL""]}"
superfund_NYD001394881,MAGNA METALS,superfund,41.27095494,-73.87452608,NY,EPA NPL Superfund boundaries (legacy),"{""external_id"":""NYD001394881"",""geometry_fallback"":""centroid"",""layer"":""SITE_BOUNDARIES_SF"",""npl_status"":null,""saa"":false,""sources"":[""EPA NPL Superfund boundaries (legacy)""]}"
superfund_NYD980535124,MALTA ROCKET FUEL AREA,superfund,42.963889,-73.758331,NY,EPA NPL,"{""external_id"":""NYD980535124"",""npl_status"":""Final NPL"",""saa"":false,""sources"":[""EPA NPL""]}"
superfund_NYD010959757,MARATHON BATTERY CORP.,superfund,41.416111,-73.954719,NY,EPA NPL,"{""external_id"":""NYD010959757"",""npl_status"":""Deleted NPL"",""saa"":false,""sources"":[""EPA NPL""]}"
superfund_NYD000512459,"MATTIACE PETROCHEMICAL CO., INC.",superfund,+40.860800,-073.643200,NY,EPA NPL,"{""external_id"":""NYD000512459"",""npl_status"":""Final NPL"",""saa"":false,""sources"":[""EPA NPL""]}"
superfund_NYN000203407,MEEKER AVENUE PLUME,superfund,+40.725409,-73.935904,NY,EPA NPL,"{""external_id"":""NYN000203407"",""npl_status"":""Final NPL"",""saa"":false,""sources"":[""EPA NPL""]}"
superfund_NYD048148175,"MERCURY REFINING, INC.",superfund,42.689719,-73.804169,NY,EPA NPL,"{""external_id"":""NYD048148175"",""npl_status"":""Deleted NPL"",""saa"":false,""sources"":[""EPA NPL""]}"
superfund_NYD986950012,MOHONK ROAD INDUSTRIAL PLANT,superfund,41.816667,-074.134440,NY,EPA NPL,"{""external_id"":""NYD986950012"",""npl_status"":""Final NPL"",""saa"":false,""sources"":[""EPA NPL""]}"
superfund_NYD000511451,"NEPERA CHEMICAL CO., INC.",superfund,+41.464300,-074.244700,NY,EPA NPL,"{""external_id"":""NYD000511451"",""npl_status"":""Final NPL"",""saa"":false,""sources"":[""EPA NPL""]}"
superfund_NY0001095363,NEW CASSEL/HICKSVILLE GROUND WATER CONTAMINATION,superfund,40.752446,-73.559781,NY,EPA NPL,"{""external_id"":""NY0001095363"",""npl_status"":""Final NPL"",""saa"":false,""sources"":[""EPA NPL""]}"
superfund_NYD986883387,NEWSTEAD SITE,superfund,43.08295930,-78.55355464,NY,EPA NPL Superfund boundaries (legacy),"{""external_id"":""NYD986883387"",""geometry_fallback"":""centroid"",""layer"":""SITE_BOUNDARIES_SF"",""npl_status"":null,""saa"":false,""sources"":[""EPA NPL Superfund boundaries (legacy)""]}"
superfund_NYN000206282,NEWTOWN CREEK,superfund,+40.715192,-073.930762,NY,EPA NPL,"{""external_id"":""NYN000206282"",""npl_status"":""Final NPL"",""saa"":false,""sources"":[""EPA NPL""]}"
superfund_NYD000514257,NIAGARA COUNTY REFUSE,superfund,+43.060550,-78.906111,NY,EPA NPL,"{""external_id"":""NYD000514257"",""npl_status"":""Deleted NPL"",""saa"":false,""sources"":[""EPA NPL""]}"
superfund_NYD980664361,NIAGARA MOHAWK POWER CORP. (SARATOGA SPRINGS PLANT),superfund,+43.090000,-73.776111,NY,EPA NPL,"{""external_id"":""NYD980664361"",""npl_status"":""Final NPL"",""saa"":false,""sources"":[""EPA NPL""]}"
superfund_NYD980762520,NORTH SEA MUNICIPAL LANDFILL,superfund,40.929161,-72.401389,NY,EPA NPL,"{""external_id"":""NYD980762520"",""npl_status"":""Deleted NPL"",""saa"":false,""sources"":[""EPA NPL""]}"
superfund_NYD980531727,OLD BETHPAGE LANDFILL,superfund,40.756939,-73.447219,NY,EPA NPL,"{""external_id"":""NYD980531727"",""npl_status"":""Final NPL"",""saa"":false,""sources"":[""EPA NPL""]}"
superfund_NYSFN0204234,OLD ROOSEVELT FIELD CONTAMINATED GW AREA,superfund,40.733611,-73.618472,NY,EPA NPL,"{""external_id"":""NYSFN0204234"",""npl_status"":""Final NPL"",""saa"":false,""sources"":[""EPA NPL""]}"
superfund_NYD980528657,OLEAN WELL FIELD,superfund,42.069439,-78.404719,NY,EPA NPL,"{""external_id"":""NYD980528657"",""npl_status"":""Final NPL"",""saa"":false,""sources"":[""EPA NPL""]}"
superfund_NYD986913580,ONONDAGA LAKE,superfund,43.069444,-76.208056,NY,EPA NPL,"{""external_id"":""NYD986913580"",""npl_status"":""Final NPL"",""saa"":false,""sources"":[""EPA NPL""]}"
superfund_NYD991292004,"PASLEY SOLVENTS & CHEMICALS, INC.",superfund,40.729169,-73.612219,NY,EPA NPL,"{""external_id"":""NYD991292004"",""npl_status"":""Deleted NPL"",""saa"":false,""sources"":[""EPA NPL""]}"
superfund_NYN000204407,PENINSULA BOULEVARD GROUNDWATER PLUME,superfund,+40.640392,-073.695667,NY,EPA NPL,"{""external_id"":""NYN000204407"",""npl_status"":""Final NPL"",""saa"":false,""sources"":[""EPA NPL""]}"
superfund_NYD980530265,PETER COOPER,superfund,+42.458778,-78.927583,NY,EPA NPL,"{""external_id"":""NYD980530265"",""npl_status"":""Deleted NPL"",""saa"":false,""sources"":[""EPA NPL""]}"
superfund_NYD980592547,PETER COOPER CORPORATION (MARKHAMS),superfund,42.392897,-79.012572,NY,EPA NPL,"{""external_id"":""NYD980592547"",""npl_status"":""Deleted NPL"",""saa"":false,""sources"":[""EPA NPL""]}"
superfund_NYD980507495,PFOHL BROTHERS LANDFILL,superfund,42.943889,-078.702500,NY,EPA NPL,"{""external_id"":""NYD980507495"",""npl_status"":""Deleted NPL"",""saa"":false,""sources"":[""EPA NPL""]}"
superfund_NY4571924774,PLATTSBURGH AIR FORCE BASE,superfund,+44.657500,-73.464719,NY,EPA NPL,"{""external_id"":""NY4571924774"",""npl_status"":""Final NPL"",""saa"":false,""sources"":[""EPA NPL""]}"
superfund_NYD000511659,POLLUTION ABATEMENT SERVICES,superfund,+43.470000,-76.483331,NY,EPA NPL,"{""external_id"":""NYD000511659"",""npl_status"":""Final NPL"",""saa"":false,""sources"":[""EPA NPL""]}"
superfund_NYD980654206,PORT WASHINGTON LANDFILL,superfund,+40.818050,-73.666661,NY,EPA NPL,"{""external_id"":""NYD980654206"",""npl_status"":""Final NPL"",""saa"":false,""sources"":[""EPA NPL""]}"
superfund_NYD980768774,PREFERRED PLATING CORP.,superfund,+40.715800,-073.425300,NY,EPA NPL,"{""external_id"":""NYD980768774"",""npl_status"":""Final NPL"",""saa"":false,""sources"":[""EPA NPL""]}"
superfund_NYD001667872,"RADIUM CHEMICAL CO., INC.",superfund,+40.760000,-073.902500,NY,EPA NPL,"{""external_id"":""NYD001667872"",""npl_status"":""Deleted NPL"",""saa"":false,""sources"":[""EPA NPL""]}"
superfund_NYD000511493,RAMAPO LANDFILL,superfund,+41.140000,-74.161389,NY,EPA NPL,"{""external_id"":""NYD000511493"",""npl_status"":""Final NPL"",""saa"":false,""sources"":[""EPA NPL""]}"
superfund_NYD002245967,REYNOLDS METALS CO,superfund,44.98711785,-74.74761155,NY,EPA NPL Superfund boundaries (legacy),"{""external_id"":""NYD002245967"",""geometry_fallback"":""centroid"",""layer"":""SITE_BOUNDARIES_SF"",""npl_status"":null,""saa"":false,""sources"":[""EPA NPL Superfund boundaries (legacy)""]}"
superfund_NYD980507735,RICHARDSON HILL ROAD LANDFILL/POND,superfund,42.252781,-75.249169,NY,EPA NPL,"{""external_id"":""NYD980507735"",""npl_status"":""Final NPL"",""saa"":false,""sources"":[""EPA NPL""]}"
superfund_NYD002232957,"ROBINTECH, INC./NATIONAL PIPE CO.",superfund,+42.104900,-75.992200,NY,EPA NPL,"{""external_id"":""NYD002232957"",""npl_status"":""Final NPL"",""saa"":false,""sources"":[""EPA NPL""]}"
superfund_NYD982272734,ROSEN BROTHERS SCRAP YARD/DUMP,superfund,+42.591669,-76.175281,NY,EPA NPL,"{""external_id"":""NYD982272734"",""npl_status"":""Final NPL"",""saa"":false,""sources"":[""EPA NPL""]}"
superfund_NYD981486954,ROWE INDUSTRIES GROUND WATER CONTAMINATION,superfund,40.982781,-072.300000,NY,EPA NPL,"{""external_id"":""NYD981486954"",""npl_status"":""Deleted NPL"",""saa"":false,""sources"":[""EPA NPL""]}"
superfund_NYD004986741,SAINT-GOBAIN PERFORMANCE PLASTICS,superfund,42.89403018,-73.35729689,NY,EPA NPL Superfund boundaries (legacy),"{""external_id"":""NYD004986741"",""geometry_fallback"":""centroid"",""layer"":""SITE_BOUNDARIES_SF"",""npl_status"":null,""saa"":false,""sources"":[""EPA NPL Superfund boundaries (legacy)""]}"
superfund_NYD980535165,SARNEY FARM,superfund,+41.755550,-73.561389,NY,EPA NPL,"{""external_id"":""NYD980535165"",""npl_status"":""Final NPL"",""saa"":false,""sources"":[""EPA NPL""]}"
superfund_NYD980535181,"SEALAND RESTORATION, INC.",superfund,44.703611,-75.361531,NY,EPA NPL,"{""external_id"":""NYD980535181"",""npl_status"":""Final NPL"",""saa"":false,""sources"":[""EPA NPL""]}"
superfund_NY0213820830,SENECA ARMY DEPOT,superfund,+42.750000,-076.854450,NY,EPA NPL,"{""external_id"":""NY0213820830"",""npl_status"":""Final NPL"",""saa"":false,""sources"":[""EPA NPL""]}"
superfund_NYSFN0204269,SHENANDOAH ROAD GROUNDWATER CONTAMINATION,superfund,41.526111,-73.792222,NY,EPA NPL,"{""external_id"":""NYSFN0204269"",""npl_status"":""Final NPL"",""saa"":false,""sources"":[""EPA NPL""]}"
superfund_NYD980507677,SIDNEY LANDFILL,superfund,+42.257700,-075.243000,NY,EPA NPL,"{""external_id"":""NYD980507677"",""npl_status"":""Final NPL"",""saa"":false,""sources"":[""EPA NPL""]}"
superfund_NYD980535215,SINCLAIR REFINERY,superfund,+42.108800,-077.941600,NY,EPA NPL,"{""external_id"":""NYD980535215"",""npl_status"":""Final NPL"",""saa"":false,""sources"":[""EPA NPL""]}"
superfund_NY0002318889,SMITHTOWN GROUND WATER CONTAMINATION,superfund,+40.887806,-73.174778,NY,EPA NPL,"{""external_id"":""NY0002318889"",""npl_status"":""Deleted NPL"",""saa"":false,""sources"":[""EPA NPL""]}"
superfund_NYD001533165,"SMS INSTRUMENTS, INC.",superfund,40.760002,-73.318491,NY,EPA NPL,"{""external_id"":""NYD001533165"",""npl_status"":""Deleted NPL"",""saa"":false,""sources"":[""EPA NPL""]}"
superfund_NYD980421176,SOLVENT SAVERS,superfund,+42.665000,-75.876661,NY,EPA NPL,"{""external_id"":""NYD980421176"",""npl_status"":""Final NPL"",""saa"":false,""sources"":[""EPA NPL""]}"
superfund_NYD047650197,STANTON CLEANERS AREA GROUND WATER CONTAMINATION,superfund,40.782361,-73.734139,NY,EPA NPL,"{""external_id"":""NYD047650197"",""npl_status"":""Final NPL"",""saa"":false,""sources"":[""EPA NPL""]}"
superfund_NYD980780878,SUFFERN VILLAGE WELL FIELD,superfund,+41.116200,-074.159000,NY,EPA NPL,"{""external_id"":""NYD980780878"",""npl_status"":""Deleted NPL"",""saa"":false,""sources"":[""EPA NPL""]}"
superfund_NYD000511360,SYOSSET LANDFILL,superfund,40.798889,-73.509719,NY,EPA NPL,"{""external_id"":""NYD000511360"",""npl_status"":""Deleted NPL"",""saa"":false,""sources"":[""EPA NPL""]}"
superfund_NYD980509285,"TRI-CITIES BARREL CO., INC.",superfund,+42.158050,-75.811939,NY,EPA NPL,"{""external_id"":""NYD980509285"",""npl_status"":""Final NPL"",""saa"":false,""sources"":[""EPA NPL""]}"
superfund_NYD002059517,"TRONIC PLATING CO., INC.",superfund,+40.753800,-073.407700,NY,EPA NPL,"{""external_id"":""NYD002059517"",""npl_status"":""Deleted NPL"",""saa"":false,""sources"":[""EPA NPL""]}"
superfund_NYD980763767,VESTAL WATER SUPPLY WELL 1-1,superfund,+42.090200,-76.055700,NY,EPA NPL,"{""external_id"":""NYD980763767"",""npl_status"":""Final NPL"",""saa"":false,""sources"":[""EPA NPL""]}"
superfund_NYD980652267,VESTAL WATER SUPPLY WELL 4-2,superfund,42.10814750,-75.99881140,NY,EPA NPL Superfund boundaries (legacy),"{""external_id"":""NYD980652267"",""geometry_fallback"":""centroid"",""layer"":""SITE_BOUNDARIES_SF"",""npl_status"":null,""saa"":false,""sources"":[""EPA NPL Superfund boundaries (legacy)""]}"
superfund_NYD980509376,VOLNEY MUNICIPAL LANDFILL,superfund,+43.360550,-76.379169,NY,EPA NPL,"{""external_id"":""NYD980509376"",""npl_status"":""Final NPL"",""saa"":false,""sources"":[""EPA NPL""]}"
superfund_NYN000201758,WAPPINGER CREEK,superfund,41.58924988,-73.93560103,NY,EPA NPL Superfund boundaries (legacy),"{""external_id"":""NYN000201758"",""geometry_fallback"":""centroid"",""layer"":""SITE_BOUNDARIES_SF"",""npl_status"":null,""saa"":false,""sources"":[""EPA NPL Superfund boundaries (legacy)""]}"
superfund_NYD980506679,WARWICK LANDFILL,superfund,41.238889,-074.270000,NY,EPA NPL,"{""external_id"":""NYD980506679"",""npl_status"":""Deleted NPL"",""saa"":false,""sources"":[""EPA NPL""]}"
superfund_NYD980652259,WIDE BEACH DEVELOPMENT,superfund,42.586669,-79.128611,NY,EPA NPL,"{""external_id"":""NYD980652259"",""npl_status"":""Deleted NPL"",""saa"":false,""sources"":[""EPA NPL""]}"
superfund_NYC200400810,WOLFF-ALPORT CHEMICAL COMPANY,superfund,+40.692672,-73.901997,NY,EPA NPL,"{""external_id"":""NYC200400810"",""npl_status"":""Final NPL"",""saa"":false,""sources"":[""EPA NPL""]}"
superfund_NYD000511733,YORK OIL CO.,superfund,+44.822500,-074.575100,NY,EPA NPL,"{""external_id"":""NYD000511733"",""npl_status"":""Final NPL"",""saa"":false,""sources"":[""EPA NPL""]}"
superfund_OH1170090004,AIR FORCE PLANT 85,superfund,39.99015655,-82.89466702,OH,EPA NPL Superfund boundaries (legacy),"{""external_id"":""OH1170090004"",""geometry_fallback"":""centroid"",""layer"":""SITE_BOUNDARIES_SF"",""npl_status"":null,""saa"":false,""sources"":[""EPA NPL Superfund boundaries (legacy)""]}"
superfund_OHD043730217,ALLIED CHEMICAL & IRONTON COKE,superfund,+38.505700,-82.658000,OH,EPA NPL,"{""external_id"":""OHD043730217"",""npl_status"":""Final NPL"",""saa"":false,""sources"":[""EPA NPL""]}"
superfund_OHD057243610,ALSCO ANACONDA,superfund,40.361111,-81.440831,OH,EPA NPL,"{""external_id"":""OHD057243610"",""npl_status"":""Deleted NPL"",""saa"":false,""sources"":[""EPA NPL""]}"
superfund_OHD017506171,ARCANUM IRON & METAL,superfund,+39.981950,-84.549161,OH,EPA NPL,"{""external_id"":""OHD017506171"",""npl_status"":""Deleted NPL"",""saa"":false,""sources"":[""EPA NPL""]}"
superfund_OHD074705930,ARMCO INCORPORATION-HAMILTON PLANT,superfund,39.43632626,-84.52514593,OH,EPA NPL Superfund boundaries (legacy),"{""external_id"":""OHD074705930"",""geometry_fallback"":""centroid"",""layer"":""SITE_BOUNDARIES_SF"",""npl_status"":null,""saa"":false,""sources"":[""EPA NPL Superfund boundaries (legacy)""]}"
superfund_OHN000510164,BEHR DAYTON THERMAL SYSTEM VOC PLUME,superfund,39.784444,-84.179444,OH,EPA NPL,"{""external_id"":""OHN000510164"",""npl_status"":""Final NPL"",""saa"":false,""sources"":[""EPA NPL""]}"
superfund_OHD980611735,BIG D CAMPGROUND,superfund,41.904169,-80.652781,OH,EPA NPL,"{""external_id"":""OHD980611735"",""npl_status"":""Final NPL"",""saa"":false,""sources"":[""EPA NPL""]}"
superfund_OHD980509616,BOWERS LANDFILL,superfund,+39.637500,-82.965281,OH,EPA NPL,"{""external_id"":""OHD980509616"",""npl_status"":""Deleted NPL"",""saa"":false,""sources"":[""EPA NPL""]}"
superfund_OHD980509657,BUCKEYE RECLAMATION,superfund,+40.047219,-80.841669,OH,EPA NPL,"{""external_id"":""OHD980509657"",""npl_status"":""Deleted NPL"",""saa"":false,""sources"":[""EPA NPL""]}"
superfund_OHD074727793,CHEM-DYNE,superfund,+39.407900,-84.552000,OH,EPA NPL,"{""external_id"":""OHD074727793"",""npl_status"":""Final NPL"",""saa"":false,""sources"":[""EPA NPL""]}"
superfund_OHD980614549,CHEMICAL & MINERALS RECLAMATION,superfund,41.490361,-81.725031,OH,EPA NPL,"{""external_id"":""OHD980614549"",""npl_status"":""Deleted NPL"",""saa"":false,""sources"":[""EPA NPL""]}"
superfund_OHD057001810,CHEMICAL RECOVERY SYSTEMS,superfund,41.37152571,-82.10376782,OH,EPA NPL Superfund boundaries (legacy),"{""external_id"":""OHD057001810"",""geometry_fallback"":""centroid"",""layer"":""SITE_BOUNDARIES_SF"",""npl_status"":null,""saa"":true,""sources"":[""EPA NPL Superfund boundaries (legacy)"",""EPA FOIA-014""]}"
superfund_OH0000563122,COPLEY SQUARE PLAZA,superfund,41.092839,-81.617472,OH,EPA NPL,"{""external_id"":""OH0000563122"",""npl_status"":""Final NPL"",""saa"":false,""sources"":[""EPA NPL""]}"
superfund_OHD980509830,COSHOCTON LANDFILL,superfund,+40.225000,-81.848611,OH,EPA NPL,"{""external_id"":""OHD980509830"",""npl_status"":""Deleted NPL"",""saa"":false,""sources"":[""EPA NPL""]}"
superfund_OHD980611909,DIAMOND SHAMROCK CORP. (PAINESVILLE WORKS),superfund,41.75036728,-81.25221869,OH,EPA NPL Superfund boundaries (legacy),"{""external_id"":""OHD980611909"",""geometry_fallback"":""centroid"",""layer"":""SITE_BOUNDARIES_SF"",""npl_status"":null,""saa"":false,""sources"":[""EPA NPL Superfund boundaries (legacy)""]}"
superfund_OHN000510459,DONNELSVILLE CONTAMINATED AQUIFER,superfund,+39.920558,-83.948728,OH,EPA NPL,"{""external_id"":""OHN000510459"",""npl_status"":""Final NPL"",""saa"":false,""sources"":[""EPA NPL""]}"
superfund_OHD004210563,DOVER CHEMICAL CORP.,superfund,40.539823,-81.494444,OH,EPA NPL,"{""external_id"":""OHD004210563"",""npl_status"":""Proposed NPL"",""saa"":true,""sources"":[""EPA NPL"",""EPA FOIA-014""]}"
superfund_OHD980509947,E.H. SCHILLING LANDFILL,superfund,+38.572500,-82.755550,OH,EPA NPL,"{""external_id"":""OHD980509947"",""npl_status"":""Final NPL"",""saa"":false,""sources"":[""EPA NPL""]}"
superfund_OHSFN0507962,EAST TROY CONTAMINATED AQUIFER,superfund,40.038100,-84.196100,OH,EPA NPL,"{""external_id"":""OHSFN0507962"",""npl_status"":""Final NPL"",""saa"":false,""sources"":[""EPA NPL""]}"
superfund_OH6890008976,FEED MATERIALS PRODUCTION CENTER (USDOE),superfund,+39.299450,-84.688331,OH,EPA NPL,"{""external_id"":""OH6890008976"",""npl_status"":""Final NPL"",""saa"":false,""sources"":[""EPA NPL""]}"
superfund_OHD980614572,FIELDS BROOK,superfund,+41.891500,-80.775400,OH,EPA NPL,"{""external_id"":""OHD980614572"",""npl_status"":""Final NPL"",""saa"":false,""sources"":[""EPA NPL""]}"
superfund_OHD980510002,FORD RD IND LDFL,superfund,41.40403407,-82.09611817,OH,EPA NPL Superfund boundaries (legacy),"{""external_id"":""OHD980510002"",""geometry_fallback"":""centroid"",""layer"":""SITE_BOUNDARIES_SF"",""npl_status"":null,""saa"":false,""sources"":[""EPA NPL Superfund boundaries (legacy)""]}"
superfund_OHD980794630,FULTZ LANDFILL,superfund,39.984719,-81.541661,OH,EPA NPL,"{""external_id"":""OHD980794630"",""npl_status"":""Final NPL"",""saa"":false,""sources"":[""EPA NPL""]}"
superfund_OHD000377911,INDUSTRIAL EXCESS LANDFILL,superfund,40.968331,-81.404169,OH,EPA NPL,"{""external_id"":""OHD000377911"",""npl_status"":""Final NPL"",""saa"":false,""sources"":[""EPA NPL""]}"
superfund_OHD981537582,LAMMERS BARREL FACTORY,superfund,39.726389,-84.084306,OH,EPA NPL,"{""external_id"":""OHD981537582"",""npl_status"":""Final NPL"",""saa"":false,""sources"":[""EPA NPL""]}"
superfund_OHD061722211,LASKIN/POPLAR OIL CO.,superfund,+41.743600,-80.781500,OH,EPA NPL,"{""external_id"":""OHD061722211"",""npl_status"":""Deleted NPL"",""saa"":false,""sources"":[""EPA NPL""]}"
superfund_OHN000509950,LITTLE SCIOTO RIVER,superfund,40.593061,-83.183461,OH,EPA NPL,"{""external_id"":""OHN000509950"",""npl_status"":""Final NPL"",""saa"":false,""sources"":[""EPA NPL""]}"
superfund_OHD980611800,MIAMI COUNTY INCINERATOR,superfund,40.074169,-84.224169,OH,EPA NPL,"{""external_id"":""OHD980611800"",""npl_status"":""Final NPL"",""saa"":false,""sources"":[""EPA NPL""]}"
superfund_OHSFN0507973,MILFORD CONTAMINATED AQUIFER,superfund,39.177814,-84.293786,OH,EPA NPL,"{""external_id"":""OHSFN0507973"",""npl_status"":""Final NPL"",""saa"":false,""sources"":[""EPA NPL""]}"
superfund_OH6890008984,MOUND PLANT (USDOE),superfund,+39.626400,-84.286200,OH,EPA NPL,"{""external_id"":""OH6890008984"",""npl_status"":""Final NPL"",""saa"":false,""sources"":[""EPA NPL""]}"
superfund_OHD980610018,NEASE CHEMICAL,superfund,40.916669,-80.891669,OH,EPA NPL,"{""external_id"":""OHD980610018"",""npl_status"":""Final NPL"",""saa"":false,""sources"":[""EPA NPL""]}"
superfund_OHN000509238,NEW CARLISLE LANDFILL,superfund,+39.923333,-84.033694,OH,EPA NPL,"{""external_id"":""OHN000509238"",""npl_status"":""Final NPL"",""saa"":false,""sources"":[""EPA NPL""]}"
superfund_OHD980794614,NEW LYME LANDFILL,superfund,41.584719,-80.729161,OH,EPA NPL,"{""external_id"":""OHD980794614"",""npl_status"":""Final NPL"",""saa"":false,""sources"":[""EPA NPL""]}"
superfund_OHD980611875,NORTH SANITARY LANDFILL,superfund,+39.786110,-084.152500,OH,EPA NPL,"{""external_id"":""OHD980611875"",""npl_status"":""Final NPL"",""saa"":false,""sources"":[""EPA NPL""]}"
superfund_OHD980510200,OLD MILL,superfund,+41.660100,-080.845600,OH,EPA NPL,"{""external_id"":""OHD980510200"",""npl_status"":""Final NPL"",""saa"":false,""sources"":[""EPA NPL""]}"
superfund_OHD004379970,ORMET CORP.,superfund,+39.705000,-80.841669,OH,EPA NPL,"{""external_id"":""OHD004379970"",""npl_status"":""Final NPL"",""saa"":false,""sources"":[""EPA NPL""]}"
superfund_OHD987051083,PETERS CARTRIDGE FACTORY,superfund,+39.350694,-84.242222,OH,EPA NPL,"{""external_id"":""OHD987051083"",""npl_status"":""Final NPL"",""saa"":false,""sources"":[""EPA NPL""]}"
superfund_OHD000382663,POWELL ROAD LANDFILL,superfund,39.833331,-084.160000,OH,EPA NPL,"{""external_id"":""OHD000382663"",""npl_status"":""Final NPL"",""saa"":false,""sources"":[""EPA NPL""]}"
superfund_OHD076773712,"PRISTINE, INC.",superfund,39.236111,-84.437231,OH,EPA NPL,"{""external_id"":""OHD076773712"",""npl_status"":""Final NPL"",""saa"":false,""sources"":[""EPA NPL""]}"
superfund_OHD980610042,REILLY TAR & CHEMICAL CORP. (DOVER PLANT),superfund,+40.517500,-081.479000,OH,EPA NPL,"{""external_id"":""OHD980610042"",""npl_status"":""Final NPL"",""saa"":false,""sources"":[""EPA NPL""]}"
superfund_OHD980903447,REPUBLIC STEEL CORP. QUARRY,superfund,41.356189,-82.117839,OH,EPA NPL,"{""external_id"":""OHD980903447"",""npl_status"":""Deleted NPL"",""saa"":false,""sources"":[""EPA NPL""]}"
superfund_OHD093895787,"SANITARY LANDFILL CO. (INDUSTRIAL WASTE DISPOSAL CO., INC.)",superfund,39.716581,-84.201531,OH,EPA NPL,"{""external_id"":""OHD093895787"",""npl_status"":""Final NPL"",""saa"":false,""sources"":[""EPA NPL""]}"
superfund_OHD063963714,SKINNER LANDFILL,superfund,39.333331,-84.399719,OH,EPA NPL,"{""external_id"":""OHD063963714"",""npl_status"":""Final NPL"",""saa"":false,""sources"":[""EPA NPL""]}"
superfund_OHD980611388,SOUTH DAYTON DUMP & LANDFILL,superfund,39.72632781,-84.22035407,OH,EPA NPL Superfund boundaries (legacy),"{""external_id"":""OHD980611388"",""geometry_fallback"":""centroid"",""layer"":""SITE_BOUNDARIES_SF"",""npl_status"":null,""saa"":true,""sources"":[""EPA NPL Superfund boundaries (legacy)"",""EPA FOIA-014""]}"
superfund_OHD071650592,SOUTH POINT PLANT,superfund,+38.437500,-82.591669,OH,EPA NPL,"{""external_id"":""OHD071650592"",""npl_status"":""Final NPL"",""saa"":false,""sources"":[""EPA NPL""]}"
superfund_OHD980609994,SUMMIT NATIONAL,superfund,+41.024000,-81.097100,OH,EPA NPL,"{""external_id"":""OHD980609994"",""npl_status"":""Final NPL"",""saa"":false,""sources"":[""EPA NPL""]}"
superfund_OHD980612188,TREMONT CITY BARREL FILL,superfund,40.02442434,-83.85734830,OH,EPA NPL Superfund boundaries (legacy),"{""external_id"":""OHD980612188"",""geometry_fallback"":""centroid"",""layer"":""SITE_BOUNDARIES_SF"",""npl_status"":null,""saa"":true,""sources"":[""EPA NPL Superfund boundaries (legacy)"",""EPA FOIA-014""]}"
superfund_OHD004179339,"TRW, INC. (MINERVA PLANT)",superfund,+40.745000,-081.090000,OH,EPA NPL,"{""external_id"":""OHD004179339"",""npl_status"":""Final NPL"",""saa"":false,""sources"":[""EPA NPL""]}"
superfund_OHD018392928,"UNITED SCRAP LEAD CO., INC.",superfund,+40.008889,-84.198611,OH,EPA NPL,"{""external_id"":""OHD018392928"",""npl_status"":""Deleted NPL"",""saa"":false,""sources"":[""EPA NPL""]}"
superfund_OHN000510489,VALLEY PIKE VOCS,superfund,39.79355425,-84.14111071,OH,EPA NPL Superfund boundaries (legacy),"{""external_id"":""OHN000510489"",""geometry_fallback"":""centroid"",""layer"":""SITE_BOUNDARIES_SF"",""npl_status"":null,""saa"":false,""sources"":[""EPA NPL Superfund boundaries (legacy)""]}"
superfund_OHD980794606,VAN DALE JUNKYARD,superfund,+39.431950,-081.402500,OH,EPA NPL,"{""external_id"":""OHD980794606"",""npl_status"":""Final NPL"",""saa"":false,""sources"":[""EPA NPL""]}"
superfund_OHN000508132,WEST TROY CONTAMINATED AQUIFER,superfund,40.046408,-84.208928,OH,EPA NPL,"{""external_id"":""OHN000508132"",""npl_status"":""Final NPL"",""saa"":false,""sources"":[""EPA NPL""]}"
superfund_OH7571724312,WRIGHT-PATTERSON AIR FORCE BASE,superfund,+39.807100,-084.069700,OH,EPA NPL,"{""external_id"":""OH7571724312"",""npl_status"":""Final NPL"",""saa"":false,""sources"":[""EPA NPL""]}"
superfund_OHD980794598,ZANESVILLE WELL FIELD,superfund,39.967781,-81.992231,OH,EPA NPL,"{""external_id"":""OHD980794598"",""npl_status"":""Final NPL"",""saa"":false,""sources"":[""EPA NPL""]}"
superfund_OKD980620983,COMPASS INDUSTRIES (AVERY DRIVE),superfund,36.126389,-96.083339,OK,EPA NPL,"{""external_id"":""OKD980620983"",""npl_status"":""Deleted NPL"",""saa"":false,""sources"":[""EPA NPL""]}"
superfund_OKD007188717,DOUBLE EAGLE REFINERY CO.,superfund,35.468331,-97.478331,OK,EPA NPL,"{""external_id"":""OKD007188717"",""npl_status"":""Deleted NPL"",""saa"":false,""sources"":[""EPA NPL""]}"
superfund_OKN000607068,EAGLE INDUSTRIES,superfund,+35.435631,-97.337507,OK,EPA NPL,"{""external_id"":""OKN000607068"",""npl_status"":""Final NPL"",""saa"":false,""sources"":[""EPA NPL""]}"
superfund_OKD007221831,FANSTEEL METALS/FMRI,superfund,+35.773880,-95.305086,OK,EPA NPL,"{""external_id"":""OKD007221831"",""npl_status"":""Final NPL"",""saa"":false,""sources"":[""EPA NPL""]}"
superfund_OKD980696470,FOURTH STREET ABANDONED REFINERY,superfund,35.470278,-97.473056,OK,EPA NPL,"{""external_id"":""OKD980696470"",""npl_status"":""Deleted NPL"",""saa"":false,""sources"":[""EPA NPL""]}"
superfund_OKD000400093,HARDAGE/CRINER,superfund,+34.976400,-97.580900,OK,EPA NPL,"{""external_id"":""OKD000400093"",""npl_status"":""Final NPL"",""saa"":false,""sources"":[""EPA NPL""]}"
superfund_OKN000607147,HENRYETTA IRON AND METAL,superfund,+35.439996,-95.999803,OK,EPA NPL,"{""external_id"":""OKN000607147"",""npl_status"":""Final NPL"",""saa"":false,""sources"":[""EPA NPL""]}"
superfund_OKD082471988,HUDSON REFINERY,superfund,35.985556,-96.779722,OK,EPA NPL,"{""external_id"":""OKD082471988"",""npl_status"":""Final NPL"",""saa"":false,""sources"":[""EPA NPL""]}"
superfund_OK0002024099,IMPERIAL REFINING COMPANY,superfund,34.195486,-97.107931,OK,EPA NPL,"{""external_id"":""OK0002024099"",""npl_status"":""Deleted NPL"",""saa"":false,""sources"":[""EPA NPL""]}"
superfund_OKD980620868,MOSLEY ROAD SANITARY LANDFILL,superfund,+35.502500,-97.414861,OK,EPA NPL,"{""external_id"":""OKD980620868"",""npl_status"":""Deleted NPL"",""saa"":false,""sources"":[""EPA NPL""]}"
superfund_OKD000829440,NATIONAL ZINC CORP.,superfund,36.746667,-95.995000,OK,EPA NPL,"{""external_id"":""OKD000829440"",""npl_status"":""Proposed NPL"",""saa"":false,""sources"":[""EPA NPL""]}"
superfund_OKD091598870,OKLAHOMA REFINING CO.,superfund,34.898331,-98.193339,OK,EPA NPL,"{""external_id"":""OKD091598870"",""npl_status"":""Final NPL"",""saa"":false,""sources"":[""EPA NPL""]}"
superfund_OKD980748446,SAND SPRINGS PETROCHEMICAL COMPLEX,superfund,36.130831,-96.101389,OK,EPA NPL,"{""external_id"":""OKD980748446"",""npl_status"":""Deleted NPL"",""saa"":false,""sources"":[""EPA NPL""]}"
superfund_OKD980629844,TAR CREEK (OTTAWA COUNTY),superfund,36.943603,-94.841914,OK,EPA NPL,"{""external_id"":""OKD980629844"",""npl_status"":""Final NPL"",""saa"":false,""sources"":[""EPA NPL""]}"
superfund_OKD980620967,TENTH STREET DUMP/JUNKYARD,superfund,+35.478050,-97.451939,OK,EPA NPL,"{""external_id"":""OKD980620967"",""npl_status"":""Deleted NPL"",""saa"":false,""sources"":[""EPA NPL""]}"
superfund_OK1571724391,TINKER AIR FORCE BASE (SOLDIER CREEK/BUILDING 3001),superfund,35.413973,-97.401494,OK,EPA NPL,"{""external_id"":""OK1571724391"",""npl_status"":""Final NPL"",""saa"":false,""sources"":[""EPA NPL""]}"
superfund_OKD987096195,TULSA FUEL AND MANUFACTURING,superfund,+36.346250,-95.848611,OK,EPA NPL,"{""external_id"":""OKD987096195"",""npl_status"":""Deleted NPL"",""saa"":false,""sources"":[""EPA NPL""]}"
superfund_OK0001010917,WILCOX OIL COMPANY,superfund,35.840805,-96.380193,OK,EPA NPL,"{""external_id"":""OK0001010917"",""npl_status"":""Final NPL"",""saa"":false,""sources"":[""EPA NPL""]}"
superfund_ORD980511497,ALKALI LAKE SITE,superfund,42.97234135,-120.05223136,OR,EPA NPL Superfund boundaries (legacy),"{""external_id"":""ORD980511497"",""geometry_fallback"":""centroid"",""layer"":""SITE_BOUNDARIES_SF"",""npl_status"":null,""saa"":false,""sources"":[""EPA NPL Superfund boundaries (legacy)""]}"
superfund_ORD009051442,"ALLIED PLATING, INC.",superfund,+45.583331,-122.661700,OR,EPA NPL,"{""external_id"":""ORD009051442"",""npl_status"":""Deleted NPL"",""saa"":false,""sources"":[""EPA NPL""]}"
superfund_OR0002392793,ASTORIA MARINE CONSTRUCTION COMPANY,superfund,46.14511550,-123.86246968,OR,EPA NPL Superfund boundaries (legacy),"{""external_id"":""OR0002392793"",""geometry_fallback"":""centroid"",""layer"":""SITE_BOUNDARIES_SF"",""npl_status"":null,""saa"":false,""sources"":[""EPA NPL Superfund boundaries (legacy)""]}"
superfund_OR0000515759,BLACK BUTTE MINE,superfund,+43.579516,-123.066808,OR,EPA NPL,"{""external_id"":""OR0000515759"",""npl_status"":""Final NPL"",""saa"":false,""sources"":[""EPA NPL""]}"
superfund_ORSFN1002228,BRADFORD ISLAND,superfund,45.64257700,-121.93671138,OR,EPA NPL Superfund boundaries (legacy),"{""combined_boundary_parts"":2,""external_id"":""ORSFN1002228"",""geometry_fallback"":""centroid"",""layer"":""SITE_BOUNDARIES_SF"",""npl_status"":null,""representative_point"":""mean_of_boundary_part_centroids"",""saa"":false,""sources"":[""EPA NPL Superfund boundaries (legacy)""]}"
superfund_ORN001002616,FORMOSA MINE,superfund,42.854472,-123.382611,OR,EPA NPL,"{""external_id"":""ORN001002616"",""npl_status"":""Final NPL"",""saa"":false,""sources"":[""EPA NPL""]}"
superfund_OR7122307658,FREMONT NATIONAL FOREST/WHITE KING AND LUCKY LASS URANIUM MINES (USDA),superfund,+42.336111,-120.541667,OR,EPA NPL,"{""external_id"":""OR7122307658"",""npl_status"":""Final NPL"",""saa"":false,""sources"":[""EPA NPL""]}"
superfund_ORD095003687,"GOULD, INC.",superfund,+45.569200,-122.748300,OR,EPA NPL,"{""external_id"":""ORD095003687"",""npl_status"":""Deleted NPL"",""saa"":false,""sources"":[""EPA NPL""]}"
superfund_ORD071803985,HARBOR OIL INC.,superfund,45.60560167,-122.69496273,OR,EPA NPL Superfund boundaries (legacy),"{""external_id"":""ORD071803985"",""geometry_fallback"":""centroid"",""layer"":""SITE_BOUNDARIES_SF"",""npl_status"":null,""saa"":false,""sources"":[""EPA NPL Superfund boundaries (legacy)""]}"
superfund_ORD068782820,JOSEPH FOREST PRODUCTS,superfund,+45.359439,-117.247200,OR,EPA NPL,"{""external_id"":""ORD068782820"",""npl_status"":""Deleted NPL"",""saa"":false,""sources"":[""EPA NPL""]}"
superfund_ORD052221025,MARTIN-MARIETTA ALUMINUM CO.,superfund,+45.624439,-121.205600,OR,EPA NPL,"{""external_id"":""ORD052221025"",""npl_status"":""Deleted NPL"",""saa"":false,""sources"":[""EPA NPL""]}"
superfund_ORD009020603,MCCORMICK & BAXTER CREOSOTING CO. (PORTLAND PLANT),superfund,+45.579443,-122.739440,OR,EPA NPL,"{""external_id"":""ORD009020603"",""npl_status"":""Final NPL"",""saa"":false,""sources"":[""EPA NPL""]}"
superfund_ORN001002476,NORTH RIDGE ESTATES,superfund,+42.264800,-121.746500,OR,EPA NPL,"{""external_id"":""ORN001002476"",""npl_status"":""Final NPL"",""saa"":false,""sources"":[""EPA NPL""]}"
superfund_ORD980988307,NORTHWEST PIPE & CASING/HALL PROCESS COMPANY,superfund,+45.416333,-122.563889,OR,EPA NPL,"{""external_id"":""ORD980988307"",""npl_status"":""Final NPL"",""saa"":false,""sources"":[""EPA NPL""]}"
superfund_ORSFN1002155,PORTLAND HARBOR,superfund,+45.615278,-122.793056,OR,EPA NPL,"{""external_id"":""ORSFN1002155"",""npl_status"":""Final NPL"",""saa"":false,""sources"":[""EPA NPL""]}"
superfund_ORD009412677,REYNOLDS METALS COMPANY,superfund,+45.556900,-122.399161,OR,EPA NPL,"{""external_id"":""ORD009412677"",""npl_status"":""Final NPL"",""saa"":false,""sources"":[""EPA NPL""]}"
superfund_ORD009042532,TAYLOR LUMBER AND TREATING,superfund,+45.097222,-123.426944,OR,EPA NPL,"{""external_id"":""ORD009042532"",""npl_status"":""Final NPL"",""saa"":false,""sources"":[""EPA NPL""]}"
superfund_ORD050955848,TELEDYNE WAH CHANG,superfund,+44.660000,-123.063300,OR,EPA NPL,"{""external_id"":""ORD050955848"",""npl_status"":""Final NPL"",""saa"":false,""sources"":[""EPA NPL""]}"
superfund_OR6213820917,UMATILLA ARMY DEPOT (LAGOONS),superfund,+45.836111,-119.450000,OR,EPA NPL,"{""external_id"":""OR6213820917"",""npl_status"":""Final NPL"",""saa"":false,""sources"":[""EPA NPL""]}"
superfund_ORD009049412,UNION PACIFIC RAILROAD CO. TIE-TREATING PLANT,superfund,+45.598600,-121.165100,OR,EPA NPL,"{""external_id"":""ORD009049412"",""npl_status"":""Final NPL"",""saa"":false,""sources"":[""EPA NPL""]}"
superfund_ORD009043001,"UNITED CHROME PRODUCTS, INC.",superfund,+44.504200,-123.286100,OR,EPA NPL,"{""external_id"":""ORD009043001"",""npl_status"":""Final NPL"",""saa"":false,""sources"":[""EPA NPL""]}"
superfund_PAD004351003,A.I.W. FRANK/MID-COUNTY MUSTANG,superfund,40.031811,-75.603200,PA,EPA NPL,"{""external_id"":""PAD004351003"",""npl_status"":""Final NPL"",""saa"":false,""sources"":[""EPA NPL""]}"
superfund_PAD075993378,ALADDIN PLATING,superfund,41.491939,-75.662781,PA,EPA NPL,"{""external_id"":""PAD075993378"",""npl_status"":""Deleted NPL"",""saa"":false,""sources"":[""EPA NPL""]}"
superfund_PAD000436436,AMBLER ASBESTOS PILES,superfund,40.149719,-75.227219,PA,EPA NPL,"{""external_id"":""PAD000436436"",""npl_status"":""Deleted NPL"",""saa"":false,""sources"":[""EPA NPL""]}"
superfund_PAD041421223,"AMP, INC. (GLEN ROCK FACILITY)",superfund,+39.821800,-76.694400,PA,EPA NPL,"{""external_id"":""PAD041421223"",""npl_status"":""Deleted NPL"",""saa"":false,""sources"":[""EPA NPL""]}"
superfund_PAD987341716,AUSTIN AVENUE RADIATION SITE,superfund,39.943056,-75.261944,PA,EPA NPL,"{""external_id"":""PAD987341716"",""npl_status"":""Deleted NPL"",""saa"":false,""sources"":[""EPA NPL""]}"
superfund_PAD003053709,AVCO LYCOMING (WILLIAMSPORT DIVISION),superfund,41.244031,-77.041111,PA,EPA NPL,"{""external_id"":""PAD003053709"",""npl_status"":""Final NPL"",""saa"":false,""sources"":[""EPA NPL""]}"
superfund_PAN000306939,BAGHURST DRIVE,superfund,+40.299483,-75.455133,PA,EPA NPL,"{""external_id"":""PAN000306939"",""npl_status"":""Final NPL"",""saa"":false,""sources"":[""EPA NPL""]}"
superfund_PAD061105128,BALLY GROUND WATER CONTAMINATION,superfund,+40.398400,-75.593300,PA,EPA NPL,"{""external_id"":""PAD061105128"",""npl_status"":""Final NPL"",""saa"":false,""sources"":[""EPA NPL""]}"
superfund_PAD980705107,BELL LANDFILL,superfund,41.633061,-76.389169,PA,EPA NPL,"{""external_id"":""PAD980705107"",""npl_status"":""Final NPL"",""saa"":false,""sources"":[""EPA NPL""]}"
superfund_PAD003047974,BENDIX FLIGHT SYSTEMS DIVISION,superfund,41.797361,-75.886250,PA,EPA NPL,"{""external_id"":""PAD003047974"",""npl_status"":""Final NPL"",""saa"":false,""sources"":[""EPA NPL""]}"
superfund_PAD980538649,BERKLEY PRODUCTS CO. DUMP,superfund,+40.255550,-76.155281,PA,EPA NPL,"{""external_id"":""PAD980538649"",""npl_status"":""Deleted NPL"",""saa"":false,""sources"":[""EPA NPL""]}"
superfund_PAD000651810,BERKS LANDFILL,superfund,40.291389,-76.031111,PA,EPA NPL,"{""external_id"":""PAD000651810"",""npl_status"":""Deleted NPL"",""saa"":false,""sources"":[""EPA NPL""]}"
superfund_PAD980691794,BERKS SAND PIT,superfund,+40.464600,-75.627300,PA,EPA NPL,"{""external_id"":""PAD980691794"",""npl_status"":""Final NPL"",""saa"":false,""sources"":[""EPA NPL""]}"
superfund_PAD980539985,BLOSENSKI LANDFILL,superfund,+40.020000,-75.910550,PA,EPA NPL,"{""external_id"":""PAD980539985"",""npl_status"":""Final NPL"",""saa"":false,""sources"":[""EPA NPL""]}"
superfund_PAD047726161,BOARHEAD FARMS,superfund,40.545831,-75.125000,PA,EPA NPL,"{""external_id"":""PAD047726161"",""npl_status"":""Final NPL"",""saa"":false,""sources"":[""EPA NPL""]}"
superfund_PAD981034887,BORIT ASBESTOS,superfund,40.153472,-75.228625,PA,EPA NPL,"{""external_id"":""PAD981034887"",""npl_status"":""Final NPL"",""saa"":false,""sources"":[""EPA NPL""]}"
superfund_PAD089667695,"BRESLUBE-PENN, INC.",superfund,40.501389,-80.146389,PA,EPA NPL,"{""external_id"":""PAD089667695"",""npl_status"":""Final NPL"",""saa"":false,""sources"":[""EPA NPL""]}"
superfund_PAD980691760,BRODHEAD CREEK,superfund,40.989719,-75.186669,PA,EPA NPL,"{""external_id"":""PAD980691760"",""npl_status"":""Deleted NPL"",""saa"":false,""sources"":[""EPA NPL""]}"
superfund_PAD980831812,BROWN'S BATTERY BREAKING,superfund,40.519439,-76.001389,PA,EPA NPL,"{""external_id"":""PAD980831812"",""npl_status"":""Final NPL"",""saa"":false,""sources"":[""EPA NPL""]}"
superfund_PAD980712855,BRUIN LAGOON,superfund,41.051111,-79.725000,PA,EPA NPL,"{""external_id"":""PAD980712855"",""npl_status"":""Deleted NPL"",""saa"":false,""sources"":[""EPA NPL""]}"
superfund_PAD980508451,BUTLER MINE TUNNEL,superfund,+41.326800,-75.789900,PA,EPA NPL,"{""external_id"":""PAD980508451"",""npl_status"":""Deleted NPL"",""saa"":false,""sources"":[""EPA NPL""]}"
superfund_PAD981034705,BUTZ LANDFILL,superfund,+41.033500,-75.343800,PA,EPA NPL,"{""external_id"":""PAD981034705"",""npl_status"":""Final NPL"",""saa"":false,""sources"":[""EPA NPL""]}"
superfund_PAD021449244,C & D RECYCLING,superfund,+41.031389,-75.841669,PA,EPA NPL,"{""external_id"":""PAD021449244"",""npl_status"":""Deleted NPL"",""saa"":false,""sources"":[""EPA NPL""]}"
superfund_PAD000436261,CENTRE COUNTY KEPONE,superfund,40.823611,-77.808331,PA,EPA NPL,"{""external_id"":""PAD000436261"",""npl_status"":""Final NPL"",""saa"":false,""sources"":[""EPA NPL""]}"
superfund_PAD002323848,CHEM-FAB,superfund,40.315958,-75.136003,PA,EPA NPL,"{""external_id"":""PAD002323848"",""npl_status"":""Final NPL"",""saa"":false,""sources"":[""EPA NPL""]}"
superfund_PAD093730174,COMMODORE SEMICONDUCTOR GROUP,superfund,+40.124100,-75.419400,PA,EPA NPL,"{""external_id"":""PAD093730174"",""npl_status"":""Final NPL"",""saa"":false,""sources"":[""EPA NPL""]}"
superfund_PAD980508527,CRAIG FARM DRUM,superfund,+41.044600,-79.682500,PA,EPA NPL,"{""external_id"":""PAD980508527"",""npl_status"":""Deleted NPL"",""saa"":false,""sources"":[""EPA NPL""]}"
superfund_PAD980419097,"CRATER RESOURCES, INC./KEYSTONE COKE CO./ALAN WOOD STEEL CO.",superfund,40.081667,-75.342500,PA,EPA NPL,"{""external_id"":""PAD980419097"",""npl_status"":""Final NPL"",""saa"":false,""sources"":[""EPA NPL""]}"
superfund_PAD981740061,CROSSLEY FARM,superfund,40.435417,-75.620611,PA,EPA NPL,"{""external_id"":""PAD981740061"",""npl_status"":""Final NPL"",""saa"":false,""sources"":[""EPA NPL""]}"
superfund_PAD981035009,CROYDON TCE,superfund,40.084934,-74.889200,PA,EPA NPL,"{""external_id"":""PAD981035009"",""npl_status"":""Final NPL"",""saa"":false,""sources"":[""EPA NPL""]}"
superfund_PAD002360444,"CRYOCHEM, INC.",superfund,40.317219,-75.691669,PA,EPA NPL,"{""external_id"":""PAD002360444"",""npl_status"":""Final NPL"",""saa"":false,""sources"":[""EPA NPL""]}"
superfund_PAD981038052,"DELTA QUARRIES & DISPOSAL, INC./STOTLER LANDFILL",superfund,40.553611,-78.354450,PA,EPA NPL,"{""external_id"":""PAD981038052"",""npl_status"":""Final NPL"",""saa"":false,""sources"":[""EPA NPL""]}"
superfund_PAD980508832,DORNEY ROAD LANDFILL,superfund,+40.527781,-75.654169,PA,EPA NPL,"{""external_id"":""PAD980508832"",""npl_status"":""Deleted NPL"",""saa"":false,""sources"":[""EPA NPL""]}"
superfund_PAD002384865,DOUGLASSVILLE DISPOSAL,superfund,+40.257500,-75.735281,PA,EPA NPL,"{""external_id"":""PAD002384865"",""npl_status"":""Final NPL"",""saa"":false,""sources"":[""EPA NPL""]}"
superfund_PAD003058047,DRAKE CHEMICAL,superfund,41.129169,-77.443611,PA,EPA NPL,"{""external_id"":""PAD003058047"",""npl_status"":""Final NPL"",""saa"":false,""sources"":[""EPA NPL""]}"
superfund_PAD981740004,DUBLIN TCE SITE,superfund,40.370892,-75.204897,PA,EPA NPL,"{""external_id"":""PAD981740004"",""npl_status"":""Final NPL"",""saa"":false,""sources"":[""EPA NPL""]}"
superfund_PAD980690549,EAST MOUNT ZION,superfund,+40.007500,-76.665281,PA,EPA NPL,"{""external_id"":""PAD980690549"",""npl_status"":""Final NPL"",""saa"":false,""sources"":[""EPA NPL""]}"
superfund_PAD980830533,EASTERN DIVERSIFIED METALS,superfund,40.829439,-75.997500,PA,EPA NPL,"{""external_id"":""PAD980830533"",""npl_status"":""Final NPL"",""saa"":false,""sources"":[""EPA NPL""]}"
superfund_PAD980539712,ELIZABETHTOWN LANDFILL,superfund,40.132781,-76.608189,PA,EPA NPL,"{""external_id"":""PAD980539712"",""npl_status"":""Final NPL"",""saa"":false,""sources"":[""EPA NPL""]}"
superfund_PAD980552913,ENTERPRISE AVENUE,superfund,+39.885000,-75.212500,PA,EPA NPL,"{""external_id"":""PAD980552913"",""npl_status"":""Deleted NPL"",""saa"":false,""sources"":[""EPA NPL""]}"
superfund_PAD002345817,FISCHER & PORTER CO.,superfund,40.183889,-75.092500,PA,EPA NPL,"{""external_id"":""PAD002345817"",""npl_status"":""Final NPL"",""saa"":false,""sources"":[""EPA NPL""]}"
superfund_PAD077087989,FOOTE MINERAL CO.,superfund,+40.040000,-75.585278,PA,EPA NPL,"{""external_id"":""PAD077087989"",""npl_status"":""Final NPL"",""saa"":false,""sources"":[""EPA NPL""]}"
superfund_PAN000305561,FORMER EXIDE TECHNOLOGIES LAURELDALE,superfund,40.38090217,-75.91039070,PA,EPA NPL Superfund boundaries (legacy),"{""external_id"":""PAN000305561"",""geometry_fallback"":""centroid"",""layer"":""SITE_BOUNDARIES_SF"",""npl_status"":null,""saa"":false,""sources"":[""EPA NPL Superfund boundaries (legacy)""]}"
superfund_PAD003031788,FOSTER WHEELER ENERGY CORP./CHURCH ROAD TCE,superfund,+41.133056,-75.878056,PA,EPA NPL,"{""external_id"":""PAD003031788"",""npl_status"":""Proposed NPL"",""saa"":true,""sources"":[""EPA NPL"",""EPA FOIA-014""]}"
superfund_PASFN0305549,FRANKLIN SLAG PILE (MDC),superfund,39.983194,-75.083889,PA,EPA NPL,"{""external_id"":""PASFN0305549"",""npl_status"":""Final NPL"",""saa"":false,""sources"":[""EPA NPL""]}"
superfund_PAD002338010,HAVERTOWN PCP,superfund,39.982781,-75.318611,PA,EPA NPL,"{""external_id"":""PAD002338010"",""npl_status"":""Final NPL"",""saa"":false,""sources"":[""EPA NPL""]}"
superfund_PAD980829329,HEBELKA AUTO SALVAGE YARD,superfund,40.576669,-75.667781,PA,EPA NPL,"{""external_id"":""PAD980829329"",""npl_status"":""Deleted NPL"",""saa"":false,""sources"":[""EPA NPL""]}"
superfund_PAD980537716,HELEVA LANDFILL,superfund,40.670831,-75.562500,PA,EPA NPL,"{""external_id"":""PAD980537716"",""npl_status"":""Final NPL"",""saa"":false,""sources"":[""EPA NPL""]}"
superfund_PAD002390748,HELLERTOWN MANUFACTURING CO.,superfund,40.595417,-75.340947,PA,EPA NPL,"{""external_id"":""PAD002390748"",""npl_status"":""Final NPL"",""saa"":false,""sources"":[""EPA NPL""]}"
superfund_PAD009862939,HENDERSON ROAD,superfund,40.086939,-75.355550,PA,EPA NPL,"{""external_id"":""PAD009862939"",""npl_status"":""Final NPL"",""saa"":false,""sources"":[""EPA NPL""]}"
superfund_PAD980508618,HRANICA LANDFILL,superfund,40.677219,-79.749439,PA,EPA NPL,"{""external_id"":""PAD980508618"",""npl_status"":""Deleted NPL"",""saa"":false,""sources"":[""EPA NPL""]}"
superfund_PAD980830897,HUNTERSTOWN ROAD,superfund,+39.853050,-77.206111,PA,EPA NPL,"{""external_id"":""PAD980830897"",""npl_status"":""Final NPL"",""saa"":false,""sources"":[""EPA NPL""]}"
superfund_PAD980508493,INDUSTRIAL LANE,superfund,40.665831,-75.228611,PA,EPA NPL,"{""external_id"":""PAD980508493"",""npl_status"":""Final NPL"",""saa"":false,""sources"":[""EPA NPL""]}"
superfund_PAD980829493,"JACKS CREEK/SITKIN SMELTING & REFINING, INC.",superfund,40.641531,-77.475281,PA,EPA NPL,"{""external_id"":""PAD980829493"",""npl_status"":""Final NPL"",""saa"":false,""sources"":[""EPA NPL""]}"
superfund_PAD001222025,"JACKSON CERAMIX, INC",superfund,+41.139167,-78.801944,PA,EPA NPL,"{""external_id"":""PAD001222025"",""npl_status"":""Final NPL"",""saa"":false,""sources"":[""EPA NPL""]}"
superfund_PAD054142781,KEYSTONE SANITATION LANDFILL,superfund,+39.724450,-77.036111,PA,EPA NPL,"{""external_id"":""PAD054142781"",""npl_status"":""Final NPL"",""saa"":false,""sources"":[""EPA NPL""]}"
superfund_PAD980691703,KIMBERTON,superfund,+40.126950,-75.575000,PA,EPA NPL,"{""external_id"":""PAD980691703"",""npl_status"":""Final NPL"",""saa"":false,""sources"":[""EPA NPL""]}"
superfund_PAD980508667,LACKAWANNA REFUSE,superfund,+41.373050,-75.755281,PA,EPA NPL,"{""external_id"":""PAD980508667"",""npl_status"":""Deleted NPL"",""saa"":false,""sources"":[""EPA NPL""]}"
superfund_PAD980830921,LANSDOWNE RADIATION SITE,superfund,+39.941300,-75.267100,PA,EPA NPL,"{""external_id"":""PAD980830921"",""npl_status"":""Deleted NPL"",""saa"":false,""sources"":[""EPA NPL""]}"
superfund_PAD980712731,LEHIGH ELECTRIC & ENGINEERING CO.,superfund,41.357531,-75.740689,PA,EPA NPL,"{""external_id"":""PAD980712731"",""npl_status"":""Deleted NPL"",""saa"":false,""sources"":[""EPA NPL""]}"
superfund_PA2210090054,LETTERKENNY ARMY DEPOT (PDO AREA),superfund,+40.007500,-77.640000,PA,EPA NPL,"{""external_id"":""PA2210090054"",""npl_status"":""Final NPL"",""saa"":false,""sources"":[""EPA NPL""]}"
superfund_PA6213820503,LETTERKENNY ARMY DEPOT (SE AREA),superfund,+39.995700,-77.644400,PA,EPA NPL,"{""external_id"":""PA6213820503"",""npl_status"":""Final NPL"",""saa"":false,""sources"":[""EPA NPL""]}"
superfund_PAD980712798,LINDANE DUMP,superfund,+40.625700,-79.715500,PA,EPA NPL,"{""external_id"":""PAD980712798"",""npl_status"":""Final NPL"",""saa"":false,""sources"":[""EPA NPL""]}"
superfund_PAD980508931,LORD-SHOPE LANDFILL,superfund,41.977781,-80.352500,PA,EPA NPL,"{""external_id"":""PAD980508931"",""npl_status"":""Final NPL"",""saa"":false,""sources"":[""EPA NPL""]}"
superfund_PASFN0305521,LOWER DARBY CREEK AREA,superfund,39.885556,-75.267778,PA,EPA NPL,"{""external_id"":""PASFN0305521"",""npl_status"":""Final NPL"",""saa"":false,""sources"":[""EPA NPL""]}"
superfund_PAD014353445,MALVERN TCE,superfund,40.061669,-75.568050,PA,EPA NPL,"{""external_id"":""PAD014353445"",""npl_status"":""Final NPL"",""saa"":false,""sources"":[""EPA NPL""]}"
superfund_PAD980712616,MCADOO ASSOCIATES,superfund,40.878331,-76.001389,PA,EPA NPL,"{""external_id"":""PAD980712616"",""npl_status"":""Deleted NPL"",""saa"":false,""sources"":[""EPA NPL""]}"
superfund_PAD046557096,METAL BANK,superfund,40.024169,-75.027781,PA,EPA NPL,"{""external_id"":""PAD046557096"",""npl_status"":""Final NPL"",""saa"":false,""sources"":[""EPA NPL""]}"
superfund_PAD044545895,METRO CONTAINER CORPORATION,superfund,39.824981,-75.399047,PA,EPA NPL,"{""external_id"":""PAD044545895"",""npl_status"":""Final NPL"",""saa"":false,""sources"":[""EPA NPL""]}"
superfund_PAD982366957,"METROPOLITAN MIRROR AND GLASS CO., INC.",superfund,+40.775000,-76.221667,PA,EPA NPL,"{""external_id"":""PAD982366957"",""npl_status"":""Deleted NPL"",""saa"":false,""sources"":[""EPA NPL""]}"
superfund_PAD980538763,MIDDLETOWN AIR FIELD,superfund,+40.176300,-76.717300,PA,EPA NPL,"{""external_id"":""PAD980538763"",""npl_status"":""Deleted NPL"",""saa"":false,""sources"":[""EPA NPL""]}"
superfund_PAD980231690,MILL CREEK DUMP,superfund,42.093331,-80.152781,PA,EPA NPL,"{""external_id"":""PAD980231690"",""npl_status"":""Final NPL"",""saa"":false,""sources"":[""EPA NPL""]}"
superfund_PAD980539068,MODERN SANITATION LANDFILL,superfund,39.960561,-76.592500,PA,EPA NPL,"{""external_id"":""PAD980539068"",""npl_status"":""Final NPL"",""saa"":false,""sources"":[""EPA NPL""]}"
superfund_PAD980508766,MOYERS LANDFILL,superfund,40.155561,-75.433611,PA,EPA NPL,"{""external_id"":""PAD980508766"",""npl_status"":""Deleted NPL"",""saa"":false,""sources"":[""EPA NPL""]}"
superfund_PAD980691372,MW MANUFACTURING,superfund,+40.990000,-76.641669,PA,EPA NPL,"{""external_id"":""PAD980691372"",""npl_status"":""Final NPL"",""saa"":false,""sources"":[""EPA NPL""]}"
superfund_PA6170024545,NAVAL AIR DEVELOPMENT CENTER (8 WASTE AREAS),superfund,+40.199600,-75.064200,PA,EPA NPL,"{""external_id"":""PA6170024545"",""npl_status"":""Final NPL"",""saa"":false,""sources"":[""EPA NPL""]}"
superfund_PA3170022104,NAVY SHIPS PARTS CONTROL CENTER,superfund,+40.225556,-076.993610,PA,EPA NPL,"{""external_id"":""PA3170022104"",""npl_status"":""Final NPL"",""saa"":false,""sources"":[""EPA NPL""]}"
superfund_PAD096834494,NORTH PENN - AREA 1,superfund,+40.310800,-75.325200,PA,EPA NPL,"{""external_id"":""PAD096834494"",""npl_status"":""Final NPL"",""saa"":false,""sources"":[""EPA NPL""]}"
superfund_PAD057152365,NORTH PENN - AREA 12,superfund,+40.180700,-75.353700,PA,EPA NPL,"{""external_id"":""PAD057152365"",""npl_status"":""Final NPL"",""saa"":false,""sources"":[""EPA NPL""]}"
superfund_PAD002342475,NORTH PENN - AREA 2,superfund,40.293889,-75.297781,PA,EPA NPL,"{""external_id"":""PAD002342475"",""npl_status"":""Final NPL"",""saa"":false,""sources"":[""EPA NPL""]}"
superfund_PAD980692693,NORTH PENN - AREA 5,superfund,+40.272100,-75.245100,PA,EPA NPL,"{""external_id"":""PAD980692693"",""npl_status"":""Final NPL"",""saa"":false,""sources"":[""EPA NPL""]}"
superfund_PAD980926976,NORTH PENN - AREA 6,superfund,+40.248331,-75.295639,PA,EPA NPL,"{""external_id"":""PAD980926976"",""npl_status"":""Final NPL"",""saa"":false,""sources"":[""EPA NPL""]}"
superfund_PAD002498632,NORTH PENN - AREA 7,superfund,40.218061,-75.278889,PA,EPA NPL,"{""external_id"":""PAD002498632"",""npl_status"":""Final NPL"",""saa"":false,""sources"":[""EPA NPL""]}"
superfund_PAD079160842,NOVAK SANITARY LANDFILL,superfund,+40.633200,-75.561100,PA,EPA NPL,"{""external_id"":""PAD079160842"",""npl_status"":""Final NPL"",""saa"":false,""sources"":[""EPA NPL""]}"
superfund_PAD980229298,OCCIDENTAL CHEMICAL CORP./FIRESTONE TIRE & RUBBER CO.,superfund,40.232081,-75.614169,PA,EPA NPL,"{""external_id"":""PAD980229298"",""npl_status"":""Final NPL"",""saa"":false,""sources"":[""EPA NPL""]}"
superfund_PAD980508816,OHIO RIVER PARK,superfund,40.518611,-80.152500,PA,EPA NPL,"{""external_id"":""PAD980508816"",""npl_status"":""Final NPL"",""saa"":false,""sources"":[""EPA NPL""]}"
superfund_PAD980692420,OLD CITY OF YORK LANDFILL,superfund,39.840281,-76.759719,PA,EPA NPL,"{""external_id"":""PAD980692420"",""npl_status"":""Final NPL"",""saa"":false,""sources"":[""EPA NPL""]}"
superfund_PAD981938939,OLD WILMINGTON ROAD GW CONTAMINATION,superfund,39.995833,-75.908333,PA,EPA NPL,"{""external_id"":""PAD981938939"",""npl_status"":""Final NPL"",""saa"":false,""sources"":[""EPA NPL""]}"
superfund_PAD980712673,OSBORNE LANDFILL,superfund,41.161111,-80.058331,PA,EPA NPL,"{""external_id"":""PAD980712673"",""npl_status"":""Final NPL"",""saa"":false,""sources"":[""EPA NPL""]}"
superfund_PAD002395887,PALMERTON ZINC PILE,superfund,+40.808331,-75.583339,PA,EPA NPL,"{""external_id"":""PAD002395887"",""npl_status"":""Final NPL"",""saa"":false,""sources"":[""EPA NPL""]}"
superfund_PAD980692594,PAOLI RAIL YARD,superfund,40.043189,-75.492919,PA,EPA NPL,"{""external_id"":""PAD980692594"",""npl_status"":""Final NPL"",""saa"":false,""sources"":[""EPA NPL""]}"
superfund_PAD980508865,PRESQUE ISLE,superfund,+42.149700,-80.133300,PA,EPA NPL,"{""external_id"":""PAD980508865"",""npl_status"":""Deleted NPL"",""saa"":false,""sources"":[""EPA NPL""]}"
superfund_PAN000305679,PRICE BATTERY LEAD SMELTER,superfund,40.549507,-75.980228,PA,EPA NPL,"{""external_id"":""PAN000305679"",""npl_status"":""Final NPL"",""saa"":false,""sources"":[""EPA NPL""]}"
superfund_PAD981939200,PUBLICKER INDUSTRIES INC.,superfund,+39.908050,-75.135281,PA,EPA NPL,"{""external_id"":""PAD981939200"",""npl_status"":""Deleted NPL"",""saa"":false,""sources"":[""EPA NPL""]}"
superfund_PAD039017694,RAYMARK,superfund,40.179719,-75.098611,PA,EPA NPL,"{""external_id"":""PAD039017694"",""npl_status"":""Final NPL"",""saa"":false,""sources"":[""EPA NPL""]}"
superfund_PAD002353969,RECTICON/ALLIED STEEL CORP.,superfund,+40.203469,-75.589031,PA,EPA NPL,"{""external_id"":""PAD002353969"",""npl_status"":""Deleted NPL"",""saa"":false,""sources"":[""EPA NPL""]}"
superfund_PAD980829261,REESER'S LANDFILL,superfund,+40.579400,-75.656400,PA,EPA NPL,"{""external_id"":""PAD980829261"",""npl_status"":""Deleted NPL"",""saa"":false,""sources"":[""EPA NPL""]}"
superfund_PAD063766828,RESIN DISPOSAL,superfund,+40.270500,-79.912400,PA,EPA NPL,"{""external_id"":""PAD063766828"",""npl_status"":""Deleted NPL"",""saa"":false,""sources"":[""EPA NPL""]}"
superfund_PAD051395499,REVERE CHEMICAL CO.,superfund,40.502781,-75.168889,PA,EPA NPL,"{""external_id"":""PAD051395499"",""npl_status"":""Final NPL"",""saa"":false,""sources"":[""EPA NPL""]}"
superfund_PAD000439083,"RIVER ROAD LANDFILL (WASTE MANAGEMENT, INC.)",superfund,41.266669,-80.487500,PA,EPA NPL,"{""external_id"":""PAD000439083"",""npl_status"":""Deleted NPL"",""saa"":false,""sources"":[""EPA NPL""]}"
superfund_PAD981033285,"RODALE MANUFACTURING CO., INC.",superfund,40.531111,-75.493333,PA,EPA NPL,"{""external_id"":""PAD981033285"",""npl_status"":""Final NPL"",""saa"":false,""sources"":[""EPA NPL""]}"
superfund_PAD981034630,ROUTE 940 DRUM DUMP,superfund,+41.110500,-75.382500,PA,EPA NPL,"{""external_id"":""PAD981034630"",""npl_status"":""Deleted NPL"",""saa"":false,""sources"":[""EPA NPL""]}"
superfund_PAD981033459,RYELAND ROAD ARSENIC SITE,superfund,+40.353950,-76.175361,PA,EPA NPL,"{""external_id"":""PAD981033459"",""npl_status"":""Final NPL"",""saa"":false,""sources"":[""EPA NPL""]}"
superfund_PAD980692487,SAEGERTOWN INDUSTRIAL AREA,superfund,+41.718840,-80.142972,PA,EPA NPL,"{""external_id"":""PAD980692487"",""npl_status"":""Final NPL"",""saa"":false,""sources"":[""EPA NPL""]}"
superfund_PAD987295276,SAFETY LIGHT CORPORATION,superfund,41.015278,-76.376389,PA,EPA NPL,"{""external_id"":""PAD987295276"",""npl_status"":""Final NPL"",""saa"":false,""sources"":[""EPA NPL""]}"
superfund_PAD980693204,SALFORD QUARRY,superfund,40.251944,-75.382222,PA,EPA NPL,"{""external_id"":""PAD980693204"",""npl_status"":""Final NPL"",""saa"":false,""sources"":[""EPA NPL""]}"
superfund_PAD001933175,SHARON STEEL CORP (FARRELL WORKS DISPOSAL AREA),superfund,41.198611,-80.510278,PA,EPA NPL,"{""external_id"":""PAD001933175"",""npl_status"":""Final NPL"",""saa"":false,""sources"":[""EPA NPL""]}"
superfund_PAD980830889,SHRIVER'S CORNER,superfund,+39.899900,-77.205500,PA,EPA NPL,"{""external_id"":""PAD980830889"",""npl_status"":""Final NPL"",""saa"":false,""sources"":[""EPA NPL""]}"
superfund_PAD014269971,STANLEY KESSLER,superfund,40.083889,-75.355000,PA,EPA NPL,"{""external_id"":""PAD014269971"",""npl_status"":""Final NPL"",""saa"":false,""sources"":[""EPA NPL""]}"
superfund_PAD000441337,STRASBURG LANDFILL,superfund,+39.944439,-75.768061,PA,EPA NPL,"{""external_id"":""PAD000441337"",""npl_status"":""Deleted NPL"",""saa"":false,""sources"":[""EPA NPL""]}"
superfund_PAD980693907,TAYLOR BOROUGH DUMP,superfund,41.407219,-75.718331,PA,EPA NPL,"{""external_id"":""PAD980693907"",""npl_status"":""Deleted NPL"",""saa"":false,""sources"":[""EPA NPL""]}"
superfund_PA5213820892,TOBYHANNA ARMY DEPOT,superfund,+41.193050,-75.419439,PA,EPA NPL,"{""external_id"":""PA5213820892"",""npl_status"":""Final NPL"",""saa"":false,""sources"":[""EPA NPL""]}"
superfund_PAD073613663,TONOLLI CORP.,superfund,40.850561,-75.881111,PA,EPA NPL,"{""external_id"":""PAD073613663"",""npl_status"":""Final NPL"",""saa"":false,""sources"":[""EPA NPL""]}"
superfund_PAD980692024,TYSONS DUMP,superfund,40.111389,-75.362781,PA,EPA NPL,"{""external_id"":""PAD980692024"",""npl_status"":""Final NPL"",""saa"":false,""sources"":[""EPA NPL""]}"
superfund_PAD980539126,UGI COLUMBIA GAS PLANT,superfund,40.026207,-76.498389,PA,EPA NPL,"{""external_id"":""PAD980539126"",""npl_status"":""Final NPL"",""saa"":false,""sources"":[""EPA NPL""]}"
superfund_PAD982363970,VALMONT TCE SITE (FORMER - VALMONT INDUSTRIAL PARK),superfund,40.967778,-76.015556,PA,EPA NPL,"{""external_id"":""PAD982363970"",""npl_status"":""Final NPL"",""saa"":false,""sources"":[""EPA NPL""]}"
superfund_PAD980692719,VOORTMAN FARM,superfund,+40.547000,-75.447500,PA,EPA NPL,"{""external_id"":""PAD980692719"",""npl_status"":""Deleted NPL"",""saa"":false,""sources"":[""EPA NPL""]}"
superfund_PAD980539407,WADE (ABM),superfund,+39.833700,-75.377500,PA,EPA NPL,"{""external_id"":""PAD980539407"",""npl_status"":""Deleted NPL"",""saa"":false,""sources"":[""EPA NPL""]}"
superfund_PAD980829527,WALSH LANDFILL,superfund,40.119719,-75.915281,PA,EPA NPL,"{""external_id"":""PAD980829527"",""npl_status"":""Final NPL"",""saa"":false,""sources"":[""EPA NPL""]}"
superfund_PAD980706824,WATSON JOHNSON LANDFILL,superfund,40.460139,-75.331861,PA,EPA NPL,"{""external_id"":""PAD980706824"",""npl_status"":""Final NPL"",""saa"":false,""sources"":[""EPA NPL""]}"
superfund_PAD005000575,WESTINGHOUSE ELECTRIC CORP. (SHARON PLANT),superfund,+41.243400,-80.505800,PA,EPA NPL,"{""external_id"":""PAD005000575"",""npl_status"":""Final NPL"",""saa"":false,""sources"":[""EPA NPL""]}"
superfund_PAD043882281,WESTINGHOUSE ELEVATOR CO. PLANT,superfund,39.857219,-77.240000,PA,EPA NPL,"{""external_id"":""PAD043882281"",""npl_status"":""Final NPL"",""saa"":false,""sources"":[""EPA NPL""]}"
superfund_PAD980692537,WESTLINE,superfund,41.774719,-78.771669,PA,EPA NPL,"{""external_id"":""PAD980692537"",""npl_status"":""Deleted NPL"",""saa"":false,""sources"":[""EPA NPL""]}"
superfund_PAD003005014,WHITMOYER LABORATORIES,superfund,40.364719,-76.325000,PA,EPA NPL,"{""external_id"":""PAD003005014"",""npl_status"":""Final NPL"",""saa"":false,""sources"":[""EPA NPL""]}"
superfund_PAD980537773,WILLIAM DICK LAGOONS,superfund,40.041939,-75.898061,PA,EPA NPL,"{""external_id"":""PAD980537773"",""npl_status"":""Final NPL"",""saa"":false,""sources"":[""EPA NPL""]}"
superfund_PAD987277837,WILLOW GROVE NAVAL AIR AND AIR RESERVE STATION,superfund,+40.192220,-75.147500,PA,EPA NPL,"{""external_id"":""PAD987277837"",""npl_status"":""Final NPL"",""saa"":false,""sources"":[""EPA NPL""]}"
superfund_PAD980830715,YORK COUNTY SOLID WASTE AND REFUSE AUTHORITY LANDFILL,superfund,39.782361,-76.607219,PA,EPA NPL,"{""external_id"":""PAD980830715"",""npl_status"":""Deleted NPL"",""saa"":false,""sources"":[""EPA NPL""]}"
superfund_PRN000204694,ATLANTIC FLEET WEAPONS TRAINING AREA,superfund,+18.130580,-065.310600,PR,EPA NPL,"{""external_id"":""PRN000204694"",""npl_status"":""Final NPL"",""saa"":false,""sources"":[""EPA NPL""]}"
superfund_PRD980509129,BARCELONETA LANDFILL,superfund,+18.410550,-66.547781,PR,EPA NPL,"{""external_id"":""PRD980509129"",""npl_status"":""Deleted NPL"",""saa"":false,""sources"":[""EPA NPL""]}"
superfund_PRN000206319,CABO ROJO GROUND WATER CONTAMINATION,superfund,18.090725,-67.148325,PR,EPA NPL,"{""external_id"":""PRN000206319"",""npl_status"":""Final NPL"",""saa"":false,""sources"":[""EPA NPL""]}"
superfund_PRN000204538,CIDRA GROUNDWATER CONTAMINATION,superfund,18.175277,-66.161944,PR,EPA NPL,"{""external_id"":""PRN000204538"",""npl_status"":""Final NPL"",""saa"":false,""sources"":[""EPA NPL""]}"
superfund_PRN000206452,COROZAL WELL,superfund,+18.295711,-66.286206,PR,EPA NPL,"{""external_id"":""PRN000206452"",""npl_status"":""Deleted NPL"",""saa"":false,""sources"":[""EPA NPL""]}"
superfund_PRN000201872,DORADO GROUND WATER CONTAMINATION,superfund,18.429756,-66.278320,PR,EPA NPL,"{""external_id"":""PRN000201872"",""npl_status"":""Final NPL"",""saa"":false,""sources"":[""EPA NPL""]}"
superfund_PRD980763783,FIBERS PUBLIC SUPPLY WELLS,superfund,+17.963200,-066.146100,PR,EPA NPL,"{""external_id"":""PRD980763783"",""npl_status"":""Final NPL"",""saa"":false,""sources"":[""EPA NPL""]}"
superfund_PRD980640965,FRONTERA CREEK,superfund,+18.151950,-65.790281,PR,EPA NPL,"{""external_id"":""PRD980640965"",""npl_status"":""Deleted NPL"",""saa"":false,""sources"":[""EPA NPL""]}"
superfund_PRD090282757,GE WIRING DEVICES,superfund,18.059439,-66.508889,PR,EPA NPL,"{""external_id"":""PRD090282757"",""npl_status"":""Deleted NPL"",""saa"":false,""sources"":[""EPA NPL""]}"
superfund_PRN000206359,HORMIGAS GROUND WATER PLUME,superfund,18.22060000,-66.10100000,PR,EPA NPL Superfund boundaries (legacy),"{""external_id"":""PRN000206359"",""geometry_fallback"":""centroid"",""layer"":""SITE_BOUNDARIES_SF"",""npl_status"":null,""saa"":false,""sources"":[""EPA NPL Superfund boundaries (legacy)""]}"
superfund_PRD980536049,JANSSEN INC.,superfund,18.24550055,-65.94774313,PR,EPA NPL Superfund boundaries (legacy),"{""external_id"":""PRD980536049"",""geometry_fallback"":""centroid"",""layer"":""SITE_BOUNDARIES_SF"",""npl_status"":null,""saa"":false,""sources"":[""EPA NPL Superfund boundaries (legacy)""]}"
superfund_PRD980512362,JUNCOS LANDFILL,superfund,+18.223200,-065.908700,PR,EPA NPL,"{""external_id"":""PRD980512362"",""npl_status"":""Final NPL"",""saa"":false,""sources"":[""EPA NPL""]}"
superfund_PRN000205831,MAUNABO AREA GROUND WATER CONTAMINATION,superfund,18.005611,-65.901417,PR,EPA NPL,"{""external_id"":""PRN000205831"",""npl_status"":""Final NPL"",""saa"":false,""sources"":[""EPA NPL""]}"
superfund_PR4170027383,NAVAL SECURITY GROUP ACTIVITY,superfund,18.433061,-66.190281,PR,EPA NPL,"{""external_id"":""PR4170027383"",""npl_status"":""Deleted NPL"",""saa"":false,""sources"":[""EPA NPL""]}"
superfund_PRD091171264,OCHOA FERTILIZER CO.,superfund,17.96522160,-66.90193249,PR,EPA NPL Superfund boundaries (legacy),"{""external_id"":""PRD091171264"",""geometry_fallback"":""centroid"",""layer"":""SITE_BOUNDARIES_SF"",""npl_status"":null,""saa"":false,""sources"":[""EPA NPL Superfund boundaries (legacy)""]}"
superfund_PRD090290685,"PAPELERA PUERTORRIQUENA, INC.",superfund,18.265194,-66.694908,PR,EPA NPL,"{""external_id"":""PRD090290685"",""npl_status"":""Final NPL"",""saa"":false,""sources"":[""EPA NPL""]}"
superfund_PRD987367349,PESTICIDE WAREHOUSE I,superfund,18.435556,-066.600000,PR,EPA NPL,"{""external_id"":""PRD987367349"",""npl_status"":""Final NPL"",""saa"":false,""sources"":[""EPA NPL""]}"
superfund_PRD987367299,PESTICIDE WAREHOUSE III,superfund,18.429139,-066.458000,PR,EPA NPL,"{""external_id"":""PRD987367299"",""npl_status"":""Final NPL"",""saa"":false,""sources"":[""EPA NPL""]}"
superfund_PRD000831487,PROTECO,superfund,18.01547628,-66.69887334,PR,EPA NPL Superfund boundaries (legacy),"{""external_id"":""PRD000831487"",""geometry_fallback"":""centroid"",""layer"":""SITE_BOUNDARIES_SF"",""npl_status"":null,""saa"":false,""sources"":[""EPA NPL Superfund boundaries (legacy)""]}"
superfund_PRD090370537,RCA DEL CARIBE,superfund,18.42868558,-66.58029910,PR,EPA NPL Superfund boundaries (legacy),"{""external_id"":""PRD090370537"",""geometry_fallback"":""centroid"",""layer"":""SITE_BOUNDARIES_SF"",""npl_status"":null,""saa"":false,""sources"":[""EPA NPL Superfund boundaries (legacy)""]}"
superfund_PRN000205957,SAN GERMAN GROUND WATER CONTAMINATION,superfund,18.084472,-67.035306,PR,EPA NPL,"{""external_id"":""PRN000205957"",""npl_status"":""Final NPL"",""saa"":false,""sources"":[""EPA NPL""]}"
superfund_PRD987376662,"SCORPIO RECYCLING, INC.",superfund,18.409167,-66.231944,PR,EPA NPL,"{""external_id"":""PRD987376662"",""npl_status"":""Final NPL"",""saa"":false,""sources"":[""EPA NPL""]}"
superfund_PRR000004655,THE BATTERY RECYCLING COMPANY,superfund,+18.453603,-66.694097,PR,EPA NPL,"{""external_id"":""PRR000004655"",""npl_status"":""Final NPL"",""saa"":false,""sources"":[""EPA NPL""]}"
superfund_PRD980301154,UPJOHN FACILITY,superfund,+18.429200,-066.590100,PR,EPA NPL,"{""external_id"":""PRD980301154"",""npl_status"":""Final NPL"",""saa"":false,""sources"":[""EPA NPL""]}"
superfund_PRD987366101,V&M/ALBALADEJO,superfund,+18.410000,-066.380000,PR,EPA NPL,"{""external_id"":""PRD987366101"",""npl_status"":""Deleted NPL"",""saa"":false,""sources"":[""EPA NPL""]}"
superfund_PRD980763775,VEGA ALTA PUBLIC SUPPLY WELLS,superfund,18.418061,-66.330281,PR,EPA NPL,"{""external_id"":""PRD980763775"",""npl_status"":""Final NPL"",""saa"":false,""sources"":[""EPA NPL""]}"
superfund_PRD980512669,VEGA BAJA SOLID WASTE DISPOSAL,superfund,18.434306,-66.389722,PR,EPA NPL,"{""external_id"":""PRD980512669"",""npl_status"":""Final NPL"",""saa"":false,""sources"":[""EPA NPL""]}"
superfund_RID980520183,CENTRAL LANDFILL,superfund,41.808331,-71.534719,RI,EPA NPL,"{""external_id"":""RID980520183"",""npl_status"":""Final NPL"",""saa"":false,""sources"":[""EPA NPL""]}"
superfund_RID981203755,CENTREDALE MANOR RESTORATION PROJECT,superfund,41.857667,-071.487250,RI,EPA NPL,"{""external_id"":""RID981203755"",""npl_status"":""Final NPL"",""saa"":false,""sources"":[""EPA NPL""]}"
superfund_RID980731459,DAVIS (GSR) LANDFILL,superfund,41.917469,-71.588111,RI,EPA NPL,"{""external_id"":""RID980731459"",""npl_status"":""Deleted NPL"",""saa"":false,""sources"":[""EPA NPL""]}"
superfund_RID980523070,DAVIS LIQUID WASTE,superfund,41.922219,-71.577769,RI,EPA NPL,"{""external_id"":""RID980523070"",""npl_status"":""Final NPL"",""saa"":false,""sources"":[""EPA NPL""]}"
superfund_RI6170022036,DAVISVILLE NAVAL CONSTRUCTION BATTALION CENTER,superfund,+41.609500,-071.474220,RI,EPA NPL,"{""external_id"":""RI6170022036"",""npl_status"":""Final NPL"",""saa"":false,""sources"":[""EPA NPL""]}"
superfund_RID093212439,"LANDFILL & RESOURCE RECOVERY, INC. (L&RR)",superfund,+41.979500,-071.589000,RI,EPA NPL,"{""external_id"":""RID093212439"",""npl_status"":""Final NPL"",""saa"":false,""sources"":[""EPA NPL""]}"
superfund_RI6170085470,NEWPORT NAVAL EDUCATION & TRAINING CENTER,superfund,+41.564450,-71.293469,RI,EPA NPL,"{""external_id"":""RI6170085470"",""npl_status"":""Final NPL"",""saa"":false,""sources"":[""EPA NPL""]}"
superfund_RID055176283,"PETERSON/PURITAN, INC.",superfund,41.929581,-071.426800,RI,EPA NPL,"{""external_id"":""RID055176283"",""npl_status"":""Final NPL"",""saa"":false,""sources"":[""EPA NPL""]}"
superfund_RID980579056,PICILLO FARM,superfund,41.671669,-71.709169,RI,EPA NPL,"{""external_id"":""RID980579056"",""npl_status"":""Final NPL"",""saa"":false,""sources"":[""EPA NPL""]}"
superfund_RID980521025,ROSE HILL REGIONAL LANDFILL,superfund,41.470831,-71.491669,RI,EPA NPL,"{""external_id"":""RID980521025"",""npl_status"":""Final NPL"",""saa"":false,""sources"":[""EPA NPL""]}"
superfund_RID980731442,STAMINA MILLS,superfund,+41.996400,-071.564700,RI,EPA NPL,"{""external_id"":""RID980731442"",""npl_status"":""Final NPL"",""saa"":false,""sources"":[""EPA NPL""]}"
superfund_RID981063993,WEST KINGSTON TOWN DUMP/URI DISPOSAL AREA,superfund,41.496667,-71.535278,RI,EPA NPL,"{""external_id"":""RID981063993"",""npl_status"":""Final NPL"",""saa"":false,""sources"":[""EPA NPL""]}"
superfund_RID009764929,WESTERN SAND & GRAVEL,superfund,+41.972700,-071.595000,RI,EPA NPL,"{""external_id"":""RID009764929"",""npl_status"":""Final NPL"",""saa"":false,""sources"":[""EPA NPL""]}"
superfund_SCD047563614,ADMIRAL HOME APPLIANCES,superfund,33.39385774,-81.39795580,SC,EPA NPL Superfund boundaries (legacy),"{""external_id"":""SCD047563614"",""geometry_fallback"":""centroid"",""layer"":""SITE_BOUNDARIES_SF"",""npl_status"":null,""saa"":true,""sources"":[""EPA NPL Superfund boundaries (legacy)"",""EPA FOIA-014""]}"
superfund_SCD058754789,AQUA-TECH ENVIRONMENTAL INC (GROCE LABS),superfund,+34.932800,-82.172500,SC,EPA NPL,"{""external_id"":""SCD058754789"",""npl_status"":""Final NPL"",""saa"":false,""sources"":[""EPA NPL""]}"
superfund_SCN000407714,BARITE HILL/NEVADA GOLDFIELDS,superfund,33.873090,-82.300670,SC,EPA NPL,"{""external_id"":""SCN000407714"",""npl_status"":""Final NPL"",""saa"":false,""sources"":[""EPA NPL""]}"
superfund_SCD000447268,BEAUNIT CORP. (CIRCULAR KNIT & DYEING PLANT),superfund,34.698061,-82.216111,SC,EPA NPL,"{""external_id"":""SCD000447268"",""npl_status"":""Final NPL"",""saa"":false,""sources"":[""EPA NPL""]}"
superfund_SCD987577913,BREWER GOLD MINE,superfund,34.652194,-80.411472,SC,EPA NPL,"{""external_id"":""SCD987577913"",""npl_status"":""Final NPL"",""saa"":false,""sources"":[""EPA NPL""]}"
superfund_SCN000404896,BURLINGTON INDUSTRIES CHERAW,superfund,+34.698689,-79.912786,SC,EPA NPL,"{""external_id"":""SCN000404896"",""npl_status"":""Final NPL"",""saa"":false,""sources"":[""EPA NPL""]}"
superfund_SCD987581337,CALHOUN PARK AREA,superfund,32.78984225,-79.92710895,SC,EPA NPL Superfund boundaries (legacy),"{""external_id"":""SCD987581337"",""geometry_fallback"":""centroid"",""layer"":""SITE_BOUNDARIES_SF"",""npl_status"":null,""saa"":false,""sources"":[""EPA NPL Superfund boundaries (legacy)""]}"
superfund_SCD980558316,"CAROLAWN, INC.",superfund,34.686111,-80.943050,SC,EPA NPL,"{""external_id"":""SCD980558316"",""npl_status"":""Final NPL"",""saa"":false,""sources"":[""EPA NPL""]}"
superfund_SCD003303120,CLEARWATER FINISHING,superfund,33.50269499,-81.89350563,SC,EPA NPL Superfund boundaries (legacy),"{""external_id"":""SCD003303120"",""geometry_fallback"":""centroid"",""layer"":""SITE_BOUNDARIES_SF"",""npl_status"":null,""saa"":false,""sources"":[""EPA NPL Superfund boundaries (legacy)""]}"
superfund_SCD980839542,ELMORE WASTE DISPOSAL,superfund,34.935905,-82.216599,SC,EPA NPL,"{""external_id"":""SCD980839542"",""npl_status"":""Final NPL"",""saa"":false,""sources"":[""EPA NPL""]}"
superfund_SCD058189622,GALEY AND LORD PLANT,superfund,+34.531528,-79.833292,SC,EPA NPL,"{""external_id"":""SCD058189622"",""npl_status"":""Final NPL"",""saa"":false,""sources"":[""EPA NPL""]}"
superfund_SCD980711279,GEIGER (C & M OIL),superfund,32.773611,-80.159161,SC,EPA NPL,"{""external_id"":""SCD980711279"",""npl_status"":""Deleted NPL"",""saa"":false,""sources"":[""EPA NPL""]}"
superfund_SCD980799456,GOLDEN STRIP SEPTIC TANK SERVICE,superfund,+34.785000,-82.246600,SC,EPA NPL,"{""external_id"":""SCD980799456"",""npl_status"":""Deleted NPL"",""saa"":false,""sources"":[""EPA NPL""]}"
superfund_SCD058753971,HELENA CHEMICAL CO. LANDFILL,superfund,+32.941200,-81.239000,SC,EPA NPL,"{""external_id"":""SCD058753971"",""npl_status"":""Final NPL"",""saa"":false,""sources"":[""EPA NPL""]}"
superfund_SCN000407376,HENRY'S KNOB,superfund,35.13385399,-81.27999180,SC,EPA NPL Superfund boundaries (legacy),"{""external_id"":""SCN000407376"",""geometry_fallback"":""centroid"",""layer"":""SITE_BOUNDARIES_SF"",""npl_status"":null,""saa"":true,""sources"":[""EPA NPL Superfund boundaries (legacy)"",""EPA FOIA-014""]}"
superfund_SCD004773644,INDEPENDENT NAIL CO.,superfund,32.466389,-80.741111,SC,EPA NPL,"{""external_id"":""SCD004773644"",""npl_status"":""Deleted NPL"",""saa"":false,""sources"":[""EPA NPL""]}"
superfund_SCD003350493,INTERNATIONAL MINERALS AND CHEMICALS (IMC),superfund,34.92040595,-81.92357420,SC,EPA NPL Superfund boundaries (legacy),"{""external_id"":""SCD003350493"",""geometry_fallback"":""centroid"",""layer"":""SITE_BOUNDARIES_SF"",""npl_status"":null,""saa"":true,""sources"":[""EPA NPL Superfund boundaries (legacy)"",""EPA FOIA-014""]}"
superfund_SCD094995503,KALAMA SPECIALTY CHEMICALS,superfund,+32.473400,-80.740100,SC,EPA NPL,"{""external_id"":""SCD094995503"",""npl_status"":""Final NPL"",""saa"":false,""sources"":[""EPA NPL""]}"
superfund_SCD980310239,"KOPPERS CO., INC. (CHARLESTON PLANT)",superfund,+32.822083,-79.958333,SC,EPA NPL,"{""external_id"":""SCD980310239"",""npl_status"":""Final NPL"",""saa"":false,""sources"":[""EPA NPL""]}"
superfund_SCD003353026,"KOPPERS CO., INC. (FLORENCE PLANT)",superfund,34.20583837,-79.73539001,SC,EPA NPL Superfund boundaries (legacy),"{""external_id"":""SCD003353026"",""geometry_fallback"":""centroid"",""layer"":""SITE_BOUNDARIES_SF"",""npl_status"":null,""saa"":false,""sources"":[""EPA NPL Superfund boundaries (legacy)""]}"
superfund_SCD991279324,"LEONARD CHEMICAL CO., INC.",superfund,34.851669,-80.904169,SC,EPA NPL,"{""external_id"":""SCD991279324"",""npl_status"":""Final NPL"",""saa"":false,""sources"":[""EPA NPL""]}"
superfund_SCD980558043,LEXINGTON COUNTY LANDFILL AREA,superfund,33.919581,-81.074169,SC,EPA NPL,"{""external_id"":""SCD980558043"",""npl_status"":""Final NPL"",""saa"":false,""sources"":[""EPA NPL""]}"
superfund_SCD987584653,LYMAN DYEING AND FINISHING,superfund,34.93983744,-82.12745979,SC,EPA NPL Superfund boundaries (legacy),"{""external_id"":""SCD987584653"",""geometry_fallback"":""centroid"",""layer"":""SITE_BOUNDARIES_SF"",""npl_status"":null,""saa"":false,""sources"":[""EPA NPL Superfund boundaries (legacy)""]}"
superfund_SCD003360476,MACALLOY CORPORATION,superfund,+32.838056,-79.951194,SC,EPA NPL,"{""external_id"":""SCD003360476"",""npl_status"":""Final NPL"",""saa"":false,""sources"":[""EPA NPL""]}"
superfund_SCD980558142,MEDLEY FARM DRUM DUMP,superfund,+34.980500,-81.668500,SC,EPA NPL,"{""external_id"":""SCD980558142"",""npl_status"":""Final NPL"",""saa"":false,""sources"":[""EPA NPL""]}"
superfund_SCD037398120,"PALMETTO RECYCLING, INC.",superfund,+34.122800,-81.011700,SC,EPA NPL,"{""external_id"":""SCD037398120"",""npl_status"":""Deleted NPL"",""saa"":false,""sources"":[""EPA NPL""]}"
superfund_SCD003362217,PALMETTO WOOD PRESERVING,superfund,33.920831,-81.060281,SC,EPA NPL,"{""external_id"":""SCD003362217"",""npl_status"":""Final NPL"",""saa"":false,""sources"":[""EPA NPL""]}"
superfund_SCD002601656,"PARA-CHEM SOUTHERN, INC.",superfund,+34.713400,-82.233000,SC,EPA NPL,"{""external_id"":""SCD002601656"",""npl_status"":""Final NPL"",""saa"":false,""sources"":[""EPA NPL""]}"
superfund_SC6170022762,PARRIS ISLAND MARINE CORPS RECRUIT DEPOT,superfund,+32.352800,-80.703100,SC,EPA NPL,"{""external_id"":""SC6170022762"",""npl_status"":""Final NPL"",""saa"":false,""sources"":[""EPA NPL""]}"
superfund_SCD980840698,ROCHESTER PROPERTY,superfund,+34.971900,-82.501500,SC,EPA NPL,"{""external_id"":""SCD980840698"",""npl_status"":""Deleted NPL"",""saa"":false,""sources"":[""EPA NPL""]}"
superfund_SCD980844005,ROCK HILL CHEMICAL CO.,superfund,+34.966100,-80.998500,SC,EPA NPL,"{""external_id"":""SCD980844005"",""npl_status"":""Final NPL"",""saa"":false,""sources"":[""EPA NPL""]}"
superfund_SCD003354412,"SANGAMO WESTON, INC./TWELVE-MILE CREEK/LAKE HARTWELL PCB CONTAMINATION",superfund,+34.895000,-82.723200,SC,EPA NPL,"{""external_id"":""SCD003354412"",""npl_status"":""Final NPL"",""saa"":false,""sources"":[""EPA NPL""]}"
superfund_SC1890008989,SAVANNAH RIVER SITE (USDOE),superfund,33.348889,-81.737781,SC,EPA NPL,"{""external_id"":""SC1890008989"",""npl_status"":""Final NPL"",""saa"":false,""sources"":[""EPA NPL""]}"
superfund_SCD000622787,SCRDI BLUFF ROAD,superfund,33.885419,-80.908750,SC,EPA NPL,"{""external_id"":""SCD000622787"",""npl_status"":""Final NPL"",""saa"":false,""sources"":[""EPA NPL""]}"
superfund_SCD980711394,SCRDI DIXIANA,superfund,+33.904450,-81.063889,SC,EPA NPL,"{""external_id"":""SCD980711394"",""npl_status"":""Final NPL"",""saa"":false,""sources"":[""EPA NPL""]}"
superfund_SCD003357589,SHURON INC.,superfund,33.236694,-81.375778,SC,EPA NPL,"{""external_id"":""SCD003357589"",""npl_status"":""Final NPL"",""saa"":false,""sources"":[""EPA NPL""]}"
superfund_SCD980558050,TOWNSEND SAW CHAIN CO.,superfund,+34.106250,-80.834169,SC,EPA NPL,"{""external_id"":""SCD980558050"",""npl_status"":""Final NPL"",""saa"":false,""sources"":[""EPA NPL""]}"
superfund_SCD003358744,US FINISHING/CONE MILLS,superfund,+34.883292,-82.426303,SC,EPA NPL,"{""external_id"":""SCD003358744"",""npl_status"":""Final NPL"",""saa"":false,""sources"":[""EPA NPL""]}"
superfund_SCD037405362,"WAMCHEM, INC.",superfund,32.497219,-80.741669,SC,EPA NPL,"{""external_id"":""SCD037405362"",""npl_status"":""Final NPL"",""saa"":false,""sources"":[""EPA NPL""]}"
superfund_SD2571924644,ELLSWORTH AIR FORCE BASE,superfund,+44.151681,-103.093332,SD,EPA NPL,"{""external_id"":""SD2571924644"",""npl_status"":""Final NPL"",""saa"":false,""sources"":[""EPA NPL""]}"
superfund_SDD987673985,GILT EDGE MINE,superfund,+44.332324,-103.668728,SD,EPA NPL,"{""external_id"":""SDD987673985"",""npl_status"":""Final NPL"",""saa"":false,""sources"":[""EPA NPL""]}"
superfund_SDD980717136,WHITEWOOD CREEK,superfund,+44.548960,-103.555723,SD,EPA NPL,"{""external_id"":""SDD980717136"",""npl_status"":""Deleted NPL"",""saa"":false,""sources"":[""EPA NPL""]}"
superfund_SDD000823559,WILLIAMS PIPE LINE CO. DISPOSAL PIT,superfund,+43.545281,-96.795869,SD,EPA NPL,"{""external_id"":""SDD000823559"",""npl_status"":""Deleted NPL"",""saa"":false,""sources"":[""EPA NPL""]}"
superfund_TNN000410203,ALAMO CONTAMINATED GROUND WATER,superfund,35.784153,-89.118022,TN,EPA NPL,"{""external_id"":""TNN000410203"",""npl_status"":""Final NPL"",""saa"":false,""sources"":[""EPA NPL""]}"
superfund_TND007018799,"AMERICAN CREOSOTE WORKS, INC. (JACKSON PLANT)",superfund,+35.610000,-88.835500,TN,EPA NPL,"{""external_id"":""TND007018799"",""npl_status"":""Final NPL"",""saa"":false,""sources"":[""EPA NPL""]}"
superfund_TND980729172,AMNICOLA DUMP,superfund,+35.062500,-85.276389,TN,EPA NPL,"{""external_id"":""TND980729172"",""npl_status"":""Deleted NPL"",""saa"":false,""sources"":[""EPA NPL""]}"
superfund_TND980468557,ARLINGTON BLENDING & PACKAGING,superfund,+35.299600,-89.657700,TN,EPA NPL,"{""external_id"":""TND980468557"",""npl_status"":""Final NPL"",""saa"":false,""sources"":[""EPA NPL""]}"
superfund_TND044062222,CARRIER AIR CONDITIONING CO.,superfund,35.043331,-89.690411,TN,EPA NPL,"{""external_id"":""TND044062222"",""npl_status"":""Final NPL"",""saa"":false,""sources"":[""EPA NPL""]}"
superfund_TND987768546,CHEMET CO.,superfund,35.05848160,-89.37386499,TN,EPA NPL Superfund boundaries (legacy),"{""external_id"":""TND987768546"",""geometry_fallback"":""centroid"",""layer"":""SITE_BOUNDARIES_SF"",""npl_status"":null,""saa"":false,""sources"":[""EPA NPL Superfund boundaries (legacy)""]}"
superfund_TND987768587,CLINCH RIVER CORPORATION,superfund,35.931950,-84.539381,TN,EPA NPL,"{""external_id"":""TND987768587"",""npl_status"":""Final NPL"",""saa"":false,""sources"":[""EPA NPL""]}"
superfund_TN0001890839,COPPER BASIN MINING DISTRICT,superfund,35.06097490,-84.49586162,TN,EPA NPL Superfund boundaries (legacy),"{""external_id"":""TN0001890839"",""geometry_fallback"":""centroid"",""layer"":""SITE_BOUNDARIES_SF"",""npl_status"":null,""saa"":false,""sources"":[""EPA NPL Superfund boundaries (legacy)""]}"
superfund_TNN000402275,FORMER CUSTOM CLEANERS,superfund,35.115114,-89.945000,TN,EPA NPL,"{""external_id"":""TNN000402275"",""npl_status"":""Final NPL"",""saa"":false,""sources"":[""EPA NPL""]}"
superfund_TND980728992,GALLAWAY PITS,superfund,35.359719,-89.601939,TN,EPA NPL,"{""external_id"":""TND980728992"",""npl_status"":""Deleted NPL"",""saa"":false,""sources"":[""EPA NPL""]}"
superfund_TND987767795,ICG ISELIN RAILROAD YARD,superfund,35.59990422,-88.79897050,TN,EPA NPL Superfund boundaries (legacy),"{""external_id"":""TND987767795"",""geometry_fallback"":""centroid"",""layer"":""SITE_BOUNDARIES_SF"",""npl_status"":null,""saa"":false,""sources"":[""EPA NPL Superfund boundaries (legacy)""]}"
superfund_TND073540783,ILLINOIS CENTRAL RAILROAD COMPANY'S JOHNSTON YARD SUPERFUND SITE,superfund,35.07070184,-90.07729825,TN,EPA NPL Superfund boundaries (legacy),"{""external_id"":""TND073540783"",""geometry_fallback"":""centroid"",""layer"":""SITE_BOUNDARIES_SF"",""npl_status"":null,""saa"":true,""sources"":[""EPA NPL Superfund boundaries (legacy)"",""EPA FOIA-014""]}"
superfund_TND980729115,LEWISBURG DUMP,superfund,35.481389,-86.784161,TN,EPA NPL,"{""external_id"":""TND980729115"",""npl_status"":""Deleted NPL"",""saa"":false,""sources"":[""EPA NPL""]}"
superfund_TND075453688,MALLORY CAPACITOR CO.,superfund,35.317638,-87.758611,TN,EPA NPL,"{""external_id"":""TND075453688"",""npl_status"":""Final NPL"",""saa"":false,""sources"":[""EPA NPL""]}"
superfund_TN4210020570,MEMPHIS DEFENSE DEPOT (DLA),superfund,35.093333,-90.003333,TN,EPA NPL,"{""external_id"":""TN4210020570"",""npl_status"":""Final NPL"",""saa"":false,""sources"":[""EPA NPL""]}"
superfund_TN0210020582,MILAN ARMY AMMUNITION PLANT,superfund,35.867781,-88.696111,TN,EPA NPL,"{""external_id"":""TN0210020582"",""npl_status"":""Final NPL"",""saa"":false,""sources"":[""EPA NPL""]}"
superfund_TND980728836,MURRAY-OHIO DUMP,superfund,+35.227500,-87.361111,TN,EPA NPL,"{""external_id"":""TND980728836"",""npl_status"":""Final NPL"",""saa"":false,""sources"":[""EPA NPL""]}"
superfund_TNSFN0407047,NATIONAL FIREWORKS,superfund,+35.160111,-89.751544,TN,EPA NPL,"{""external_id"":""TNSFN0407047"",""npl_status"":""Final NPL"",""saa"":true,""sources"":[""EPA NPL"",""EPA FOIA-014""]}"
superfund_TND980558894,NORTH HOLLYWOOD DUMP,superfund,+35.185550,-89.979161,TN,EPA NPL,"{""external_id"":""TND980558894"",""npl_status"":""Deleted NPL"",""saa"":false,""sources"":[""EPA NPL""]}"
superfund_TN1890090003,OAK RIDGE RESERVATION (USDOE),superfund,35.924719,-84.390139,TN,EPA NPL,"{""external_id"":""TN1890090003"",""npl_status"":""Final NPL"",""saa"":false,""sources"":[""EPA NPL""]}"
superfund_TND096070396,ROSS METALS INC.,superfund,35.049167,-89.548611,TN,EPA NPL,"{""external_id"":""TND096070396"",""npl_status"":""Final NPL"",""saa"":false,""sources"":[""EPA NPL""]}"
superfund_TND987790300,SIXTY ONE INDUSTRIAL PARK,superfund,34.99829535,-90.12931896,TN,EPA NPL Superfund boundaries (legacy),"{""external_id"":""TND987790300"",""geometry_fallback"":""centroid"",""layer"":""SITE_BOUNDARIES_SF"",""npl_status"":null,""saa"":false,""sources"":[""EPA NPL Superfund boundaries (legacy)""]}"
superfund_TNN000407378,SMALLEY-PIPER,superfund,35.044444,-89.685833,TN,EPA NPL,"{""external_id"":""TNN000407378"",""npl_status"":""Final NPL"",""saa"":false,""sources"":[""EPA NPL""]}"
superfund_TND098071061,SMOKEY MOUNTAIN SMELTERS,superfund,35.919444,-83.925833,TN,EPA NPL,"{""external_id"":""TND098071061"",""npl_status"":""Final NPL"",""saa"":false,""sources"":[""EPA NPL""]}"
superfund_TNN000410686,SOUTHSIDE CHATTANOOGA LEAD,superfund,+35.032552,-85.300559,TN,EPA NPL,"{""external_id"":""TNN000410686"",""npl_status"":""Final NPL"",""saa"":false,""sources"":[""EPA NPL""]}"
superfund_TND071516959,TENNESSEE PRODUCTS,superfund,+34.998889,-85.314444,TN,EPA NPL,"{""external_id"":""TND071516959"",""npl_status"":""Deleted NPL"",""saa"":false,""sources"":[""EPA NPL""]}"
superfund_TND980559033,VELSICOL CHEMICAL CORP. (HARDEMAN COUNTY),superfund,35.381939,-88.926389,TN,EPA NPL,"{""external_id"":""TND980559033"",""npl_status"":""Final NPL"",""saa"":false,""sources"":[""EPA NPL""]}"
superfund_TNN000410124,"WALKER MACHINE PRODUCTS, INC.",superfund,35.041589,-89.653469,TN,EPA NPL,"{""external_id"":""TNN000410124"",""npl_status"":""Final NPL"",""saa"":false,""sources"":[""EPA NPL""]}"
superfund_TND980844781,WRIGLEY CHARCOAL PLANT,superfund,+35.902500,-87.353194,TN,EPA NPL,"{""external_id"":""TND980844781"",""npl_status"":""Final NPL"",""saa"":false,""sources"":[""EPA NPL""]}"
superfund_TX7572024605,AIR FORCE PLANT #4 (GENERAL DYNAMICS),superfund,32.777781,-97.450000,TX,EPA NPL,"{""external_id"":""TX7572024605"",""npl_status"":""Final NPL"",""saa"":false,""sources"":[""EPA NPL""]}"
superfund_TXD008123168,ALCOA (POINT COMFORT)/LAVACA BAY,superfund,28.650833,-96.562222,TX,EPA NPL,"{""external_id"":""TXD008123168"",""npl_status"":""Final NPL"",""saa"":false,""sources"":[""EPA NPL""]}"
superfund_TXD980864649,BAILEY WASTE DISPOSAL,superfund,+29.990550,-93.879169,TX,EPA NPL,"{""external_id"":""TXD980864649"",""npl_status"":""Deleted NPL"",""saa"":false,""sources"":[""EPA NPL""]}"
superfund_TXN000606565,BANDERA ROAD GROUND WATER PLUME,superfund,+29.494433,-98.620500,TX,EPA NPL,"{""external_id"":""TXN000606565"",""npl_status"":""Final NPL"",""saa"":false,""sources"":[""EPA NPL""]}"
superfund_TXD980340889,"BIO-ECOLOGY SYSTEMS, INC.",superfund,32.743331,-96.936669,TX,EPA NPL,"{""external_id"":""TXD980340889"",""npl_status"":""Deleted NPL"",""saa"":false,""sources"":[""EPA NPL""]}"
superfund_TX0000605264,BRINE SERVICE COMPANY,superfund,27.815372,-97.508606,TX,EPA NPL,"{""external_id"":""TX0000605264"",""npl_status"":""Final NPL"",""saa"":false,""sources"":[""EPA NPL""]}"
superfund_TXD980625453,"BRIO REFINING, INC.",superfund,+29.570000,-95.203331,TX,EPA NPL,"{""external_id"":""TXD980625453"",""npl_status"":""Deleted NPL"",""saa"":false,""sources"":[""EPA NPL""]}"
superfund_TXN000606965,CIRCLE COURT GROUND WATER PLUME,superfund,32.744778,-097.679763,TX,EPA NPL,"{""external_id"":""TXN000606965"",""npl_status"":""Final NPL"",""saa"":false,""sources"":[""EPA NPL""]}"
superfund_TX0001399435,CITY OF PERRYTON WELL NO. 2,superfund,36.400556,-100.804722,TX,EPA NPL,"{""external_id"":""TX0001399435"",""npl_status"":""Final NPL"",""saa"":false,""sources"":[""EPA NPL""]}"
superfund_TXD008091951,CONROE CREOSOTING CO.,superfund,30.318744,-95.435428,TX,EPA NPL,"{""external_id"":""TXD008091951"",""npl_status"":""Final NPL"",""saa"":false,""sources"":[""EPA NPL""]}"
superfund_TXD990707010,CRYSTAL CHEMICAL CO.,superfund,+29.720600,-95.564400,TX,EPA NPL,"{""external_id"":""TXD990707010"",""npl_status"":""Final NPL"",""saa"":false,""sources"":[""EPA NPL""]}"
superfund_TXD980864763,CRYSTAL CITY AIRPORT,superfund,+28.696900,-99.817600,TX,EPA NPL,"{""external_id"":""TXD980864763"",""npl_status"":""Deleted NPL"",""saa"":false,""sources"":[""EPA NPL""]}"
superfund_TXD988034328,DELFASCO FORGE,superfund,+32.750269,-96.963228,TX,EPA NPL,"{""external_id"":""TXD988034328"",""npl_status"":""Final NPL"",""saa"":false,""sources"":[""EPA NPL""]}"
superfund_TXD089793046,"DIXIE OIL PROCESSORS, INC.",superfund,+29.568600,-95.204700,TX,EPA NPL,"{""external_id"":""TXD089793046"",""npl_status"":""Deleted NPL"",""saa"":false,""sources"":[""EPA NPL""]}"
superfund_TX0000605363,DONNA RESERVOIR AND CANAL SYSTEM,superfund,26.112286,-98.086469,TX,EPA NPL,"{""external_id"":""TX0000605363"",""npl_status"":""Final NPL"",""saa"":false,""sources"":[""EPA NPL""]}"
superfund_TXN000606614,EAST 67TH STREET GROUND WATER PLUME,superfund,+31.908611,-102.385833,TX,EPA NPL,"{""external_id"":""TXN000606614"",""npl_status"":""Final NPL"",""saa"":false,""sources"":[""EPA NPL""]}"
superfund_TXD057567216,"ELDORADO CHEMICAL CO., INC.",superfund,29.56894215,-98.35062963,TX,EPA NPL Superfund boundaries (legacy),"{""external_id"":""TXD057567216"",""geometry_fallback"":""centroid"",""layer"":""SITE_BOUNDARIES_SF"",""npl_status"":null,""saa"":false,""sources"":[""EPA NPL Superfund boundaries (legacy)""]}"
superfund_TXD086278058,FALCON REFINERY,superfund,27.860725,-97.179306,TX,EPA NPL,"{""external_id"":""TXD086278058"",""npl_status"":""Final NPL"",""saa"":false,""sources"":[""EPA NPL""]}"
superfund_TXD980514814,"FRENCH, LTD.",superfund,+29.879600,-95.073900,TX,EPA NPL,"{""external_id"":""TXD980514814"",""npl_status"":""Final NPL"",""saa"":false,""sources"":[""EPA NPL""]}"
superfund_TXD007330053,GARLAND CREOSOTING,superfund,32.442272,-94.710903,TX,EPA NPL,"{""external_id"":""TXD007330053"",""npl_status"":""Final NPL"",""saa"":false,""sources"":[""EPA NPL""]}"
superfund_TXD980748453,GENEVA INDUSTRIES/FUHRMANN ENERGY,superfund,+29.660000,-95.250000,TX,EPA NPL,"{""external_id"":""TXD980748453"",""npl_status"":""Final NPL"",""saa"":false,""sources"":[""EPA NPL""]}"
superfund_TXD055144539,GULFCO MARINE MAINTENANCE,superfund,28.966847,-95.289656,TX,EPA NPL,"{""external_id"":""TXD055144539"",""npl_status"":""Final NPL"",""saa"":false,""sources"":[""EPA NPL""]}"
superfund_TXD980745582,HARRIS (FARLEY STREET),superfund,+29.624400,-95.162700,TX,EPA NPL,"{""external_id"":""TXD980745582"",""npl_status"":""Deleted NPL"",""saa"":false,""sources"":[""EPA NPL""]}"
superfund_TXD050299577,HART CREOSOTING COMPANY,superfund,30.893611,-93.995278,TX,EPA NPL,"{""external_id"":""TXD050299577"",""npl_status"":""Final NPL"",""saa"":false,""sources"":[""EPA NPL""]}"
superfund_TXD980514996,HIGHLANDS ACID PIT,superfund,+29.814100,-95.078600,TX,EPA NPL,"{""external_id"":""TXD980514996"",""npl_status"":""Final NPL"",""saa"":false,""sources"":[""EPA NPL""]}"
superfund_TXN000606716,HIGHWAY 18 GROUND WATER,superfund,31.85283682,-103.09148507,TX,EPA NPL Superfund boundaries (legacy),"{""external_id"":""TXN000606716"",""geometry_fallback"":""centroid"",""layer"":""SITE_BOUNDARIES_SF"",""npl_status"":null,""saa"":false,""sources"":[""EPA NPL Superfund boundaries (legacy)""]}"
superfund_TXD008096240,JASPER CREOSOTING COMPANY INC.,superfund,30.933889,-93.982500,TX,EPA NPL,"{""external_id"":""TXD008096240"",""npl_status"":""Final NPL"",""saa"":false,""sources"":[""EPA NPL""]}"
superfund_TXN000605460,JONES ROAD GROUND WATER PLUME,superfund,+29.938372,-95.585473,TX,EPA NPL,"{""external_id"":""TXN000605460"",""npl_status"":""Final NPL"",""saa"":false,""sources"":[""EPA NPL""]}"
superfund_TXD980623904,"KOPPERS CO., INC. (TEXARKANA PLANT)",superfund,33.416669,-94.065000,TX,EPA NPL,"{""external_id"":""TXD980623904"",""npl_status"":""Final NPL"",""saa"":false,""sources"":[""EPA NPL""]}"
superfund_TXN000605240,"LANE PLATING WORKS, INC",superfund,+32.687886,-96.769485,TX,EPA NPL,"{""external_id"":""TXN000605240"",""npl_status"":""Final NPL"",""saa"":false,""sources"":[""EPA NPL""]}"
superfund_TX7213821831,LONE STAR ARMY AMMUNITION PLANT,superfund,+33.434400,-94.248300,TX,EPA NPL,"{""external_id"":""TX7213821831"",""npl_status"":""Final NPL"",""saa"":false,""sources"":[""EPA NPL""]}"
superfund_TX6213820529,LONGHORN ARMY AMMUNITION PLANT,superfund,+32.665000,-94.123339,TX,EPA NPL,"{""external_id"":""TX6213820529"",""npl_status"":""Final NPL"",""saa"":false,""sources"":[""EPA NPL""]}"
superfund_TXN000607441,MAIN STREET GROUND WATER PLUME,superfund,30.73760865,-98.22517393,TX,EPA NPL Superfund boundaries (legacy),"{""external_id"":""TXN000607441"",""geometry_fallback"":""centroid"",""layer"":""SITE_BOUNDARIES_SF"",""npl_status"":null,""saa"":false,""sources"":[""EPA NPL Superfund boundaries (legacy)""]}"
superfund_TXD980864789,MALONE SERVICE CO - SWAN LAKE PLANT,superfund,29.333056,-94.902778,TX,EPA NPL,"{""external_id"":""TXD980864789"",""npl_status"":""Final NPL"",""saa"":false,""sources"":[""EPA NPL""]}"
superfund_TXD008083404,"MANY DIVERSIFIED INTERESTS, INC.",superfund,29.767778,-95.331667,TX,EPA NPL,"{""external_id"":""TXD008083404"",""npl_status"":""Final NPL"",""saa"":false,""sources"":[""EPA NPL""]}"
superfund_TXN000606668,MIDESSA GROUND WATER PLUME,superfund,31.90548929,-102.23074592,TX,EPA NPL Superfund boundaries (legacy),"{""external_id"":""TXN000606668"",""geometry_fallback"":""centroid"",""layer"":""SITE_BOUNDARIES_SF"",""npl_status"":null,""saa"":false,""sources"":[""EPA NPL Superfund boundaries (legacy)""]}"
superfund_TXD980629851,"MOTCO, INC.",superfund,29.334719,-94.933331,TX,EPA NPL,"{""external_id"":""TXD980629851"",""npl_status"":""Final NPL"",""saa"":false,""sources"":[""EPA NPL""]}"
superfund_TXD980873343,NORTH CAVALCADE STREET,superfund,29.806669,-95.349169,TX,EPA NPL,"{""external_id"":""TXD980873343"",""npl_status"":""Final NPL"",""saa"":false,""sources"":[""EPA NPL""]}"
superfund_TXN000606760,NORTH EAST 2ND STREET SITE,superfund,+34.745000,-101.853333,TX,EPA NPL,"{""external_id"":""TXN000606760"",""npl_status"":""Final NPL"",""saa"":false,""sources"":[""EPA NPL""]}"
superfund_TXN000607499,NORTHWEST ODESSA GROUNDWATER,superfund,31.89380726,-102.39224683,TX,EPA NPL Superfund boundaries (legacy),"{""external_id"":""TXN000607499"",""geometry_fallback"":""centroid"",""layer"":""SITE_BOUNDARIES_SF"",""npl_status"":null,""saa"":false,""sources"":[""EPA NPL Superfund boundaries (legacy)""]}"
superfund_TXD980867279,ODESSA CHROMIUM #1,superfund,31.881669,-102.403300,TX,EPA NPL,"{""external_id"":""TXD980867279"",""npl_status"":""Final NPL"",""saa"":false,""sources"":[""EPA NPL""]}"
superfund_TXD980697114,ODESSA CHROMIUM #2 (ANDREWS HIGHWAY),superfund,+31.893400,-102.390500,TX,EPA NPL,"{""external_id"":""TXD980697114"",""npl_status"":""Deleted NPL"",""saa"":false,""sources"":[""EPA NPL""]}"
superfund_TXD980513808,OLD ESCO MANUFACTURING,superfund,+33.138300,-96.075500,TX,EPA NPL,"{""external_id"":""TXD980513808"",""npl_status"":""Deleted NPL"",""saa"":false,""sources"":[""EPA NPL""]}"
superfund_TXD068104561,PALMER BARGE LINE,superfund,29.961453,-93.855083,TX,EPA NPL,"{""external_id"":""TXD068104561"",""npl_status"":""Deleted NPL"",""saa"":false,""sources"":[""EPA NPL""]}"
superfund_TX4890110527,PANTEX PLANT (USDOE),superfund,35.321944,-101.563611,TX,EPA NPL,"{""external_id"":""TX4890110527"",""npl_status"":""Final NPL"",""saa"":false,""sources"":[""EPA NPL""]}"
superfund_TX0000605329,PATRICK BAYOU,superfund,29.73260409,-95.11356040,TX,EPA NPL Superfund boundaries (legacy),"{""external_id"":""TX0000605329"",""geometry_fallback"":""centroid"",""layer"":""SITE_BOUNDARIES_SF"",""npl_status"":null,""saa"":false,""sources"":[""EPA NPL Superfund boundaries (legacy)""]}"
superfund_TXD980699656,PESSES CHEMICAL CO.,superfund,+32.717400,-97.325600,TX,EPA NPL,"{""external_id"":""TXD980699656"",""npl_status"":""Deleted NPL"",""saa"":false,""sources"":[""EPA NPL""]}"
superfund_TXD980873350,"PETRO-CHEMICAL SYSTEMS, INC. (TURTLE BAYOU)",superfund,+29.920000,-94.688061,TX,EPA NPL,"{""external_id"":""TXD980873350"",""npl_status"":""Final NPL"",""saa"":false,""sources"":[""EPA NPL""]}"
superfund_TXD057577579,R & H OIL/TROPICANA ENERGY,superfund,29.37117666,-98.53815639,TX,EPA NPL Superfund boundaries (legacy),"{""external_id"":""TXD057577579"",""geometry_fallback"":""centroid"",""layer"":""SITE_BOUNDARIES_SF"",""npl_status"":null,""saa"":false,""sources"":[""EPA NPL Superfund boundaries (legacy)""]}"
superfund_TXN000606915,RIVER CITY METAL FINISHING,superfund,29.43015413,-98.73171012,TX,EPA NPL Superfund boundaries (legacy),"{""external_id"":""TXN000606915"",""geometry_fallback"":""centroid"",""layer"":""SITE_BOUNDARIES_SF"",""npl_status"":null,""saa"":false,""sources"":[""EPA NPL Superfund boundaries (legacy)""]}"
superfund_TXD066379645,ROCKWOOL INDUSTRIES INC.,superfund,31.051667,-97.438056,TX,EPA NPL,"{""external_id"":""TXD066379645"",""npl_status"":""Final NPL"",""saa"":false,""sources"":[""EPA NPL""]}"
superfund_TXD079348397,RSR CORPORATION,superfund,32.776944,-96.872500,TX,EPA NPL,"{""external_id"":""TXD079348397"",""npl_status"":""Final NPL"",""saa"":false,""sources"":[""EPA NPL""]}"
superfund_TXN000606611,SAN JACINTO RIVER WASTE PITS,superfund,+29.794400,-95.062500,TX,EPA NPL,"{""external_id"":""TXN000606611"",""npl_status"":""Final NPL"",""saa"":false,""sources"":[""EPA NPL""]}"
superfund_TXN000605649,SANDY BEACH ROAD GROUND WATER PLUME,superfund,32.928472,-97.525000,TX,EPA NPL,"{""external_id"":""TXN000605649"",""npl_status"":""Final NPL"",""saa"":false,""sources"":[""EPA NPL""]}"
superfund_TXD062132147,SHERIDAN DISPOSAL SERVICES,superfund,+30.207400,-96.135700,TX,EPA NPL,"{""external_id"":""TXD062132147"",""npl_status"":""Final NPL"",""saa"":false,""sources"":[""EPA NPL""]}"
superfund_TXD980513956,SIKES DISPOSAL PITS,superfund,29.881669,-95.086669,TX,EPA NPL,"{""external_id"":""TXD980513956"",""npl_status"":""Final NPL"",""saa"":false,""sources"":[""EPA NPL""]}"
superfund_TXD980873327,SOL LYNN/INDUSTRIAL TRANSFORMERS,superfund,29.678889,-95.398611,TX,EPA NPL,"{""external_id"":""TXD980873327"",""npl_status"":""Final NPL"",""saa"":false,""sources"":[""EPA NPL""]}"
superfund_TXD980810386,SOUTH CAVALCADE STREET,superfund,29.798331,-95.347781,TX,EPA NPL,"{""external_id"":""TXD980810386"",""npl_status"":""Final NPL"",""saa"":false,""sources"":[""EPA NPL""]}"
superfund_TX0001407444,SPRAGUE ROAD GROUND WATER PLUME,superfund,31.918611,-102.428333,TX,EPA NPL,"{""external_id"":""TX0001407444"",""npl_status"":""Final NPL"",""saa"":false,""sources"":[""EPA NPL""]}"
superfund_TX0001414341,STAR LAKE CANAL,superfund,+29.975000,-93.917000,TX,EPA NPL,"{""external_id"":""TX0001414341"",""npl_status"":""Final NPL"",""saa"":false,""sources"":[""EPA NPL""]}"
superfund_TXD099801102,STATE MARINE OF PORT ARTHUR,superfund,29.960833,-93.859167,TX,EPA NPL,"{""external_id"":""TXD099801102"",""npl_status"":""Deleted NPL"",""saa"":false,""sources"":[""EPA NPL""]}"
superfund_TXSFN0605177,STATE ROAD 114 GROUNDWATER PLUME,superfund,33.599883,-102.405561,TX,EPA NPL,"{""external_id"":""TXSFN0605177"",""npl_status"":""Final NPL"",""saa"":false,""sources"":[""EPA NPL""]}"
superfund_TXD055337281,"STEWCO, INC.",superfund,32.465831,-94.069169,TX,EPA NPL,"{""external_id"":""TXD055337281"",""npl_status"":""Deleted NPL"",""saa"":false,""sources"":[""EPA NPL""]}"
superfund_TXD062113329,TEX-TIN CORP.,superfund,29.356667,-94.941667,TX,EPA NPL,"{""external_id"":""TXD062113329"",""npl_status"":""Final NPL"",""saa"":false,""sources"":[""EPA NPL""]}"
superfund_TXD008056152,TEXARKANA WOOD PRESERVING CO.,superfund,33.408331,-94.053339,TX,EPA NPL,"{""external_id"":""TXD008056152"",""npl_status"":""Final NPL"",""saa"":false,""sources"":[""EPA NPL""]}"
superfund_TXD055143705,TRIANGLE CHEMICAL CO.,superfund,+30.058000,-93.809300,TX,EPA NPL,"{""external_id"":""TXD055143705"",""npl_status"":""Deleted NPL"",""saa"":false,""sources"":[""EPA NPL""]}"
superfund_TXD980745574,UNITED CREOSOTING CO.,superfund,30.331669,-95.456669,TX,EPA NPL,"{""external_id"":""TXD980745574"",""npl_status"":""Final NPL"",""saa"":false,""sources"":[""EPA NPL""]}"
superfund_TXN000607093,US OIL RECOVERY,superfund,29.718389,-95.221528,TX,EPA NPL,"{""external_id"":""TXN000607093"",""npl_status"":""Final NPL"",""saa"":false,""sources"":[""EPA NPL""]}"
superfund_TXD007357932,VAN DER HORST USA CORPORATION,superfund,32.734167,-96.273889,TX,EPA NPL,"{""external_id"":""TXD007357932"",""npl_status"":""Final NPL"",""saa"":false,""sources"":[""EPA NPL""]}"
superfund_TXN000606992,WEST COUNTY ROAD 112 GROUND WATER,superfund,31.96175539,-102.09102893,TX,EPA NPL Superfund boundaries (legacy),"{""external_id"":""TXN000606992"",""geometry_fallback"":""centroid"",""layer"":""SITE_BOUNDARIES_SF"",""npl_status"":null,""saa"":false,""sources"":[""EPA NPL Superfund boundaries (legacy)""]}"
superfund_UTD981548985,700 SOUTH 1600 EAST PCE PLUME,superfund,+40.753944,-111.848034,UT,EPA NPL,"{""external_id"":""UTD981548985"",""npl_status"":""Final NPL"",""saa"":false,""sources"":[""EPA NPL""]}"
superfund_UT0008921894,BOUNTIFUL 5 POINTS PCE PLUME (TCRA),superfund,40.87424267,-111.88589190,UT,EPA NPL Superfund boundaries (legacy),"{""external_id"":""UT0008921894"",""geometry_fallback"":""centroid"",""layer"":""SITE_BOUNDARIES_SF"",""npl_status"":null,""saa"":false,""sources"":[""EPA NPL Superfund boundaries (legacy)""]}"
superfund_UT0001119296,BOUNTIFUL/WOODS CROSS 5TH S. PCE PLUME,superfund,+40.887689,-111.904342,UT,EPA NPL,"{""external_id"":""UT0001119296"",""npl_status"":""Final NPL"",""saa"":false,""sources"":[""EPA NPL""]}"
superfund_UTD988075719,DAVENPORT AND FLAGSTAFF SMELTERS,superfund,+40.573611,-111.791944,UT,EPA NPL,"{""external_id"":""UTD988075719"",""npl_status"":""Deleted NPL"",""saa"":false,""sources"":[""EPA NPL""]}"
superfund_UT0002240158,EUREKA MILLS,superfund,+39.955556,-112.115556,UT,EPA NPL,"{""external_id"":""UT0002240158"",""npl_status"":""Deleted NPL"",""saa"":false,""sources"":[""EPA NPL""]}"
superfund_UTN000802654,FIVE POINTS PCE PLUME,superfund,+40.874243,-111.885892,UT,EPA NPL,"{""external_id"":""UTN000802654"",""npl_status"":""Final NPL"",""saa"":false,""sources"":[""EPA NPL""]}"
superfund_UT0571724350,HILL AIR FORCE BASE,superfund,+41.128547,-111.990643,UT,EPA NPL,"{""external_id"":""UT0571724350"",""npl_status"":""Final NPL"",""saa"":false,""sources"":[""EPA NPL""]}"
superfund_UT0001277359,INTERMOUNTAIN WASTE OIL REFINERY,superfund,+40.879444,-111.889444,UT,EPA NPL,"{""external_id"":""UT0001277359"",""npl_status"":""Deleted NPL"",""saa"":false,""sources"":[""EPA NPL""]}"
superfund_UTD093120921,INTERNATIONAL SMELTING AND REFINING,superfund,+40.552690,-112.227965,UT,EPA NPL,"{""external_id"":""UTD093120921"",""npl_status"":""Deleted NPL"",""saa"":false,""sources"":[""EPA NPL""]}"
superfund_UT0002391472,JACOBS SMELTER,superfund,+40.422185,-112.385736,UT,EPA NPL,"{""external_id"":""UT0002391472"",""npl_status"":""Final NPL"",""saa"":false,""sources"":[""EPA NPL""]}"
superfund_UTD070926811,KENNECOTT (NORTH ZONE),superfund,+40.734036,-112.141040,UT,EPA NPL,"{""external_id"":""UTD070926811"",""npl_status"":""Proposed NPL"",""saa"":false,""sources"":[""EPA NPL""]}"
superfund_UTD000826404,KENNECOTT (SOUTH ZONE),superfund,40.55690303,-112.01875834,UT,EPA NPL Superfund boundaries (legacy),"{""external_id"":""UTD000826404"",""geometry_fallback"":""centroid"",""layer"":""SITE_BOUNDARIES_SF"",""npl_status"":null,""saa"":true,""sources"":[""EPA NPL Superfund boundaries (legacy)"",""EPA FOIA-014""]}"
superfund_UTD081834277,MIDVALE SLAG,superfund,+40.621540,-111.916014,UT,EPA NPL,"{""external_id"":""UTD081834277"",""npl_status"":""Deleted NPL"",""saa"":false,""sources"":[""EPA NPL""]}"
superfund_UT3890090035,MONTICELLO MILL TAILINGS (USDOE),superfund,+37.863079,-109.333240,UT,EPA NPL,"{""external_id"":""UT3890090035"",""npl_status"":""Final NPL"",""saa"":false,""sources"":[""EPA NPL""]}"
superfund_UTD980667208,MONTICELLO RADIOACTIVELY CONTAMINATED PROPERTIES,superfund,+37.871092,-109.337034,UT,EPA NPL,"{""external_id"":""UTD980667208"",""npl_status"":""Deleted NPL"",""saa"":false,""sources"":[""EPA NPL""]}"
superfund_UTD980951420,MURRAY SMELTER,superfund,+40.659460,-111.892980,UT,EPA NPL,"{""external_id"":""UTD980951420"",""npl_status"":""Proposed NPL"",""saa"":false,""sources"":[""EPA NPL""]}"
superfund_UT9210020922,OGDEN DEFENSE DEPOT (DLA),superfund,+41.259092,-111.999567,UT,EPA NPL,"{""external_id"":""UT9210020922"",""npl_status"":""Final NPL"",""saa"":false,""sources"":[""EPA NPL""]}"
superfund_UTD093119196,PETROCHEM RECYCLING CORP./EKOTEK PLANT,superfund,+40.803190,-111.917713,UT,EPA NPL,"{""external_id"":""UTD093119196"",""npl_status"":""Deleted NPL"",""saa"":false,""sources"":[""EPA NPL""]}"
superfund_UTD980718670,PORTLAND CEMENT (KILN DUST 2 & 3),superfund,+40.747464,-111.943991,UT,EPA NPL,"{""external_id"":""UTD980718670"",""npl_status"":""Final NPL"",""saa"":false,""sources"":[""EPA NPL""]}"
superfund_UTD980952840,RICHARDSON FLAT TAILINGS,superfund,+40.706879,-111.466970,UT,EPA NPL,"{""external_id"":""UTD980952840"",""npl_status"":""Proposed NPL"",""saa"":false,""sources"":[""EPA NPL""]}"
superfund_UTD980635452,ROSE PARK SLUDGE PIT,superfund,+40.799952,-111.922880,UT,EPA NPL,"{""external_id"":""UTD980635452"",""npl_status"":""Deleted NPL"",""saa"":false,""sources"":[""EPA NPL""]}"
superfund_UTD980951388,SHARON STEEL CORP. (MIDVALE TAILINGS),superfund,+40.607022,-111.910576,UT,EPA NPL,"{""external_id"":""UTD980951388"",""npl_status"":""Deleted NPL"",""saa"":false,""sources"":[""EPA NPL""]}"
superfund_UT3213820894,TOOELE ARMY DEPOT (NORTH AREA),superfund,+40.526461,-112.410368,UT,EPA NPL,"{""external_id"":""UT3213820894"",""npl_status"":""Final NPL"",""saa"":false,""sources"":[""EPA NPL""]}"
superfund_UTN000802704,US MAGNESIUM,superfund,+40.915581,-112.734253,UT,EPA NPL,"{""external_id"":""UTN000802704"",""npl_status"":""Final NPL"",""saa"":false,""sources"":[""EPA NPL""]}"
superfund_UTD980667240,UTAH POWER & LIGHT/AMERICAN BARREL CO.,superfund,+40.770342,-111.906580,UT,EPA NPL,"{""external_id"":""UTD980667240"",""npl_status"":""Final NPL"",""saa"":false,""sources"":[""EPA NPL""]}"
superfund_UTD000716399,WASATCH CHEMICAL CO. (LOT 6),superfund,+40.729002,-111.909924,UT,EPA NPL,"{""external_id"":""UTD000716399"",""npl_status"":""Final NPL"",""saa"":false,""sources"":[""EPA NPL""]}"
superfund_VAD980551683,ABEX CORP.,superfund,+36.826500,-76.304500,VA,EPA NPL,"{""external_id"":""VAD980551683"",""npl_status"":""Final NPL"",""saa"":false,""sources"":[""EPA NPL""]}"
superfund_VAD042916361,"ARROWHEAD ASSOCIATES, INC./SCOVILL CORP.",superfund,38.086669,-76.791111,VA,EPA NPL,"{""external_id"":""VAD042916361"",""npl_status"":""Final NPL"",""saa"":false,""sources"":[""EPA NPL""]}"
superfund_VAD990710410,"ATLANTIC WOOD INDUSTRIES, INC.",superfund,+36.806500,-76.299000,VA,EPA NPL,"{""external_id"":""VAD990710410"",""npl_status"":""Final NPL"",""saa"":false,""sources"":[""EPA NPL""]}"
superfund_VAD070358684,"AVTEX FIBERS, INC.",superfund,38.925561,-78.211669,VA,EPA NPL,"{""external_id"":""VAD070358684"",""npl_status"":""Final NPL"",""saa"":false,""sources"":[""EPA NPL""]}"
superfund_VAD089027973,BUCKINGHAM COUNTY LANDFILL,superfund,37.514169,-78.516669,VA,EPA NPL,"{""external_id"":""VAD089027973"",""npl_status"":""Final NPL"",""saa"":false,""sources"":[""EPA NPL""]}"
superfund_VAD049957913,"C & R BATTERY CO., INC.",superfund,+37.418000,-77.415000,VA,EPA NPL,"{""external_id"":""VAD049957913"",""npl_status"":""Deleted NPL"",""saa"":false,""sources"":[""EPA NPL""]}"
superfund_VAD980712913,CHISMAN CREEK,superfund,+37.177000,-76.463100,VA,EPA NPL,"{""external_id"":""VAD980712913"",""npl_status"":""Final NPL"",""saa"":false,""sources"":[""EPA NPL""]}"
superfund_VAD059165282,"CULPEPER WOOD PRESERVERS, INC.",superfund,38.483331,-77.960000,VA,EPA NPL,"{""external_id"":""VAD059165282"",""npl_status"":""Final NPL"",""saa"":false,""sources"":[""EPA NPL""]}"
superfund_VA3971520751,DEFENSE GENERAL SUPPLY CENTER (DLA),superfund,+37.418900,-77.448500,VA,EPA NPL,"{""external_id"":""VA3971520751"",""npl_status"":""Final NPL"",""saa"":false,""sources"":[""EPA NPL""]}"
superfund_VAD980552095,DIXIE CAVERNS COUNTY LANDFILL,superfund,37.259719,-80.193611,VA,EPA NPL,"{""external_id"":""VAD980552095"",""npl_status"":""Deleted NPL"",""saa"":false,""sources"":[""EPA NPL""]}"
superfund_VAD980705768,DUPONT SPRUANCE PLANT,superfund,37.4507617,-77.4380782,VA,EPA FOIA-014,"{""coordinate_basis"":""address_geocoded"",""external_id"":""VAD980705768"",""npl_status"":null,""saa"":true,""sources"":[""EPA FOIA-014""]}"
superfund_VAD980554984,FIRST PIEDMONT CORP. ROCK QUARRY (ROUTE 719),superfund,+36.665831,-79.348611,VA,EPA NPL,"{""external_id"":""VAD980554984"",""npl_status"":""Deleted NPL"",""saa"":false,""sources"":[""EPA NPL""]}"
superfund_VAD123933426,FORMER NANSEMOND ORDNANCE DEPOT,superfund,36.899722,-76.434722,VA,EPA NPL,"{""external_id"":""VAD123933426"",""npl_status"":""Final NPL"",""saa"":false,""sources"":[""EPA NPL""]}"
superfund_VA6210020321,FORT EUSTIS (US ARMY),superfund,+37.105000,-76.568332,VA,EPA NPL,"{""external_id"":""VA6210020321"",""npl_status"":""Final NPL"",""saa"":false,""sources"":[""EPA NPL""]}"
superfund_VAD003125374,GREENWOOD CHEMICAL CO.,superfund,38.044719,-78.786389,VA,EPA NPL,"{""external_id"":""VAD003125374"",""npl_status"":""Final NPL"",""saa"":false,""sources"":[""EPA NPL""]}"
superfund_VAD980539878,"H & H INC., BURN PIT",superfund,+37.724300,-77.585700,VA,EPA NPL,"{""external_id"":""VAD980539878"",""npl_status"":""Final NPL"",""saa"":false,""sources"":[""EPA NPL""]}"
superfund_VAD980829030,HIDDEN LANE LANDFILL,superfund,39.056131,-77.424175,VA,EPA NPL,"{""external_id"":""VAD980829030"",""npl_status"":""Final NPL"",""saa"":false,""sources"":[""EPA NPL""]}"
superfund_VAD077923449,KIM-STAN LANDFILL,superfund,37.800278,-79.861667,VA,EPA NPL,"{""external_id"":""VAD077923449"",""npl_status"":""Final NPL"",""saa"":false,""sources"":[""EPA NPL""]}"
superfund_VAD007972482,L.A. CLARKE & SON,superfund,38.236111,-77.432500,VA,EPA NPL,"{""external_id"":""VAD007972482"",""npl_status"":""Final NPL"",""saa"":false,""sources"":[""EPA NPL""]}"
superfund_VA2800005033,LANGLEY AIR FORCE BASE/NASA LANGLEY RESEARCH CENTER,superfund,37.069999,-76.358611,VA,EPA NPL,"{""external_id"":""VA2800005033"",""npl_status"":""Final NPL"",""saa"":false,""sources"":[""EPA NPL""]}"
superfund_VA1170024722,MARINE CORPS COMBAT DEVELOPMENT COMMAND,superfund,38.521667,-77.290000,VA,EPA NPL,"{""external_id"":""VA1170024722"",""npl_status"":""Final NPL"",""saa"":false,""sources"":[""EPA NPL""]}"
superfund_VAD980712970,MATTHEWS ELECTROPLATING,superfund,+37.256900,-80.167500,VA,EPA NPL,"{""external_id"":""VAD980712970"",""npl_status"":""Deleted NPL"",""saa"":false,""sources"":[""EPA NPL""]}"
superfund_VA8800010763,NASA WALLOPS FLIGHT FACILITY,superfund,37.88602063,-75.46733052,VA,EPA NPL Superfund boundaries (legacy),"{""external_id"":""VA8800010763"",""geometry_fallback"":""centroid"",""layer"":""SITE_BOUNDARIES_SF"",""npl_status"":null,""saa"":true,""sources"":[""EPA NPL Superfund boundaries (legacy)"",""EPA FOIA-014""]}"
superfund_VA5170022482,NAVAL AMPHIBIOUS BASE LITTLE CREEK,superfund,36.906111,-76.147778,VA,EPA NPL,"{""external_id"":""VA5170022482"",""npl_status"":""Final NPL"",""saa"":false,""sources"":[""EPA NPL""]}"
superfund_VA7170024684,NAVAL SURFACE WARFARE CENTER - DAHLGREN,superfund,38.326667,-77.026944,VA,EPA NPL,"{""external_id"":""VA7170024684"",""npl_status"":""Final NPL"",""saa"":false,""sources"":[""EPA NPL""]}"
superfund_VA8170024170,NAVAL WEAPONS STATION - YORKTOWN,superfund,37.245833,-76.588889,VA,EPA NPL,"{""external_id"":""VA8170024170"",""npl_status"":""Final NPL"",""saa"":false,""sources"":[""EPA NPL""]}"
superfund_VA6170061463,NORFOLK NAVAL BASE (SEWELLS POINT NAVAL COMPLEX),superfund,36.940278,-76.300278,VA,EPA NPL,"{""external_id"":""VA6170061463"",""npl_status"":""Final NPL"",""saa"":false,""sources"":[""EPA NPL""]}"
superfund_VA1170024813,NORFOLK NAVAL SHIPYARD,superfund,36.821944,-76.294722,VA,EPA NPL,"{""external_id"":""VA1170024813"",""npl_status"":""Final NPL"",""saa"":false,""sources"":[""EPA NPL""]}"
superfund_VA3170024605,NWS YORKTOWN - CHEATHAM ANNEX,superfund,37.284722,-76.607500,VA,EPA NPL,"{""external_id"":""VA3170024605"",""npl_status"":""Final NPL"",""saa"":false,""sources"":[""EPA NPL""]}"
superfund_VAN000306115,PECK IRON AND METAL,superfund,36.809464,-76.308822,VA,EPA NPL,"{""external_id"":""VAN000306115"",""npl_status"":""Final NPL"",""saa"":false,""sources"":[""EPA NPL""]}"
superfund_VAD071040752,"RENTOKIL, INC. (VIRGINIA WOOD PRESERVING DIVISION)",superfund,37.635831,-77.503611,VA,EPA NPL,"{""external_id"":""VAD071040752"",""npl_status"":""Final NPL"",""saa"":false,""sources"":[""EPA NPL""]}"
superfund_VAD980831796,RHINEHART TIRE FIRE DUMP,superfund,39.188333,-78.310429,VA,EPA NPL,"{""external_id"":""VAD980831796"",""npl_status"":""Deleted NPL"",""saa"":false,""sources"":[""EPA NPL""]}"
superfund_VAD003127578,SALTVILLE WASTE DISPOSAL PONDS,superfund,36.883339,-81.783331,VA,EPA NPL,"{""external_id"":""VAD003127578"",""npl_status"":""Final NPL"",""saa"":false,""sources"":[""EPA NPL""]}"
superfund_VAD003117389,SAUNDERS SUPPLY CO.,superfund,+36.860550,-76.581669,VA,EPA NPL,"{""external_id"":""VAD003117389"",""npl_status"":""Final NPL"",""saa"":false,""sources"":[""EPA NPL""]}"
superfund_VA5170000181,ST. JULIENS CREEK ANNEX (U.S. NAVY),superfund,36.794167,-76.312222,VA,EPA NPL,"{""external_id"":""VA5170000181"",""npl_status"":""Final NPL"",""saa"":false,""sources"":[""EPA NPL""]}"
superfund_VAD980917983,SUFFOLK CITY LANDFILL,superfund,+36.678400,-76.583900,VA,EPA NPL,"{""external_id"":""VAD980917983"",""npl_status"":""Deleted NPL"",""saa"":false,""sources"":[""EPA NPL""]}"
superfund_VAD980705404,U.S. TITANIUM,superfund,+37.708331,-79.016669,VA,EPA NPL,"{""external_id"":""VAD980705404"",""npl_status"":""Final NPL"",""saa"":false,""sources"":[""EPA NPL""]}"
superfund_VID980651095,ISLAND CHEMICAL CORP/VIRGIN ISLANDS CHEMICAL CORP.,superfund,17.709722,-64.790833,VI,EPA NPL,"{""external_id"":""VID980651095"",""npl_status"":""Deleted NPL"",""saa"":false,""sources"":[""EPA NPL""]}"
superfund_VID982272569,TUTU WELLFIELD,superfund,18.341667,-064.885000,VI,EPA NPL,"{""external_id"":""VID982272569"",""npl_status"":""Final NPL"",""saa"":false,""sources"":[""EPA NPL""]}"
superfund_VTD981064223,BENNINGTON MUNICIPAL SANITARY LANDFILL,superfund,42.922219,-73.197781,VT,EPA NPL,"{""external_id"":""VTD981064223"",""npl_status"":""Final NPL"",""saa"":false,""sources"":[""EPA NPL""]}"
superfund_VTD980520092,BFI SANITARY LANDFILL (ROCKINGHAM),superfund,43.226389,-72.439719,VT,EPA NPL,"{""external_id"":""VTD980520092"",""npl_status"":""Final NPL"",""saa"":false,""sources"":[""EPA NPL""]}"
superfund_VTD003965415,BURGESS BROTHERS LANDFILL,superfund,42.878061,-73.150139,VT,EPA NPL,"{""external_id"":""VTD003965415"",""npl_status"":""Final NPL"",""saa"":false,""sources"":[""EPA NPL""]}"
superfund_VTD098352545,COMMERCE STREET PLUME,superfund,44.452583,-73.121389,VT,EPA NPL,"{""external_id"":""VTD098352545"",""npl_status"":""Final NPL"",""saa"":false,""sources"":[""EPA NPL""]}"
superfund_VTD980520118,DARLING HILL DUMP,superfund,+44.554500,-071.984400,VT,EPA NPL,"{""external_id"":""VTD980520118"",""npl_status"":""Deleted NPL"",""saa"":false,""sources"":[""EPA NPL""]}"
superfund_VTD988366621,ELIZABETH MINE,superfund,43.823889,-72.328889,VT,EPA NPL,"{""external_id"":""VTD988366621"",""npl_status"":""Final NPL"",""saa"":false,""sources"":[""EPA NPL""]}"
superfund_VTD988366571,ELY COPPER MINE,superfund,43.927447,-72.285506,VT,EPA NPL,"{""external_id"":""VTD988366571"",""npl_status"":""Final NPL"",""saa"":false,""sources"":[""EPA NPL""]}"
superfund_VTD048141741,"JARD COMPANY, INC.",superfund,+42.888861,-73.189111,VT,EPA NPL,"{""external_id"":""VTD048141741"",""npl_status"":""Final NPL"",""saa"":false,""sources"":[""EPA NPL""]}"
superfund_VTD000860239,OLD SPRINGFIELD LANDFILL,superfund,43.272781,-72.466669,VT,EPA NPL,"{""external_id"":""VTD000860239"",""npl_status"":""Final NPL"",""saa"":false,""sources"":[""EPA NPL""]}"
superfund_VTD981062441,PARKER SANITARY LANDFILL,superfund,44.518611,-71.989439,VT,EPA NPL,"{""external_id"":""VTD981062441"",""npl_status"":""Final NPL"",""saa"":false,""sources"":[""EPA NPL""]}"
superfund_VTD988366720,PIKE HILL COPPER MINE,superfund,44.06136180,-72.30613967,VT,EPA NPL Superfund boundaries (legacy),"{""external_id"":""VTD988366720"",""geometry_fallback"":""centroid"",""layer"":""SITE_BOUNDARIES_SF"",""npl_status"":null,""saa"":false,""sources"":[""EPA NPL Superfund boundaries (legacy)""]}"
superfund_VTD980523062,PINE STREET CANAL,superfund,44.466669,-73.218061,VT,EPA NPL,"{""external_id"":""VTD980523062"",""npl_status"":""Final NPL"",""saa"":false,""sources"":[""EPA NPL""]}"
superfund_VTD069910354,POWNAL TANNERY,superfund,42.797167,-073.265750,VT,EPA NPL,"{""external_id"":""VTD069910354"",""npl_status"":""Final NPL"",""saa"":false,""sources"":[""EPA NPL""]}"
superfund_VTD000509174,"TANSITOR ELECTRONICS, INC.",superfund,42.877781,-73.266669,VT,EPA NPL,"{""external_id"":""VTD000509174"",""npl_status"":""Deleted NPL"",""saa"":false,""sources"":[""EPA NPL""]}"
superfund_WAD009045279,ALCOA (VANCOUVER SMELTER),superfund,+45.649439,-122.731800,WA,EPA NPL,"{""external_id"":""WAD009045279"",""npl_status"":""Deleted NPL"",""saa"":false,""sources"":[""EPA NPL""]}"
superfund_WAD057311094,AMERICAN CROSSARM & CONDUIT CO.,superfund,+46.656939,-122.968900,WA,EPA NPL,"{""external_id"":""WAD057311094"",""npl_status"":""Deleted NPL"",""saa"":false,""sources"":[""EPA NPL""]}"
superfund_WAD980833065,AMERICAN LAKE GARDENS/MCCHORD AFB,superfund,+47.125000,-122.526700,WA,EPA NPL,"{""external_id"":""WAD980833065"",""npl_status"":""Final NPL"",""saa"":false,""sources"":[""EPA NPL""]}"
superfund_WA5170027291,BANGOR NAVAL SUBMARINE BASE,superfund,+47.699000,-122.713100,WA,EPA NPL,"{""external_id"":""WA5170027291"",""npl_status"":""Final NPL"",""saa"":false,""sources"":[""EPA NPL""]}"
superfund_WA7170027265,BANGOR ORDNANCE DISPOSAL (USNAVY),superfund,+47.764719,-122.700800,WA,EPA NPL,"{""external_id"":""WA7170027265"",""npl_status"":""Final NPL"",""saa"":false,""sources"":[""EPA NPL""]}"
superfund_WAD980185789,BOEING COMPANY TULALIP TEST SITE,superfund,48.08804300,-122.20213192,WA,EPA NPL Superfund boundaries (legacy),"{""external_id"":""WAD980185789"",""geometry_fallback"":""centroid"",""layer"":""SITE_BOUNDARIES_SF"",""npl_status"":null,""saa"":false,""sources"":[""EPA NPL Superfund boundaries (legacy)""]}"
superfund_WA1891406349,BONNEVILLE POWER ADMINISTRATION ROSS COMPLEX (USDOE),superfund,+45.661600,-122.657200,WA,EPA NPL,"{""external_id"":""WA1891406349"",""npl_status"":""Deleted NPL"",""saa"":false,""sources"":[""EPA NPL""]}"
superfund_WAD009624453,BOOMSNUB/AIRCO,superfund,+45.677222,-122.621667,WA,EPA NPL,"{""external_id"":""WAD009624453"",""npl_status"":""Final NPL"",""saa"":false,""sources"":[""EPA NPL""]}"
superfund_WAN001002907,BREMERTON GASWORKS,superfund,47.578544,-122.642136,WA,EPA NPL,"{""external_id"":""WAN001002907"",""npl_status"":""Final NPL"",""saa"":false,""sources"":[""EPA NPL""]}"
superfund_WAD980836662,CENTRALIA MUNICIPAL LANDFILL,superfund,+46.696669,-122.963300,WA,EPA NPL,"{""external_id"":""WAD980836662"",""npl_status"":""Final NPL"",""saa"":false,""sources"":[""EPA NPL""]}"
superfund_WAD980514541,COLBERT LANDFILL,superfund,+47.861669,-117.348300,WA,EPA NPL,"{""external_id"":""WAD980514541"",""npl_status"":""Final NPL"",""saa"":false,""sources"":[""EPA NPL""]}"
superfund_WAD980726368,"COMMENCEMENT BAY, NEAR SHORE/TIDE FLATS",superfund,+47.266667,-122.416667,WA,EPA NPL,"{""external_id"":""WAD980726368"",""npl_status"":""Final NPL"",""saa"":false,""sources"":[""EPA NPL""]}"
superfund_WAD980726301,"COMMENCEMENT BAY, SOUTH TACOMA CHANNEL",superfund,+47.229439,-122.471400,WA,EPA NPL,"{""external_id"":""WAD980726301"",""npl_status"":""Final NPL"",""saa"":false,""sources"":[""EPA NPL""]}"
superfund_WA9571924647,FAIRCHILD AIR FORCE BASE (4 WASTE AREAS),superfund,+47.628331,-117.646200,WA,EPA NPL,"{""external_id"":""WA9571924647"",""npl_status"":""Final NPL"",""saa"":false,""sources"":[""EPA NPL""]}"
superfund_WAD000643577,FMC CORP. (YAKIMA),superfund,+46.566669,-120.493300,WA,EPA NPL,"{""external_id"":""WAD000643577"",""npl_status"":""Final NPL"",""saa"":false,""sources"":[""EPA NPL""]}"
superfund_WA9214053465,FORT LEWIS (LANDFILL NO. 5),superfund,+47.119419,-122.630000,WA,EPA NPL,"{""external_id"":""WA9214053465"",""npl_status"":""Deleted NPL"",""saa"":false,""sources"":[""EPA NPL""]}"
superfund_WA7210090067,FORT LEWIS LOGISTICS CENTER,superfund,+47.114200,-122.536500,WA,EPA NPL,"{""external_id"":""WA7210090067"",""npl_status"":""Final NPL"",""saa"":false,""sources"":[""EPA NPL""]}"
superfund_WAD053614988,"FRONTIER HARD CHROME, INC.",superfund,+45.621500,-122.644000,WA,EPA NPL,"{""external_id"":""WAD053614988"",""npl_status"":""Deleted NPL"",""saa"":false,""sources"":[""EPA NPL""]}"
superfund_WAD001865450,GENERAL ELECTRIC CO. (SPOKANE APPARATUS SERVICE SHOP),superfund,+47.672900,-117.344100,WA,EPA NPL,"{""external_id"":""WAD001865450"",""npl_status"":""Final NPL"",""saa"":false,""sources"":[""EPA NPL""]}"
superfund_WAN001003081,GRAIN HANDLING FACILITY AT FREEMAN,superfund,47.51761975,-117.19463694,WA,EPA NPL Superfund boundaries (legacy),"{""external_id"":""WAN001003081"",""geometry_fallback"":""centroid"",""layer"":""SITE_BOUNDARIES_SF"",""npl_status"":null,""saa"":false,""sources"":[""EPA NPL Superfund boundaries (legacy)""]}"
superfund_WAD980514608,GREENACRES LANDFILL,superfund,+47.662700,-117.116900,WA,EPA NPL,"{""external_id"":""WAD980514608"",""npl_status"":""Final NPL"",""saa"":false,""sources"":[""EPA NPL""]}"
superfund_WA5210890096,HAMILTON ISLAND LANDFILL (USA/COE),superfund,+45.629583,-121.985000,WA,EPA NPL,"{""external_id"":""WA5210890096"",""npl_status"":""Deleted NPL"",""saa"":false,""sources"":[""EPA NPL""]}"
superfund_WASFN1002174,HAMILTON/LABREE ROADS GW CONTAMINATION,superfund,+46.623472,-122.933056,WA,EPA NPL,"{""external_id"":""WASFN1002174"",""npl_status"":""Final NPL"",""saa"":false,""sources"":[""EPA NPL""]}"
superfund_WA3890090076,HANFORD 100-AREA (USDOE),superfund,+46.701100,-119.482900,WA,EPA NPL,"{""external_id"":""WA3890090076"",""npl_status"":""Final NPL"",""saa"":false,""sources"":[""EPA NPL""]}"
superfund_WA4890090075,HANFORD 1100-AREA (USDOE),superfund,+46.323100,-119.284800,WA,EPA NPL,"{""external_id"":""WA4890090075"",""npl_status"":""Deleted NPL"",""saa"":false,""sources"":[""EPA NPL""]}"
superfund_WA1890090078,HANFORD 200-AREA (USDOE),superfund,+46.563331,-119.604900,WA,EPA NPL,"{""external_id"":""WA1890090078"",""npl_status"":""Final NPL"",""saa"":false,""sources"":[""EPA NPL""]}"
superfund_WA2890090077,HANFORD 300-AREA (USDOE),superfund,+46.370300,-119.275200,WA,EPA NPL,"{""external_id"":""WA2890090077"",""npl_status"":""Final NPL"",""saa"":false,""sources"":[""EPA NPL""]}"
superfund_WAD980722839,HARBOR ISLAND (LEAD),superfund,+47.579400,-122.352200,WA,EPA NPL,"{""external_id"":""WAD980722839"",""npl_status"":""Final NPL"",""saa"":false,""sources"":[""EPA NPL""]}"
superfund_WAD980511539,HIDDEN VALLEY LANDFILL (THUN FIELD),superfund,+47.095000,-122.287800,WA,EPA NPL,"{""external_id"":""WAD980511539"",""npl_status"":""Final NPL"",""saa"":false,""sources"":[""EPA NPL""]}"
superfund_WA3170090044,JACKSON PARK HOUSING COMPLEX (USNAVY),superfund,+47.588610,-122.695972,WA,EPA NPL,"{""external_id"":""WA3170090044"",""npl_status"":""Final NPL"",""saa"":false,""sources"":[""EPA NPL""]}"
superfund_WAD000065508,KAISER ALUMINUM (MEAD WORKS),superfund,+47.755000,-117.376700,WA,EPA NPL,"{""external_id"":""WAD000065508"",""npl_status"":""Final NPL"",""saa"":false,""sources"":[""EPA NPL""]}"
superfund_WAD050075662,LAKEWOOD,superfund,+47.143410,-122.512950,WA,EPA NPL,"{""external_id"":""WAD050075662"",""npl_status"":""Final NPL"",""saa"":false,""sources"":[""EPA NPL""]}"
superfund_WAN001002655,LOCKHEED WEST SEATTLE,superfund,47.583889,-122.362500,WA,EPA NPL,"{""external_id"":""WAN001002655"",""npl_status"":""Final NPL"",""saa"":false,""sources"":[""EPA NPL""]}"
superfund_WA0002329803,LOWER DUWAMISH WATERWAY,superfund,+47.510081,-122.292850,WA,EPA NPL,"{""external_id"":""WA0002329803"",""npl_status"":""Final NPL"",""saa"":false,""sources"":[""EPA NPL""]}"
superfund_WAN001002857,MAKAH RESERVATION WARMHOUSE BEACH DUMP,superfund,48.388353,-124.656711,WA,EPA NPL,"{""external_id"":""WAN001002857"",""npl_status"":""Final NPL"",""saa"":false,""sources"":[""EPA NPL""]}"
superfund_WA8570024200,MCCHORD AIR FORCE BASE (WASH RACK/TREATMENT AREA),superfund,+47.141111,-122.488900,WA,EPA NPL,"{""external_id"":""WA8570024200"",""npl_status"":""Deleted NPL"",""saa"":false,""sources"":[""EPA NPL""]}"
superfund_WAD980511661,MICA LANDFILL,superfund,+47.579169,-117.211100,WA,EPA NPL,"{""external_id"":""WAD980511661"",""npl_status"":""Final NPL"",""saa"":false,""sources"":[""EPA NPL""]}"
superfund_WAD980978753,MIDNITE MINE,superfund,+47.937500,-118.094167,WA,EPA NPL,"{""external_id"":""WAD980978753"",""npl_status"":""Final NPL"",""saa"":false,""sources"":[""EPA NPL""]}"
superfund_WAD980638910,MIDWAY LANDFILL,superfund,+47.380000,-122.293300,WA,EPA NPL,"{""external_id"":""WAD980638910"",""npl_status"":""Final NPL"",""saa"":false,""sources"":[""EPA NPL""]}"
superfund_WAD988466355,MOSES LAKE WELLFIELD CONTAMINATION,superfund,+47.204722,-119.315556,WA,EPA NPL,"{""external_id"":""WAD988466355"",""npl_status"":""Final NPL"",""saa"":false,""sources"":[""EPA NPL""]}"
superfund_WA5170090059,"NAVAL AIR STATION, WHIDBEY ISLAND (AULT FIELD)",superfund,+48.344219,-122.663700,WA,EPA NPL,"{""external_id"":""WA5170090059"",""npl_status"":""Final NPL"",""saa"":false,""sources"":[""EPA NPL""]}"
superfund_WA6170090058,"NAVAL AIR STATION, WHIDBEY ISLAND (SEAPLANE BASE)",superfund,+48.299450,-122.613300,WA,EPA NPL,"{""external_id"":""WA6170090058"",""npl_status"":""Deleted NPL"",""saa"":false,""sources"":[""EPA NPL""]}"
superfund_WA1170023419,NAVAL UNDERSEA WARFARE ENGINEERING STATION (4 WASTE AREAS),superfund,+47.694600,-122.622000,WA,EPA NPL,"{""external_id"":""WA1170023419"",""npl_status"":""Final NPL"",""saa"":false,""sources"":[""EPA NPL""]}"
superfund_WAD000641548,NORTH MARKET STREET,superfund,+47.729700,-117.362600,WA,EPA NPL,"{""external_id"":""WAD000641548"",""npl_status"":""Final NPL"",""saa"":false,""sources"":[""EPA NPL""]}"
superfund_WAD980511778,NORTHSIDE LANDFILL,superfund,+47.727500,-117.482800,WA,EPA NPL,"{""external_id"":""WAD980511778"",""npl_status"":""Deleted NPL"",""saa"":false,""sources"":[""EPA NPL""]}"
superfund_WAD980833974,NORTHWEST TRANSFORMER,superfund,+48.890500,-122.353400,WA,EPA NPL,"{""external_id"":""WAD980833974"",""npl_status"":""Deleted NPL"",""saa"":false,""sources"":[""EPA NPL""]}"
superfund_WAD027315621,NORTHWEST TRANSFORMER (SOUTH HARKNESS STREET),superfund,+48.919700,-122.343100,WA,EPA NPL,"{""external_id"":""WAD027315621"",""npl_status"":""Deleted NPL"",""saa"":false,""sources"":[""EPA NPL""]}"
superfund_WAD008957243,OESER CO.,superfund,+48.770278,-122.514444,WA,EPA NPL,"{""external_id"":""WAD008957243"",""npl_status"":""Final NPL"",""saa"":false,""sources"":[""EPA NPL""]}"
superfund_WAD980982557,OLD INLAND PIT,superfund,+47.689719,-117.198300,WA,EPA NPL,"{""external_id"":""WAD980982557"",""npl_status"":""Deleted NPL"",""saa"":false,""sources"":[""EPA NPL""]}"
superfund_WA8680030931,OLD NAVY DUMP/MANCHESTER LABORATORY (USEPA/NOAA),superfund,+47.574443,-122.548055,WA,EPA NPL,"{""external_id"":""WA8680030931"",""npl_status"":""Final NPL"",""saa"":false,""sources"":[""EPA NPL""]}"
superfund_WAD009249210,PACIFIC CAR & FOUNDRY CO.,superfund,+47.488889,-122.196400,WA,EPA NPL,"{""external_id"":""WAD009249210"",""npl_status"":""Final NPL"",""saa"":false,""sources"":[""EPA NPL""]}"
superfund_WAD009248287,PACIFIC SOUND RESOURCES,superfund,+47.582332,-122.366667,WA,EPA NPL,"{""external_id"":""WAD009248287"",""npl_status"":""Final NPL"",""saa"":false,""sources"":[""EPA NPL""]}"
superfund_WA0000026534,PALERMO WELL FIELD GROUND WATER CONTAMINATION,superfund,+47.001667,-122.904167,WA,EPA NPL,"{""external_id"":""WA0000026534"",""npl_status"":""Final NPL"",""saa"":false,""sources"":[""EPA NPL""]}"
superfund_WAD991281874,PASCO SANITARY LANDFILL,superfund,46.25456658,-119.05162179,WA,EPA NPL Superfund boundaries (legacy),"{""external_id"":""WAD991281874"",""geometry_fallback"":""centroid"",""layer"":""SITE_BOUNDARIES_SF"",""npl_status"":null,""saa"":false,""sources"":[""EPA NPL Superfund boundaries (legacy)""]}"
superfund_WAD120513957,PESTICIDE LAB (YAKIMA),superfund,46.58436162,-120.55774035,WA,EPA NPL Superfund boundaries (legacy),"{""external_id"":""WAD120513957"",""geometry_fallback"":""centroid"",""layer"":""SITE_BOUNDARIES_SF"",""npl_status"":null,""saa"":false,""sources"":[""EPA NPL Superfund boundaries (legacy)""]}"
superfund_WA4170090001,PORT HADLOCK DETACHMENT (USNAVY),superfund,+48.083471,-122.729583,WA,EPA NPL,"{""external_id"":""WA4170090001"",""npl_status"":""Deleted NPL"",""saa"":false,""sources"":[""EPA NPL""]}"
superfund_WA2170023418,PUGET SOUND NAVAL SHIPYARD COMPLEX,superfund,+47.559166,-122.647222,WA,EPA NPL,"{""external_id"":""WA2170023418"",""npl_status"":""Final NPL"",""saa"":false,""sources"":[""EPA NPL""]}"
superfund_WAD980511745,QUEEN CITY FARMS,superfund,+47.450000,-122.041700,WA,EPA NPL,"{""external_id"":""WAD980511745"",""npl_status"":""Final NPL"",""saa"":false,""sources"":[""EPA NPL""]}"
superfund_WAD980639215,QUENDALL TERMINALS,superfund,+47.533333,-122.200000,WA,EPA NPL,"{""external_id"":""WAD980639215"",""npl_status"":""Final NPL"",""saa"":false,""sources"":[""EPA NPL""]}"
superfund_WAD980639462,SEATTLE MUNICIPAL LANDFILL (KENT HIGHLANDS),superfund,47.39205588,-122.27886102,WA,EPA NPL Superfund boundaries (legacy),"{""external_id"":""WAD980639462"",""geometry_fallback"":""centroid"",""layer"":""SITE_BOUNDARIES_SF"",""npl_status"":null,""saa"":false,""sources"":[""EPA NPL Superfund boundaries (legacy)""]}"
superfund_WAD980722789,SILVER MOUNTAIN MINE,superfund,+48.745000,-119.557000,WA,EPA NPL,"{""external_id"":""WAD980722789"",""npl_status"":""Deleted NPL"",""saa"":false,""sources"":[""EPA NPL""]}"
superfund_WAD981767296,SPOKANE JUNKYARD/ASSOCIATED PROPERTIES,superfund,+47.689444,-117.370820,WA,EPA NPL,"{""external_id"":""WAD981767296"",""npl_status"":""Deleted NPL"",""saa"":false,""sources"":[""EPA NPL""]}"
superfund_WAD980723506,TOFTDAHL DRUMS,superfund,+45.754900,-122.446400,WA,EPA NPL,"{""external_id"":""WAD980723506"",""npl_status"":""Deleted NPL"",""saa"":false,""sources"":[""EPA NPL""]}"
superfund_WAD980639256,TULALIP LANDFILL,superfund,+48.041667,-122.182222,WA,EPA NPL,"{""external_id"":""WAD980639256"",""npl_status"":""Deleted NPL"",""saa"":false,""sources"":[""EPA NPL""]}"
superfund_WASFN1002171,UPPER COLUMBIA RIVER,superfund,+48.672045,-118.053241,WA,EPA NPL,"{""external_id"":""WASFN1002171"",""npl_status"":""Final NPL"",""saa"":false,""sources"":[""EPA NPL""]}"
superfund_WAD988519708,VANCOUVER WATER STATION #1 CONTAMINATION,superfund,+45.638471,-122.645417,WA,EPA NPL,"{""external_id"":""WAD988519708"",""npl_status"":""Deleted NPL"",""saa"":false,""sources"":[""EPA NPL""]}"
superfund_WAD988475158,VANCOUVER WATER STATION #4 CONTAMINATION,superfund,+45.619500,-122.622472,WA,EPA NPL,"{""external_id"":""WAD988475158"",""npl_status"":""Deleted NPL"",""saa"":false,""sources"":[""EPA NPL""]}"
superfund_WAD009487513,"WESTERN PROCESSING CO., INC.",superfund,+47.425000,-122.241700,WA,EPA NPL,"{""external_id"":""WAD009487513"",""npl_status"":""Final NPL"",""saa"":false,""sources"":[""EPA NPL""]}"
superfund_WAD009248295,WYCKOFF CO./EAGLE HARBOR,superfund,+47.621669,-122.516700,WA,EPA NPL,"{""external_id"":""WAD009248295"",""npl_status"":""Final NPL"",""saa"":false,""sources"":[""EPA NPL""]}"
superfund_WAD040187890,YAKIMA PLATING CO.,superfund,+46.572300,-120.508900,WA,EPA NPL,"{""external_id"":""WAD040187890"",""npl_status"":""Deleted NPL"",""saa"":false,""sources"":[""EPA NPL""]}"
superfund_WID980610380,ALGOMA MUNICIPAL LANDFILL,superfund,+44.597000,-87.491200,WI,EPA NPL,"{""external_id"":""WID980610380"",""npl_status"":""Final NPL"",""saa"":false,""sources"":[""EPA NPL""]}"
superfund_WIN000510210,AMCAST INDUSTRIAL CORPORATION,superfund,43.288444,-87.982056,WI,EPA NPL,"{""external_id"":""WIN000510210"",""npl_status"":""Final NPL"",""saa"":false,""sources"":[""EPA NPL""]}"
superfund_WISFN0507952,ASHLAND/NORTHERN STATES POWER LAKEFRONT,superfund,46.595972,-90.883333,WI,EPA NPL,"{""external_id"":""WISFN0507952"",""npl_status"":""Final NPL"",""saa"":false,""sources"":[""EPA NPL""]}"
superfund_WIT560010118,BETTER BRITE PLATING CO. CHROME AND ZINC SHOPS,superfund,44.438061,-88.075500,WI,EPA NPL,"{""external_id"":""WIT560010118"",""npl_status"":""Final NPL"",""saa"":false,""sources"":[""EPA NPL""]}"
superfund_WIN000510222,BURNHAM CANAL - MILLER COMPRESSING COMPANY,superfund,43.02641809,-87.92839043,WI,EPA NPL Superfund boundaries (legacy),"{""external_id"":""WIN000510222"",""geometry_fallback"":""centroid"",""layer"":""SITE_BOUNDARIES_SF"",""npl_status"":null,""saa"":true,""sources"":[""EPA NPL Superfund boundaries (legacy)"",""EPA FOIA-014""]}"
superfund_WID988590261,CEDAR CREEK,superfund,43.29237055,-87.96728958,WI,EPA NPL Superfund boundaries (legacy),"{""external_id"":""WID988590261"",""geometry_fallback"":""centroid"",""layer"":""SITE_BOUNDARIES_SF"",""npl_status"":null,""saa"":false,""sources"":[""EPA NPL Superfund boundaries (legacy)""]}"
superfund_WID980610646,CITY DISPOSAL CORP. LANDFILL,superfund,42.946389,-89.356939,WI,EPA NPL,"{""external_id"":""WID980610646"",""npl_status"":""Final NPL"",""saa"":false,""sources"":[""EPA NPL""]}"
superfund_WID980820062,DELAVAN MUNICIPAL WELL #4,superfund,42.631669,-88.623889,WI,EPA NPL,"{""external_id"":""WID980820062"",""npl_status"":""Final NPL"",""saa"":false,""sources"":[""EPA NPL""]}"
superfund_WID980820054,EAU CLAIRE MUNICIPAL WELL FIELD,superfund,44.853331,-91.503331,WI,EPA NPL,"{""external_id"":""WID980820054"",""npl_status"":""Deleted NPL"",""saa"":false,""sources"":[""EPA NPL""]}"
superfund_WID980901227,FADROWSKI DRUM DISPOSAL,superfund,+42.920700,-87.952450,WI,EPA NPL,"{""external_id"":""WID980901227"",""npl_status"":""Deleted NPL"",""saa"":false,""sources"":[""EPA NPL""]}"
superfund_WI0001954841,FOX RIVER NRDA/PCB RELEASES,superfund,+44.533100,-88.001500,WI,EPA NPL,"{""external_id"":""WI0001954841"",""npl_status"":""Proposed NPL"",""saa"":false,""sources"":[""EPA NPL""]}"
superfund_WID980610059,HAGEN FARM,superfund,+42.908900,-89.183200,WI,EPA NPL,"{""external_id"":""WID980610059"",""npl_status"":""Final NPL"",""saa"":false,""sources"":[""EPA NPL""]}"
superfund_WID052906088,HECHIMOVICH SANITARY LANDFILL,superfund,43.459531,-88.554139,WI,EPA NPL,"{""external_id"":""WID052906088"",""npl_status"":""Final NPL"",""saa"":false,""sources"":[""EPA NPL""]}"
superfund_WID980511919,HUNTS DISPOSAL LANDFILL,superfund,+42.835000,-87.880000,WI,EPA NPL,"{""external_id"":""WID980511919"",""npl_status"":""Final NPL"",""saa"":false,""sources"":[""EPA NPL""]}"
superfund_WID000712950,JANESVILLE ASH BEDS,superfund,42.703061,-89.027500,WI,EPA NPL,"{""external_id"":""WID000712950"",""npl_status"":""Final NPL"",""saa"":false,""sources"":[""EPA NPL""]}"
superfund_WID980614044,JANESVILLE OLD LANDFILL,superfund,42.702781,-89.023611,WI,EPA NPL,"{""external_id"":""WID980614044"",""npl_status"":""Final NPL"",""saa"":false,""sources"":[""EPA NPL""]}"
superfund_WID006073225,KOHLER CO. LANDFILL,superfund,+43.737500,-87.763889,WI,EPA NPL,"{""external_id"":""WID006073225"",""npl_status"":""Final NPL"",""saa"":false,""sources"":[""EPA NPL""]}"
superfund_WID058735994,LAUER I SANITARY LANDFILL,superfund,43.181389,-88.066669,WI,EPA NPL,"{""external_id"":""WID058735994"",""npl_status"":""Final NPL"",""saa"":false,""sources"":[""EPA NPL""]}"
superfund_WID980901243,"LEMBERGER LANDFILL, INC.",superfund,44.173331,-87.841669,WI,EPA NPL,"{""external_id"":""WID980901243"",""npl_status"":""Final NPL"",""saa"":false,""sources"":[""EPA NPL""]}"
superfund_WID056247208,LEMBERGER TRANSPORT & RECYCLING,superfund,+44.165500,-87.844800,WI,EPA NPL,"{""external_id"":""WID056247208"",""npl_status"":""Final NPL"",""saa"":false,""sources"":[""EPA NPL""]}"
superfund_WID078934403,MADISON METROPOLITAN SEWERAGE DISTRICT LAGOONS,superfund,43.034311,-89.346281,WI,EPA NPL,"{""external_id"":""WID078934403"",""npl_status"":""Final NPL"",""saa"":false,""sources"":[""EPA NPL""]}"
superfund_WID980820070,MASTER DISPOSAL SERVICE LANDFILL,superfund,43.092781,-88.163331,WI,EPA NPL,"{""external_id"":""WID980820070"",""npl_status"":""Final NPL"",""saa"":false,""sources"":[""EPA NPL""]}"
superfund_WID980823082,"MID-STATE DISPOSAL, INC. LANDFILL",superfund,44.848331,-90.040000,WI,EPA NPL,"{""external_id"":""WID980823082"",""npl_status"":""Final NPL"",""saa"":false,""sources"":[""EPA NPL""]}"
superfund_WID039052626,"MOSS-AMERICAN CO., INC. (KERR-MCGEE OIL CO.)",superfund,+43.177200,-88.041700,WI,EPA NPL,"{""external_id"":""WID039052626"",""npl_status"":""Final NPL"",""saa"":false,""sources"":[""EPA NPL""]}"
superfund_WID000713180,MUSKEGO SANITARY LANDFILL,superfund,+42.892900,-88.182900,WI,EPA NPL,"{""external_id"":""WID000713180"",""npl_status"":""Final NPL"",""saa"":false,""sources"":[""EPA NPL""]}"
superfund_WID083290981,"N.W. MAUTHE CO., INC.",superfund,+44.255550,-088.430000,WI,EPA NPL,"{""external_id"":""WID083290981"",""npl_status"":""Final NPL"",""saa"":false,""sources"":[""EPA NPL""]}"
superfund_WID006196174,"NATIONAL PRESTO INDUSTRIES, INC.",superfund,+44.860100,-091.452000,WI,EPA NPL,"{""external_id"":""WID006196174"",""npl_status"":""Final NPL"",""saa"":false,""sources"":[""EPA NPL""]}"
superfund_WID006183826,NORTHERN ENGRAVING CO.,superfund,43.934439,-090.814450,WI,EPA NPL,"{""external_id"":""WID006183826"",""npl_status"":""Deleted NPL"",""saa"":false,""sources"":[""EPA NPL""]}"
superfund_WID006100275,"OCONOMOWOC ELECTROPLATING CO., INC.",superfund,+43.214100,-088.522100,WI,EPA NPL,"{""external_id"":""WID006100275"",""npl_status"":""Final NPL"",""saa"":false,""sources"":[""EPA NPL""]}"
superfund_WID000808568,OMEGA HILLS NORTH LANDFILL,superfund,43.194439,-88.072219,WI,EPA NPL,"{""external_id"":""WID000808568"",""npl_status"":""Deleted NPL"",""saa"":false,""sources"":[""EPA NPL""]}"
superfund_WID980821656,ONALASKA MUNICIPAL LANDFILL,superfund,+43.957300,-091.338200,WI,EPA NPL,"{""external_id"":""WID980821656"",""npl_status"":""Final NPL"",""saa"":false,""sources"":[""EPA NPL""]}"
superfund_WID006176945,PENTA WOOD PRODUCTS,superfund,45.784508,-92.431204,WI,EPA NPL,"{""external_id"":""WID006176945"",""npl_status"":""Final NPL"",""saa"":false,""sources"":[""EPA NPL""]}"
superfund_WID980610604,REFUSE HIDEAWAY LANDFILL,superfund,+43.099200,-89.577270,WI,EPA NPL,"{""external_id"":""WID980610604"",""npl_status"":""Final NPL"",""saa"":false,""sources"":[""EPA NPL""]}"
superfund_WID980610190,RIPON CITY LANDFILL,superfund,43.866806,-88.870556,WI,EPA NPL,"{""external_id"":""WID980610190"",""npl_status"":""Final NPL"",""saa"":false,""sources"":[""EPA NPL""]}"
superfund_WID980610141,SAUK COUNTY LANDFILL,superfund,+43.514500,-089.877500,WI,EPA NPL,"{""external_id"":""WID980610141"",""npl_status"":""Final NPL"",""saa"":false,""sources"":[""EPA NPL""]}"
superfund_WID980820096,SCHMALZ DUMP,superfund,+44.210000,-88.396669,WI,EPA NPL,"{""external_id"":""WID980820096"",""npl_status"":""Final NPL"",""saa"":false,""sources"":[""EPA NPL""]}"
superfund_WID046536785,"SCRAP PROCESSING CO., INC.",superfund,+45.145600,-90.352900,WI,EPA NPL,"{""external_id"":""WID046536785"",""npl_status"":""Deleted NPL"",""saa"":false,""sources"":[""EPA NPL""]}"
superfund_WID980996367,SHEBOYGAN HARBOR & RIVER,superfund,43.749444,-087.700750,WI,EPA NPL,"{""external_id"":""WID980996367"",""npl_status"":""Final NPL"",""saa"":false,""sources"":[""EPA NPL""]}"
superfund_WIN000508215,SOLVAY COKE AND GAS COMPANY,superfund,43.01278442,-87.90721418,WI,EPA NPL Superfund boundaries (legacy),"{""external_id"":""WIN000508215"",""geometry_fallback"":""centroid"",""layer"":""SITE_BOUNDARIES_SF"",""npl_status"":null,""saa"":true,""sources"":[""EPA NPL Superfund boundaries (legacy)"",""EPA FOIA-014""]}"
superfund_WID980902969,SPICKLER LANDFILL,superfund,44.689689,-90.265611,WI,EPA NPL,"{""external_id"":""WID980902969"",""npl_status"":""Final NPL"",""saa"":false,""sources"":[""EPA NPL""]}"
superfund_WID980901219,STOUGHTON CITY LANDFILL,superfund,42.923889,-89.206389,WI,EPA NPL,"{""external_id"":""WID980901219"",""npl_status"":""Final NPL"",""saa"":false,""sources"":[""EPA NPL""]}"
superfund_WID980610299,TOMAH ARMORY,superfund,+43.992700,-90.500400,WI,EPA NPL,"{""external_id"":""WID980610299"",""npl_status"":""Deleted NPL"",""saa"":false,""sources"":[""EPA NPL""]}"
superfund_WID980616841,TOMAH FAIRGROUNDS,superfund,43.970811,-90.519839,WI,EPA NPL,"{""external_id"":""WID980616841"",""npl_status"":""Deleted NPL"",""saa"":false,""sources"":[""EPA NPL""]}"
superfund_WID980610307,TOMAH MUNICIPAL SANITARY LANDFILL,superfund,+43.994400,-090.522000,WI,EPA NPL,"{""external_id"":""WID980610307"",""npl_status"":""Final NPL"",""saa"":false,""sources"":[""EPA NPL""]}"
superfund_WIN000505544,UNITY AUTO MART,superfund,+44.851690,-90.315480,WI,EPA NPL,"{""external_id"":""WIN000505544"",""npl_status"":""Final NPL"",""saa"":false,""sources"":[""EPA NPL""]}"
superfund_WID980901235,"WASTE MANAGEMENT OF WISCONSIN, INC. (BROOKFIELD SANITARY LANDFILL)",superfund,43.04819908,-88.14940086,WI,EPA NPL Superfund boundaries (legacy),"{""external_id"":""WID980901235"",""geometry_fallback"":""centroid"",""layer"":""SITE_BOUNDARIES_SF"",""npl_status"":null,""saa"":false,""sources"":[""EPA NPL Superfund boundaries (legacy)""]}"
superfund_WID990829475,WASTE RESEARCH & RECLAMATION CO.,superfund,44.75707509,-91.45776720,WI,EPA NPL Superfund boundaries (legacy),"{""external_id"":""WID990829475"",""geometry_fallback"":""centroid"",""layer"":""SITE_BOUNDARIES_SF"",""npl_status"":null,""saa"":false,""sources"":[""EPA NPL Superfund boundaries (legacy)""]}"
superfund_WID980993521,WAUSAU GROUND WATER CONTAMINATION,superfund,+44.977300,-089.629200,WI,EPA NPL,"{""external_id"":""WID980993521"",""npl_status"":""Final NPL"",""saa"":false,""sources"":[""EPA NPL""]}"
superfund_WID980610620,WHEELER PIT,superfund,42.666669,-088.980550,WI,EPA NPL,"{""external_id"":""WID980610620"",""npl_status"":""Deleted NPL"",""saa"":false,""sources"":[""EPA NPL""]}"
superfund_WIN000510058,WPSC CAMP MARINA MGP,superfund,43.75113420,-87.71704483,WI,EPA NPL Superfund boundaries (legacy),"{""external_id"":""WIN000510058"",""geometry_fallback"":""centroid"",""layer"":""SITE_BOUNDARIES_SF"",""npl_status"":null,""saa"":true,""sources"":[""EPA NPL Superfund boundaries (legacy)"",""EPA FOIA-014""]}"
superfund_WIN000509948,WPSC GREEN BAY MGP,superfund,44.51936839,-88.00836141,WI,EPA NPL Superfund boundaries (legacy),"{""external_id"":""WIN000509948"",""geometry_fallback"":""centroid"",""layer"":""SITE_BOUNDARIES_SF"",""npl_status"":null,""saa"":true,""sources"":[""EPA NPL Superfund boundaries (legacy)"",""EPA FOIA-014""]}"
superfund_WIN000509949,WPSC MANITOWOC MGP,superfund,44.09653060,-87.66373437,WI,EPA NPL Superfund boundaries (legacy),"{""external_id"":""WIN000509949"",""geometry_fallback"":""centroid"",""layer"":""SITE_BOUNDARIES_SF"",""npl_status"":null,""saa"":true,""sources"":[""EPA NPL Superfund boundaries (legacy)"",""EPA FOIA-014""]}"
superfund_WIN000509952,WPSC MARINETTE MGP,superfund,45.09891025,-87.62344497,WI,EPA NPL Superfund boundaries (legacy),"{""external_id"":""WIN000509952"",""geometry_fallback"":""centroid"",""layer"":""SITE_BOUNDARIES_SF"",""npl_status"":null,""saa"":true,""sources"":[""EPA NPL Superfund boundaries (legacy)"",""EPA FOIA-014""]}"
superfund_WIN000509947,WPSC OSHKOSH MGP,superfund,44.01335729,-88.53397882,WI,EPA NPL Superfund boundaries (legacy),"{""external_id"":""WIN000509947"",""geometry_fallback"":""centroid"",""layer"":""SITE_BOUNDARIES_SF"",""npl_status"":null,""saa"":true,""sources"":[""EPA NPL Superfund boundaries (legacy)"",""EPA FOIA-014""]}"
superfund_WIN000509983,WPSC STEVENS POINT,superfund,44.52458869,-89.58740346,WI,EPA NPL Superfund boundaries (legacy),"{""external_id"":""WIN000509983"",""geometry_fallback"":""centroid"",""layer"":""SITE_BOUNDARIES_SF"",""npl_status"":null,""saa"":false,""sources"":[""EPA NPL Superfund boundaries (legacy)""]}"
superfund_WIN000509953,WPSC TWO RIVERS MGP,superfund,44.15282519,-87.57674700,WI,EPA NPL Superfund boundaries (legacy),"{""external_id"":""WIN000509953"",""geometry_fallback"":""centroid"",""layer"":""SITE_BOUNDARIES_SF"",""npl_status"":null,""saa"":true,""sources"":[""EPA NPL Superfund boundaries (legacy)"",""EPA FOIA-014""]}"
superfund_WV0170023691,ALLEGANY BALLISTICS LABORATORY (USNAVY),superfund,39.560972,-78.843611,WV,EPA NPL,"{""external_id"":""WV0170023691"",""npl_status"":""Final NPL"",""saa"":false,""sources"":[""EPA NPL""]}"
superfund_WVD054827944,BIG JOHN SALVAGE - HOULT ROAD,superfund,39.497222,-80.123056,WV,EPA NPL,"{""external_id"":""WVD054827944"",""npl_status"":""Final NPL"",""saa"":false,""sources"":[""EPA NPL""]}"
superfund_WVD047989207,"FIKE CHEMICAL, INC.",superfund,38.426669,-81.842500,WV,EPA NPL,"{""external_id"":""WVD047989207"",""npl_status"":""Final NPL"",""saa"":false,""sources"":[""EPA NPL""]}"
superfund_WVD004336749,FOLLANSBEE,superfund,40.34013318,-80.60694732,WV,EPA NPL Superfund boundaries (legacy),"{""external_id"":""WVD004336749"",""geometry_fallback"":""centroid"",""layer"":""SITE_BOUNDARIES_SF"",""npl_status"":null,""saa"":false,""sources"":[""EPA NPL Superfund boundaries (legacy)""]}"
superfund_WVD024185373,HANLIN-ALLIED-OLIN,superfund,39.906667,-80.801389,WV,EPA NPL,"{""external_id"":""WVD024185373"",""npl_status"":""Final NPL"",""saa"":false,""sources"":[""EPA NPL""]}"
superfund_WVD980693402,LEETOWN PESTICIDE,superfund,+39.346500,-77.909500,WV,EPA NPL,"{""external_id"":""WVD980693402"",""npl_status"":""Deleted NPL"",""saa"":false,""sources"":[""EPA NPL""]}"
superfund_WVN000306876,NORTH 25TH STREET GLASS AND ZINC,superfund,+39.297053,-80.357433,WV,EPA NPL,"{""external_id"":""WVN000306876"",""npl_status"":""Final NPL"",""saa"":false,""sources"":[""EPA NPL""]}"
superfund_WVD000850404,ORDNANCE WORKS DISPOSAL AREAS,superfund,+39.603331,-79.979719,WV,EPA NPL,"{""external_id"":""WVD000850404"",""npl_status"":""Deleted NPL"",""saa"":false,""sources"":[""EPA NPL""]}"
superfund_WVN000304985,PADEN CITY GROUNDWATER,superfund,+39.606140,-80.930248,WV,EPA NPL,"{""external_id"":""WVN000304985"",""npl_status"":""Final NPL"",""saa"":false,""sources"":[""EPA NPL""]}"
superfund_WVD000496786,PANTASOTE - WV ORDNANCE (US ARMY) OU13,superfund,38.90365916,-82.12531727,WV,EPA NPL Superfund boundaries (legacy),"{""external_id"":""WVD000496786"",""geometry_fallback"":""centroid"",""layer"":""SITE_BOUNDARIES_SF"",""npl_status"":null,""saa"":false,""sources"":[""EPA NPL Superfund boundaries (legacy)""]}"
superfund_WVSFN0305428,RAVENSWOOD PCE,superfund,38.951667,-81.761667,WV,EPA NPL,"{""external_id"":""WVSFN0305428"",""npl_status"":""Final NPL"",""saa"":false,""sources"":[""EPA NPL""]}"
superfund_WVD988768909,SHAFFER EQUIPMENT/ARBUCKLE CREEK AREA,superfund,+37.976510,-81.126500,WV,EPA NPL,"{""external_id"":""WVD988768909"",""npl_status"":""Final NPL"",""saa"":false,""sources"":[""EPA NPL""]}"
superfund_WVD000800441,SHARON STEEL CORP (FAIRMONT COKE WORKS),superfund,39.493611,-80.114444,WV,EPA NPL,"{""external_id"":""WVD000800441"",""npl_status"":""Final NPL"",""saa"":false,""sources"":[""EPA NPL""]}"
superfund_WVD988798401,VIENNA TETRACHLOROETHENE,superfund,39.325167,-81.548778,WV,EPA NPL,"{""external_id"":""WVD988798401"",""npl_status"":""Final NPL"",""saa"":false,""sources"":[""EPA NPL""]}"
superfund_WVD980713036,WEST VIRGINIA ORDNANCE (USARMY),superfund,38.926389,-82.076389,WV,EPA NPL,"{""external_id"":""WVD980713036"",""npl_status"":""Final NPL"",""saa"":false,""sources"":[""EPA NPL""]}"
superfund_WYD061112470,BAXTER/UNION PACIFIC TIE TREATING,superfund,+41.295174,-105.603235,WY,EPA NPL,"{""external_id"":""WYD061112470"",""npl_status"":""Deleted NPL"",""saa"":false,""sources"":[""EPA NPL""]}"
superfund_WY5571924179,F.E. WARREN AIR FORCE BASE,superfund,+41.152742,-104.862334,WY,EPA NPL,"{""external_id"":""WY5571924179"",""npl_status"":""Final NPL"",""saa"":false,""sources"":[""EPA NPL""]}"
superfund_WYD981546005,MYSTERY BRIDGE RD/U.S. HIGHWAY 20,superfund,+42.860581,-106.228800,WY,EPA NPL,"{""external_id"":""WYD981546005"",""npl_status"":""Deleted NPL"",""saa"":false,""sources"":[""EPA NPL""]}"
