id,name,category,lat,lon,state,source,metadata_json
landfill_1994,Anchorage Regional Landfill,landfill,61.29328100,-149.60213800,AK,EPA_LMOP,"{""ghgrp_id"":""1007341"",""city"":""Eagle River"",""county"":""Anchorage"",""zip"":""99577"",""address"":""15500 E. Eagle River Loop Road""}"
landfill_11941,Capitol Disposal Landfill,landfill,58.35280000,-134.49470000,AK,EPA_LMOP,"{""ghgrp_id"":""1010389"",""city"":""Juneau"",""county"":""Juneau"",""zip"":""99801"",""address"":""5600 Tonsgard Court""}"
landfill_12216,Central Peninsula Landfill (CPL),landfill,60.44300400,-151.10789600,AK,EPA_LMOP,"{""ghgrp_id"":""1005349"",""city"":""Soldotna"",""county"":""Kenai Peninsula"",""zip"":""99669"",""address"":""46915 Sterling Highway""}"
landfill_10960,Kodiak Island Borough Landfill,landfill,57.80874000,-152.40761000,AK,EPA_LMOP,"{""city"":""Kodiak"",""county"":""Kodiak Island"",""zip"":""99615"",""address"":""1203 Monashka Bay Road""}"
landfill_11020,Merrill Field Landfill,landfill,61.21266000,-149.84012000,AK,EPA_LMOP,"{""ghgrp_id"":""1004380"",""city"":""Anchorage"",""county"":""Anchorage"",""zip"":""99501"",""address"":""800 Merrill Field Drive""}"
landfill_10980,Palmer Central Landfill,landfill,61.59000000,-149.21000000,AK,EPA_LMOP,"{""ghgrp_id"":""1011448"",""city"":""Palmer"",""county"":""Matanuska-Susitna"",""zip"":""99645"",""address"":""1201 N. 49th State Street\nJust off the Palmer-Wasilla Highway""}"
landfill_10961,South Cushman Landfill,landfill,64.80476000,-147.70085000,AK,EPA_LMOP,"{""ghgrp_id"":""1006806"",""city"":""Fairbanks"",""county"":""Fairbanks North Star"",""zip"":""99701"",""address"":""455 Sanduri Street""}"
landfill_11000,Unalaska Landfill,landfill,53.88463000,-166.50657000,AK,EPA_LMOP,"{""city"":""Unalaska"",""county"":""Aleutians West"",""zip"":""99685"",""address"":""1181 Summer Bay Road""}"
landfill_10860,Arrowhead Landfill,landfill,32.41300000,-87.46850000,AL,EPA_LMOP,"{""ghgrp_id"":""1001297"",""city"":""Uniontown"",""county"":""Perry"",""zip"":""36786"",""address"":""On Cahaba Road\n622 Tayloe Road""}"
landfill_27,Athens/Limestone County SLF MSWLF,landfill,34.76340000,-86.93990000,AL,EPA_LMOP,"{""city"":""Athens"",""county"":""Limestone"",""zip"":""35611"",""address"":""Strain Road\noff Highway 31""}"
landfill_16,Bishop Landfill Company,landfill,34.27823000,-86.33707000,AL,EPA_LMOP,"{""city"":""Albertville"",""county"":""Marshall"",""zip"":""35950"",""address"":""379 Pleasant Grove Cutoff Road""}"
landfill_2005,Black Warrior Solid Waste Facility,landfill,33.24314000,-87.66585000,AL,EPA_LMOP,"{""ghgrp_id"":""1004245"",""city"":""Coker"",""county"":""Tuscaloosa"",""zip"":""35452"",""address"":""3301 Landfill Drive""}"
landfill_2006,Blount County/Nectar/Hayden LF & TS,landfill,33.88880000,-86.71200000,AL,EPA_LMOP,"{""city"":""Hayden"",""county"":""Blount"",""zip"":""35079"",""address"":""2390 Armstrong Loop""}"
landfill_2408,Brundidge Landfill,landfill,31.70410000,-85.82990000,AL,EPA_LMOP,"{""ghgrp_id"":""1004415"",""city"":""Brundidge"",""county"":""Pike"",""zip"":""36010"",""address"":""515 Cleanwater Drive""}"
landfill_6,Calhoun County SLF,landfill,33.67500000,-85.92000000,AL,EPA_LMOP,"{""city"":""Anniston"",""county"":""Calhoun"",""zip"":""36201"",""address"":""3625 Morrisville Road""}"
landfill_23,Cedar Hill Landfill,landfill,33.68345000,-86.25272000,AL,EPA_LMOP,"{""ghgrp_id"":""1001633"",""city"":""Ragland"",""county"":""St. Clair"",""zip"":""35131"",""address"":""1319 N. Business Creek Road""}"
landfill_8,Chastang SLF,landfill,31.06179000,-88.02503000,AL,EPA_LMOP,"{""ghgrp_id"":""1007813"",""city"":""Mt. Vernon"",""county"":""Mobile"",""zip"":""36560"",""address"":""17045 Highway 43""}"
landfill_2409,Chilton County Landfill,landfill,32.92850000,-86.74050000,AL,EPA_LMOP,"{""city"":""Thorsby"",""county"":""Chilton"",""zip"":""35171"",""address"":""300 Industrial Drive""}"
landfill_2,City of Decatur-Morgan County Regional MSW Landfill,landfill,34.61750000,-87.10163000,AL,EPA_LMOP,"{""ghgrp_id"":""1010661"",""city"":""Trinity"",""county"":""Morgan"",""zip"":""35673"",""address"":""500 Landfill Drive""}"
landfill_19,City of Dothan SLF MSWLF,landfill,31.23876600,-85.35672100,AL,EPA_LMOP,"{""ghgrp_id"":""1010957"",""city"":""Dothan"",""county"":""Houston"",""zip"":""36303"",""address"":""1290 Burkett Road""}"
landfill_9,Coffee County Sanitary Landfill,landfill,31.50705300,-86.00097500,AL,EPA_LMOP,"{""ghgrp_id"":""1006186"",""city"":""Elba"",""county"":""Coffee"",""zip"":""36323"",""address"":""7733 Highway 125""}"
landfill_4,Cullman Environmental Waste Management Center,landfill,34.02878000,-86.90069000,AL,EPA_LMOP,"{""ghgrp_id"":""1007382"",""city"":""Cullman"",""county"":""Cullman"",""zip"":""35057"",""address"":""2805 AL Highway 69 South""}"
landfill_15,Eastern Area Landfill,landfill,33.59780000,-86.62880000,AL,EPA_LMOP,"{""ghgrp_id"":""1007018"",""city"":""Birmingham"",""county"":""Jefferson"",""zip"":""35210"",""address"":""2787 Alton Drive""}"
landfill_35,Florence SLF MSWLF,landfill,34.80600500,-87.71476500,AL,EPA_LMOP,"{""city"":""Florence"",""county"":""Lauderdale"",""zip"":""35630"",""address"":""29485 Waterloo Road & Savannah Highway\nState Highway 20""}"
landfill_34,Florence SLF MSWLF (Old),landfill,34.80300000,-87.70580000,AL,EPA_LMOP,"{""city"":""Florence"",""county"":""Lauderdale"",""zip"":""35630"",""address"":""Irvine Avenue""}"
landfill_11,Huntsville MSWLF,landfill,34.68850000,-86.59200000,AL,EPA_LMOP,"{""ghgrp_id"":""1005839"",""city"":""Huntsville"",""county"":""Madison"",""zip"":""35804"",""address"":""4100 Leeman Ferry Road SW""}"
landfill_10,Irvington SLF,landfill,30.49068800,-88.21062900,AL,EPA_LMOP,"{""city"":""Irvington"",""county"":""Mobile"",""zip"":""36544"",""address"":""7195 Half Mile Road""}"
landfill_25,Jefferson County LF No. 1,landfill,33.71100000,-86.87300000,AL,EPA_LMOP,"{""ghgrp_id"":""1004014"",""city"":""Gardendale"",""county"":""Jefferson"",""zip"":""35071"",""address"":""101 Barber Boulevard""}"
landfill_13,Jefferson County LF No. 2,landfill,33.70770000,-86.71040000,AL,EPA_LMOP,"{""ghgrp_id"":""1005680"",""city"":""Pinson"",""county"":""Jefferson"",""zip"":""35126"",""address"":""7035 Narrows Road""}"
landfill_20,Magnolia Subtitle D MSW LF,landfill,30.44623200,-87.77610000,AL,EPA_LMOP,"{""ghgrp_id"":""1007875"",""city"":""Summerdale"",""county"":""Baldwin"",""zip"":""36580"",""address"":""15093 Landfill Drive""}"
landfill_31,Monroe County SLF,landfill,31.59573000,-87.33187000,AL,EPA_LMOP,"{""city"":""Monroeville"",""county"":""Monroe""}"
landfill_2011,Morris Farm Landfill,landfill,34.70381000,-87.22116000,AL,EPA_LMOP,"{""ghgrp_id"":""1002464"",""city"":""Hillsboro"",""county"":""Lawrence"",""zip"":""35643"",""address"":""4 County Road 418""}"
landfill_14,New Georgia MSWLF,landfill,33.58500000,-86.81500000,AL,EPA_LMOP,"{""ghgrp_id"":""1006028"",""city"":""Birmingham"",""county"":""Jefferson"",""zip"":""35207"",""address"":""2800 47th Avenue North""}"
landfill_18,North Montgomery SLF MSWLF,landfill,32.41310000,-86.32450000,AL,EPA_LMOP,"{""ghgrp_id"":""1006957"",""city"":""Montgomery"",""county"":""Montgomery"",""zip"":""36104"",""address"":""115 Division Street""}"
landfill_22,Pine View SLF MSWLF,landfill,33.71458000,-87.04981000,AL,EPA_LMOP,"{""ghgrp_id"":""1002646"",""city"":""Dora"",""county"":""Walker"",""zip"":""35062"",""address"":""2730 Bryan Road""}"
landfill_17,Salem Landfill,landfill,32.65347000,-85.26360000,AL,EPA_LMOP,"{""ghgrp_id"":""1003265"",""city"":""Opelika"",""county"":""Lee"",""zip"":""36804"",""address"":""4210 Lee Road 183""}"
landfill_2410,Sand Valley Landfill,landfill,34.34200000,-85.86200000,AL,EPA_LMOP,"{""ghgrp_id"":""1006304"",""city"":""Collinsville"",""county"":""DeKalb"",""zip"":""35961"",""address"":""3345 County Road 209""}"
landfill_11821,Scottsboro Landfill,landfill,34.75600000,-85.91900000,AL,EPA_LMOP,"{""ghgrp_id"":""1004860"",""city"":""Hollywood"",""county"":""Jackson"",""zip"":""35768"",""address"":""650 County Road 412""}"
landfill_12,Shannon SLF,landfill,33.42488000,-86.85479000,AL,EPA_LMOP,"{""city"":""Birmingham"",""county"":""Jefferson"",""zip"":""35211"",""address"":""2785 Shannon Oxmoor Road""}"
landfill_5,Shelby County Highway 70 Landfill,landfill,33.17178500,-86.68756600,AL,EPA_LMOP,"{""ghgrp_id"":""1007082"",""city"":""Columbiana"",""county"":""Shelby"",""zip"":""35051"",""address"":""4154 Highway 70\n401 Landfill Road""}"
landfill_32,Shoals Solid Waste Disposal Authority (SSWDA) LF,landfill,34.69400000,-87.66090000,AL,EPA_LMOP,"{""city"":""Tuscumbia"",""county"":""Colbert"",""zip"":""35674"",""address"":""2015 Missouri Street Highway 43 S""}"
landfill_7,Star Ridge Landfill,landfill,33.60527000,-86.51658000,AL,EPA_LMOP,"{""ghgrp_id"":""1006790"",""city"":""Moody"",""county"":""St. Clair"",""zip"":""35004"",""address"":""3301 Acmar Road""}"
landfill_11581,"Stones Throw Landfill, LLC",landfill,32.51540000,-85.83110000,AL,EPA_LMOP,"{""ghgrp_id"":""1006183"",""city"":""Tallassee"",""county"":""Tallapoosa"",""zip"":""36078"",""address"":""1303 Washington Boulevard""}"
landfill_2204,Three Corners Landfill,landfill,33.99620000,-85.72540000,AL,EPA_LMOP,"{""ghgrp_id"":""1007796"",""city"":""Piedmont"",""county"":""Cherokee"",""zip"":""36272"",""address"":""2205 County Road 6""}"
landfill_21,Timberlands Landfill,landfill,31.25930000,-87.19230000,AL,EPA_LMOP,"{""ghgrp_id"":""1007274"",""city"":""Brewton"",""county"":""Escambia"",""zip"":""36426"",""address"":""22800 Highway 41""}"
landfill_11982,"Turkey Trot Landfill, LLC",landfill,31.15848000,-88.19000000,AL,EPA_LMOP,"{""ghgrp_id"":""1011271"",""city"":""Citronelle"",""county"":""Washington"",""zip"":""36522"",""address"":""2328 Mannish Ryan Road""}"
landfill_2015,Walker County Landfill (Carbon Hill),landfill,33.87500000,-87.24650000,AL,EPA_LMOP,"{""city"":""Jasper"",""county"":""Walker""}"
landfill_2009,Willow Ridge Landfill,landfill,34.17569000,-87.60779000,AL,EPA_LMOP,"{""city"":""Haleyville"",""county"":""Winston"",""zip"":""35565"",""address"":""10512 Highway 13""}"
landfill_11542,Ashley County Landfill,landfill,33.21200000,-91.84759000,AR,EPA_LMOP,"{""city"":""Hamburg"",""county"":""Ashley"",""zip"":""71646"",""address"":""309 Ashley 438 Road""}"
landfill_11550,Cherokee Village Landfill,landfill,36.28126000,-91.63128000,AR,EPA_LMOP,"{""ghgrp_id"":""1002222"",""city"":""Cherokee Village"",""county"":""Fulton"",""zip"":""72529"",""address"":""300 Landfill Road""}"
landfill_11544,City of Conway Landfill,landfill,35.11190000,-92.50680000,AR,EPA_LMOP,"{""ghgrp_id"":""1005318"",""city"":""Conway"",""county"":""Faulkner"",""zip"":""72032"",""address"":""4550 Highway 64 West""}"
landfill_2052,City of Fort Smith Landfill,landfill,35.29260000,-94.37040000,AR,EPA_LMOP,"{""ghgrp_id"":""1006026"",""city"":""Fort Smith"",""county"":""Sebastian"",""zip"":""72916"",""address"":""5900 Commerce Road""}"
landfill_11547,City of Helena - West Helena Regional LF,landfill,34.56726000,-90.62900000,AR,EPA_LMOP,"{""city"":""West Helena"",""county"":""Phillips"",""zip"":""72390"",""address"":""1448 B Phillips Highway 217""}"
landfill_11541,City of Hope Landfill,landfill,33.64220000,-93.67810000,AR,EPA_LMOP,"{""city"":""Hope"",""county"":""Hempstead"",""zip"":""71801"",""address"":""3759 Highway 67 West""}"
landfill_11546,City of Morrilton Landfill,landfill,35.12970000,-92.69760000,AR,EPA_LMOP,"{""ghgrp_id"":""1011631"",""city"":""Morrilton"",""county"":""Conway"",""zip"":""72110"",""address"":""51 Dump Road""}"
landfill_21403,City of Warren Landfill,landfill,33.56117900,-92.11814000,AR,EPA_LMOP,"{""city"":""Warren"",""county"":""Bradley"",""address"":""1424 A Bradley CR 25 North""}"
landfill_2291,Craighead County Solid Waste Disposal Authority LF,landfill,35.71943400,-90.68862000,AR,EPA_LMOP,"{""ghgrp_id"":""1005397"",""city"":""Jonesboro"",""county"":""Craighead"",""zip"":""72404"",""address"":""238 County Road 476""}"
landfill_10500,Crittenden County Sanitary Landfill,landfill,35.13597000,-90.25606000,AR,EPA_LMOP,"{""ghgrp_id"":""1002732"",""city"":""West Memphis"",""county"":""Crittenden"",""zip"":""72301"",""address"":""1299 Kuhn Road""}"
landfill_21404,Drew County Sanitary Landfill,landfill,33.71937500,-91.74447400,AR,EPA_LMOP,"{""city"":""Monticello"",""county"":""Drew"",""address"":""Jose Chapel Road""}"
landfill_2282,Eco-Vista Landfill,landfill,36.14014700,-94.25607300,AR,EPA_LMOP,"{""ghgrp_id"":""1003406"",""city"":""Springdale"",""county"":""Washington"",""zip"":""72762"",""address"":""2210 Waste Management Drive""}"
landfill_11441,EMS Class 1 Landfill,landfill,34.31100000,-91.27200000,AR,EPA_LMOP,"{""city"":""DeWitt"",""county"":""Arkansas"",""zip"":""72042"",""address"":""203 Possum Waller Road""}"
landfill_21402,Fulton Landfill-Cloverdale,landfill,36.37018100,-94.08677400,AR,EPA_LMOP,"{""city"":""Rogers"",""county"":""Benton"",""address"":""Cloverdale Road""}"
landfill_11442,Jackson County Landfill,landfill,35.58940000,-91.09220000,AR,EPA_LMOP,"{""city"":""Amagon"",""county"":""Jackson"",""zip"":""72005"",""address"":""2069 Jackson CR-265""}"
landfill_2283,Jefferson County Landfill,landfill,34.34676000,-92.19214000,AR,EPA_LMOP,"{""ghgrp_id"":""1003615"",""city"":""White Hall"",""county"":""Jefferson"",""zip"":""71602"",""address"":""6000 Gravel Pit Road""}"
landfill_21405,Little River County Landfill,landfill,33.72758100,-94.24963100,AR,EPA_LMOP,"{""city"":""Ashdown"",""county"":""Little River"",""address"":""Highway 108 & County Road 11""}"
landfill_2093,Little Rock City SW Landfill,landfill,34.65129000,-92.30241000,AR,EPA_LMOP,"{""ghgrp_id"":""1004543"",""city"":""Little Rock"",""county"":""Pulaski"",""zip"":""72206"",""address"":""10803 Ironton Cut Off Road""}"
landfill_11421,Mississippi County LF,landfill,35.78000000,-89.97000000,AR,EPA_LMOP,"{""ghgrp_id"":""1004480"",""city"":""Luxora"",""county"":""Mississippi"",""zip"":""72358"",""address"":""1695 East CR-506""}"
landfill_2293,Modelfill Landfill,landfill,34.71240000,-92.33180000,AR,EPA_LMOP,"{""ghgrp_id"":""1005898"",""city"":""Little Rock"",""county"":""Pulaski"",""zip"":""72204"",""address"":""3817 Mabelvale Pike""}"
landfill_11543,NABORS Landfill,landfill,36.46390000,-92.45196000,AR,EPA_LMOP,"{""ghgrp_id"":""1006470"",""city"":""Mountain Home"",""county"":""Baxter"",""zip"":""72653"",""address"":""1320 RLH Landfill Road""}"
landfill_11280,Northeast AR RSWMD Landfill Phases 2 & 3,landfill,36.08500000,-90.45390000,AR,EPA_LMOP,"{""ghgrp_id"":""1005319"",""city"":""Paragould"",""county"":""Greene"",""zip"":""72450"",""address"":""1810 Greene 890 Road""}"
landfill_2284,Ozark Ridge Landfill,landfill,35.09000000,-93.20790000,AR,EPA_LMOP,"{""ghgrp_id"":""1007681"",""city"":""Danville"",""county"":""Yell"",""zip"":""72833"",""address"":""10140 Ozark Ridge Access Lane\nCounty Road 47 (South New Hope Road) and Hwy 7""}"
landfill_11545,"Rolling Meadows Landfill, Inc.",landfill,34.84760000,-91.59002000,AR,EPA_LMOP,"{""ghgrp_id"":""1004544"",""city"":""Hazen"",""county"":""Prairie"",""zip"":""72064"",""address"":""1420 Hamric Road""}"
landfill_11548,Saline County RWMD LF,landfill,34.56060000,-92.48180000,AR,EPA_LMOP,"{""ghgrp_id"":""1006513"",""city"":""Bauxite"",""county"":""Saline"",""zip"":""72011"",""address"":""18511 W. Sardis Road""}"
landfill_20802,Shannon Road Landfill,landfill,34.20416900,-92.09412000,AR,EPA_LMOP,"{""ghgrp_id"":""1007614"",""city"":""Pine Bluff"",""county"":""Jefferson"",""zip"":""71603"",""address"":""7700 Shannon Road""}"
landfill_2043,Two Pine Landfill,landfill,34.83710000,-92.14970000,AR,EPA_LMOP,"{""ghgrp_id"":""1007896"",""city"":""North Little Rock"",""county"":""Pulaski"",""zip"":""72117"",""address"":""100 Two Pine Drive""}"
landfill_2401,Union County Recycling & Disposal Facility,landfill,33.32000000,-92.68550000,AR,EPA_LMOP,"{""ghgrp_id"":""1004479"",""city"":""El Dorado"",""county"":""Union"",""zip"":""71730"",""address"":""3083 Smackover Highway""}"
landfill_11549,Upper Southwest RSWMD,landfill,34.07500000,-93.86800000,AR,EPA_LMOP,"{""ghgrp_id"":""1005440"",""city"":""Nashville"",""county"":""Howard"",""zip"":""71852"",""address"":""319 Landfill Road""}"
landfill_1768,27th Avenue Landfill,landfill,33.42000000,-112.11680000,AZ,EPA_LMOP,"{""ghgrp_id"":""1006280"",""city"":""Phoenix"",""county"":""Maricopa"",""zip"":""85009"",""address"":""3060 S. 27th Avenue""}"
landfill_20766,Apache County Regional Landfill - Blue Hills,landfill,34.52900000,-109.31200000,AZ,EPA_LMOP,"{""city"":""St. Johns"",""county"":""Apache"",""zip"":""85936"",""address"":""Highway 191\n3 mi NE of St. Johns""}"
landfill_1773,Apache Junction LF,landfill,33.37893000,-111.52877000,AZ,EPA_LMOP,"{""ghgrp_id"":""1004003"",""city"":""Apache Junction"",""county"":""Pinal"",""zip"":""85219"",""address"":""4050 South Tomahawk Road""}"
landfill_1783,Butterfield Station Landfill,landfill,33.08000000,-112.27570000,AZ,EPA_LMOP,"{""ghgrp_id"":""1007815"",""city"":""Mobile"",""county"":""Maricopa"",""zip"":""85139"",""address"":""40404 S. 99th Avenue""}"
landfill_12210,Cactus Landfill,landfill,32.76790000,-111.32230000,AZ,EPA_LMOP,"{""ghgrp_id"":""1006201"",""city"":""Florence"",""county"":""Pinal"",""zip"":""85132"",""address"":""22481 East Deep Well Ranch Road""}"
landfill_21259,Casa Grande Landfill,landfill,32.83004900,-111.76301500,AZ,EPA_LMOP,"{""city"":""Casa Grande"",""county"":""Pinal"",""zip"":""85230"",""address"":""5200 S. ChuiChu Road\n3.2 miles S of City""}"
landfill_20787,Cave Creek MSW Landfill,landfill,33.79000000,-111.99700000,AZ,EPA_LMOP,"{""ghgrp_id"":""1003466"",""city"":""Cave Creek"",""county"":""Maricopa"",""zip"":""85331"",""address"":""3955 E. Carefree Highway""}"
landfill_1782,Cinder Lake MSW LF,landfill,35.30700000,-111.51700000,AZ,EPA_LMOP,"{""ghgrp_id"":""1004132"",""city"":""Flagstaff"",""county"":""Coconino"",""zip"":""86004"",""address"":""6770 E. Cinder Lake Landfill Road""}"
landfill_1781,City of Chandler Landfill,landfill,33.25100000,-111.82510000,AZ,EPA_LMOP,"{""ghgrp_id"":""1007279"",""city"":""Chandler"",""county"":""Maricopa"",""zip"":""85286"",""address"":""3850 South McQueen Road""}"
landfill_1787,City of Glendale Municipal Landfill,landfill,33.53640000,-112.30650000,AZ,EPA_LMOP,"{""ghgrp_id"":""1003683"",""city"":""Glendale"",""county"":""Maricopa"",""zip"":""85307"",""address"":""11480 W Glendale Avenue""}"
landfill_20767,Cochise County Western Regional Landfill,landfill,31.71800000,-110.28800000,AZ,EPA_LMOP,"{""city"":""Huachuca City"",""county"":""Cochise"",""zip"":""85616"",""address"":""2595 N. Sagebrush Road""}"
landfill_1784,Cocopah Landfill,landfill,32.59150000,-114.67130000,AZ,EPA_LMOP,"{""city"":""Somerton"",""county"":""Yuma"",""zip"":""85350"",""address"":""16500 S. Avenue C\n1/2 mi E of County 16 & S. Avenue C""}"
landfill_2414,Copper Mountain Landfill,landfill,32.64606000,-114.04372000,AZ,EPA_LMOP,"{""ghgrp_id"":""1007963"",""city"":""Wellton"",""county"":""Yuma"",""zip"":""85356"",""address"":""34853 East County 12th Street""}"
landfill_2335,Deer Valley Landfill,landfill,33.62100000,-112.09960000,AZ,EPA_LMOP,"{""city"":""Phoenix"",""county"":""Maricopa"",""zip"":""85023"",""address"":""15202 N 19th Avenue""}"
landfill_2390,Dudleyville Landfill,landfill,32.99970000,-110.78790000,AZ,EPA_LMOP,"{""city"":""Winkelman"",""county"":""Pinal"",""zip"":""85292"",""address"":""8195 North Highway 177""}"
landfill_20753,Durham Regional Landfill,landfill,32.68000000,-111.29100000,AZ,EPA_LMOP,"{""ghgrp_id"":""1013630"",""city"":""Florence"",""county"":""Pinal"",""zip"":""85132"",""address"":""22316 S. Harmon Road\n6 miles north and 3 miles east of the I-10 Red Rock Interchange (Exit 226)""}"
landfill_2194,Gray Wolf Regional Landfill,landfill,34.51670000,-112.04830000,AZ,EPA_LMOP,"{""ghgrp_id"":""1007862"",""city"":""Dewey"",""county"":""Yavapai"",""zip"":""86327"",""address"":""23355 East Highway 169\nMile Post 11""}"
landfill_1769,Harrison Landfill,landfill,32.16270000,-110.79020000,AZ,EPA_LMOP,"{""ghgrp_id"":""1002450"",""city"":""Tucson"",""county"":""Pima"",""zip"":""85730"",""address"":""9245 East Irvington Road""}"
landfill_1785,Huachuca City Landfill,landfill,31.63700000,-110.32900000,AZ,EPA_LMOP,"{""city"":""Huachuca"",""county"":""Cochise"",""zip"":""85616"",""address"":""600 Skyline Drive""}"
landfill_2391,Ironwood Landfill,landfill,33.00770000,-111.43160000,AZ,EPA_LMOP,"{""ghgrp_id"":""1003612"",""city"":""Florence"",""county"":""Pinal"",""zip"":""85232"",""address"":""12720 East Highway 287""}"
landfill_2411,La Paz County Landfill,landfill,33.95182200,-114.21653900,AZ,EPA_LMOP,"{""ghgrp_id"":""1004056"",""city"":""Parker"",""county"":""La Paz"",""zip"":""85344"",""address"":""26999 Highway 95\nMile Post 128""}"
landfill_2412,Lake Havasu Landfill,landfill,34.54630000,-114.33900000,AZ,EPA_LMOP,"{""ghgrp_id"":""1004093"",""city"":""Lake Havasu City"",""county"":""Mohave"",""zip"":""86404"",""address"":""3251 East Chenoweth Drive""}"
landfill_12205,Lone Cactus Landfill,landfill,33.68245600,-112.06563300,AZ,EPA_LMOP,"{""ghgrp_id"":""1007543"",""city"":""Phoenix"",""county"":""Maricopa"",""zip"":""85024"",""address"":""21402 N. 7th Street""}"
landfill_1770,Los Reales Landfill,landfill,32.11920000,-110.88000000,AZ,EPA_LMOP,"{""ghgrp_id"":""1002799"",""city"":""Tucson"",""county"":""Pima"",""zip"":""85756"",""address"":""5300 E. Los Reales Road""}"
landfill_21213,Marana Regional Landfill,landfill,32.41030200,-111.28329500,AZ,EPA_LMOP,"{""ghgrp_id"":""1013218"",""city"":""Marana"",""county"":""Pima"",""zip"":""85653"",""address"":""14508 West Avra Valley Road""}"
landfill_2413,Mohave Valley Landfill,landfill,35.02208200,-114.51292900,AZ,EPA_LMOP,"{""ghgrp_id"":""1004980"",""city"":""Fort Mohave"",""county"":""Mohave"",""zip"":""86426"",""address"":""3999 El Rodeo Road""}"
landfill_1800,North Center Street Landfill,landfill,33.47837600,-111.82897100,AZ,EPA_LMOP,"{""ghgrp_id"":""1003046"",""city"":""Scottsdale"",""county"":""Maricopa"",""zip"":""85256"",""address"":""2799 North Center Street\n13602 E. Beeline Highway""}"
landfill_1786,Northwest Regional MSW Landfill,landfill,33.67800000,-112.48100000,AZ,EPA_LMOP,"{""ghgrp_id"":""1000031"",""city"":""Surprise"",""county"":""Maricopa"",""zip"":""85387"",""address"":""19401 W. Deer Valley Road""}"
landfill_1771,Painted Desert Landfill,landfill,34.99800000,-110.33470000,AZ,EPA_LMOP,"{""ghgrp_id"":""1003611"",""city"":""Joseph City"",""county"":""Navajo"",""zip"":""86032"",""address"":""9001 N. Porter Avenue""}"
landfill_1788,Queen Creek MSW Landfill,landfill,33.21950000,-111.64690000,AZ,EPA_LMOP,"{""ghgrp_id"":""1003467"",""city"":""Queen Creek"",""county"":""Maricopa"",""zip"":""85142"",""address"":""20224 E Riggs Road""}"
landfill_1789,Rio Rico MSW Landfill,landfill,31.51940000,-111.01860000,AZ,EPA_LMOP,"{""city"":""Rio Rico"",""county"":""Santa Cruz"",""zip"":""85648"",""address"":""1500 W. Frontage Road""}"
landfill_1798,Salt River Landfill,landfill,33.50877500,-111.77821400,AZ,EPA_LMOP,"{""ghgrp_id"":""1002831"",""city"":""Scottsdale"",""county"":""Maricopa"",""zip"":""85256"",""address"":""4660 N. Beeline Highway""}"
landfill_2392,Sierra Estrella Landfill,landfill,33.08000000,-112.12530000,AZ,EPA_LMOP,"{""city"":""Maricopa"",""county"":""Pinal"",""zip"":""85239"",""address"":""22087 North Ralston Road\n3 mi NW of town on State Route 238""}"
landfill_1790,Skunk Creek Landfill,landfill,33.71276000,-112.12764000,AZ,EPA_LMOP,"{""ghgrp_id"":""1004261"",""city"":""Phoenix"",""county"":""Maricopa"",""zip"":""85027"",""address"":""3165 W. Happy Valley Road""}"
landfill_20695,South Yuma County Landfill,landfill,32.56890000,-114.61613000,AZ,EPA_LMOP,"{""ghgrp_id"":""1006485"",""city"":""Yuma"",""county"":""Yuma"",""zip"":""85365"",""address"":""19536 S. Avenue 1 E""}"
landfill_1772,Southwest Regional Landfill,landfill,33.22220000,-112.63710000,AZ,EPA_LMOP,"{""ghgrp_id"":""1004240"",""city"":""Buckeye"",""county"":""Maricopa"",""zip"":""85326"",""address"":""24427 S Highway 85""}"
landfill_12141,State Route 85 Landfill,landfill,33.17891700,-112.66485000,AZ,EPA_LMOP,"{""ghgrp_id"":""1004121"",""city"":""Buckeye"",""county"":""Maricopa"",""zip"":""85326"",""address"":""28633 W. Patterson Road""}"
landfill_1791,Tangerine Road MSW Landfill,landfill,32.41944000,-111.18330000,AZ,EPA_LMOP,"{""ghgrp_id"":""1004876"",""city"":""Marana"",""county"":""Pima"",""zip"":""85653"",""address"":""10220 W. Tangerine Road""}"
landfill_1799,Tri-Cities Landfill,landfill,33.47600000,-111.82950000,AZ,EPA_LMOP,"{""ghgrp_id"":""1003229"",""city"":""Scottsdale"",""county"":""Maricopa"",""zip"":""85256"",""address"":""11630 North Beeline Highway""}"
landfill_1,Vincent Mullins Landfill,landfill,32.24102200,-110.83865800,AZ,EPA_LMOP,"{""city"":""Tucson"",""county"":""Pima"",""zip"":""85715"",""address"":""East Speedway Boulevard""}"
landfill_36,Acme LF,landfill,38.03400000,-122.09056000,CA,EPA_LMOP,"{""city"":""Martinez"",""county"":""Contra Costa"",""zip"":""94553"",""address"":""950 Waterbird Way""}"
landfill_37,Aerojet Liquid Rocket Company LF,landfill,38.58333000,-121.30000000,CA,EPA_LMOP,"{""city"":""Rancho Cordova"",""county"":""Sacramento"",""zip"":""95670""}"
landfill_349,All Purpose Landfill,landfill,37.41639000,-121.97056000,CA,EPA_LMOP,"{""ghgrp_id"":""1004335"",""city"":""Santa Clara"",""county"":""Santa Clara"",""zip"":""95054"",""address"":""5401 Lafayette Street""}"
landfill_179,Allied Imperial Landfill,landfill,32.85800000,-115.52600000,CA,EPA_LMOP,"{""ghgrp_id"":""1006197"",""city"":""Imperial"",""county"":""Imperial"",""zip"":""92251"",""address"":""104 East Robinson Road""}"
landfill_39,Altamont Landfill & Resource Recovery Facility,landfill,37.75000000,-121.65667000,CA,EPA_LMOP,"{""ghgrp_id"":""1007699"",""city"":""Livermore"",""county"":""Alameda"",""zip"":""94551"",""address"":""10840 Altamont Pass Road""}"
landfill_40,Alturas SLF,landfill,41.45861000,-120.56556000,CA,EPA_LMOP,"{""city"":""Alturas"",""county"":""Modoc"",""zip"":""96101"",""address"":""Alturas Dump Road\noff Westside Road""}"
landfill_41,Amador County SLF,landfill,38.30315000,-120.91147000,CA,EPA_LMOP,"{""city"":""Ione"",""county"":""Amador"",""zip"":""95640"",""address"":""6500 Buena Vista Road""}"
landfill_42,American Avenue Landfill,landfill,36.66171000,-120.14570000,CA,EPA_LMOP,"{""ghgrp_id"":""1004417"",""city"":""Kerman"",""county"":""Fresno"",""zip"":""93630"",""address"":""18950 West American Avenue""}"
landfill_44,American Canyon SLF,landfill,38.18056000,-122.27556000,CA,EPA_LMOP,"{""ghgrp_id"":""1004465"",""city"":""American Canyon"",""county"":""Napa"",""zip"":""94503"",""address"":""End of Eucalyptus Drive""}"
landfill_45,Anderson Landfill,landfill,40.45000000,-122.28333400,CA,EPA_LMOP,"{""ghgrp_id"":""1007839"",""city"":""Anderson"",""county"":""Shasta"",""zip"":""96007"",""address"":""18703 Cambridge Road""}"
landfill_46,Annapolis LF,landfill,38.71666700,-123.36666700,CA,EPA_LMOP,"{""city"":""Annapolis"",""county"":""Sonoma"",""zip"":""95412""}"
landfill_47,Antelope Valley Recycling and Disposal Facility,landfill,34.56768000,-118.14994000,CA,EPA_LMOP,"{""ghgrp_id"":""1007710"",""city"":""Palmdale"",""county"":""Los Angeles"",""zip"":""93551"",""address"":""1200 W. City Ranch Road""}"
landfill_48,Anza Disposal Site,landfill,33.55000000,-116.66666700,CA,EPA_LMOP,"{""city"":""Anza"",""county"":""Riverside"",""zip"":""92539""}"
landfill_49,Apple Valley Disposal Site,landfill,34.50000000,-117.11000000,CA,EPA_LMOP,"{""city"":""Apple Valley"",""county"":""San Bernardino"",""zip"":""92307"",""address"":""Yucca Loma Road""}"
landfill_50,Arvin SLF,landfill,35.19050000,-118.91450000,CA,EPA_LMOP,"{""ghgrp_id"":""1002689"",""city"":""Arvin"",""county"":""Kern"",""zip"":""93203"",""address"":""5500 North Wheeler Ridge Road""}"
landfill_351,Ascon & Desser Landfills,landfill,33.79806800,-118.23840900,CA,EPA_LMOP,"{""city"":""Wilmington"",""county"":""Los Angeles""}"
landfill_51,Austin Road Landfill,landfill,37.77950000,-121.17670000,CA,EPA_LMOP,"{""city"":""Manteca"",""county"":""San Joaquin"",""zip"":""95336"",""address"":""9999 South Austin Road""}"
landfill_52,Avenal Regional Landfill,landfill,36.01195000,-120.11535000,CA,EPA_LMOP,"{""ghgrp_id"":""1003328"",""city"":""Avenal"",""county"":""Kings"",""zip"":""93204"",""address"":""201 North Hydril Road\n1200 Skyline Boulevard""}"
landfill_53,"Azusa Land Reclamation Company, Inc.",landfill,34.11590000,-117.92900000,CA,EPA_LMOP,"{""ghgrp_id"":""1007682"",""city"":""Azusa"",""county"":""Los Angeles"",""zip"":""91702"",""address"":""1211 W. Gladstone Street""}"
landfill_55,Badlands SLF,landfill,33.95349000,-117.11758000,CA,EPA_LMOP,"{""ghgrp_id"":""1000046"",""city"":""Moreno Valley"",""county"":""Riverside"",""zip"":""92555"",""address"":""31125 Ironwood Avenue""}"
landfill_57,Baker Refuse Disposal Site,landfill,35.23300000,-116.06100000,CA,EPA_LMOP,"{""city"":""Baker"",""county"":""San Bernardino"",""zip"":""92309"",""address"":""72799 Soda Baker Road""}"
landfill_11260,Bakersfield City Landfill,landfill,35.41418000,-118.94949000,CA,EPA_LMOP,"{""ghgrp_id"":""1007654"",""city"":""Bakersfield"",""county"":""Kern"",""zip"":""93306"",""address"":""4200 Panorama Drive""}"
landfill_58,Bakersfield Metropolitan SLF (BENA),landfill,35.34387000,-118.75847000,CA,EPA_LMOP,"{""ghgrp_id"":""1002896"",""city"":""Edison"",""county"":""Kern"",""zip"":""93220"",""address"":""2951 Neumarkel Road\n17 miles E of Bakersfield, off Hwy 58""}"
landfill_59,Balance Rock Disposal Site,landfill,35.88333400,-118.66666700,CA,EPA_LMOP,"{""city"":""Balance Rock"",""county"":""Tulare"",""zip"":""93207""}"
landfill_60,Barstow Sanitary Landfill,landfill,34.83389000,-117.02000000,CA,EPA_LMOP,"{""ghgrp_id"":""1004406"",""city"":""Barstow"",""county"":""San Bernardino"",""zip"":""92311"",""address"":""32553 Barstow Road""}"
landfill_194,Bass Hill LF,landfill,40.35281000,-120.55508000,CA,EPA_LMOP,"{""city"":""Johnstonville"",""county"":""Lassen"",""zip"":""96130"",""address"":""469-700 Johnstonville Dump Road\noff Hwy 395""}"
landfill_61,Beale Air Force Base SLF,landfill,39.10000000,-121.40000000,CA,EPA_LMOP,"{""city"":""Beale Air Force Base"",""county"":""Yuba"",""zip"":""95903""}"
landfill_63,Ben Lomond Solid Waste Disposal Site,landfill,37.09375000,-122.07535000,CA,EPA_LMOP,"{""city"":""Ben Lomond"",""county"":""Santa Cruz"",""zip"":""95005"",""address"":""9835 Newell Creek Road""}"
landfill_64,Benton Crossing SLF,landfill,37.68748000,-118.78128000,CA,EPA_LMOP,"{""city"":""Whitmore Hot Springs"",""county"":""Mono"",""zip"":""93512"",""address"":""899 Pit Road""}"
landfill_65,Benton SLF,landfill,37.81825000,-118.46860000,CA,EPA_LMOP,"{""city"":""Benton"",""county"":""Mono"",""zip"":""93514"",""address"":""400 Christie Lane""}"
landfill_66,Berryessa Garbage Service Disposal Site,landfill,38.45200000,-122.18290000,CA,EPA_LMOP,"{""city"":""Napa"",""county"":""Napa"",""zip"":""94559"",""address"":""Steele Canyon Road""}"
landfill_67,Bieber Disposal Facility,landfill,41.11666700,-121.13333400,CA,EPA_LMOP,"{""city"":""Bieber"",""county"":""Lassen"",""zip"":""96009""}"
landfill_68,Big Bear Refuse Disposal Site,landfill,34.29940000,-116.87360000,CA,EPA_LMOP,"{""city"":""Big Bear City"",""county"":""San Bernardino"",""zip"":""92314"",""address"":""38550 Holcomb Valley Road""}"
landfill_69,Big Oak Flat LF,landfill,37.81286000,-120.22690000,CA,EPA_LMOP,"{""city"":""Groveland"",""county"":""Tuolumne"",""zip"":""95321"",""address"":""Jackass Creek Road""}"
landfill_70,Billy Wright Landfill,landfill,37.03949000,-120.97235000,CA,EPA_LMOP,"{""ghgrp_id"":""1006218"",""city"":""Los Banos"",""county"":""Merced"",""zip"":""93635"",""address"":""17173 S. Billy Wright Road""}"
landfill_71,Bishop Sunland,landfill,37.32961000,-118.40007000,CA,EPA_LMOP,"{""city"":""Bishop"",""county"":""Inyo"",""zip"":""93514"",""address"":""110 Sunland Reservation Road""}"
landfill_72,BKK Landfill-Phases I & II,landfill,34.03530000,-117.91300000,CA,EPA_LMOP,"{""ghgrp_id"":""1011449"",""city"":""West Covina"",""county"":""Los Angeles"",""zip"":""91792"",""address"":""2210 South Azusa Avenue""}"
landfill_73,Black Butte Solid Waste Disposal Site,landfill,41.31666700,-122.30000000,CA,EPA_LMOP,"{""city"":""Mount Shasta"",""county"":""Siskiyou"",""zip"":""96067""}"
landfill_74,Blythe Disposal Site,landfill,33.70478000,-114.62673000,CA,EPA_LMOP,"{""city"":""Blythe"",""county"":""Riverside"",""zip"":""92225"",""address"":""1000 Midland Road""}"
landfill_1774,Bonsall Landfill,landfill,33.24120000,-117.17990000,CA,EPA_LMOP,"{""city"":""Vista"",""county"":""San Diego"",""zip"":""92084"",""address"":""29000 Twin Oaks Valley Road""}"
landfill_75,Bonzi SLF,landfill,37.60566000,-121.03684000,CA,EPA_LMOP,"{""city"":""Modesto"",""county"":""Stanislaus"",""zip"":""95358"",""address"":""2650 West Hatch Road""}"
landfill_76,Boron SLF,landfill,34.99028000,-117.64750000,CA,EPA_LMOP,"{""city"":""Boron"",""county"":""Kern"",""zip"":""93516"",""address"":""11400 Boron Avenue""}"
landfill_77,Borrego Landfill,landfill,33.24800000,-116.29300000,CA,EPA_LMOP,"{""city"":""Borrego Springs"",""county"":""San Diego"",""zip"":""92004"",""address"":""2449 Palm Canyon Road""}"
landfill_78,Bradley Landfill,landfill,34.23753000,-118.38042000,CA,EPA_LMOP,"{""ghgrp_id"":""1007951"",""city"":""Sun Valley"",""county"":""Los Angeles"",""zip"":""91352"",""address"":""9227 Tujunga Avenue""}"
landfill_81,Brawley Disposal Site,landfill,32.98333400,-115.53333400,CA,EPA_LMOP,"{""city"":""Brawley"",""county"":""Imperial"",""zip"":""92227""}"
landfill_82,Bridgeport SLF,landfill,34.18333400,-118.30000000,CA,EPA_LMOP,"{""city"":""Bridgeport"",""county"":""Mono"",""zip"":""95338""}"
landfill_83,Buena Vista Drive SLF,landfill,36.91738000,-121.81142000,CA,EPA_LMOP,"{""ghgrp_id"":""1006221"",""city"":""Watsonville"",""county"":""Santa Cruz"",""zip"":""95076"",""address"":""1231 Buena Vista Drive\n150 Rountree Lane""}"
landfill_84,Burbank LF Site No. 3,landfill,34.21018000,-118.31192000,CA,EPA_LMOP,"{""ghgrp_id"":""1007600"",""city"":""Burbank"",""county"":""Los Angeles"",""zip"":""91504"",""address"":""2500 N. Bel Aire Drive""}"
landfill_85,Buttonwillow SLF,landfill,34.15000000,-118.73333400,CA,EPA_LMOP,"{""city"":""Buttonwillow"",""county"":""Kern"",""zip"":""93206""}"
landfill_87,Calabasas SLF,landfill,34.14862000,-118.70953000,CA,EPA_LMOP,"{""ghgrp_id"":""1003599"",""city"":""Agoura Hills"",""county"":""Los Angeles"",""zip"":""91301"",""address"":""5300 Lost Hills Road""}"
landfill_89,Calexico Solid Waste Disposal Site,landfill,32.67640000,-115.54565000,CA,EPA_LMOP,"{""city"":""Calexico"",""county"":""Imperial"",""zip"":""92231"",""address"":""New River & Hwy 98\n133 W Hwy 98""}"
landfill_90,California Street LF,landfill,34.08861000,-117.22100000,CA,EPA_LMOP,"{""ghgrp_id"":""1010207"",""city"":""Redlands"",""county"":""San Bernardino"",""zip"":""92373"",""address"":""2151 Nevada Street""}"
landfill_92,Camp Roberts Solid Waste Disposal Site,landfill,35.77509000,-120.73430000,CA,EPA_LMOP,"{""city"":""Camp Roberts (Mil Res)"",""county"":""San Luis Obispo"",""zip"":""93451"",""address"":""Sanitary Fill Road""}"
landfill_93,Camp San Luis Obispo LF,landfill,35.31803000,-120.74299000,CA,EPA_LMOP,"{""city"":""Los Osos"",""county"":""San Luis Obispo"",""zip"":""93406"",""address"":""Sutter Avenue""}"
landfill_94,Casa Grande Site,landfill,38.22944000,-122.60861000,CA,EPA_LMOP,"{""city"":""Petaluma"",""county"":""Sonoma"",""zip"":""94954"",""address"":""West End of Casa Grande Road""}"
landfill_95,Caspar Refuse Disposal Site,landfill,39.33800000,-123.78300000,CA,EPA_LMOP,"{""city"":""Caspar"",""county"":""Mendocino"",""zip"":""95460"",""address"":""end of Prairie Way""}"
landfill_96,Cecilville Disposal Site,landfill,41.15278000,-123.13333000,CA,EPA_LMOP,"{""city"":""Cecilville"",""county"":""Siskiyou"",""zip"":""96031"",""address"":""Eddy Gulch Road""}"
landfill_99,Chalfant SLF,landfill,37.53089000,-118.35700000,CA,EPA_LMOP,"{""city"":""Chalfant"",""county"":""Mono"",""zip"":""93514""}"
landfill_100,Chateau Fresno LF,landfill,36.68785000,-119.94598700,CA,EPA_LMOP,"{""ghgrp_id"":""1007015"",""city"":""Fresno"",""county"":""Fresno"",""zip"":""93706"",""address"":""8662 W. Muscat Avenue""}"
landfill_101,Chester SLF,landfill,40.32667000,-121.13833000,CA,EPA_LMOP,"{""city"":""Chester"",""county"":""Plumas"",""zip"":""96020"",""address"":""CR-322 Off Hwy 36\nEast Of Chester""}"
landfill_102,Chestnut Avenue SLF,landfill,36.55130000,-119.73870000,CA,EPA_LMOP,"{""city"":""Fresno"",""county"":""Fresno"",""zip"":""93725"",""address"":""12825 South Chestnut Avenue""}"
landfill_103,Chicago Grade LF,landfill,35.52333000,-120.63028000,CA,EPA_LMOP,"{""ghgrp_id"":""1013905"",""city"":""Templeton"",""county"":""San Luis Obispo"",""zip"":""93465"",""address"":""2290 Homestead Road""}"
landfill_104,China Grade SLF,landfill,35.42499000,-118.92934000,CA,EPA_LMOP,"{""ghgrp_id"":""1002898"",""city"":""Bakersfield"",""county"":""Kern"",""zip"":""93306"",""address"":""6500 Camino Grande Drive\nE of Alfred Harrell Hwy & Fairfax Road""}"
landfill_138,China Lake NWC Golf Course Landfill,landfill,35.66110000,-117.63300000,CA,EPA_LMOP,"{""city"":""China Lake NWC (Mil"",""county"":""Kern"",""zip"":""93555"",""address"":""Halsey Avenue""}"
landfill_105,Chiquita Canyon SLF,landfill,34.42806000,-118.64661000,CA,EPA_LMOP,"{""ghgrp_id"":""1002992"",""city"":""Castaic"",""county"":""Los Angeles"",""zip"":""91384"",""address"":""29201 Henry Mayo Drive""}"
landfill_107,City of Clovis LF,landfill,36.94300000,-119.68500000,CA,EPA_LMOP,"{""ghgrp_id"":""1011669"",""city"":""Clovis"",""county"":""Fresno"",""zip"":""93619"",""address"":""15679 Auberry Road""}"
landfill_11220,City of Fresno Landfill,landfill,36.70670000,-119.83110000,CA,EPA_LMOP,"{""ghgrp_id"":""1007993"",""city"":""Fresno"",""county"":""Fresno"",""zip"":""93706"",""address"":""1707 West Jensen Avenue""}"
landfill_108,City of Lompoc SLF,landfill,34.65271000,-120.44256000,CA,EPA_LMOP,"{""ghgrp_id"":""1004868"",""city"":""Lompoc"",""county"":""Santa Barbara"",""zip"":""93436"",""address"":""700 S. Avalon Road""}"
landfill_110,City of Paso Robles LF,landfill,35.66300000,-120.53200000,CA,EPA_LMOP,"{""city"":""Paso Robles"",""county"":""San Luis Obispo"",""zip"":""93446"",""address"":""9000 Highway 46 East""}"
landfill_111,City of Redding/Benton LF,landfill,40.56890000,-122.41120000,CA,EPA_LMOP,"{""city"":""Redding"",""county"":""Shasta"",""zip"":""96001"",""address"":""2001 Buenaventura Boulevard""}"
landfill_264,City of Sacramento Landfill,landfill,38.58583000,-121.46389000,CA,EPA_LMOP,"{""ghgrp_id"":""1006960"",""city"":""Sacramento"",""county"":""Sacramento"",""zip"":""95816"",""address"":""20 28th Street""}"
landfill_271,City of Santa Cruz SLF,landfill,36.97602000,-122.10608000,CA,EPA_LMOP,"{""ghgrp_id"":""1000339"",""city"":""Santa Cruz"",""county"":""Santa Cruz"",""zip"":""95060"",""address"":""605 Dimeo Lane""}"
landfill_115,City of Ukiah Solid Waste Disposal Site,landfill,39.16944000,-123.16417000,CA,EPA_LMOP,"{""ghgrp_id"":""1004828"",""city"":""Ukiah"",""county"":""Mendocino"",""zip"":""95482"",""address"":""3100 Vichy Springs Road""}"
landfill_315,City of Watsonville Landfill,landfill,36.91400000,-121.82400000,CA,EPA_LMOP,"{""ghgrp_id"":""1004364"",""city"":""Watsonville"",""county"":""Santa Cruz"",""zip"":""95076"",""address"":""730 San Andreas Road""}"
landfill_117,City of Willits Disposal Site,landfill,39.40000000,-123.35000000,CA,EPA_LMOP,"{""city"":""Willits"",""county"":""Mendocino"",""zip"":""95490""}"
landfill_11160,Clover Flat Landfill,landfill,38.58480000,-122.53400000,CA,EPA_LMOP,"{""ghgrp_id"":""1013696"",""city"":""Calistoga"",""county"":""Napa"",""zip"":""94515"",""address"":""4380 Silverado Trail""}"
landfill_120,Coachella Valley Disposal Site,landfill,33.72500000,-116.14200000,CA,EPA_LMOP,"{""ghgrp_id"":""1005654"",""city"":""Coachella"",""county"":""Riverside"",""zip"":""92236"",""address"":""Landfill Road N.\n87-011 44th Avenue""}"
landfill_121,Coalinga Disposal Site,landfill,36.10972000,-120.35918000,CA,EPA_LMOP,"{""city"":""Coalinga"",""county"":""Fresno"",""zip"":""93210"",""address"":""30825 Lost Hills Road""}"
landfill_122,Cold Canyon LF Solid Waste Disposal Site,landfill,35.18730000,-120.59579000,CA,EPA_LMOP,"{""ghgrp_id"":""1006322"",""city"":""San Luis Obispo"",""county"":""San Luis Obispo"",""zip"":""93401"",""address"":""2268 Carpenter Canyon Road""}"
landfill_124,Colton Sanitary Landfill,landfill,34.04556000,-117.33861000,CA,EPA_LMOP,"{""ghgrp_id"":""1004691"",""city"":""Colton"",""county"":""San Bernardino"",""zip"":""92324"",""address"":""850 Tropica Rancho Road""}"
landfill_125,Contra Costa SLF,landfill,37.98750000,-121.84528000,CA,EPA_LMOP,"{""ghgrp_id"":""1005955"",""city"":""Antioch"",""county"":""Contra Costa"",""zip"":""94509"",""address"":""James Donlon Boulevard\n1/4mi E/O Somersville Road""}"
landfill_342,Corona Disposal Site,landfill,33.86740000,-117.53950000,CA,EPA_LMOP,"{""ghgrp_id"":""1000369"",""city"":""Corona"",""county"":""Riverside"",""zip"":""92879"",""address"":""1300 Magnolia Avenue""}"
landfill_126,Corral Hollow LF,landfill,37.67000000,-121.45667000,CA,EPA_LMOP,"{""city"":""Tracy"",""county"":""San Joaquin"",""zip"":""95377"",""address"":""31130 S. Corral Hollow Road""}"
landfill_128,Coyote Canyon SLF,landfill,33.61680700,-117.83099200,CA,EPA_LMOP,"{""ghgrp_id"":""1002104"",""city"":""Newport Beach"",""county"":""Orange"",""zip"":""92657"",""address"":""20661 Newport Coast Drive""}"
landfill_129,Crazy Horse Landfill,landfill,36.79460000,-121.61511000,CA,EPA_LMOP,"{""ghgrp_id"":""1004419"",""city"":""Salinas"",""county"":""Monterey"",""zip"":""93907"",""address"":""350 Crazy Horse Canyon Road""}"
landfill_130,Crescent City SLF,landfill,41.79083000,-124.21861000,CA,EPA_LMOP,"{""city"":""Crescent City"",""county"":""Del Norte"",""zip"":""95531"",""address"":""Hights Access Road\nOff Old Mill Road""}"
landfill_106,Cummings Road Landfill,landfill,40.76167000,-124.08833000,CA,EPA_LMOP,"{""ghgrp_id"":""1007736"",""city"":""Eureka"",""county"":""Humboldt"",""zip"":""95503"",""address"":""5775 Cummings Road""}"
landfill_12146,CWMI - KHF (MSW Landfill B-19),landfill,35.95942000,-120.00852000,CA,EPA_LMOP,"{""ghgrp_id"":""1007794"",""city"":""Kettleman City"",""county"":""Kings"",""zip"":""93239"",""address"":""35251 Old Skyline Road""}"
landfill_333,Davis Street LF,landfill,37.71440000,-122.19480000,CA,EPA_LMOP,"{""ghgrp_id"":""1003800"",""city"":""San Leandro"",""county"":""Alameda"",""zip"":""94577"",""address"":""2615 Davis Street""}"
landfill_132,Deep Springs College Disposal Site,landfill,37.36404000,-117.98711000,CA,EPA_LMOP,"{""city"":""Deep Springs"",""county"":""Inyo"",""zip"":""89010"",""address"":""Off Hwy 168\ndue East Of Big Pine""}"
landfill_139,Desert Center LF,landfill,33.77754000,-115.40867000,CA,EPA_LMOP,"{""city"":""Desert Center"",""county"":""Riverside"",""zip"":""92239"",""address"":""17991 Kaiser Road""}"
landfill_135,Dixon Pit LF,landfill,38.41666700,-121.36666700,CA,EPA_LMOP,"{""city"":""Elk Grove"",""county"":""Sacramento"",""zip"":""95624""}"
landfill_136,Double Butte Disposal Site,landfill,33.72000000,-117.10833000,CA,EPA_LMOP,"{""ghgrp_id"":""1000367"",""city"":""Winchester"",""county"":""Riverside"",""zip"":""92596"",""address"":""31710 Grand Avenue""}"
landfill_140,Eagleville Disposal Site,landfill,41.31667000,-120.04167000,CA,EPA_LMOP,"{""city"":""Eagleville"",""county"":""Modoc"",""zip"":""96104""}"
landfill_141,Earlimart Disposal Site,landfill,35.91989000,-119.26696000,CA,EPA_LMOP,"{""city"":""Earlimart"",""county"":""Tulare"",""zip"":""93219"",""address"":""INT of Ave 72 & Rd 136\n2 mi N of town""}"
landfill_142,Eastern Regional LF,landfill,39.35250000,-120.18980000,CA,EPA_LMOP,"{""city"":""Truckee"",""county"":""Placer"",""zip"":""96161""}"
landfill_143,Eastlake SLF,landfill,38.95333000,-122.60083000,CA,EPA_LMOP,"{""ghgrp_id"":""1011676"",""city"":""Clearlake"",""county"":""Lake"",""zip"":""95422"",""address"":""16015 Davis Avenue""}"
landfill_144,Edom Hill Disposal Site,landfill,33.87953500,-116.43680900,CA,EPA_LMOP,"{""ghgrp_id"":""1000368"",""city"":""Desert Hot Springs"",""county"":""Riverside"",""zip"":""92241"",""address"":""70-100 Edom Hill Road\n1.3 miles East of Varner Road""}"
landfill_145,Edwards Air Force Base-Main Base LF,landfill,34.95605000,-117.95627000,CA,EPA_LMOP,"{""city"":""Edwards Air Force Base"",""county"":""Kern"",""zip"":""93523"",""address"":""220 Landfill Road""}"
landfill_147,El Sobrante SLF,landfill,33.79923000,-117.46786000,CA,EPA_LMOP,"{""ghgrp_id"":""1007693"",""city"":""Corona"",""county"":""Riverside"",""zip"":""92883-5020"",""address"":""10910 Dawson Canyon Road""}"
landfill_148,Evans Road LF,landfill,39.06700000,-122.17500000,CA,EPA_LMOP,"{""city"":""Arbuckle"",""county"":""Colusa"",""zip"":""95912"",""address"":""Evans Road & Hahn Road\n2.5 miles south of Meyers Road""}"
landfill_149,Exeter Disposal Site,landfill,36.22956000,-119.15245000,CA,EPA_LMOP,"{""city"":""Lindsay"",""county"":""Tulare"",""zip"":""93247"",""address"":""242 Avenue & Road 188""}"
landfill_150,Fairmead Solid Waste Disposal Site,landfill,37.06468000,-120.19910000,CA,EPA_LMOP,"{""ghgrp_id"":""1003202"",""city"":""Chowchilla"",""county"":""Madera"",""zip"":""93610"",""address"":""21739 Road 19""}"
landfill_151,Fink Road LF,landfill,37.38816000,-121.13633000,CA,EPA_LMOP,"{""ghgrp_id"":""1003814"",""city"":""Crows Landing"",""county"":""Stanislaus"",""zip"":""95313"",""address"":""4000 Fink Road""}"
landfill_153,"Foothill Sanitary Landfill, Inc.",landfill,38.03710000,-120.94489000,CA,EPA_LMOP,"{""ghgrp_id"":""1007198"",""city"":""Linden"",""county"":""San Joaquin"",""zip"":""95236"",""address"":""6484 North Waverly Road""}"
landfill_154,Fort Bidwell LF,landfill,37.88333400,-121.26666700,CA,EPA_LMOP,"{""city"":""Fort Bidwell"",""county"":""Modoc"",""zip"":""96112""}"
landfill_259,Fort Irwin Sanitary Landfill,landfill,35.26589000,-116.66233000,CA,EPA_LMOP,"{""city"":""Fort Irwin (Mil Res)"",""county"":""San Bernardino"",""zip"":""92310"",""address"":""Reserve Component Training Center""}"
landfill_11120,Forward Landfill,landfill,37.87462400,-121.18330000,CA,EPA_LMOP,"{""ghgrp_id"":""1004010"",""city"":""Manteca"",""county"":""San Joaquin"",""zip"":""95336"",""address"":""9999 S. Austin Road""}"
landfill_156,Foxen Canyon SLF,landfill,37.95000000,-121.28333400,CA,EPA_LMOP,"{""city"":""Los Olivos"",""county"":""Santa Barbara"",""zip"":""93441""}"
landfill_62,Frank R. Bowerman SLF,landfill,33.72053000,-117.70947000,CA,EPA_LMOP,"{""ghgrp_id"":""1002107"",""city"":""Irvine"",""county"":""Orange"",""zip"":""92602"",""address"":""11002 Bee Canyon Access Road""}"
landfill_157,French Camp Landfill,landfill,37.91600000,-121.29500000,CA,EPA_LMOP,"{""city"":""Stockton"",""county"":""San Joaquin"",""zip"":""95206"",""address"":""3335 Manthey Road""}"
landfill_158,Furnace Creek,landfill,36.47000000,-116.85300000,CA,EPA_LMOP,"{""city"":""Furnace Creek Ranch"",""county"":""Inyo"",""zip"":""92328"",""address"":""Spur Road\noff Hwy 190""}"
landfill_159,Geer Road SLF,landfill,37.62609000,-120.85000000,CA,EPA_LMOP,"{""ghgrp_id"":""1003813"",""city"":""Modesto"",""county"":""Stanislaus"",""zip"":""95357"",""address"":""750 Geer Road""}"
landfill_160,Glenn County LF Site,landfill,39.63400000,-122.28500000,CA,EPA_LMOP,"{""city"":""Artois"",""county"":""Glenn"",""zip"":""95913"",""address"":""5700 County Road 33""}"
landfill_161,Glennville LF,landfill,35.71993000,-118.68282000,CA,EPA_LMOP,"{""city"":""Glennville"",""county"":""Kern"",""zip"":""93226"",""address"":""Evans Road""}"
landfill_162,Goldstone Deep Space Comm Complex,landfill,35.30540000,-116.79893000,CA,EPA_LMOP,"{""city"":""Fort Irwin (Mil Res)"",""county"":""San Bernardino""}"
landfill_163,Gopher Hill SLF,landfill,39.95400000,-121.03100000,CA,EPA_LMOP,"{""city"":""Spanish Ranch"",""county"":""Plumas"",""zip"":""95963"",""address"":""Bucks Lake And Snake Lake Roads""}"
landfill_164,Guadalupe Rubbish Disposal Facility,landfill,37.21139000,-121.90139000,CA,EPA_LMOP,"{""ghgrp_id"":""1007837"",""city"":""San Jose"",""county"":""Santa Clara"",""zip"":""95120"",""address"":""15999 Guadalupe Mines Road""}"
landfill_165,Hanford SLF,landfill,36.30907000,-119.59573000,CA,EPA_LMOP,"{""ghgrp_id"":""1011716"",""city"":""Hanford"",""county"":""Kings"",""zip"":""93230"",""address"":""7803 Hanford-Armona Road\nat SE corner of INT with Hwy 43""}"
landfill_166,Happy Camp Solid Waste Disposal site,landfill,41.78000000,-123.40000000,CA,EPA_LMOP,"{""city"":""Happy Camp"",""county"":""Siskiyou"",""zip"":""96039"",""address"":""Chambers Drive""}"
landfill_167,Harney Lane SLF,landfill,38.09940000,-121.13640000,CA,EPA_LMOP,"{""city"":""Lodi"",""county"":""San Joaquin"",""zip"":""95240"",""address"":""1/4 Mi E Of Jack Tone Road""}"
landfill_11340,Healdsburg Landfill,landfill,38.65080000,-122.86850000,CA,EPA_LMOP,"{""city"":""Healdsburg"",""county"":""Sonoma"",""zip"":""95448"",""address"":""166 Alexander Valley Road""}"
landfill_169,Herlong Disposal Facility,landfill,40.13669000,-120.17019000,CA,EPA_LMOP,"{""city"":""Herlong"",""county"":""Lassen"",""zip"":""96113"",""address"":""County Road 328""}"
landfill_170,Hesperia Refuse Disposal Site,landfill,34.34600000,-117.34900000,CA,EPA_LMOP,"{""city"":""Hesperia"",""county"":""San Bernardino"",""zip"":""92345"",""address"":""7 miles South on Hesperia Road""}"
landfill_171,Highgrove SLF,landfill,34.00667000,-117.28667000,CA,EPA_LMOP,"{""ghgrp_id"":""1006079"",""city"":""Moreno Valley"",""county"":""Riverside"",""zip"":""92557"",""address"":""1420 Highgrove Pass Road""}"
landfill_172,Highway 59 Landfill,landfill,37.39389000,-120.49778000,CA,EPA_LMOP,"{""ghgrp_id"":""1006216"",""city"":""Merced"",""county"":""Merced"",""zip"":""95348"",""address"":""7040 N. Hwy 59\n6 miles N. of Merced""}"
landfill_173,Hillside Solid Waste Disposal Site,landfill,37.68300000,-122.44400000,CA,EPA_LMOP,"{""city"":""Colma"",""county"":""San Mateo"",""zip"":""94014"",""address"":""1 Sand Hill Road""}"
landfill_175,Holtville Disposal Site,landfill,32.81666700,-115.38333400,CA,EPA_LMOP,"{""city"":""Holtville"",""county"":""Imperial"",""zip"":""92250""}"
landfill_177,Hot Spa Cut & Fill Site,landfill,33.41528000,-115.67611000,CA,EPA_LMOP,"{""city"":""Niland"",""county"":""Imperial"",""zip"":""92257"",""address"":""10466 Spa Road""}"
landfill_178,Hotelling Gulch Disposal Site,landfill,41.23833000,-123.27389000,CA,EPA_LMOP,"{""city"":""Forks of Salmon"",""county"":""Siskiyou"",""zip"":""96031""}"
landfill_325,Imperial Waste Site,landfill,32.84552000,-115.68112000,CA,EPA_LMOP,"{""city"":""Imperial"",""county"":""Imperial"",""zip"":""92251"",""address"":""1705 West Worthington Road""}"
landfill_180,Independence Disposal Site,landfill,36.78840000,-118.17586000,CA,EPA_LMOP,"{""city"":""Independence"",""county"":""Inyo"",""zip"":""93526"",""address"":""End of Dump Road""}"
landfill_335,Industry Hills Sheraton Resort,landfill,34.02100000,-117.92778000,CA,EPA_LMOP,"{""city"":""Industry Hills"",""county"":""Los Angeles"",""zip"":""91744"",""address"":""#1 Industry Hills Parkway""}"
landfill_241,"Intermountain Landfill, Inc.",landfill,33.43333400,-114.75000000,CA,EPA_LMOP,"{""city"":""Hat Creek"",""county"":""Shasta"",""zip"":""96013""}"
landfill_181,John Smith Road Class III Landfill,landfill,36.82500000,-121.32400000,CA,EPA_LMOP,"{""ghgrp_id"":""1002886"",""city"":""Hollister"",""county"":""San Benito"",""zip"":""95023"",""address"":""2650 John Smith Road""}"
landfill_182,Johnson Canyon SLF,landfill,36.53167000,-121.40667000,CA,EPA_LMOP,"{""ghgrp_id"":""1007128"",""city"":""Gonzales"",""county"":""Monterey"",""zip"":""93926"",""address"":""31400 Johnson Canyon Road""}"
landfill_183,Jolon Road SLF,landfill,36.16683000,-121.13061000,CA,EPA_LMOP,"{""city"":""King City"",""county"":""Monterey"",""zip"":""93930""}"
landfill_184,Keller Canyon LF,landfill,38.00472000,-121.93611000,CA,EPA_LMOP,"{""ghgrp_id"":""1004011"",""city"":""Pittsburg"",""county"":""Contra Costa"",""zip"":""94565"",""address"":""901 Bailey Road""}"
landfill_185,Kelly Gulch Solid Waste Disposal Site,landfill,41.32667000,-123.15400000,CA,EPA_LMOP,"{""city"":""Sawyers Bar"",""county"":""Siskiyou""}"
landfill_186,Kennedy Meadows Disposal Site,landfill,35.99100000,-118.10500000,CA,EPA_LMOP,"{""city"":""Johnsondale"",""county"":""Tulare"",""zip"":""93207"",""address"":""Goman Rd W Of Mountain Rd M-152""}"
landfill_187,Kern Valley LF,landfill,35.75000000,-118.43333400,CA,EPA_LMOP,"{""city"":""Kernville"",""county"":""Kern"",""zip"":""93285""}"
landfill_265,Kiefer LF,landfill,38.52099000,-121.19890000,CA,EPA_LMOP,"{""ghgrp_id"":""1004037"",""city"":""Sloughhouse"",""county"":""Sacramento"",""zip"":""95683"",""address"":""12701 Kiefer Boulevard & Grant Line Road""}"
landfill_188,Kirby Canyon Recycling & Disposal Facility,landfill,37.18507000,-121.67109000,CA,EPA_LMOP,"{""ghgrp_id"":""1007817"",""city"":""Morgan Hill"",""county"":""Santa Clara"",""zip"":""95037"",""address"":""910 Coyote Creek Golf Drive""}"
landfill_189,L & D Landfill Company,landfill,38.52800000,-121.37800000,CA,EPA_LMOP,"{""city"":""Sacramento"",""county"":""Sacramento"",""zip"":""95826"",""address"":""8635 Fruitridge Road""}"
landfill_190,Lake City LF,landfill,41.63100000,-120.11600000,CA,EPA_LMOP,"{""city"":""Lake City"",""county"":""Modoc"",""zip"":""96115"",""address"":""County Rd #15-C""}"
landfill_191,Lamb Canyon Sanitary Landfill,landfill,33.88389000,-116.99722000,CA,EPA_LMOP,"{""ghgrp_id"":""1002134"",""city"":""Beaumont"",""county"":""Riverside"",""zip"":""92223"",""address"":""16411 Lamb Canyon Road""}"
landfill_314,Lancaster Landfill,landfill,34.74740000,-118.11650000,CA,EPA_LMOP,"{""ghgrp_id"":""1007841"",""city"":""Lancaster"",""county"":""Los Angeles"",""zip"":""93535"",""address"":""600 East Avenue `F`""}"
landfill_192,Landers Sanitary Landfill,landfill,34.24048000,-116.38152000,CA,EPA_LMOP,"{""ghgrp_id"":""1007424"",""city"":""Landers"",""county"":""San Bernardino"",""zip"":""92285"",""address"":""59200 Winters Road\n1/2 mile E. of Avalon Avenue""}"
landfill_193,Las Pulgas LF,landfill,33.36444000,-117.41921000,CA,EPA_LMOP,"{""ghgrp_id"":""1002224"",""city"":""Camp Pendleton (Mil Res)"",""county"":""San Diego"",""zip"":""92055"",""address"":""1 mi N of Camp Pulgas, off Basilone Road""}"
landfill_195,Lava Beds Disposal Site,landfill,41.70000000,-121.46667000,CA,EPA_LMOP,"{""city"":""Tulelake"",""county"":""Siskiyou"",""zip"":""96134""}"
landfill_197,Lebec SLF,landfill,34.82697000,-118.88773000,CA,EPA_LMOP,"{""city"":""Lebec"",""county"":""Kern"",""zip"":""93243"",""address"":""300 Landfill Road""}"
landfill_198,Lenwood-Hinkley Refuse Disposal Site,landfill,34.93550000,-117.11830000,CA,EPA_LMOP,"{""city"":""Lenwood"",""county"":""San Bernardino"",""zip"":""92311"",""address"":""37751 Lenwood Road""}"
landfill_199,Lewis Road SLF,landfill,36.88083000,-121.69944000,CA,EPA_LMOP,"{""city"":""Pajaro"",""county"":""Monterey"",""zip"":""95076"",""address"":""1010 Lewis Road""}"
landfill_200,Lone Pine Disposal Site,landfill,36.59421000,-118.03495000,CA,EPA_LMOP,"{""city"":""Lone Pine"",""county"":""Inyo"",""zip"":""93545"",""address"":""End of Substation Road""}"
landfill_201,Lopez Canyon SLF,landfill,34.29028000,-118.39111000,CA,EPA_LMOP,"{""ghgrp_id"":""1006107"",""city"":""Sylmar"",""county"":""Los Angeles"",""zip"":""91342"",""address"":""11950 Lopez Canyon Road""}"
landfill_202,Lost Hills SLF,landfill,35.63110000,-119.75732000,CA,EPA_LMOP,"{""city"":""Lost Hills"",""county"":""Kern"",""zip"":""93249"",""address"":""14251 Holloway Road""}"
landfill_203,Loyalton LF,landfill,39.67000000,-120.22000000,CA,EPA_LMOP,"{""city"":""Loyalton"",""county"":""Sierra"",""zip"":""96118"",""address"":""Garbage Pit Road\n1 Mi E Loyalton""}"
landfill_204,Lucerne Valley Disposal Site,landfill,34.43070000,-116.85420000,CA,EPA_LMOP,"{""city"":""Lucerne Valley"",""county"":""San Bernardino"",""zip"":""92356"",""address"":""Camp Rock Road""}"
landfill_205,Madeline Disposal Facility,landfill,41.05000000,-120.45333000,CA,EPA_LMOP,"{""city"":""Madeline"",""county"":""Lassen"",""zip"":""96119""}"
landfill_206,Mariposa County SLF,landfill,37.50432000,-120.00580000,CA,EPA_LMOP,"{""city"":""Mariposa"",""county"":""Mariposa"",""zip"":""95338"",""address"":""5593 Hwy 49 N""}"
landfill_336,Marsh Road LF,landfill,37.49290000,-122.17590000,CA,EPA_LMOP,"{""city"":""Menlo Park"",""county"":""San Mateo"",""zip"":""94025"",""address"":""1600 Marsh Road\nNorth End Of Marsh Road at Bayfront Expwy""}"
landfill_207,McCloud Community Services District LF,landfill,41.24200000,-122.13200000,CA,EPA_LMOP,"{""city"":""McCloud"",""county"":""Siskiyou"",""zip"":""96057"",""address"":""Timber Road""}"
landfill_208,McCourtney LF,landfill,39.17260000,-121.11210000,CA,EPA_LMOP,"{""city"":""Grass Valley"",""county"":""Nevada"",""zip"":""95949"",""address"":""14741 Wolf Mountain Road""}"
landfill_209,McFarland-Delano SLF,landfill,35.74100000,-119.25400000,CA,EPA_LMOP,"{""city"":""Delano"",""county"":""Kern"",""zip"":""93215"",""address"":""Stradley Avenue\n3 mi S. of Delano""}"
landfill_210,Mead Valley Disposal Site,landfill,33.79570000,-117.28320000,CA,EPA_LMOP,"{""ghgrp_id"":""1000366"",""city"":""Perris"",""county"":""Riverside"",""zip"":""92570"",""address"":""22376 Forrest Road""}"
landfill_211,Mecca LF II,landfill,33.57194000,-116.00306000,CA,EPA_LMOP,"{""city"":""Mecca"",""county"":""Riverside"",""zip"":""92254"",""address"":""95250 66th Avenue\nBox Canyon Road & Garfield Street""}"
landfill_338,Mid-Valley Sanitary LF,landfill,34.14333000,-117.43000000,CA,EPA_LMOP,"{""ghgrp_id"":""1003918"",""city"":""Rialto"",""county"":""San Bernardino"",""zip"":""92377"",""address"":""2390 N. Alder Avenue""}"
landfill_213,Milliken SLF,landfill,34.03650000,-117.55830000,CA,EPA_LMOP,"{""ghgrp_id"":""1006293"",""city"":""Ontario"",""county"":""San Bernardino"",""zip"":""91761"",""address"":""2050 S. Milliken Avenue""}"
landfill_10141,Mission Canyon Landfill,landfill,34.11020000,-118.48240000,CA,EPA_LMOP,"{""city"":""Los Angeles"",""county"":""Los Angeles"",""zip"":""90049"",""address"":""1801 & 2501 North Sepulveda Boulevard""}"
landfill_337,Mission Hills,landfill,34.10730000,-118.48760000,CA,EPA_LMOP,"{""city"":""Los Angeles"",""county"":""Los Angeles"",""zip"":""90049"",""address"":""12445 Mountaingate Drive""}"
landfill_215,Mojave-Rosamond SLF,landfill,34.99336000,-118.13881000,CA,EPA_LMOP,"{""city"":""Mojave"",""county"":""Kern"",""zip"":""93501"",""address"":""400 Silver Queen Road""}"
landfill_217,Monterey Peninsula SLF,landfill,36.71333000,-121.76667000,CA,EPA_LMOP,"{""ghgrp_id"":""1004550"",""city"":""Marina"",""county"":""Monterey"",""zip"":""93933"",""address"":""14201 Del Monte Blvd""}"
landfill_218,Morongo Disposal Site,landfill,34.05570000,-116.55800000,CA,EPA_LMOP,"{""city"":""Morongo Valley"",""county"":""San Bernardino"",""zip"":""92256"",""address"":""1/2 mile East of Highway 62""}"
landfill_220,Neal Road Recycling and Waste Facility,landfill,39.67425000,-121.72929000,CA,EPA_LMOP,"{""ghgrp_id"":""1004052"",""city"":""Paradise"",""county"":""Butte"",""zip"":""95969"",""address"":""1023 Neal Road""}"
landfill_221,Needles Solid Waste Disposal Site,landfill,34.85260000,-114.63100000,CA,EPA_LMOP,"{""city"":""Needles"",""county"":""San Bernardino"",""zip"":""92363"",""address"":""13930 Needles Landfill Road""}"
landfill_222,New Cuyama SLF,landfill,34.95000000,-119.70000000,CA,EPA_LMOP,"{""city"":""New Cuyama"",""county"":""Santa Barbara"",""zip"":""93254"",""address"":""1/4 miles SW of New Cuyama""}"
landfill_224,Newberry Springs Disposal Site,landfill,34.79100000,-116.66000000,CA,EPA_LMOP,"{""city"":""Newberry Springs"",""county"":""San Bernardino"",""zip"":""92365"",""address"":""Poniete Drive\n3 miles South of Highway 66""}"
landfill_225,"Newby Island SLF Phases I, II, & III",landfill,37.45897000,-121.94108000,CA,EPA_LMOP,"{""ghgrp_id"":""1006179"",""city"":""Milpitas"",""county"":""Santa Clara"",""zip"":""95035"",""address"":""1601 Dixon Landing Road""}"
landfill_226,Niland Cut & Fill Site,landfill,33.27111000,-115.49167000,CA,EPA_LMOP,"{""city"":""Niland"",""county"":""Imperial"",""zip"":""92257"",""address"":""8450 Cuff Road""}"
landfill_228,North Belridge Solid Waste Disposal Site,landfill,35.52613000,-119.78603000,CA,EPA_LMOP,"{""city"":""Lost Hills"",""county"":""Kern"",""zip"":""93249""}"
landfill_227,North County SLF,landfill,38.09700000,-121.10194000,CA,EPA_LMOP,"{""ghgrp_id"":""1007197"",""city"":""Lodi"",""county"":""San Joaquin"",""zip"":""95240"",""address"":""17720 East Harney Lane""}"
landfill_20794,North Miramar SLF,landfill,32.85600000,-117.16200000,CA,EPA_LMOP,"{""ghgrp_id"":""1007558"",""city"":""San Diego"",""county"":""San Diego"",""zip"":""92111"",""address"":""5180 Convoy Street""}"
landfill_229,Oasis Disposal Site,landfill,33.43900000,-116.08150000,CA,EPA_LMOP,"{""city"":""Oasis"",""county"":""Riverside"",""zip"":""92274"",""address"":""84-505 84th Avenue""}"
landfill_230,Ocotillo Cut & Fill,landfill,32.73333400,-116.00000000,CA,EPA_LMOP,"{""city"":""Ocotillo"",""county"":""Imperial"",""zip"":""92274""}"
landfill_232,Olinda Alpha SLF,landfill,33.93361000,-117.84361000,CA,EPA_LMOP,"{""ghgrp_id"":""1002320"",""city"":""Brea"",""county"":""Orange"",""zip"":""92823"",""address"":""1942 N. Valencia Avenue""}"
landfill_2162,"Operating Industries, Inc. LF (OII)",landfill,34.03100000,-118.10800000,CA,EPA_LMOP,"{""city"":""Monterey Park"",""county"":""Los Angeles"",""zip"":""91754"",""address"":""900 Potrero Grande Drive\nEnd of Greenwood Avenue""}"
landfill_233,Orange Avenue Disposal Inc.,landfill,36.68694000,-119.76306000,CA,EPA_LMOP,"{""city"":""Fresno"",""county"":""Fresno"",""zip"":""93725"",""address"":""3280 South Orange Avenue""}"
landfill_234,Oro Grande LF,landfill,34.63400000,-117.30700000,CA,EPA_LMOP,"{""city"":""Oro Grande"",""county"":""San Bernardino"",""zip"":""92368"",""address"":""19409 National Trails Highway""}"
landfill_236,Otay LF,landfill,32.60400000,-117.00500000,CA,EPA_LMOP,"{""ghgrp_id"":""1008030"",""city"":""Chula Vista"",""county"":""San Diego"",""zip"":""91911"",""address"":""1700 Maxwell Road""}"
landfill_238,Ox Mountain SLF,landfill,37.49900000,-122.41200000,CA,EPA_LMOP,"{""ghgrp_id"":""1007112"",""city"":""Half Moon Bay"",""county"":""San Mateo"",""zip"":""94019"",""address"":""12310 San Mateo Road""}"
landfill_56,Oxnard Landfills,landfill,34.22857000,-119.22435000,CA,EPA_LMOP,"{""ghgrp_id"":""1005092"",""city"":""Oxnard"",""county"":""Ventura"",""zip"":""93036"",""address"":""4105 West Gonzales Road""}"
landfill_332,Palo Alto LF,landfill,37.45000000,-122.10500000,CA,EPA_LMOP,"{""ghgrp_id"":""1005865"",""city"":""Palo Alto"",""county"":""Santa Clara"",""zip"":""94303"",""address"":""2830 Embarcadero Road""}"
landfill_242,Palo Verde Cut & Fill Site,landfill,33.35000000,-118.31666700,CA,EPA_LMOP,"{""city"":""Palo Verde"",""county"":""Imperial"",""zip"":""92266""}"
landfill_1780,Palos Verdes Landfill,landfill,33.79189000,-118.35243000,CA,EPA_LMOP,"{""ghgrp_id"":""1003361"",""city"":""Rolling Hills Estates"",""county"":""Los Angeles"",""zip"":""90274"",""address"":""25680 Hawthorne Boulevard""}"
landfill_21148,Pebbly Beach Disposal Site,landfill,33.32998500,-118.30958500,CA,EPA_LMOP,"{""city"":""Avalon"",""county"":""Los Angeles"",""zip"":""90704"",""address"":""1 Dump Road""}"
landfill_347,Penrose LF,landfill,34.21860000,-118.38160000,CA,EPA_LMOP,"{""city"":""Sun Valley"",""county"":""Los Angeles"",""zip"":""91352"",""address"":""8251 - 8301 Tujunga Avenue""}"
landfill_244,Phelan Refuse Disposal Site,landfill,34.43430000,-117.60750000,CA,EPA_LMOP,"{""city"":""Phelan"",""county"":""San Bernardino"",""zip"":""92371"",""address"":""10130 Buckwheat Road""}"
landfill_248,Ponderosa SLF,landfill,39.46667000,-121.29000000,CA,EPA_LMOP,"{""city"":""Brownsville"",""county"":""Yuba"",""zip"":""95919"",""address"":""17219 Ponderosa Way""}"
landfill_249,Portola LF,landfill,39.82400000,-120.44900000,CA,EPA_LMOP,"{""city"":""Portola"",""county"":""Plumas"",""zip"":""96122"",""address"":""Off Hwy 70\n1.5 Mi Ne Portola""}"
landfill_250,Potrero Hills SLF,landfill,38.22333000,-121.97778000,CA,EPA_LMOP,"{""ghgrp_id"":""1007345"",""city"":""Suisun City"",""county"":""Solano"",""zip"":""94585"",""address"":""3675 Potrero Hills Lane""}"
landfill_251,Prima Deshecha SLF,landfill,33.48654000,-117.62491000,CA,EPA_LMOP,"{""ghgrp_id"":""1002106"",""city"":""San Juan Capistrano"",""county"":""Orange"",""zip"":""92675"",""address"":""32250 La Pata Avenue""}"
landfill_352,Puente Hills LF,landfill,34.02033000,-118.00604000,CA,EPA_LMOP,"{""ghgrp_id"":""1003199"",""city"":""Whittier"",""county"":""Los Angeles"",""zip"":""90601"",""address"":""2800 S. Workman Mill Road""}"
landfill_252,Pumice Valley SLF,landfill,37.90694000,-119.06528000,CA,EPA_LMOP,"{""city"":""Lee Vining"",""county"":""Mono"",""zip"":""93541"",""address"":""200 Dross Road""}"
landfill_253,Ramona Avenue Landfill,landfill,33.08500000,-116.86300000,CA,EPA_LMOP,"{""ghgrp_id"":""1004243"",""city"":""Ramona"",""county"":""San Diego"",""zip"":""92065"",""address"":""20630 Pamo Road""}"
landfill_254,Ravendale Disposal,landfill,40.79222000,-120.37083000,CA,EPA_LMOP,"{""city"":""Ravendale"",""county"":""Lassen"",""zip"":""96123""}"
landfill_54,Recology Hay Road LF,landfill,38.31497000,-121.83164000,CA,EPA_LMOP,"{""ghgrp_id"":""1005042"",""city"":""Vacaville"",""county"":""Solano"",""zip"":""95687"",""address"":""6426 Hay Road""}"
landfill_1976,Recology Ostrom Road LF,landfill,39.07171000,-121.39250000,CA,EPA_LMOP,"{""ghgrp_id"":""1004745"",""city"":""Wheatland"",""county"":""Yuba"",""zip"":""95692"",""address"":""5900 Ostrom Road""}"
landfill_239,Recology Pacheco Pass LF,landfill,36.99577000,-121.47890000,CA,EPA_LMOP,"{""ghgrp_id"":""1005041"",""city"":""Gilroy"",""county"":""Santa Clara"",""zip"":""95020"",""address"":""3665 Pacheco Pass Highway""}"
landfill_329,Recology Yuba-Sutter Landfill,landfill,39.16710000,-121.55708000,CA,EPA_LMOP,"{""ghgrp_id"":""1004959"",""city"":""Marysville"",""county"":""Yuba"",""zip"":""95901"",""address"":""3001 North Levee Road""}"
landfill_257,Red Hill SLF,landfill,38.07333000,-120.49167000,CA,EPA_LMOP,"{""city"":""Vallecito"",""county"":""Calaveras"",""zip"":""95251"",""address"":""5314 Red Hill Road""}"
landfill_258,Redwood SLF,landfill,38.16610000,-122.57922000,CA,EPA_LMOP,"{""ghgrp_id"":""1007668"",""city"":""Novato"",""county"":""Marin"",""zip"":""94945"",""address"":""8950 Redwood Highway""}"
landfill_260,Ridgecrest-Inyokern SLF,landfill,35.60254000,-117.73755000,CA,EPA_LMOP,"{""ghgrp_id"":""1002897"",""city"":""Ridgecrest"",""county"":""Kern"",""zip"":""93555"",""address"":""3301 Bowman Road""}"
landfill_261,Rio Vista SLF,landfill,38.17750000,-121.68944000,CA,EPA_LMOP,"{""city"":""Rio Vista"",""county"":""Solano"",""zip"":""94571"",""address"":""Airport Road""}"
landfill_262,Rock Creek LF,landfill,38.03535000,-120.84180000,CA,EPA_LMOP,"{""city"":""Milton"",""county"":""Calaveras"",""zip"":""95252"",""address"":""12021 Hunt Road""}"
landfill_266,Salton City Solid Waste Site,landfill,33.22944000,-115.98611000,CA,EPA_LMOP,"{""city"":""Salton City"",""county"":""Imperial"",""zip"":""92275"",""address"":""935 W. Highway 86""}"
landfill_267,San Antonio South Shore Disposal Site,landfill,35.83333000,-120.97167000,CA,EPA_LMOP,"{""city"":""Bradley"",""county"":""Monterey"",""zip"":""93426""}"
landfill_21149,San Clemente Island Landfill,landfill,32.96478200,-118.53888700,CA,EPA_LMOP,"{""city"":""San Clemente Island"",""county"":""Los Angeles"",""address"":""San Clemente Ridge Road and Reservoir Road""}"
landfill_268,San Marcos LF,landfill,33.07833000,-117.16500000,CA,EPA_LMOP,"{""ghgrp_id"":""1006215"",""city"":""San Marcos"",""county"":""San Diego"",""zip"":""92078"",""address"":""1595 San Elijo Road""}"
landfill_240,San Nicolas Island LF,landfill,33.24778000,-119.50472000,CA,EPA_LMOP,"{""city"":""Point Mugu (Mil Res)"",""county"":""Ventura"",""zip"":""93035""}"
landfill_269,San Onofre LF,landfill,33.39667000,-117.54028000,CA,EPA_LMOP,"{""city"":""Camp Pendleton (Mil Res)"",""county"":""San Diego"",""zip"":""92672"",""address"":""2.7 Mi E Basilone Gate""}"
landfill_270,San Timoteo Solid Waste Disposal Site,landfill,34.01170000,-117.21330000,CA,EPA_LMOP,"{""ghgrp_id"":""1004692"",""city"":""Redlands"",""county"":""San Bernardino"",""zip"":""92373"",""address"":""31 Refuse Road""}"
landfill_113,Santa Maria Regional Landfill,landfill,34.95250000,-120.38310000,CA,EPA_LMOP,"{""ghgrp_id"":""1004882"",""city"":""Santa Maria"",""county"":""Santa Barbara"",""zip"":""93454"",""address"":""2065 E. Main Street""}"
landfill_273,Santiago Canyon SLF,landfill,33.77639000,-117.74111000,CA,EPA_LMOP,"{""ghgrp_id"":""1002318"",""city"":""Orange"",""county"":""Orange"",""zip"":""92862"",""address"":""3099 Santiago Canyon Road""}"
landfill_116,Savage Canyon LF,landfill,33.97990000,-118.01710000,CA,EPA_LMOP,"{""ghgrp_id"":""1005782"",""city"":""Whittier"",""county"":""Los Angeles"",""zip"":""90602"",""address"":""13919 East Penn Street""}"
landfill_274,Scholl Canyon SLF,landfill,34.15188000,-118.19673000,CA,EPA_LMOP,"{""ghgrp_id"":""1003198"",""city"":""Glendale"",""county"":""Los Angeles"",""zip"":""91206"",""address"":""3001 Scholl Canyon Road""}"
landfill_275,Shafter-Wasco SLF,landfill,35.51042000,-119.41085000,CA,EPA_LMOP,"{""ghgrp_id"":""1006149"",""city"":""Shafter"",""county"":""Kern"",""zip"":""93263"",""address"":""17621 Scofield Road""}"
landfill_346,Sheldon-Arleta LF,landfill,34.22630000,-118.40440000,CA,EPA_LMOP,"{""city"":""Sun Valley"",""county"":""Los Angeles"",""zip"":""91352"",""address"":""12455 Wicks Street""}"
landfill_344,Shoreline LF at Mountain View,landfill,37.42360000,-122.09030000,CA,EPA_LMOP,"{""ghgrp_id"":""1005910"",""city"":""Mountain View"",""county"":""Santa Clara"",""zip"":""94043"",""address"":""1780 Ampitheatre Parkway\n2600 Shoreline Boulevard""}"
landfill_277,Shoshone Disposal Site,landfill,35.97080000,-116.24444000,CA,EPA_LMOP,"{""city"":""Shoshone"",""county"":""Inyo"",""zip"":""92384""}"
landfill_278,Sierra Army Depot,landfill,40.16278000,-120.15889000,CA,EPA_LMOP,"{""ghgrp_id"":""1013147"",""city"":""Herlong"",""county"":""Lassen"",""zip"":""96113"",""address"":""74 Currant Street""}"
landfill_279,Simi Valley LF,landfill,34.29454000,-118.79544000,CA,EPA_LMOP,"{""ghgrp_id"":""1007816"",""city"":""Simi Valley"",""county"":""Ventura"",""zip"":""93065"",""address"":""2801 N. Madera Road""}"
landfill_280,Simpson Paper Company Landfill,landfill,40.47833000,-122.21667000,CA,EPA_LMOP,"{""city"":""Anderson"",""county"":""Shasta"",""zip"":""96007"",""address"":""Dersch Road""}"
landfill_1929,Sonoma County Central Disposal Site,landfill,38.29694000,-122.74222000,CA,EPA_LMOP,"{""ghgrp_id"":""1004123"",""city"":""Petaluma"",""county"":""Sonoma"",""zip"":""94952"",""address"":""500 Mecham Road""}"
landfill_1715,South Chollas SLF,landfill,32.73520000,-117.06690000,CA,EPA_LMOP,"{""ghgrp_id"":""1008057"",""city"":""San Diego"",""county"":""San Diego"",""zip"":""92105"",""address"":""6000 College Grove Drive\n2781 Caminito Chollas""}"
landfill_282,South Coast Refuse Disposal,landfill,38.83000000,-123.54389000,CA,EPA_LMOP,"{""city"":""Gualala"",""county"":""Mendocino"",""zip"":""95445"",""address"":""Fish Rock Road""}"
landfill_20804,South Miramar LF,landfill,32.84200000,-117.15200000,CA,EPA_LMOP,"{""city"":""San Diego"",""county"":""San Diego"",""zip"":""92111"",""address"":""5180 Convoy Street""}"
landfill_283,Southeast Regional Solid Waste Disposal Site,landfill,36.59049000,-119.56238000,CA,EPA_LMOP,"{""city"":""Selma"",""county"":""Fresno"",""zip"":""93662"",""address"":""12716 Dinuba Avenue""}"
landfill_354,Spadra LF,landfill,34.03864000,-117.82379000,CA,EPA_LMOP,"{""ghgrp_id"":""1003395"",""city"":""Walnut"",""county"":""Los Angeles"",""zip"":""91789"",""address"":""4125 W. Valley Boulevard""}"
landfill_285,Stonyford Disposal Site,landfill,39.36037000,-122.54461000,CA,EPA_LMOP,"{""city"":""Stonyford"",""county"":""Colusa"",""zip"":""95979"",""address"":""Lodoga/Stonyford Road""}"
landfill_114,Sunnyvale LF,landfill,37.41840000,-122.00776000,CA,EPA_LMOP,"{""ghgrp_id"":""1003386"",""city"":""Sunnyvale"",""county"":""Santa Clara"",""zip"":""94089"",""address"":""301 Carl Road""}"
landfill_286,Sunshine Canyon Landfill,landfill,34.32352000,-118.50294000,CA,EPA_LMOP,"{""ghgrp_id"":""1003679"",""city"":""Sylmar"",""county"":""Los Angeles"",""zip"":""91342"",""address"":""14747 San Fernando Road""}"
landfill_287,Sycamore SLF,landfill,32.84960000,-117.02667000,CA,EPA_LMOP,"{""ghgrp_id"":""1003680"",""city"":""Santee"",""county"":""San Diego"",""zip"":""92071"",""address"":""8514 Mast Boulevard""}"
landfill_288,Taft SLF,landfill,35.20377000,-119.45314000,CA,EPA_LMOP,"{""city"":""Taft"",""county"":""Kern"",""zip"":""93268"",""address"":""13351 Elk Hills Road""}"
landfill_289,Tajiguas SLF,landfill,34.47694000,-120.12417000,CA,EPA_LMOP,"{""ghgrp_id"":""1002634"",""city"":""Gaviota"",""county"":""Santa Barbara"",""zip"":""93117"",""address"":""14470 Calle Real""}"
landfill_290,Teapot Dome Landfill,landfill,36.02111000,-119.10583000,CA,EPA_LMOP,"{""ghgrp_id"":""1004403"",""city"":""Porterville"",""county"":""Tulare"",""zip"":""93257"",""address"":""21063 Avenue 128""}"
landfill_291,Tecopa Disposal Site,landfill,35.85071000,-116.18246000,CA,EPA_LMOP,"{""city"":""Tecopa"",""county"":""Inyo"",""zip"":""92389""}"
landfill_292,Tehachapi SLF,landfill,35.12362000,-118.34031000,CA,EPA_LMOP,"{""city"":""Tehachapi"",""county"":""Kern"",""zip"":""93561"",""address"":""12001 Tehachapi Boulevard""}"
landfill_256,Tehama County/Red Bluff Landfill,landfill,40.19600000,-122.29742000,CA,EPA_LMOP,"{""ghgrp_id"":""1005368"",""city"":""Red Bluff"",""county"":""Tehama"",""zip"":""96080"",""address"":""19995 Plymire Rd""}"
landfill_294,Toland Road SLF,landfill,34.40250000,-118.99806000,CA,EPA_LMOP,"{""ghgrp_id"":""1004743"",""city"":""Santa Paula"",""county"":""Ventura"",""zip"":""93060"",""address"":""3500 North Toland Road""}"
landfill_343,Toyon Canyon Landfill,landfill,34.14440000,-118.30120000,CA,EPA_LMOP,"{""ghgrp_id"":""1006089"",""city"":""Los Angeles"",""county"":""Los Angeles"",""zip"":""90027"",""address"":""5050 Mt Hollywood Drive""}"
landfill_137,Tri-Cities Landfill,landfill,37.49227000,-121.99229000,CA,EPA_LMOP,"{""ghgrp_id"":""1007836"",""city"":""Fremont"",""county"":""Alameda"",""zip"":""94538"",""address"":""7010 Auto Mall Parkway""}"
landfill_295,Trona-Argus Refuse Disposal Site,landfill,35.76320000,-117.39900000,CA,EPA_LMOP,"{""city"":""Trona"",""county"":""San Bernardino"",""zip"":""93562"",""address"":""83000 1st Street""}"
landfill_297,Tulelake SLF,landfill,41.95000000,-121.46666700,CA,EPA_LMOP,"{""city"":""Tulelake"",""county"":""Siskiyou"",""zip"":""96134""}"
landfill_298,Tuolumne County Central SLF,landfill,37.94833000,-120.40620000,CA,EPA_LMOP,"{""city"":""Jamestown"",""county"":""Tuolumne"",""zip"":""95327"",""address"":""1800 Seco Terrace Drive""}"
landfill_299,Twentynine Palms Disposal Site,landfill,34.11920000,-115.96520000,CA,EPA_LMOP,"{""city"":""Twentynine Palms"",""county"":""San Bernardino"",""zip"":""92277"",""address"":""7501 Pinto Mountain Road""}"
landfill_300,Twin Bridges LF,landfill,40.49722000,-122.19694000,CA,EPA_LMOP,"{""city"":""Anderson"",""county"":""Shasta"",""zip"":""96007"",""address"":""8103 Millville Plains Road""}"
landfill_301,Two Harbors LF Site,landfill,33.43654000,-118.50580000,CA,EPA_LMOP,"{""city"":""Avalon"",""county"":""Los Angeles"",""zip"":""90704"",""address"":""Santa Catalina Island Two Harbors""}"
landfill_306,U.S.M.C. 29 Palms Disposal Site,landfill,34.13333400,-116.05000000,CA,EPA_LMOP,"{""city"":""Twentynine Palms"",""county"":""San Bernardino"",""zip"":""92277""}"
landfill_302,Union Mine Disposal Site,landfill,38.64800000,-120.82980000,CA,EPA_LMOP,"{""city"":""El Dorado"",""county"":""El Dorado"",""zip"":""95623"",""address"":""5700 Union Mine Road""}"
landfill_303,University of California at Davis SLF,landfill,38.52972000,-121.80556000,CA,EPA_LMOP,"{""city"":""Davis"",""county"":""Yolo"",""zip"":""95616"",""address"":""West End Of UCD Campus On County Road 98""}"
landfill_1775,Upland LF,landfill,34.11667000,-117.64000000,CA,EPA_LMOP,"{""city"":""Upland"",""county"":""San Bernardino"",""zip"":""91786"",""address"":""1460 N. Campus Avenue\nBTW E. 14th and E. 15th""}"
landfill_307,Valley Tree & Construction Disposal Site,landfill,35.44521000,-119.08308000,CA,EPA_LMOP,"{""city"":""Bakersfield"",""county"":""Kern"",""zip"":""93308"",""address"":""4233 Quinn Road""}"
landfill_308,Vandenberg Air Force Base LF,landfill,34.71970000,-120.52418000,CA,EPA_LMOP,"{""city"":""Vandenberg Air Force Base"",""county"":""Santa Barbara"",""zip"":""93437"",""address"":""SE of Washington and New Mexico Avenue""}"
landfill_309,Vasco Road SLF,landfill,37.75333000,-121.72333000,CA,EPA_LMOP,"{""ghgrp_id"":""1007040"",""city"":""Livermore"",""county"":""Alameda"",""zip"":""94550"",""address"":""4001 North Vasco Road""}"
landfill_311,Victorville Sanitary Landfill,landfill,34.59333000,-117.27000000,CA,EPA_LMOP,"{""ghgrp_id"":""1007607"",""city"":""Victorville"",""county"":""San Bernardino"",""zip"":""92392"",""address"":""18600 Stoddard Wells Road""}"
landfill_312,Visalia Landfill,landfill,36.39222000,-119.39194000,CA,EPA_LMOP,"{""ghgrp_id"":""1004548"",""city"":""Visalia"",""county"":""Tulare"",""zip"":""93291"",""address"":""33466 Road 80\n8614 Avenue 328""}"
landfill_313,Walker SLF,landfill,38.55450000,-119.45480000,CA,EPA_LMOP,"{""city"":""Walker"",""county"":""Mono"",""zip"":""96107"",""address"":""280 Offal Road""}"
landfill_317,Weaverville LF Disposal Site,landfill,40.74389000,-122.92500000,CA,EPA_LMOP,"{""city"":""Weaverville"",""county"":""Trinity"",""zip"":""96093"",""address"":""1.5 Mi Ne Weaverville\nOff Hwy 3""}"
landfill_318,Weed Solid Waste Disposal Site,landfill,41.43000000,-122.35200000,CA,EPA_LMOP,"{""city"":""Weed"",""county"":""Siskiyou"",""zip"":""96094"",""address"":""Angel Valley Road east of Weed""}"
landfill_319,West Central LF,landfill,40.48156000,-122.53498000,CA,EPA_LMOP,"{""ghgrp_id"":""1001819"",""city"":""Igo"",""county"":""Shasta"",""zip"":""96047"",""address"":""14095 Clear Creek Road""}"
landfill_320,West Contra Costa SLF,landfill,37.96778000,-122.37639000,CA,EPA_LMOP,"{""ghgrp_id"":""1005195"",""city"":""Richmond"",""county"":""Contra Costa"",""zip"":""94801"",""address"":""1 Parr Boulevard""}"
landfill_321,"West Marin Sanitary Landfill, Inc.",landfill,38.06279000,-122.81302000,CA,EPA_LMOP,"{""city"":""Point Reyes Station"",""county"":""Marin"",""zip"":""94956""}"
landfill_214,West Miramar SLF,landfill,32.85600000,-117.16200000,CA,EPA_LMOP,"{""ghgrp_id"":""1005061"",""city"":""San Diego"",""county"":""San Diego"",""zip"":""92111"",""address"":""5180 Convoy Street""}"
landfill_247,Western Regional SLF,landfill,38.83583000,-121.34472000,CA,EPA_LMOP,"{""ghgrp_id"":""1006501"",""city"":""Lincoln"",""county"":""Placer"",""zip"":""95648"",""address"":""3195 Athens Avenue""}"
landfill_323,Westwood Disposal Facility,landfill,40.31800000,-121.02272000,CA,EPA_LMOP,"{""city"":""Westwood"",""county"":""Lassen"",""zip"":""96130""}"
landfill_324,Woodville Landfill,landfill,36.15056000,-119.23139000,CA,EPA_LMOP,"{""ghgrp_id"":""1004402"",""city"":""Tulare"",""county"":""Tulare"",""zip"":""93274"",""address"":""19800 Road 152""}"
landfill_326,Yermo Disposal Site,landfill,34.94002000,-116.76600000,CA,EPA_LMOP,"{""city"":""Yermo"",""county"":""San Bernardino"",""zip"":""92398"",""address"":""40950 Minneola Road""}"
landfill_327,Yolo County Central LF,landfill,38.59028000,-121.69222000,CA,EPA_LMOP,"{""ghgrp_id"":""1011371"",""city"":""Woodland"",""county"":""Yolo"",""zip"":""95776"",""address"":""44090 County Road 28H""}"
landfill_328,Yreka Solid Waste LF,landfill,41.70031000,-122.59772000,CA,EPA_LMOP,"{""city"":""Yreka"",""county"":""Siskiyou"",""zip"":""96097"",""address"":""2420 Oberlin Road""}"
landfill_330,Yuba-Sutter Disposal Area,landfill,39.16333000,-121.55833000,CA,EPA_LMOP,"{""city"":""Marysville"",""county"":""Yuba"",""zip"":""95901"",""address"":""Highway 20""}"
landfill_10560,Yucaipa Refuse Disposal Site,landfill,34.04650000,-117.06000000,CA,EPA_LMOP,"{""city"":""Yucaipa"",""county"":""San Bernardino"",""zip"":""92399"",""address"":""33600 Oak Glen Road""}"
landfill_331,Zanker Road (Nine Par) SLF,landfill,37.43325000,-121.95713000,CA,EPA_LMOP,"{""city"":""San Jose"",""county"":""Santa Clara"",""zip"":""95134"",""address"":""705 Los Esteros Road""}"
landfill_1776,Archuleta County Landfill,landfill,37.15639500,-107.05250000,CO,EPA_LMOP,"{""city"":""Pagosa Springs"",""county"":""Archuleta"",""zip"":""81147"",""address"":""9179 County Road 500\n9000 Trujillo Road""}"
landfill_20901,Bondad Landfill,landfill,37.05487500,-107.86382500,CO,EPA_LMOP,"{""ghgrp_id"":""1014061"",""city"":""Durango"",""county"":""La Plata"",""zip"":""81301"",""address"":""1500 E. CR 310-318""}"
landfill_1719,Boulder Landfill,landfill,39.94000000,-105.19950000,CO,EPA_LMOP,"{""ghgrp_id"":""1006661"",""city"":""Boulder"",""county"":""Boulder"",""zip"":""80303"",""address"":""1600 S. 66th Street""}"
landfill_20896,Broad Canyon Landfill,landfill,38.15801200,-108.51812600,CO,EPA_LMOP,"{""ghgrp_id"":""1007618"",""city"":""Naturita"",""county"":""Montrose"",""zip"":""81422"",""address"":""30120 HH31 Road""}"
landfill_1733,Broadacres Landfill Inc.,landfill,38.13888800,-104.48527900,CO,EPA_LMOP,"{""city"":""Pueblo"",""county"":""Pueblo"",""zip"":""81006"",""address"":""4025 Doyle Road\nNear Bush Road & Doyle Road INT""}"
landfill_2393,Buffalo Ridge Landfill,landfill,40.19000000,-104.53000000,CO,EPA_LMOP,"{""city"":""Keenesburg"",""county"":""Weld"",""zip"":""80643"",""address"":""11655 Weld County Road 59""}"
landfill_1736,Central Weld County SLF,landfill,40.35083600,-104.80346400,CO,EPA_LMOP,"{""ghgrp_id"":""1003798"",""city"":""Greeley"",""county"":""Weld"",""zip"":""80634"",""address"":""6037 E. 77th Avenue""}"
landfill_1720,Colorado Springs Landfill,landfill,38.84300000,-104.58000000,CO,EPA_LMOP,"{""ghgrp_id"":""1008019"",""city"":""Colorado Springs"",""county"":""El Paso"",""zip"":""80929"",""address"":""1010 Blaney Road""}"
landfill_1740,County Line LF,landfill,39.56360000,-104.93350000,CO,EPA_LMOP,"{""ghgrp_id"":""1007907"",""city"":""Littleton"",""county"":""Douglas"",""zip"":""80126"",""address"":""4200 E. County Line Road""}"
landfill_1718,Denver Arapahoe Disposal Site (DADS),landfill,39.66000000,-104.69000000,CO,EPA_LMOP,"{""ghgrp_id"":""1007709"",""city"":""Aurora"",""county"":""Arapahoe"",""zip"":""80018"",""address"":""3500 South Gun Club Road""}"
landfill_1739,Denver Regional Landfill (North),landfill,40.04390000,-105.00414000,CO,EPA_LMOP,"{""ghgrp_id"":""1007700"",""city"":""Erie"",""county"":""Weld"",""zip"":""80516"",""address"":""1441 Weld County Road 6""}"
landfill_1737,Denver Regional Landfill (South),landfill,40.02918000,-105.02982000,CO,EPA_LMOP,"{""ghgrp_id"":""1005633"",""city"":""Erie"",""county"":""Weld"",""zip"":""80516"",""address"":""1441 Weld County Road 6""}"
landfill_12221,Eagle County Landfill,landfill,39.72500000,-106.66100000,CO,EPA_LMOP,"{""ghgrp_id"":""1005844"",""city"":""Wolcott"",""county"":""Eagle"",""zip"":""81655"",""address"":""815 Ute Creek Road\n2-3 mi N of Wolcott""}"
landfill_20761,East Regional Landfill (ERL),landfill,39.84234600,-104.48911300,CO,EPA_LMOP,"{""ghgrp_id"":""1011464"",""city"":""Bennett"",""county"":""Adams"",""zip"":""80102"",""address"":""8201 Schumaker Road""}"
landfill_1725,Foothills Landfill,landfill,39.84900000,-105.22600000,CO,EPA_LMOP,"{""ghgrp_id"":""1006758"",""city"":""Golden"",""county"":""Jefferson"",""zip"":""80403"",""address"":""8900 Highway 93""}"
landfill_1721,Fountain Landfill,landfill,38.68181000,-104.62867600,CO,EPA_LMOP,"{""ghgrp_id"":""1006464"",""city"":""Fountain"",""county"":""El Paso"",""zip"":""80817"",""address"":""10000 Squirrel Creek Road""}"
landfill_2277,Front Range Landfill,landfill,40.02040500,-105.01267300,CO,EPA_LMOP,"{""ghgrp_id"":""1003911"",""city"":""Erie"",""county"":""Weld"",""zip"":""80516"",""address"":""1830 Weld County Road 5""}"
landfill_2417,Jeffco #1,landfill,39.84900000,-105.22600000,CO,EPA_LMOP,"{""city"":""Golden"",""county"":""Jefferson"",""zip"":""80403"",""address"":""State Highway 93\n1 mile south of Hwy 72 & Hwy 93 intersection""}"
landfill_1726,Larimer County Landfill,landfill,40.50507800,-105.12284600,CO,EPA_LMOP,"{""ghgrp_id"":""1005928"",""city"":""Fort Collins"",""county"":""Larimer"",""zip"":""80526"",""address"":""5887 S. Taft Hill Road""}"
landfill_1727,Mesa County Landfill,landfill,39.01200000,-108.49200000,CO,EPA_LMOP,"{""ghgrp_id"":""1006977"",""city"":""Grand Junction"",""county"":""Mesa"",""zip"":""81503"",""address"":""3071 U.S. Highway 50""}"
landfill_1722,Midway Landfill,landfill,38.54750000,-104.65781900,CO,EPA_LMOP,"{""ghgrp_id"":""1007863"",""city"":""Fountain Valley"",""county"":""El Paso"",""zip"":""80817"",""address"":""8925 Rancho Colorado Boulevard""}"
landfill_1734,Milner Landfill,landfill,40.46908500,-107.03937000,CO,EPA_LMOP,"{""ghgrp_id"":""1006834"",""city"":""Milner"",""county"":""Routt"",""zip"":""80487"",""address"":""20650 County Road 205""}"
landfill_1729,Montrose County Landfill,landfill,38.52717000,-107.81807300,CO,EPA_LMOP,"{""ghgrp_id"":""1007592"",""city"":""Montrose"",""county"":""Montrose"",""zip"":""81401"",""address"":""67999 Landfill Road""}"
landfill_1730,Morgan County SWDLF,landfill,40.31430000,-103.73510000,CO,EPA_LMOP,"{""city"":""Fort Morgan"",""county"":""Morgan"",""zip"":""80701"",""address"":""21448 CR-22""}"
landfill_1738,North Weld SLF,landfill,40.58217000,-104.83177000,CO,EPA_LMOP,"{""ghgrp_id"":""1007880"",""city"":""Ault"",""county"":""Weld"",""zip"":""80610"",""address"":""40000 Weld County Road 25""}"
landfill_2160,Phantom Landfill,landfill,38.46873900,-105.11627200,CO,EPA_LMOP,"{""city"":""Penrose"",""county"":""Fremont"",""zip"":""81240"",""address"":""2500 Fremont County Road 67 (Phantom Canyon Road)\n6 miles E of Canon City""}"
landfill_1731,Pitkin County Solid Waste Center,landfill,39.28500000,-106.91750000,CO,EPA_LMOP,"{""ghgrp_id"":""1005486"",""city"":""Snowmass Village"",""county"":""Pitkin"",""zip"":""81611"",""address"":""32046 Hwy 82""}"
landfill_2129,Rooney Road LF,landfill,39.71553100,-105.20201500,CO,EPA_LMOP,"{""city"":""Golden"",""county"":""Jefferson"",""zip"":""80401"",""address"":""101 Rooney Road\nW Colfax Avenue at Rooney Road""}"
landfill_1724,South Canyon Landfill,landfill,39.55100000,-107.42000000,CO,EPA_LMOP,"{""city"":""Glenwood Springs"",""county"":""Garfield"",""zip"":""81601"",""address"":""1250 CR-134""}"
landfill_1732,Southside Solid Waste Disposal Site,landfill,38.22127000,-104.70843400,CO,EPA_LMOP,"{""ghgrp_id"":""1003454"",""city"":""Pueblo"",""county"":""Pueblo"",""zip"":""81005"",""address"":""5715 W State Highway 78""}"
landfill_1735,Summit County Landfill,landfill,39.60800000,-105.99700000,CO,EPA_LMOP,"{""ghgrp_id"":""1005695"",""city"":""Dillon"",""county"":""Summit"",""zip"":""80435"",""address"":""639 Landfill Road""}"
landfill_1723,"Templeton Gap Landfill, Inc.",landfill,38.93515400,-104.71736700,CO,EPA_LMOP,"{""city"":""Colorado Springs"",""county"":""El Paso"",""address"":""Near INT of Powers Boulevard & Woodmen Road""}"
landfill_1716,Tower Landfill Inc.,landfill,39.85052000,-104.77187000,CO,EPA_LMOP,"{""ghgrp_id"":""1006044"",""city"":""Commerce City"",""county"":""Adams"",""zip"":""80022"",""address"":""8480 Tower Road""}"
landfill_11521,West Garfield County Landfill,landfill,39.51700000,-107.90500000,CO,EPA_LMOP,"{""city"":""Rifle"",""county"":""Garfield"",""zip"":""81650"",""address"":""75 CR-246""}"
landfill_1717,York & SH 224,landfill,39.82901700,-104.95266900,CO,EPA_LMOP,"{""city"":""Denver"",""county"":""Adams"",""zip"":""80229"",""address"":""York Street & CO-224 W""}"
landfill_369,Bridgeport LF,landfill,41.15630900,-73.21017600,CT,EPA_LMOP,"{""city"":""Bridgeport"",""county"":""Fairfield"",""address"":""South Avenue""}"
landfill_370,Canterbury LF,landfill,41.65700000,-71.96040000,CT,EPA_LMOP,"{""city"":""Canterbury"",""county"":""Windham"",""zip"":""06331"",""address"":""133 Packer Road""}"
landfill_371,East Hartford LF,landfill,41.77050000,-72.63000000,CT,EPA_LMOP,"{""city"":""East Hartford"",""county"":""Hartford"",""zip"":""06108"",""address"":""25 Ecology Drive""}"
landfill_363,East Windsor LF,landfill,41.86890000,-72.56450000,CT,EPA_LMOP,"{""city"":""Broad Brook"",""county"":""Hartford"",""zip"":""06016"",""address"":""Wapping Road""}"
landfill_357,Ellington LF,landfill,41.92250000,-72.50310000,CT,EPA_LMOP,"{""city"":""Ellington"",""county"":""Tolland"",""zip"":""06029"",""address"":""Sadds Mill Road\nRoute 140""}"
landfill_358,Groton LF,landfill,41.37030000,-72.07930000,CT,EPA_LMOP,"{""city"":""Groton"",""county"":""New London"",""zip"":""06340"",""address"":""Wells Street""}"
landfill_359,Hartford LF,landfill,41.79010000,-72.65140000,CT,EPA_LMOP,"{""ghgrp_id"":""1002796"",""city"":""Hartford"",""county"":""Hartford"",""zip"":""06120"",""address"":""180 Leibert Road""}"
landfill_372,Killingly LF,landfill,41.80500000,-71.79750000,CT,EPA_LMOP,"{""city"":""Danielson"",""county"":""Windham"",""zip"":""06239"",""address"":""246 Brickhouse Road""}"
landfill_360,Manchester LF,landfill,41.76840000,-72.56040000,CT,EPA_LMOP,"{""ghgrp_id"":""1004184"",""city"":""Manchester"",""county"":""Hartford"",""zip"":""06040"",""address"":""1 Landfill Way\n311 Olcott Street""}"
landfill_373,Meriden LF,landfill,41.51157500,-72.82645500,CT,EPA_LMOP,"{""city"":""Meriden"",""county"":""New Haven"",""address"":""Evansville Avenue""}"
landfill_361,Middletown Avenue Landfill,landfill,41.32800000,-72.88600000,CT,EPA_LMOP,"{""city"":""New Haven"",""county"":""New Haven"",""zip"":""06513"",""address"":""260 Middletown Avenue""}"
landfill_376,Montville LF,landfill,41.46350300,-72.15749700,CT,EPA_LMOP,"{""city"":""Montville"",""county"":""New London"",""zip"":""06353"",""address"":""Route 163 & Chesterfield Road""}"
landfill_362,New Milford LF,landfill,41.55082000,-73.41766000,CT,EPA_LMOP,"{""ghgrp_id"":""1008010"",""city"":""New Milford"",""county"":""Litchfield"",""zip"":""06776"",""address"":""182-2 Danbury Road""}"
landfill_10260,North End Pennisula LF,landfill,41.57500000,-72.65900000,CT,EPA_LMOP,"{""city"":""Middletown"",""county"":""Middlesex""}"
landfill_374,North Haven LF,landfill,41.36543000,-72.87160700,CT,EPA_LMOP,"{""city"":""North Haven"",""county"":""New Haven"",""address"":""Universal Drive and Sackett Point Rd""}"
landfill_364,Putnam LF,landfill,41.88100000,-71.91000000,CT,EPA_LMOP,"{""city"":""Putnam"",""county"":""Windham"",""zip"":""06260"",""address"":""River Road""}"
landfill_365,Shelton LF,landfill,41.26079000,-73.09601000,CT,EPA_LMOP,"{""city"":""Shelton"",""county"":""Fairfield"",""zip"":""06484"",""address"":""866 River Road""}"
landfill_366,Torrington LF,landfill,41.77958700,-73.12570400,CT,EPA_LMOP,"{""city"":""Torrington"",""county"":""Litchfield"",""zip"":""06790"",""address"":""Vista Drive""}"
landfill_375,Waterbury-North End LF,landfill,41.57790000,-73.01010000,CT,EPA_LMOP,"{""city"":""Waterbury"",""county"":""New Haven"",""zip"":""06704"",""address"":""Mark Lane""}"
landfill_368,Windsor-Bloomfield LF,landfill,41.89360000,-72.70930000,CT,EPA_LMOP,"{""ghgrp_id"":""1003867"",""city"":""Windsor"",""county"":""Hartford"",""zip"":""06095"",""address"":""500 Huckleberry Road""}"
landfill_1829,Cherry Island Landfill,landfill,39.73080000,-75.52000000,DE,EPA_LMOP,"{""ghgrp_id"":""1002010"",""city"":""Wilmington"",""county"":""New Castle"",""zip"":""19809"",""address"":""1706 E. 12th Street""}"
landfill_1832,Jones Crossroads Landfill,landfill,38.59600000,-75.43900000,DE,EPA_LMOP,"{""ghgrp_id"":""1002183"",""city"":""Georgetown"",""county"":""Sussex"",""zip"":""19947"",""address"":""28560 Landfill Lane""}"
landfill_1830,Pigeon Point Landfill,landfill,39.70540000,-75.53260000,DE,EPA_LMOP,"{""ghgrp_id"":""1004897"",""city"":""New Castle"",""county"":""New Castle"",""zip"":""19720"",""address"":""1101 Lambson Lane""}"
landfill_1831,Sandtown Landfill,landfill,39.03270000,-75.72510000,DE,EPA_LMOP,"{""ghgrp_id"":""1002182"",""city"":""Felton"",""county"":""Kent"",""zip"":""19943"",""address"":""1107 Willow Grove Road""}"
landfill_20786,58th Street Landfill,landfill,25.83250000,-80.34583300,FL,EPA_LMOP,"{""ghgrp_id"":""1004680"",""city"":""Miami"",""county"":""Miami-Dade"",""zip"":""33178"",""address"":""8831 NW 58th Street""}"
landfill_20758,A.C.M.S. Inc.,landfill,28.74315100,-82.09165300,FL,EPA_LMOP,"{""ghgrp_id"":""1012058"",""city"":""Lake Panasoffkee"",""county"":""Sumter"",""zip"":""33585"",""address"":""835 CR 529""}"
landfill_412,Aucilla Area SW Facility Class I & 2,landfill,30.45833000,-83.60833000,FL,EPA_LMOP,"{""ghgrp_id"":""1005810"",""city"":""Greenville"",""county"":""Madison"",""zip"":""32331"",""address"":""1313 SW Greenville Hills Road\nEast side of US 221""}"
landfill_415,Baseline Landfill,landfill,29.12300000,-82.06000000,FL,EPA_LMOP,"{""ghgrp_id"":""1006881"",""city"":""Ocala"",""county"":""Marion"",""zip"":""34480"",""address"":""5601 SE 66th Street""}"
landfill_430,Bee Ridge LF,landfill,27.29580000,-82.39400000,FL,EPA_LMOP,"{""ghgrp_id"":""1002901"",""city"":""Sarasota"",""county"":""Sarasota"",""zip"":""34241"",""address"":""8350 Bee Ridge Road""}"
landfill_390,Boca Raton Garbage Dump,landfill,26.32890000,-80.09520000,FL,EPA_LMOP,"{""city"":""Boca Raton"",""county"":""Palm Beach"",""zip"":""33432"",""address"":""SW 18th Street\n3 miles SW of Winder""}"
landfill_380,Brevard County Central Disposal Facility,landfill,28.39710000,-80.82960000,FL,EPA_LMOP,"{""ghgrp_id"":""1005023"",""city"":""Cocoa"",""county"":""Brevard"",""zip"":""32926"",""address"":""2250 W. Adamson Road""}"
landfill_392,Bridgeway Acres LF,landfill,27.86764700,-82.67570000,FL,EPA_LMOP,"{""ghgrp_id"":""1001884"",""city"":""St. Petersburg"",""county"":""Pinellas"",""zip"":""33716"",""address"":""3001-110th Avenue North""}"
landfill_20697,Broward County Landfill,landfill,26.03785000,-80.42495000,FL,EPA_LMOP,"{""ghgrp_id"":""1003543"",""city"":""Fort Lauderdale"",""county"":""Broward"",""zip"":""33332"",""address"":""7101 SW 205th Avenue""}"
landfill_10461,Buckingham Landfill,landfill,26.63312000,-81.75318000,FL,EPA_LMOP,"{""city"":""Fort Meyers"",""county"":""Lee"",""zip"":""33905"",""address"":""Buckingham Road near INT with SR-82""}"
landfill_20698,Cedar Trail Landfill (CTL),landfill,27.89808000,-81.88452500,FL,EPA_LMOP,"{""ghgrp_id"":""1004750"",""city"":""Bartow"",""county"":""Polk"",""zip"":""33830"",""address"":""2500 State Road 60 West""}"
landfill_2304,Central County Solid Waste Disposal Complex,landfill,27.20157700,-82.39064600,FL,EPA_LMOP,"{""ghgrp_id"":""1002899"",""city"":""Nokomis"",""county"":""Sarasota"",""zip"":""34275"",""address"":""4000 Knights Trail Road""}"
landfill_399,Citrus County Central Landfill,landfill,28.85198000,-82.43651000,FL,EPA_LMOP,"{""ghgrp_id"":""1003957"",""city"":""Lecanto"",""county"":""Citrus"",""zip"":""34461"",""address"":""230 W. Gulf to Lake Highway""}"
landfill_401,Collier County Landfill,landfill,26.16340000,-81.65850000,FL,EPA_LMOP,"{""ghgrp_id"":""1007855"",""city"":""Naples"",""county"":""Collier"",""zip"":""34117"",""address"":""3750 White Lake Boulevard""}"
landfill_381,Columbia County Central LF,landfill,30.25820000,-82.71680000,FL,EPA_LMOP,"{""city"":""Lake City"",""county"":""Columbia"",""zip"":""32055"",""address"":""1347 N.W. Oosterhoudt Lane I-10\n2 Miles W of Winfield""}"
landfill_387,Croom SLF,landfill,28.54090000,-82.26570000,FL,EPA_LMOP,"{""city"":""Brooksville"",""county"":""Hernando"",""zip"":""34602"",""address"":""High Corner Road\nOff SR-50""}"
landfill_407,DeSoto City SLF,landfill,27.41480000,-81.40600000,FL,EPA_LMOP,"{""city"":""Sebring"",""county"":""Highlands"",""zip"":""33876"",""address"":""6000 Skipper Road""}"
landfill_423,Dyer Boulevard LF,landfill,26.78190000,-80.13000000,FL,EPA_LMOP,"{""ghgrp_id"":""1006389"",""city"":""West Palm Beach"",""county"":""Palm Beach"",""zip"":""33407"",""address"":""7301 Haverhill Road North""}"
landfill_435,East Duval SLF,landfill,30.33635000,-81.46265000,FL,EPA_LMOP,"{""ghgrp_id"":""1003723"",""city"":""Jacksonville"",""county"":""Duval"",""zip"":""32225"",""address"":""515 Girvin Road""}"
landfill_410,Gulf Coast RDF,landfill,26.60303000,-81.76843000,FL,EPA_LMOP,"{""ghgrp_id"":""1007991"",""city"":""Fort Myers"",""county"":""Lee"",""zip"":""33913"",""address"":""11990 SR 82 East""}"
landfill_2156,Hernando County Northwest Landfill,landfill,28.66735000,-82.48678800,FL,EPA_LMOP,"{""ghgrp_id"":""1002008"",""city"":""Brooksville"",""county"":""Hernando"",""zip"":""34614"",""address"":""14450 Landfill Road""}"
landfill_2385,Highlands County Solid Waste Management Center,landfill,27.51060000,-81.31550000,FL,EPA_LMOP,"{""city"":""Sebring"",""county"":""Highlands"",""zip"":""33870"",""address"":""12700 Arbuckle Creek Road""}"
landfill_388,Hillsborough Heights LF,landfill,28.01500000,-82.29800000,FL,EPA_LMOP,"{""ghgrp_id"":""1004278"",""city"":""Seffner"",""county"":""Hillsborough"",""zip"":""33584"",""address"":""6209 County Road 579""}"
landfill_395,Huntington SLF,landfill,29.42309000,-81.53973000,FL,EPA_LMOP,"{""city"":""Crescent City"",""county"":""Putnam"",""address"":""1551 County Road 308""}"
landfill_408,Indian River County LF Class I,landfill,27.57800000,-80.48500000,FL,EPA_LMOP,"{""ghgrp_id"":""1002588"",""city"":""Vero Beach"",""county"":""Indian River"",""zip"":""32968"",""address"":""1325 74th Avenue SW""}"
landfill_11621,J.E.D. Solid Waste Management Facility,landfill,28.06400000,-81.09800000,FL,EPA_LMOP,"{""ghgrp_id"":""1004752"",""city"":""St. Cloud"",""county"":""Osceola"",""zip"":""34773"",""address"":""1501 Omni Way""}"
landfill_436,Jacksonville North SLF,landfill,30.44180000,-81.55600000,FL,EPA_LMOP,"{""ghgrp_id"":""1006191"",""city"":""Jacksonville"",""county"":""Duval"",""zip"":""32226"",""address"":""11405 Island Drive""}"
landfill_12213,Lake County Central Phase I Landfill,landfill,28.75558000,-81.73581100,FL,EPA_LMOP,"{""ghgrp_id"":""1000176"",""city"":""Tavares"",""county"":""Lake"",""zip"":""32778"",""address"":""13130 Astatula Landfill Road""}"
landfill_20791,Lantana Landfill,landfill,26.59302000,-80.19369000,FL,EPA_LMOP,"{""ghgrp_id"":""1001668"",""city"":""Lake Worth"",""county"":""Palm Beach"",""zip"":""33467"",""address"":""9191 Lantana Road""}"
landfill_393,Largo City SLF,landfill,27.91280000,-82.77560000,FL,EPA_LMOP,"{""city"":""Largo"",""county"":""Pinellas"",""zip"":""33771"",""address"":""JCT 8th Avenue SE & CR124-A""}"
landfill_10460,Lee/Hendry County Regional SW Disposal Facility,landfill,26.55979000,-81.52040000,FL,EPA_LMOP,"{""ghgrp_id"":""1002990"",""city"":""Felda"",""county"":""Hendry"",""zip"":""33930"",""address"":""5500 Church Road""}"
landfill_414,Lena Road Class I Landfill,landfill,27.47005500,-82.44349700,FL,EPA_LMOP,"{""ghgrp_id"":""1004913"",""city"":""Bradenton"",""county"":""Manatee"",""zip"":""34211"",""address"":""3333 Lena Road\nS. of SR-64 & Lena Road INT""}"
landfill_411,Leon County Landfill,landfill,30.42153000,-84.14400000,FL,EPA_LMOP,"{""ghgrp_id"":""1006816"",""city"":""Tallahassee"",""county"":""Leon"",""zip"":""32311"",""address"":""7550 Apalachee Parkway\n5 mi. E. of SR 261 & US 27 Int.""}"
landfill_413,Madison City/County SLF,landfill,30.50810000,-83.39080000,FL,EPA_LMOP,"{""city"":""Madison"",""county"":""Madison"",""zip"":""32340"",""address"":""CR-591\n2 miles NE of Madison""}"
landfill_379,Majette North SLF,landfill,30.23830000,-85.51440000,FL,EPA_LMOP,"{""city"":""Panama City"",""county"":""Bay"",""zip"":""32404"",""address"":""Old Majette Tower Road & John Pitts Road\n2 miles east of US 231, S SR-390""}"
landfill_416,Martin County Palm City II SLF,landfill,27.18420000,-80.37760000,FL,EPA_LMOP,"{""ghgrp_id"":""1005942"",""city"":""Palm City"",""county"":""Martin"",""zip"":""34990"",""address"":""9101 SW Busch Street""}"
landfill_402,Medley Landfill,landfill,25.85860000,-80.35080000,FL,EPA_LMOP,"{""ghgrp_id"":""1007857"",""city"":""Medley"",""county"":""Miami-Dade"",""zip"":""33178"",""address"":""9350 NW 89th Avenue""}"
landfill_397,Monarch Hill Landfill,landfill,26.28300000,-80.16100000,FL,EPA_LMOP,"{""ghgrp_id"":""1007856"",""city"":""Pompano Beach"",""county"":""Broward"",""zip"":""33073"",""address"":""2700 NW 48th Street\n(2700 Wiles Road)""}"
landfill_433,New River Regional LF,landfill,30.09320000,-82.20520000,FL,EPA_LMOP,"{""ghgrp_id"":""1005630"",""city"":""Raiford"",""county"":""Union"",""zip"":""32083"",""address"":""24276 NE 157th Street""}"
landfill_2278,"Nine Mile Road, Inc.",landfill,30.00870000,-81.40230000,FL,EPA_LMOP,"{""city"":""St. Augustine"",""county"":""St. Johns"",""zip"":""32095"",""address"":""445-A International Golf Parkway""}"
landfill_424,North Central Landfill,landfill,28.02389000,-81.84724500,FL,EPA_LMOP,"{""ghgrp_id"":""1006859"",""city"":""Winter Haven"",""county"":""Polk"",""zip"":""33880"",""address"":""10 Environmental Loop South\n7399 De Castro Road""}"
landfill_10540,North Dade Landfill,landfill,25.96790000,-80.28620000,FL,EPA_LMOP,"{""ghgrp_id"":""1006292"",""city"":""Opa-Locka"",""county"":""Miami-Dade"",""zip"":""33055"",""address"":""21500 NW 47th Avenue""}"
landfill_419,Okeechobee LF,landfill,27.34104000,-80.69660000,FL,EPA_LMOP,"{""ghgrp_id"":""1003619"",""city"":""Okeechobee"",""county"":""Okeechobee"",""zip"":""34972"",""address"":""10800 NE 128th Avenue""}"
landfill_420,Orange County SLF,landfill,28.48100000,-81.20830000,FL,EPA_LMOP,"{""ghgrp_id"":""1008215"",""city"":""Orlando"",""county"":""Orange"",""zip"":""32829"",""address"":""12100 Young Pine Road""}"
landfill_431,Osceola Landfill,landfill,28.79278000,-81.08820000,FL,EPA_LMOP,"{""ghgrp_id"":""1000349"",""city"":""Geneva"",""county"":""Seminole"",""zip"":""32732"",""address"":""1930 E. Osceola Road""}"
landfill_2053,PBCSWA RRF Site #7,landfill,26.76300000,-80.13743600,FL,EPA_LMOP,"{""ghgrp_id"":""1007820"",""city"":""West Palm Beach"",""county"":""Palm Beach"",""zip"":""33412"",""address"":""7501 N. Jog Road""}"
landfill_20696,PCSW Resource Recovery Facility,landfill,28.36972400,-82.56011900,FL,EPA_LMOP,"{""ghgrp_id"":""1003243"",""city"":""Spring Hill"",""county"":""Pasco"",""zip"":""34610"",""address"":""14230 Hays Road""}"
landfill_406,Perdido LF,landfill,30.57654000,-87.38970000,FL,EPA_LMOP,"{""ghgrp_id"":""1005656"",""city"":""Cantonment"",""county"":""Escambia"",""zip"":""32533"",""address"":""13009 Beulah Road""}"
landfill_20853,Pine Ridge Recycling & Disposal,landfill,28.48732500,-81.65181300,FL,EPA_LMOP,"{""ghgrp_id"":""1000218"",""city"":""Winter Garden"",""county"":""Orange"",""zip"":""34787"",""address"":""5400 Rex Drive""}"
landfill_426,Putnam County Central SLF,landfill,29.71960000,-81.66550000,FL,EPA_LMOP,"{""ghgrp_id"":""1006049"",""city"":""Palatka"",""county"":""Putnam"",""zip"":""32177"",""address"":""140 County Landfill Road""}"
landfill_391,Ridge Road LF,landfill,28.28610000,-82.68060000,FL,EPA_LMOP,"{""city"":""New Port Richey"",""county"":""Pasco"",""zip"":""34668"",""address"":""Landfill Road\n.4 miles N of Ridge Road""}"
landfill_400,Rosemary Hill LF Expansion Class I,landfill,30.00470000,-81.74020000,FL,EPA_LMOP,"{""city"":""Green Cove Springs"",""county"":""Clay"",""zip"":""32043"",""address"":""3545 Rosemary Hill Road\nWest of CR-315""}"
landfill_421,Saint Cloud City LF Class I,landfill,28.23350000,-81.30790000,FL,EPA_LMOP,"{""city"":""Saint Cloud"",""county"":""Osceola"",""zip"":""34769"",""address"":""2705 Peg Horn Way\nnear Int. of Budinger Avenue & 17th Street""}"
landfill_386,Sandler Road SLF,landfill,30.23345800,-81.82848600,FL,EPA_LMOP,"{""ghgrp_id"":""1007091"",""city"":""Jacksonville"",""county"":""Duval"",""zip"":""32222"",""address"":""10500 Sandler Road""}"
landfill_429,Santa Rosa Central LF,landfill,30.57850000,-87.06640000,FL,EPA_LMOP,"{""ghgrp_id"":""1000010"",""city"":""Milton"",""county"":""Santa Rosa"",""zip"":""32583"",""address"":""6337 Da Lisa Road""}"
landfill_403,South Dade Dump,landfill,25.53360000,-80.34510000,FL,EPA_LMOP,"{""city"":""Goulds"",""county"":""Miami-Dade"",""zip"":""33032"",""address"":""SW 97th Avenue & SW 248th Street""}"
landfill_404,South Dade Solid Waste Disposal Facility,landfill,25.54450000,-80.34770000,FL,EPA_LMOP,"{""ghgrp_id"":""1004682"",""city"":""Homestead"",""county"":""Miami-Dade"",""zip"":""33032"",""address"":""23707 SW 97th Avenue""}"
landfill_382,South Dade SW Reduction Facility,landfill,25.54540000,-80.34580000,FL,EPA_LMOP,"{""city"":""Goulds"",""county"":""Miami-Dade"",""zip"":""33032"",""address"":""SW 97th Avenue & SW 248th Street""}"
landfill_2135,Southeast Hillsborough County LF,landfill,27.77639000,-82.18750100,FL,EPA_LMOP,"{""ghgrp_id"":""1003560"",""city"":""Lithia"",""county"":""Hillsborough"",""zip"":""33547"",""address"":""15960 County Road 672""}"
landfill_422,Southport Road SLF Phase I & II,landfill,28.15510000,-81.42272000,FL,EPA_LMOP,"{""ghgrp_id"":""1005089"",""city"":""Kissimmee"",""county"":""Osceola"",""zip"":""34746"",""address"":""4400 Hunt Road""}"
landfill_409,Springhill Regional Landfill,landfill,30.92104000,-85.42854000,FL,EPA_LMOP,"{""ghgrp_id"":""1007898"",""city"":""Campbellton"",""county"":""Jackson"",""zip"":""32426"",""address"":""4945 W State Hwy 273""}"
landfill_428,St. Lucie County Baling and Recycling Facility,landfill,27.39083400,-80.39555700,FL,EPA_LMOP,"{""ghgrp_id"":""1007219"",""city"":""Fort Pierce"",""county"":""St. Lucie"",""zip"":""34981"",""address"":""6120 Glades Cutoff Road""}"
landfill_11381,Steelfield Road Landfill,landfill,30.36226000,-85.91700000,FL,EPA_LMOP,"{""city"":""Panama City Beach"",""county"":""Bay"",""zip"":""32437"",""address"":""11411 Landfill Road""}"
landfill_417,Stock Island LF,landfill,24.58050000,-81.74820000,FL,EPA_LMOP,"{""city"":""Key West"",""county"":""Monroe"",""zip"":""33040"",""address"":""Junior College Road""}"
landfill_383,Sunbeam Road SLF,landfill,30.20590000,-81.60010000,FL,EPA_LMOP,"{""city"":""Jacksonville"",""county"":""Duval"",""zip"":""32257"",""address"":""Sunbeam Road & Craven Road""}"
landfill_396,SW Alachua SLF,landfill,29.51250000,-82.54800000,FL,EPA_LMOP,"{""city"":""Archer"",""county"":""Alachua"",""zip"":""32618"",""address"":""State Road 24""}"
landfill_432,Taylor County Central LF,landfill,30.02680000,-83.70110000,FL,EPA_LMOP,"{""city"":""Perry"",""county"":""Taylor"",""zip"":""32347"",""address"":""Landfill Road""}"
landfill_427,Tillman Ridge SLF,landfill,29.83140000,-81.40530000,FL,EPA_LMOP,"{""city"":""St. Augustine"",""county"":""St. Johns"",""zip"":""32033"",""address"":""3005 Allen Nease Road\nS on SR-214, W on Allen Nease Road""}"
landfill_434,Tomoka Farms Road LF,landfill,29.12850000,-81.08060000,FL,EPA_LMOP,"{""ghgrp_id"":""1005328"",""city"":""Port Orange"",""county"":""Volusia"",""zip"":""32128"",""address"":""1990 Tomoka Farms Road""}"
landfill_394,Toytown SLF,landfill,27.87220000,-82.65830000,FL,EPA_LMOP,"{""ghgrp_id"":""1006532"",""city"":""St. Petersburg"",""county"":""Pinellas"",""zip"":""33716"",""address"":""10550 16th Street North""}"
landfill_405,Trail Ridge Landfill Inc.,landfill,30.22460000,-82.04470000,FL,EPA_LMOP,"{""ghgrp_id"":""1007897"",""city"":""Baldwin"",""county"":""Duval"",""zip"":""32234"",""address"":""5110 U.S. Highway 301 S""}"
landfill_418,West Nassau SLF,landfill,30.60460000,-81.82040000,FL,EPA_LMOP,"{""ghgrp_id"":""1006597"",""city"":""Callahan"",""county"":""Nassau"",""zip"":""32011"",""address"":""46026 Landfill Road/440 N Kings Road\n2 miles NW of Callahan off US 1""}"
landfill_11380,Winfield Solid Waste Facility,landfill,30.25630000,-82.70398600,FL,EPA_LMOP,"{""ghgrp_id"":""1003536"",""city"":""Lake City"",""county"":""Columbia"",""zip"":""32055"",""address"":""1347 NW Oosterhoudt Lane""}"
landfill_389,Wright LF,landfill,30.47570000,-86.64180000,FL,EPA_LMOP,"{""city"":""Fort Walton Beach"",""county"":""Okaloosa"",""zip"":""32547"",""address"":""Percy Lane & N Beal Extension""}"
landfill_398,Zemel Road Landfill,landfill,26.79444600,-81.96027800,FL,EPA_LMOP,"{""ghgrp_id"":""1001909"",""city"":""Punta Gorda"",""county"":""Charlotte"",""zip"":""33955"",""address"":""29751 Zemel Road""}"
landfill_445,Athens-Clarke County Landfill,landfill,33.92900000,-83.26270000,GA,EPA_LMOP,"{""ghgrp_id"":""1006056"",""city"":""Winterville"",""county"":""Clarke"",""zip"":""30683"",""address"":""5700 Lexington Road""}"
landfill_10401,Atkinson County - SR 50 MSWL,landfill,31.31941500,-82.96428600,GA,EPA_LMOP,"{""ghgrp_id"":""1003450"",""city"":""Willacoochee"",""county"":""Atkinson"",""zip"":""31650"",""address"":""64 Author Davis Drive""}"
landfill_447,Baker Place Road Landfill (Ph 1 & 2),landfill,33.48915800,-82.23462400,GA,EPA_LMOP,"{""ghgrp_id"":""1012394"",""city"":""Grovetown"",""county"":""Columbia"",""zip"":""30813"",""address"":""468 Chamblin Road""}"
landfill_1985,Bartow County MSWLF,landfill,34.14380000,-84.76480000,GA,EPA_LMOP,"{""ghgrp_id"":""1006619"",""city"":""Cartersville"",""county"":""Bartow"",""zip"":""30120"",""address"":""40 Allatoona Dam Road\nbetween Hwy 41 & S.R. 293""}"
landfill_468,BJ Landfill,landfill,33.93045000,-84.23786000,GA,EPA_LMOP,"{""ghgrp_id"":""1007900"",""city"":""Norcross"",""county"":""Gwinnett"",""zip"":""30071"",""address"":""2901 Jones Mill Road""}"
landfill_2267,Broadhurst Environmental Landfill,landfill,31.47080000,-81.94110000,GA,EPA_LMOP,"{""ghgrp_id"":""1005892"",""city"":""Screven"",""county"":""Wayne"",""zip"":""31560"",""address"":""4800 Broadhurst Road West""}"
landfill_455,Button-Gwinnett Landfill Phase III,landfill,33.92310000,-84.04780000,GA,EPA_LMOP,"{""ghgrp_id"":""1003504"",""city"":""Lawrenceville"",""county"":""Gwinnett"",""zip"":""30045"",""address"":""70 Arnold Road""}"
landfill_10405,Camden County SR 110 MSW Landfill,landfill,30.85909000,-81.85451600,GA,EPA_LMOP,"{""ghgrp_id"":""1003933"",""city"":""Silco"",""county"":""Camden"",""zip"":""31569"",""address"":""5395 Hwy 110 (SR 110 & Russell Road)\n12 miles SW of Woodbine""}"
landfill_1982,Carroll County - Carrollton SR 166 MSW Landfill,landfill,33.55290000,-85.15600000,GA,EPA_LMOP,"{""city"":""Carrollton"",""county"":""Carroll"",""zip"":""30117"",""address"":""439 Simonton Mill Road""}"
landfill_451,Cascade Road Landfill,landfill,33.73300000,-84.51900000,GA,EPA_LMOP,"{""ghgrp_id"":""1006171"",""city"":""Atlanta"",""county"":""Fulton"",""zip"":""30331"",""address"":""4047 Cascade Road S.W.""}"
landfill_2419,Catoosa County MSW LF,landfill,34.88490000,-85.17250000,GA,EPA_LMOP,"{""ghgrp_id"":""1007502"",""city"":""Ringgold"",""county"":""Catoosa"",""zip"":""30736"",""address"":""912 Shope Ridge Road""}"
landfill_10442,Cedar Grove Landfill,landfill,33.08597300,-84.20856300,GA,EPA_LMOP,"{""ghgrp_id"":""1004128"",""city"":""Barnesville"",""county"":""Lamar"",""zip"":""30204"",""address"":""172 Roger Brown Drive""}"
landfill_453,Chambers-Bolton Road,landfill,33.81950000,-84.46550000,GA,EPA_LMOP,"{""ghgrp_id"":""1007541"",""city"":""Atlanta"",""county"":""Fulton"",""zip"":""30318"",""address"":""2236 Bolton Road, N.W.""}"
landfill_437,Cherokee County - Blalock Road Ph 3 & 4,landfill,34.15000000,-84.48000000,GA,EPA_LMOP,"{""city"":""Canton"",""county"":""Cherokee"",""zip"":""30114"",""address"":""Blalock Road\n2 mi SE of Holly Springs""}"
landfill_10400,"Chesser Island Road Landfill, Inc. MSWL",landfill,30.70790000,-82.08110000,GA,EPA_LMOP,"{""ghgrp_id"":""1007899"",""city"":""Folkston"",""county"":""Charlton"",""zip"":""31537"",""address"":""Highway 121 S. (SR 23) at Chesser Island Road""}"
landfill_459,"City of Forsyth-Old Brent Road, Phase I&II",landfill,33.01500000,-83.95500000,GA,EPA_LMOP,"{""city"":""Forsyth"",""county"":""Monroe"",""zip"":""31209"",""address"":""Old Brent Road""}"
landfill_2288,City of LaGrange Landfill,landfill,33.04630000,-84.95320000,GA,EPA_LMOP,"{""ghgrp_id"":""1002340"",""city"":""LaGrange"",""county"":""Troup"",""zip"":""30241"",""address"":""2233 Greenville Road""}"
landfill_10409,City of Thomasville MSWLF,landfill,30.80580200,-83.91265000,GA,EPA_LMOP,"{""ghgrp_id"":""1003374"",""city"":""Thomasville"",""county"":""Thomas"",""zip"":""31757"",""address"":""88 Landfill Road\noff Sunset Drive""}"
landfill_10445,City of Tifton / Omega / Eldorado Road LF,landfill,31.35777300,-83.53698100,GA,EPA_LMOP,"{""ghgrp_id"":""1007290"",""city"":""Tifton"",""county"":""Tift"",""zip"":""31794"",""address"":""445 Mitchell Store Road""}"
landfill_446,Clayton County SR 3 Lovejoy Landfill,landfill,33.44000000,-84.30700000,GA,EPA_LMOP,"{""ghgrp_id"":""1003854"",""city"":""Lovejoy"",""county"":""Clayton"",""zip"":""30250"",""address"":""11678 Hastings Bridge Road""}"
landfill_10520,Columbus Pine Grove MSWLF,landfill,32.48399900,-84.85079900,GA,EPA_LMOP,"{""ghgrp_id"":""1003863"",""city"":""Columbus"",""county"":""Muscogee"",""zip"":""31907"",""address"":""7900 Pine Grove Way""}"
landfill_460,Columbus-Schatulga Road SLF,landfill,32.50150000,-84.86500000,GA,EPA_LMOP,"{""ghgrp_id"":""1003959"",""city"":""Columbus"",""county"":""Muscogee"",""zip"":""31907"",""address"":""7160 Sacerdote Lane\nSchatulga Road off SR 22""}"
landfill_10406,Crisp County Landfill,landfill,31.86696700,-83.74903100,GA,EPA_LMOP,"{""ghgrp_id"":""1009669"",""city"":""Cordele"",""county"":""Crisp"",""zip"":""31015"",""address"":""3354 U.S. Highway 41 S""}"
landfill_441,Deans Bridge Road MSWLF,landfill,33.35257000,-82.14324000,GA,EPA_LMOP,"{""ghgrp_id"":""1003740"",""city"":""Blythe"",""county"":""Richmond"",""zip"":""30805"",""address"":""4330 Deans Bridge Road""}"
landfill_20700,Decatur County Solid Waste Facility,landfill,30.71000000,-84.40500000,GA,EPA_LMOP,"{""ghgrp_id"":""1011663"",""city"":""Attapulgus"",""county"":""Decatur"",""zip"":""39815"",""address"":""104 Mine Loop Road""}"
landfill_450,Dougherty County Fleming/Gaissert Road LF,landfill,31.53278400,-84.02835300,GA,EPA_LMOP,"{""ghgrp_id"":""1003887"",""city"":""Albany"",""county"":""Dougherty"",""zip"":""31705"",""address"":""900 Gaissert Road""}"
landfill_10403,Eagle Point Landfill LLC,landfill,34.32555600,-84.24083300,GA,EPA_LMOP,"{""ghgrp_id"":""1003710"",""city"":""Ball Ground"",""county"":""Forsyth"",""zip"":""30107"",""address"":""8880 Old Federal Road""}"
landfill_458,"Evergreen Landfill, Inc.",landfill,30.80800000,-83.36250000,GA,EPA_LMOP,"{""ghgrp_id"":""1001636"",""city"":""Valdosta"",""county"":""Lowndes"",""zip"":""31601"",""address"":""2995 Wetherington Lane""}"
landfill_11981,Fort Benning LF,landfill,32.38500000,-84.86500000,GA,EPA_LMOP,"{""ghgrp_id"":""1003440"",""city"":""Fort Benning"",""county"":""Chattahoochee"",""zip"":""31905"",""address"":""1st Division Road""}"
landfill_20701,Fort Stewart Landfill,landfill,31.88720400,-81.64353400,GA,EPA_LMOP,"{""ghgrp_id"":""1004667"",""city"":""Fort Stewart"",""county"":""Liberty"",""zip"":""31314""}"
landfill_20797,Fulton County Merk Miles Road Landfill,landfill,33.66883300,-84.57016700,GA,EPA_LMOP,"{""ghgrp_id"":""1007007"",""city"":""College Park"",""county"":""Fulton"",""zip"":""30349"",""address"":""3225 Merk Road""}"
landfill_10407,Gordon County Redbone Ridges LF,landfill,34.51055700,-84.76581100,GA,EPA_LMOP,"{""ghgrp_id"":""1003333"",""city"":""Ranger"",""county"":""Gordon"",""zip"":""30734"",""address"":""1224 Pleasant Hill Road Extension NE & Red Bone Ridge Road""}"
landfill_1978,Grady Road Landfill,landfill,33.99680000,-85.16700000,GA,EPA_LMOP,"{""ghgrp_id"":""1004256"",""city"":""Rockmart"",""county"":""Polk"",""zip"":""30153"",""address"":""316 Grady Road""}"
landfill_439,Gun Club Road landfill,landfill,33.79500000,-84.46100000,GA,EPA_LMOP,"{""ghgrp_id"":""1006858"",""city"":""Atlanta"",""county"":""Fulton"",""zip"":""30318"",""address"":""1401 Gun Club Road N.W.""}"
landfill_10441,Habersham County SR13 MSWL,landfill,34.55538100,-83.45889000,GA,EPA_LMOP,"{""ghgrp_id"":""1011008"",""city"":""Mt. Airy"",""county"":""Habersham"",""zip"":""30563"",""address"":""4900 Dicks Hill Parkway""}"
landfill_456,Hall County Allen Creek Landfill,landfill,34.25370000,-83.77600000,GA,EPA_LMOP,"{""ghgrp_id"":""1004156"",""city"":""Gainesville"",""county"":""Hall"",""zip"":""30507"",""address"":""2665 Allen Creek Road""}"
landfill_10408,Hall County Candler Road MSWLF,landfill,34.24257400,-83.80076400,GA,EPA_LMOP,"{""ghgrp_id"":""1003972"",""city"":""Gainesville"",""county"":""Hall"",""zip"":""30507"",""address"":""1700 Oakbrook Drive Candler Road""}"
landfill_1984,Heard County Landfill,landfill,33.29500000,-85.14400000,GA,EPA_LMOP,"{""city"":""Franklin"",""county"":""Heard"",""zip"":""30217"",""address"":""off Frolona Road\n5.6 miles NW""}"
landfill_449,Hickory Ridge Landfill,landfill,33.66200000,-84.33600000,GA,EPA_LMOP,"{""ghgrp_id"":""1004559"",""city"":""Conley"",""county"":""DeKalb"",""zip"":""30288"",""address"":""3330 Moreland Avenue""}"
landfill_10240,Highway 309 Landfill,landfill,30.83715000,-84.56792000,GA,EPA_LMOP,"{""city"":""Bainbridge"",""county"":""Decatur"",""zip"":""39819"",""address"":""2773 Fowlstown Road""}"
landfill_11500,Jefferson County CR-138 MSWL,landfill,33.10180000,-82.41640000,GA,EPA_LMOP,"{""city"":""Louisville"",""county"":""Jefferson"",""zip"":""30434"",""address"":""1619 Mennonite Church Road""}"
landfill_452,Key Road Landfill,landfill,33.69872500,-84.33991400,GA,EPA_LMOP,"{""ghgrp_id"":""1006807"",""city"":""Atlanta"",""county"":""DeKalb"",""zip"":""30316"",""address"":""1500 Key Road S.E.""}"
landfill_10443,Laurens County - Old Macon Road MSWL,landfill,32.58591300,-83.04910100,GA,EPA_LMOP,"{""ghgrp_id"":""1012422"",""city"":""Dublin"",""county"":""Laurens"",""zip"":""31021"",""address"":""1645 Old Hawkinsville Road""}"
landfill_2157,Liberty County LF,landfill,31.84300000,-81.39600000,GA,EPA_LMOP,"{""city"":""Midway"",""county"":""Liberty"",""zip"":""31320"",""address"":""Limerick Road""}"
landfill_467,Live Oak LF,landfill,33.67060000,-84.34280000,GA,EPA_LMOP,"{""ghgrp_id"":""1006229"",""city"":""Conley"",""county"":""DeKalb"",""zip"":""30288"",""address"":""1189 Henrico Road""}"
landfill_464,Macon Bibb Walker Road MSWL,landfill,32.79950000,-83.61070000,GA,EPA_LMOP,"{""ghgrp_id"":""1011793"",""city"":""Macon"",""county"":""Bibb"",""zip"":""31201"",""address"":""1011 Walker Swamp Road""}"
landfill_2154,Marble Top Road Landfill,landfill,34.83943100,-85.36346400,GA,EPA_LMOP,"{""city"":""Chickamauga"",""county"":""Walker"",""zip"":""30707"",""address"":""N. Marble Top Road""}"
landfill_2161,Morgan Falls,landfill,33.96910000,-84.37500000,GA,EPA_LMOP,"{""city"":""Dunwoody"",""county"":""Fulton"",""zip"":""30350"",""address"":""Morgan Falls Road""}"
landfill_10380,Murray County Landfill,landfill,34.68076000,-84.73063000,GA,EPA_LMOP,"{""ghgrp_id"":""1003335"",""city"":""Chatsworth"",""county"":""Murray"",""zip"":""30705"",""address"":""6585 Highway 411 S""}"
landfill_10444,Newton County Landfill,landfill,33.55158100,-83.89550800,GA,EPA_LMOP,"{""ghgrp_id"":""1006279"",""city"":""Covington"",""county"":""Newton"",""zip"":""30016"",""address"":""205 Lower River Road""}"
landfill_2268,Oak Grove Landfill,landfill,33.96590000,-83.77280000,GA,EPA_LMOP,"{""ghgrp_id"":""1002477"",""city"":""Winder"",""county"":""Barrow"",""zip"":""30680"",""address"":""967 Carl Bethlehem Road\n3 mi SW of Winder, off SR 324""}"
landfill_462,Old Dixie Highway MSW Landfill,landfill,34.65160000,-84.94500000,GA,EPA_LMOP,"{""ghgrp_id"":""1002863"",""city"":""Dalton"",""county"":""Whitfield"",""zip"":""30721"",""address"":""4189 Old Dixie Highway S.E.""}"
landfill_1983,Paulding County Landfill,landfill,34.02000000,-84.79950000,GA,EPA_LMOP,"{""city"":""Dallas"",""county"":""Paulding"",""zip"":""30132"",""address"":""end of Grants Chapel Road\noff Seven Hills Road""}"
landfill_2303,Pine Bluff Landfill,landfill,34.27300000,-84.38700000,GA,EPA_LMOP,"{""ghgrp_id"":""1006328"",""city"":""Ball Ground"",""county"":""Cherokee"",""zip"":""30107"",""address"":""13809 East Cherokee Drive""}"
landfill_2266,Pine Ridge Landfill,landfill,33.24001700,-84.11868400,GA,EPA_LMOP,"{""ghgrp_id"":""1002478"",""city"":""Griffin"",""county"":""Butts"",""zip"":""30223"",""address"":""105 Bailey Jester Road""}"
landfill_1981,Polk County Landfill #1,landfill,34.00700000,-85.16500000,GA,EPA_LMOP,"{""city"":""Cedartown"",""county"":""Polk"",""zip"":""30125"",""address"":""Highway 278\n~1 mile from Grady Road LF""}"
landfill_10180,R & B (Banks) Landfill,landfill,34.35184000,-83.42719000,GA,EPA_LMOP,"{""ghgrp_id"":""1007798"",""city"":""Homer"",""county"":""Banks"",""zip"":""30547"",""address"":""610 Bennett Road""}"
landfill_454,Richland Creek Road Landfill,landfill,34.12700000,-84.03530000,GA,EPA_LMOP,"{""ghgrp_id"":""1004487"",""city"":""Buford"",""county"":""Gwinnett"",""zip"":""30518"",""address"":""5691 South Richland Creek Road""}"
landfill_438,Roberts Road Landfill,landfill,33.48600000,-84.44200000,GA,EPA_LMOP,"{""ghgrp_id"":""1005901"",""city"":""Fayetteville"",""county"":""Fayette"",""zip"":""30214"",""address"":""180 Roberts Road""}"
landfill_10402,Savannah-Dean Forest Road SL,landfill,32.07800000,-81.22000000,GA,EPA_LMOP,"{""ghgrp_id"":""1005314"",""city"":""Savannah"",""county"":""Chatham"",""zip"":""31405"",""address"":""1327 Dean Forest Road""}"
landfill_448,Seminole Road MSW Landfill,landfill,33.65520000,-84.25250000,GA,EPA_LMOP,"{""ghgrp_id"":""1005638"",""city"":""Ellenwood"",""county"":""DeKalb"",""zip"":""30294"",""address"":""4203 Clevemont Road""}"
landfill_466,Southern States-Bolton Road,landfill,33.81840000,-84.46550000,GA,EPA_LMOP,"{""city"":""Atlanta"",""county"":""Fulton"",""zip"":""30318"",""address"":""2236 Bolton Road, N.W.""}"
landfill_457,SR247 MSW Landfill,landfill,32.39956100,-83.55573000,GA,EPA_LMOP,"{""ghgrp_id"":""1003983"",""city"":""Kathleen"",""county"":""Houston"",""zip"":""31047"",""address"":""2080 GA Hwy 247""}"
landfill_444,Superior Landfill & Recycling Center,landfill,32.02500000,-81.28000000,GA,EPA_LMOP,"{""ghgrp_id"":""1003569"",""city"":""Savannah"",""county"":""Chatham"",""zip"":""31419"",""address"":""3001 Little Neck Road""}"
landfill_2279,Swift Creek Environmental Landfill,landfill,32.82350000,-83.51760000,GA,EPA_LMOP,"{""ghgrp_id"":""1007888"",""city"":""Macon"",""county"":""Bibb"",""zip"":""31217"",""address"":""4200 Davis Road""}"
landfill_10446,"Toombs County-S1898, PH 3 MSWLF",landfill,32.14646700,-82.38856600,GA,EPA_LMOP,"{""city"":""Lyons"",""county"":""Toombs"",""zip"":""30436"",""address"":""2974 Lyons Center Road""}"
landfill_20699,Turkey Run Landfill,landfill,33.16369600,-84.84892500,GA,EPA_LMOP,"{""ghgrp_id"":""1010392"",""city"":""Hogansville"",""county"":""Meriwether"",""zip"":""30230"",""address"":""7144 Lone Oak Road""}"
landfill_10440,Union Hill Church Road MSWLF,landfill,32.95400000,-83.32900000,GA,EPA_LMOP,"{""city"":""Gordon"",""county"":""Gordon"",""zip"":""31031"",""address"":""154 Union Hill Church Road S.W.""}"
landfill_1986,Walker Mountain Landfill,landfill,34.19000000,-85.21479900,GA,EPA_LMOP,"{""ghgrp_id"":""1006025"",""city"":""Rome"",""county"":""Floyd"",""zip"":""30161"",""address"":""433 Walker Mountain Road""}"
landfill_465,Watts Road LF,landfill,33.78560000,-84.48580000,GA,EPA_LMOP,"{""city"":""Atlanta"",""county"":""Fulton"",""zip"":""30318"",""address"":""1144 Field Road NW""}"
landfill_461,"WI Taylor County Disposal, LLC",landfill,32.46226300,-84.37152600,GA,EPA_LMOP,"{""ghgrp_id"":""1007124"",""city"":""Mauk"",""county"":""Taylor"",""zip"":""31058"",""address"":""33 Stewart Road""}"
landfill_1937,WMI-Rolling Hills,landfill,33.61880000,-84.41720000,GA,EPA_LMOP,"{""ghgrp_id"":""1003795"",""city"":""College Park"",""county"":""Clayton"",""zip"":""30349"",""address"":""870 Sullivan Road at Lees Mill Road""}"
landfill_10404,"Wolf Creek Landfill, LLC",landfill,32.77053500,-83.43787300,GA,EPA_LMOP,"{""ghgrp_id"":""1003711"",""city"":""Dry Branch"",""county"":""Twiggs"",""zip"":""31020"",""address"":""911 Landfill Road\noff Hwy 80 (Jeffersonville Road)""}"
landfill_20757,Layon Municipal Solid Waste Landfill,landfill,13.42970700,144.64945700,GU,EPA_LMOP,"{""ghgrp_id"":""1011026"",""city"":""Inarajan"",""zip"":""96915"",""address"":""1130 Chalan Layon""}"
landfill_11801,Ordot Landfill,landfill,13.43906600,144.75061100,GU,EPA_LMOP,"{""city"":""Ordot"",""address"":""Dero Road""}"
landfill_2079,Central Maui Landfill,landfill,20.86000000,-156.41900000,HI,EPA_LMOP,"{""ghgrp_id"":""1005313"",""city"":""Puunene"",""county"":""Maui"",""zip"":""96784"",""address"":""1 Pulehu Road""}"
landfill_2080,Hana Landfill,landfill,20.76778000,-155.98859000,HI,EPA_LMOP,"{""city"":""Hana"",""county"":""Maui"",""zip"":""96713"",""address"":""Waikaloa Street""}"
landfill_11321,Kalamaula Landfill,landfill,21.10096000,-157.05001000,HI,EPA_LMOP,"{""city"":""Naiwa"",""county"":""Maui"",""zip"":""96748"",""address"":""Maunaloa Highway""}"
landfill_2088,Kaneohe Marine Corps Air Station Landfill,landfill,21.44800000,-157.73100000,HI,EPA_LMOP,"{""city"":""Kaneohe Bay"",""county"":""Honolulu"",""zip"":""96863"",""address"":""MCBH Kaneohe Bay""}"
landfill_1777,Kapaa,landfill,21.40000000,-157.76700000,HI,EPA_LMOP,"{""city"":""Kailua"",""county"":""Honolulu"",""zip"":""96734"",""address"":""Kapaa Quarry Road""}"
landfill_2297,Kapaa and Kalaheo Sanitary Landfills,landfill,21.40102500,-157.77503000,HI,EPA_LMOP,"{""ghgrp_id"":""1001595"",""city"":""Kailua"",""county"":""Honolulu"",""zip"":""96734"",""address"":""Kapaa Quarry Road\n913 Kalanianaole Highway""}"
landfill_2081,Kekaha Landfill/Phases I & II,landfill,22.03452000,-159.73029000,HI,EPA_LMOP,"{""ghgrp_id"":""1000216"",""city"":""Kekaha"",""county"":""Kauai"",""zip"":""96752"",""address"":""6900-D Kaumualii Highway""}"
landfill_2083,Lanai Landfill,landfill,20.79400000,-156.96700000,HI,EPA_LMOP,"{""city"":""Lanai City"",""county"":""Maui"",""zip"":""96763"",""address"":""Kaumalapau Highway (Hwy 440)\n4 mi W of Lanai City""}"
landfill_2084,Naiwa Landfill,landfill,21.11800000,-157.06200000,HI,EPA_LMOP,"{""city"":""Kaunakakai"",""county"":""Maui"",""zip"":""96748"",""address"":""Maunaloa Highway""}"
landfill_11300,Olowalu Landfill,landfill,20.83019000,-156.62902000,HI,EPA_LMOP,"{""city"":""Lahaina"",""county"":""Maui"",""zip"":""96761"",""address"":""Honoapiilani Highway""}"
landfill_20793,Palailai Landfill,landfill,21.33800000,-158.08800000,HI,EPA_LMOP,"{""ghgrp_id"":""1004803"",""city"":""Kapolei"",""county"":""Honolulu"",""zip"":""96707"",""address"":""91-402 Farrington Highway""}"
landfill_2087,South Hilo Sanitary Landfill (SHSL),landfill,19.69800000,-155.04400000,HI,EPA_LMOP,"{""ghgrp_id"":""1012851"",""city"":""Hilo"",""county"":""Hawaii"",""zip"":""96720"",""address"":""Leilani Street\n1645 Ho'olaulima Road""}"
landfill_2089,Waimanalo Gulch Landfill & Ash Monofill,landfill,21.34400000,-158.11279000,HI,EPA_LMOP,"{""ghgrp_id"":""1007708"",""city"":""Kapolei"",""county"":""Honolulu"",""zip"":""96707"",""address"":""92-460 Farrington Highway""}"
landfill_2090,West Hawaii Landfill/Puuanahulu,landfill,19.88901300,-155.88029700,HI,EPA_LMOP,"{""ghgrp_id"":""1006173"",""city"":""Waikoloa"",""county"":""Hawaii"",""zip"":""96738"",""address"":""71-1111 Queen Kaahumanu Highway""}"
landfill_21155,Benton County Sanitary Landfill,landfill,41.87571600,-92.09675700,IA,EPA_LMOP,"{""city"":""Blairstown"",""county"":""Benton"",""zip"":""52209"",""address"":""7904 20th Avenue""}"
landfill_614,Black Hawk County SLF (Area E),landfill,42.41400000,-92.32758000,IA,EPA_LMOP,"{""ghgrp_id"":""1000287"",""city"":""Waterloo"",""county"":""Black Hawk"",""zip"":""50701"",""address"":""1509 East Washburn Road""}"
landfill_615,Boone County Landfill,landfill,42.02985000,-93.91940000,IA,EPA_LMOP,"{""ghgrp_id"":""1011956"",""city"":""Boone"",""county"":""Boone"",""zip"":""50036"",""address"":""1268 224th Lane""}"
landfill_11701,Carroll County Sanitary Landfill,landfill,42.07127000,-94.90601000,IA,EPA_LMOP,"{""ghgrp_id"":""1006036"",""city"":""Carroll"",""county"":""Carroll"",""zip"":""51401"",""address"":""19111 Kittyhawk Avenue""}"
landfill_21156,Cass County Sanitary Landfill,landfill,41.37859000,-94.92788000,IA,EPA_LMOP,"{""city"":""Atlantic"",""county"":""Cass"",""zip"":""50022"",""address"":""65928 Jackson Road""}"
landfill_632,Cedar Rapids Linn County Solid Waste Landfill #1,landfill,41.96469000,-91.65193000,IA,EPA_LMOP,"{""ghgrp_id"":""1001766"",""city"":""Cedar Rapids"",""county"":""Linn"",""zip"":""52404"",""address"":""2250 A Street SW""}"
landfill_631,Cedar Rapids Linn County Solid Waste Landfill #2,landfill,42.09371000,-91.55547000,IA,EPA_LMOP,"{""ghgrp_id"":""1001949"",""city"":""Marion"",""county"":""Linn"",""zip"":""52302"",""address"":""1954 County Home Road""}"
landfill_623,Central Disposal Landfill,landfill,43.38200000,-93.57200000,IA,EPA_LMOP,"{""ghgrp_id"":""1007673"",""city"":""Lake Mills"",""county"":""Winnebago"",""zip"":""50450"",""address"":""21265 - 430th Street""}"
landfill_11662,Cherokee County Sanitary Landfill,landfill,42.73473300,-95.52464200,IA,EPA_LMOP,"{""city"":""Cherokee"",""county"":""Cherokee"",""zip"":""51012"",""address"":""1805 Linden Street""}"
landfill_620,City of Newton Sanitary Landfill,landfill,41.67100000,-93.06550000,IA,EPA_LMOP,"{""ghgrp_id"":""1014285"",""city"":""Newton"",""county"":""Jasper"",""zip"":""50208"",""address"":""3202 Highway 14 S""}"
landfill_616,Clinton County SLF (East),landfill,41.85905000,-90.25866000,IA,EPA_LMOP,"{""ghgrp_id"":""1002599"",""city"":""Clinton"",""county"":""Clinton"",""zip"":""52732"",""address"":""4292 220th Street""}"
landfill_617,Des Moines County Regional Sanitary Landfill,landfill,40.84900000,-91.19600000,IA,EPA_LMOP,"{""ghgrp_id"":""1002610"",""city"":""West Burlington"",""county"":""Des Moines"",""zip"":""52655"",""address"":""13758 Washington Road""}"
landfill_618,Dickinson Landfill Inc.,landfill,43.37178000,-95.07733000,IA,EPA_LMOP,"{""ghgrp_id"":""1007690"",""city"":""Spirit Lake"",""county"":""Dickinson"",""zip"":""51360"",""address"":""2575 190th Street""}"
landfill_619,Dubuque Metropolitan SLF,landfill,42.45501000,-90.77686000,IA,EPA_LMOP,"{""ghgrp_id"":""1000473"",""city"":""Dubuque"",""county"":""Dubuque"",""zip"":""52003"",""address"":""101 Airborne Road""}"
landfill_2092,Fayette County Landfill,landfill,42.82000000,-91.79200000,IA,EPA_LMOP,"{""ghgrp_id"":""1001102"",""city"":""Fayette"",""county"":""Fayette"",""zip"":""52142"",""address"":""10275 Kornhill Road""}"
landfill_21157,Floyd-Mitchell-Chickasaw Counties Landfill,landfill,43.23674700,-92.56074800,IA,EPA_LMOP,"{""city"":""Elma"",""county"":""Mitchell"",""zip"":""50628"",""address"":""3354 330th Street""}"
landfill_21158,Fremont County Sanitary Landfill,landfill,40.69048900,-95.64234000,IA,EPA_LMOP,"{""city"":""Sidney"",""county"":""Fremont"",""zip"":""51652"",""address"":""2879 250th Street""}"
landfill_630,Great River Regional Solid Waste Authority Landfill,landfill,40.65600000,-91.30950000,IA,EPA_LMOP,"{""ghgrp_id"":""1006153"",""city"":""Fort Madison"",""county"":""Lee"",""zip"":""52627"",""address"":""2092 303rd Avenue""}"
landfill_21159,Harrison County Sanitary Landfill,landfill,41.64081200,-95.76831000,IA,EPA_LMOP,"{""city"":""Logan"",""county"":""Harrison"",""zip"":""51546"",""address"":""2812 E. Highway 30""}"
landfill_10300,Iowa City SLF,landfill,41.64500000,-91.62400000,IA,EPA_LMOP,"{""ghgrp_id"":""1003812"",""city"":""Iowa City"",""county"":""Johnson"",""zip"":""52246"",""address"":""3900 Hebl Avenue SW""}"
landfill_21160,Iowa County Sanitary Landfill,landfill,41.76487500,-91.83305900,IA,EPA_LMOP,"{""city"":""Homestead"",""county"":""Iowa"",""zip"":""52236"",""address"":""3369 Highway 6 Trail""}"
landfill_11601,Landfill of North Iowa,landfill,43.12600000,-93.30030000,IA,EPA_LMOP,"{""ghgrp_id"":""1006749"",""city"":""Clear Lake"",""county"":""Cerro Gordo"",""zip"":""50428"",""address"":""15942 Killdeer Avenue""}"
landfill_11781,Loess Hills Regional SLF,landfill,41.02200000,-95.63900000,IA,EPA_LMOP,"{""ghgrp_id"":""1003990"",""city"":""Malvern"",""county"":""Mills"",""zip"":""51551"",""address"":""59722 290th Street""}"
landfill_21161,Mahaska County Sanitary Landfill,landfill,41.22472600,-92.64769200,IA,EPA_LMOP,"{""ghgrp_id"":""1014520"",""city"":""Oskaloosa"",""county"":""Mahaska"",""zip"":""52577"",""address"":""2979 US Highway 63""}"
landfill_626,Marshall County SLF,landfill,42.03600000,-92.98200000,IA,EPA_LMOP,"{""ghgrp_id"":""1010983"",""city"":""Marshalltown"",""county"":""Marshall"",""zip"":""50158"",""address"":""2313 Marshalltown Boulevard""}"
landfill_624,Metro Park East Landfill,landfill,41.60072200,-93.34526500,IA,EPA_LMOP,"{""ghgrp_id"":""1007727"",""city"":""Mitchellville"",""county"":""Polk"",""zip"":""50169"",""address"":""12181 University Avenue NE\n12161 12th Avenue NE""}"
landfill_21162,Metro Park West Landfill,landfill,41.86480500,-94.16224600,IA,EPA_LMOP,"{""city"":""Perry"",""county"":""Dallas"",""zip"":""50220"",""address"":""2499 337th Street""}"
landfill_21163,Montgomery County Sanitary Landfill,landfill,41.05781400,-95.15090800,IA,EPA_LMOP,"{""city"":""Red Oak"",""county"":""Montgomery"",""zip"":""51566"",""address"":""1704 L Avenue""}"
landfill_633,Muscatine County SLF,landfill,41.51730000,-90.84300000,IA,EPA_LMOP,"{""ghgrp_id"":""1003605"",""city"":""Blue Grass"",""county"":""Muscatine"",""zip"":""52726"",""address"":""3700 U.S. Highway 61 N""}"
landfill_2055,North Central Iowa Regional SWA Sanitary Landfill,landfill,42.47227000,-94.16971200,IA,EPA_LMOP,"{""ghgrp_id"":""1010979"",""city"":""Fort Dodge"",""county"":""Webster"",""zip"":""50501"",""address"":""2240 Gypsum Hollow Road\n2240 Landfill Drive""}"
landfill_21164,Northern Plains Regional Landfill,landfill,43.21016000,-94.75247000,IA,EPA_LMOP,"{""city"":""Graettinger"",""county"":""Palo Alto"",""zip"":""51342"",""address"":""3032 420th Avenue""}"
landfill_627,Northwest Iowa Area SWA Landfill,landfill,43.12990000,-95.89411900,IA,EPA_LMOP,"{""ghgrp_id"":""1010524"",""city"":""Sheldon"",""county"":""Sioux"",""zip"":""51201"",""address"":""4540 360th Street""}"
landfill_10220,Oak Ridge Landfill,landfill,41.24100000,-95.90679000,IA,EPA_LMOP,"{""city"":""Council Bluffs"",""county"":""Pottawattamie"",""zip"":""51501-7023"",""address"":""1900 River Road""}"
landfill_628,Ottumwa-Wapello County SLF,landfill,41.08000000,-92.47300000,IA,EPA_LMOP,"{""ghgrp_id"":""1002609"",""city"":""Ottumwa"",""county"":""Wapello"",""zip"":""52501"",""address"":""13277 165th Avenue""}"
landfill_21165,Page County Sanitary Landfill,landfill,40.75090400,-95.11065700,IA,EPA_LMOP,"{""city"":""Clarinda"",""county"":""Page"",""zip"":""51632"",""address"":""2032 N Avenue""}"
landfill_625,Poweshiek County SLF,landfill,41.74614000,-92.55877000,IA,EPA_LMOP,"{""city"":""Malcolm"",""county"":""Poweshiek""}"
landfill_21166,RIWMA Landfill,landfill,42.40687000,-93.24537800,IA,EPA_LMOP,"{""city"":""Eldora"",""county"":""Hardin"",""zip"":""50627"",""address"":""20488 M Avenue""}"
landfill_21171,Sac County Landfill,landfill,42.41019000,-95.10121900,IA,EPA_LMOP,"{""city"":""Sac City"",""county"":""Sac"",""zip"":""50583"",""address"":""2430 260th""}"
landfill_634,Scott Area SLF,landfill,41.47444000,-90.68864000,IA,EPA_LMOP,"{""ghgrp_id"":""1002564"",""city"":""Davenport"",""county"":""Scott"",""zip"":""52804"",""address"":""11555 110th Avenue County Road Y-48""}"
landfill_21167,SEMCO Landfill,landfill,41.18123400,-92.02435500,IA,EPA_LMOP,"{""city"":""Richland"",""county"":""Keokuk"",""zip"":""52585"",""address"":""29997 Highway 78 West""}"
landfill_621,Sioux City SLF,landfill,42.38300000,-96.01770000,IA,EPA_LMOP,"{""city"":""Sioux City"",""county"":""Woodbury"",""zip"":""51101""}"
landfill_21130,South Central Iowa Landfill,landfill,41.33900000,-93.95500000,IA,EPA_LMOP,"{""ghgrp_id"":""1010982"",""city"":""Winterset"",""county"":""Madison"",""zip"":""50273"",""address"":""2496 Highway 92""}"
landfill_622,South Central Iowa Sanitary Landfill,landfill,41.25995000,-92.95676000,IA,EPA_LMOP,"{""ghgrp_id"":""1002691"",""city"":""Tracy"",""county"":""Marion"",""zip"":""50256"",""address"":""1736 Hwy T-17""}"
landfill_21168,South Dallas County Sanitary Landfill,landfill,41.62060500,-94.04021400,IA,EPA_LMOP,"{""city"":""Adel"",""county"":""Dallas"",""zip"":""50003"",""address"":""2000 Main Street""}"
landfill_21169,Tama County Sanitary Landfill,landfill,42.02779900,-92.56862800,IA,EPA_LMOP,"{""city"":""Toledo"",""county"":""Tama"",""zip"":""52342"",""address"":""2872 K Avenue""}"
landfill_21170,Wayne-Ringgold-Decatur County Sanitary Landfill,landfill,40.73338500,-93.96266700,IA,EPA_LMOP,"{""city"":""Grand River"",""county"":""Decatur"",""zip"":""50108"",""address"":""21377 125th Avenue""}"
landfill_2046,Winneshiek County Sanitary Landfill,landfill,43.22500000,-91.67000000,IA,EPA_LMOP,"{""ghgrp_id"":""1000382"",""city"":""Decorah"",""county"":""Winneshiek"",""zip"":""52101"",""address"":""2000 140th Avenue""}"
landfill_2165,Ada County Landfill,landfill,43.69800000,-116.28300000,ID,EPA_LMOP,"{""ghgrp_id"":""1003446"",""city"":""Boise"",""county"":""Ada"",""zip"":""83714"",""address"":""10300 Seamans Gulch Road""}"
landfill_2187,Bear Lake County Landfill,landfill,42.32130000,-111.24790000,ID,EPA_LMOP,"{""city"":""Montpelier"",""county"":""Bear Lake"",""zip"":""83254"",""address"":""175 Willowbrook Lane\noff Highway 89""}"
landfill_2167,Bennett Road Landfill,landfill,43.07800000,-115.57600000,ID,EPA_LMOP,"{""city"":""Mountain Home"",""county"":""Elmore"",""zip"":""83647"",""address"":""Bennett Road, East of Mountain Home""}"
landfill_2168,Bingham County / Fielding / Goshen Landfill,landfill,43.29700000,-112.07000000,ID,EPA_LMOP,"{""city"":""Shelley"",""county"":""Bingham"",""zip"":""83274"",""address"":""700 North 1125 East""}"
landfill_2169,Bingham County Landfill-Ridge Road,landfill,43.29700000,-112.07500000,ID,EPA_LMOP,"{""city"":""Blackfoot"",""county"":""Bingham"",""zip"":""83221"",""address"":""1100 E Mountain View Road""}"
landfill_2170,Boise County Warm Springs Municipal Landfill,landfill,43.85260000,-115.87370000,ID,EPA_LMOP,"{""city"":""Idaho City"",""county"":""Boise"",""zip"":""83631"",""address"":""Warm Springs Road & Centerville Road\n3 miles West of Idaho City""}"
landfill_2171,Bonneville County Landfill,landfill,43.42880000,-111.85720000,ID,EPA_LMOP,"{""city"":""Idaho Falls"",""county"":""Bonneville"",""zip"":""83402"",""address"":""9449 E. Sunnyside""}"
landfill_2172,Boundary County Landfill,landfill,48.71857700,-116.31713400,ID,EPA_LMOP,"{""city"":""Bonners Ferry"",""county"":""Boundary"",""zip"":""83805"",""address"":""611 Hillcrest Road\nOff County Road 29""}"
landfill_2174,Butte County Howe Landfill,landfill,43.78850000,-113.01500000,ID,EPA_LMOP,"{""city"":""Howe"",""county"":""Butte"",""zip"":""83244"",""address"":""1550 W""}"
landfill_2183,Circular Butte Sanitary LF,landfill,43.85100000,-112.53900000,ID,EPA_LMOP,"{""ghgrp_id"":""1002441"",""city"":""Terreton"",""county"":""Jefferson"",""zip"":""83450"",""address"":""1571 N 800 E""}"
landfill_2190,Clay Peak Landfill,landfill,44.06447400,-116.86113900,ID,EPA_LMOP,"{""city"":""Payette"",""county"":""Payette"",""zip"":""83661"",""address"":""2560 Highway 52""}"
landfill_2067,Fighting Creek Farm Landfill,landfill,47.53400000,-116.93400000,ID,EPA_LMOP,"{""ghgrp_id"":""1006763"",""city"":""Coeur d' Alene"",""county"":""Kootenai"",""zip"":""83814"",""address"":""22089 U.S. 95""}"
landfill_1988,Fort Hall Mine Landfill,landfill,42.78200000,-112.37500000,ID,EPA_LMOP,"{""ghgrp_id"":""1002699"",""city"":""Pocatello"",""county"":""Bannock"",""zip"":""83204"",""address"":""1500 N. Fort Hall Mine Road""}"
landfill_2178,Franklin County Sanitary Landfill,landfill,42.14330000,-111.81920000,ID,EPA_LMOP,"{""city"":""Preston"",""county"":""Franklin"",""zip"":""83263"",""address"":""2655 N 2200 E""}"
landfill_2177,Goodrich Landfill,landfill,44.63500000,-116.48600000,ID,EPA_LMOP,"{""city"":""Council"",""county"":""Adams"",""zip"":""83612"",""address"":""Goodrich Road\n2 miles west of I-95""}"
landfill_2181,Hub Butte Landfill,landfill,42.41820000,-114.49910000,ID,EPA_LMOP,"{""city"":""Twin Falls"",""county"":""Twin Falls"",""zip"":""83301"",""address"":""2900 N. 2800 E.""}"
landfill_2182,Island Park Sanitary Landfill,landfill,44.45050000,-111.37050000,ID,EPA_LMOP,"{""city"":""Island Park"",""county"":""Fremont"",""zip"":""83429"",""address"":""3970 Kilgore-Yale Road""}"
landfill_2184,Latah Sanitary Landfill,landfill,46.71000000,-116.90200000,ID,EPA_LMOP,"{""city"":""Moscow"",""county"":""Latah"",""zip"":""83843"",""address"":""3299 Highway 8""}"
landfill_2185,Lemhi County Landfill 1,landfill,45.11889300,-113.86152300,ID,EPA_LMOP,"{""city"":""Salmon"",""county"":""Lemhi"",""zip"":""83467"",""address"":""Landfill Rd\noff of Hot Springs Rd""}"
landfill_2188,Lemhi County Landfill 2,landfill,45.12600000,-113.83300000,ID,EPA_LMOP,"{""city"":""Salmon"",""county"":""Lemhi"",""zip"":""83467"",""address"":""Landfill Road\noff of Hot Springs Road""}"
landfill_2191,Milner Butte Landfill,landfill,42.46200000,-114.00500000,ID,EPA_LMOP,"{""ghgrp_id"":""1004840"",""city"":""Burley"",""county"":""Cassia"",""zip"":""83318"",""address"":""1050 West 400 South""}"
landfill_20895,Mud Lake Landfill,landfill,43.85400000,-112.50800000,ID,EPA_LMOP,"{""ghgrp_id"":""1007349"",""city"":""Terreton"",""county"":""Jefferson"",""zip"":""83450"",""address"":""925 E. Salmon Highway""}"
landfill_2189,Oneida County Sanitary Landfill,landfill,42.21009800,-112.23709900,ID,EPA_LMOP,"{""city"":""Malad City"",""county"":""Oneida"",""zip"":""83252"",""address"":""1750 N Old Highway 191""}"
landfill_2175,Pickles Butte SLF,landfill,43.49300000,-116.70400000,ID,EPA_LMOP,"{""ghgrp_id"":""1000783"",""city"":""Nampa"",""county"":""Canyon"",""zip"":""83686"",""address"":""15500 Missouri Avenue""}"
landfill_20702,Simco Road Regional Landfill,landfill,43.25628300,-115.90283700,ID,EPA_LMOP,"{""ghgrp_id"":""1008253"",""city"":""Mayfield"",""county"":""Elmore"",""zip"":""83716"",""address"":""16415 NW Waste Site Drive""}"
landfill_2192,St. Anthony Landfill,landfill,43.98080000,-111.67790000,ID,EPA_LMOP,"{""city"":""St Anthony"",""county"":""Fremont"",""zip"":""83445"",""address"":""716 N 2400 E""}"
landfill_2193,Teton County Landfill,landfill,43.72600000,-111.07300000,ID,EPA_LMOP,"{""ghgrp_id"":""1001754"",""city"":""Driggs"",""county"":""Teton"",""zip"":""83422"",""address"":""114 E 25 N""}"
landfill_1859,31st Street Landfill,landfill,41.83894000,-87.91497000,IL,EPA_LMOP,"{""ghgrp_id"":""1003742"",""city"":""Westchester"",""county"":""Cook"",""zip"":""60154"",""address"":""11700 West 31st Street""}"
landfill_500,ADS/McLean County LF #2,landfill,40.47286600,-89.03771800,IL,EPA_LMOP,"{""ghgrp_id"":""1002094"",""city"":""Bloomington"",""county"":""McLean"",""zip"":""61704"",""address"":""2105 W. Oakland Avenue""}"
landfill_503,Alton Municipal Landfill,landfill,38.92800000,-90.17900000,IL,EPA_LMOP,"{""city"":""Godfrey"",""county"":""Madison"",""zip"":""62035"",""address"":""4550 N. Alby Street""}"
landfill_521,Beecher Landfill,landfill,41.39150000,-87.63880000,IL,EPA_LMOP,"{""ghgrp_id"":""1003744"",""city"":""Beecher"",""county"":""Will"",""zip"":""60401"",""address"":""1055 W. Goodenow Road""}"
landfill_1856,Belleville Sanitary LF,landfill,38.48359000,-90.01182400,IL,EPA_LMOP,"{""ghgrp_id"":""1004353"",""city"":""Belleville"",""county"":""St. Clair"",""zip"":""62220"",""address"":""2381 Park Road""}"
landfill_1861,Bloomington LF,landfill,40.46500000,-89.03600000,IL,EPA_LMOP,"{""city"":""Bloomington"",""county"":""McLean"",""zip"":""61704"",""address"":""W. Oakland Avenue""}"
landfill_470,Bond County LF,landfill,38.88497000,-89.42086000,IL,EPA_LMOP,"{""ghgrp_id"":""1004601"",""city"":""Greenville"",""county"":""Bond"",""zip"":""62246"",""address"":""825 Willard Street""}"
landfill_1864,Brickyard Disposal & Recycling Inc.,landfill,40.09966000,-87.61630000,IL,EPA_LMOP,"{""ghgrp_id"":""1004026"",""city"":""Danville"",""county"":""Vermilion"",""zip"":""61832"",""address"":""601 East Brickyard Road""}"
landfill_522,CDT LF,landfill,41.50037100,-88.14491400,IL,EPA_LMOP,"{""city"":""Rockdale"",""county"":""Will"",""zip"":""60436"",""address"":""2851 Mound Road""}"
landfill_504,Chain of Rocks RDF,landfill,38.76235000,-90.12949000,IL,EPA_LMOP,"{""ghgrp_id"":""1003509"",""city"":""Granite City"",""county"":""Madison"",""zip"":""62040"",""address"":""3399 W. Chain of Rocks Road""}"
landfill_474,CID Recycling and Disposal Facility,landfill,41.65500000,-87.57800000,IL,EPA_LMOP,"{""ghgrp_id"":""1008012"",""city"":""Chicago"",""county"":""Cook"",""zip"":""60633"",""address"":""13707 S. Jeffery Avenue""}"
landfill_481,Clinton Landfill Inc.,landfill,40.11400000,-88.95800000,IL,EPA_LMOP,"{""ghgrp_id"":""1007467"",""city"":""Clinton"",""county"":""De Witt"",""zip"":""61727"",""address"":""9550 Heritage Road""}"
landfill_472,Coles County Landfill,landfill,39.50900000,-88.26700000,IL,EPA_LMOP,"{""ghgrp_id"":""1006348"",""city"":""Charleston"",""county"":""Coles"",""zip"":""61920"",""address"":""6351 West State Street""}"
landfill_1862,Congress Development Company LF,landfill,41.87210000,-87.88850000,IL,EPA_LMOP,"{""ghgrp_id"":""1006289"",""city"":""Hillside"",""county"":""Cook"",""zip"":""60162"",""address"":""4100 W. Frontage Road""}"
landfill_2306,Cottonwood Hills LF,landfill,38.26000000,-89.78000000,IL,EPA_LMOP,"{""ghgrp_id"":""1003216"",""city"":""Marissa"",""county"":""St. Clair"",""zip"":""62257"",""address"":""10400 Hillstown Road""}"
landfill_495,Countryside LF,landfill,42.32424000,-88.02890000,IL,EPA_LMOP,"{""ghgrp_id"":""1007992"",""city"":""Grayslake"",""county"":""Lake"",""zip"":""60030"",""address"":""31725 N. Route 83""}"
landfill_2418,Davis Junction Landfill,landfill,42.14700000,-89.08250000,IL,EPA_LMOP,"{""ghgrp_id"":""1006991"",""city"":""Davis Junction"",""county"":""Ogle"",""zip"":""61020"",""address"":""8900 Highway 251""}"
landfill_480,DeKalb County LF,landfill,41.89800000,-88.68600000,IL,EPA_LMOP,"{""ghgrp_id"":""1007724"",""city"":""DeKalb"",""county"":""DeKalb"",""zip"":""60115"",""address"":""18370 Somonauk Road""}"
landfill_1866,Des Plaines Landfill,landfill,42.06890000,-87.86530000,IL,EPA_LMOP,"{""ghgrp_id"":""1003743"",""city"":""Des Plaines"",""county"":""Cook"",""zip"":""60016"",""address"":""9800 West Central Road""}"
landfill_21398,Eco Hill Landfill,landfill,41.40750300,-90.00364700,IL,EPA_LMOP,"{""ghgrp_id"":""1014391"",""city"":""Atkinson"",""county"":""Henry"",""zip"":""61235"",""address"":""137 Commercial Drive""}"
landfill_499,Envirofil of Illinois Inc.,landfill,40.48433300,-90.63800000,IL,EPA_LMOP,"{""ghgrp_id"":""1007589"",""city"":""Macomb"",""county"":""McDonough"",""zip"":""61455"",""address"":""13998 E. 1400th Street""}"
landfill_487,Environtech LF,landfill,41.37299000,-88.40260000,IL,EPA_LMOP,"{""ghgrp_id"":""1007701"",""city"":""Morris"",""county"":""Grundy"",""zip"":""60450"",""address"":""1800 Ashley Road""}"
landfill_471,Five Oaks RDF,landfill,39.54693000,-89.29487000,IL,EPA_LMOP,"{""ghgrp_id"":""1006251"",""city"":""Taylorville"",""county"":""Christian"",""zip"":""62568"",""address"":""890 E. 1500 North Road""}"
landfill_2307,Freeport Municipal Landfill #4,landfill,42.26570000,-89.62120000,IL,EPA_LMOP,"{""city"":""Freeport"",""county"":""Stephenson"",""zip"":""61032"",""address"":""2133 S. Walnut Road""}"
landfill_483,Greene Valley RDF,landfill,41.73045000,-88.07444000,IL,EPA_LMOP,"{""ghgrp_id"":""1006207"",""city"":""Naperville"",""county"":""DuPage"",""zip"":""60565"",""address"":""9 S. 610 Greene Road""}"
landfill_2164,H.O.D. Landfill,landfill,42.47600000,-88.08200000,IL,EPA_LMOP,"{""city"":""Antioch"",""county"":""Lake"",""zip"":""60002"",""address"":""McMillen Road""}"
landfill_524,Herrin Municipal,landfill,37.77600000,-89.00550000,IL,EPA_LMOP,"{""city"":""Herrin"",""county"":""Williamson"",""address"":""Landfill Road Rural Route 1""}"
landfill_2313,Hickory Ridge Landfill Inc.,landfill,39.69800000,-90.91400000,IL,EPA_LMOP,"{""ghgrp_id"":""1007073"",""city"":""Baylis"",""county"":""Pike"",""zip"":""62314"",""address"":""32246 375th Street""}"
landfill_1872,Illinois Landfill Inc.,landfill,40.44537500,-87.63883000,IL,EPA_LMOP,"{""ghgrp_id"":""1002088"",""city"":""Hoopeston"",""county"":""Vermilion"",""zip"":""60942"",""address"":""16310 E. 4000 North Road""}"
landfill_12145,Indian Creek Landfill #2,landfill,40.42791500,-89.46491800,IL,EPA_LMOP,"{""ghgrp_id"":""1005916"",""city"":""Hopedale"",""county"":""Tazewell"",""zip"":""61747"",""address"":""24501 W. McMullen Road""}"
landfill_2420,Jerseyville Sanitation Landfill,landfill,39.08690000,-90.31890000,IL,EPA_LMOP,"{""city"":""Jerseyville"",""county"":""Jersey"",""zip"":""62052"",""address"":""1336 Crystal Lake Road""}"
landfill_489,K & H Disposal Landfill,landfill,40.88330000,-87.61610000,IL,EPA_LMOP,"{""city"":""Donovan"",""county"":""Iroquois"",""zip"":""60931"",""address"":""U.S. Route 52""}"
landfill_493,Kankakee County RDF,landfill,41.03100000,-87.86240000,IL,EPA_LMOP,"{""ghgrp_id"":""1006418"",""city"":""Chebanse"",""county"":""Kankakee"",""zip"":""60922"",""address"":""6259 S. Route 45 & 52""}"
landfill_2308,Knox County LF #3,landfill,41.01500000,-90.24800000,IL,EPA_LMOP,"{""ghgrp_id"":""1003516"",""city"":""Oneida"",""county"":""Knox"",""zip"":""61467"",""address"":""996 Knox Road 2150 North""}"
landfill_475,Lake LF,landfill,42.10550000,-87.81250000,IL,EPA_LMOP,"{""ghgrp_id"":""1003588"",""city"":""Northbrook"",""county"":""Cook"",""zip"":""60062"",""address"":""1300 Willow Road""}"
landfill_476,Land & Lakes #1 and #2,landfill,41.64464800,-87.59333000,IL,EPA_LMOP,"{""city"":""Park Ridge"",""county"":""Cook"",""zip"":""60068"",""address"":""1220 East 138th Street""}"
landfill_477,Land & Lakes #3,landfill,41.67370000,-87.57320000,IL,EPA_LMOP,"{""ghgrp_id"":""1007047"",""city"":""Chicago"",""county"":""Cook"",""zip"":""60633"",""address"":""2000 E. 122nd Street""}"
landfill_2322,Land & Lakes/Willow Ranch Landfill,landfill,41.67051800,-88.06279500,IL,EPA_LMOP,"{""ghgrp_id"":""1006349"",""city"":""Romeoville"",""county"":""Will"",""zip"":""60446"",""address"":""1371 N. Joliet Road""}"
landfill_2309,LandComp Landfill,landfill,41.34789900,-88.91350900,IL,EPA_LMOP,"{""ghgrp_id"":""1002090"",""city"":""Ottawa"",""county"":""LaSalle"",""zip"":""61350"",""address"":""2840 E. 13th Road""}"
landfill_2310,Landfill 33 Ltd.,landfill,39.10100000,-88.52600000,IL,EPA_LMOP,"{""ghgrp_id"":""1004887"",""city"":""Effingham"",""county"":""Effingham"",""zip"":""62401"",""address"":""1713 S. Willow Street""}"
landfill_1857,Lansing LF,landfill,41.58611100,-87.55000000,IL,EPA_LMOP,"{""city"":""Lansing"",""county"":""Cook"",""zip"":""60438"",""address"":""170th Street""}"
landfill_523,Laraway RDF,landfill,41.45101000,-88.10807000,IL,EPA_LMOP,"{""city"":""Elwood"",""county"":""Will"",""zip"":""60421"",""address"":""21101 W. Laraway Road""}"
landfill_2324,Lee County Landfill,landfill,41.73100000,-89.39500000,IL,EPA_LMOP,"{""ghgrp_id"":""1003627"",""city"":""Dixon"",""county"":""Lee"",""zip"":""61021"",""address"":""1214 South Bataan Road\n1279 North Bataan Road""}"
landfill_1877,Litchfield-Hillsboro LF,landfill,39.17000000,-89.61500000,IL,EPA_LMOP,"{""ghgrp_id"":""1002091"",""city"":""Litchfield"",""county"":""Montgomery"",""zip"":""62056"",""address"":""2782 Landfill Trail""}"
landfill_497,Livingston LF,landfill,40.93178000,-88.65735000,IL,EPA_LMOP,"{""ghgrp_id"":""1002249"",""city"":""Pontiac"",""county"":""Livingston"",""zip"":""61764"",""address"":""14206 E. 2100 North Road""}"
landfill_484,Mallard Lake LF,landfill,41.95250000,-88.14420000,IL,EPA_LMOP,"{""ghgrp_id"":""1007633"",""city"":""Hanover Park"",""county"":""DuPage"",""zip"":""60133"",""address"":""26 W. 580 Schick Road""}"
landfill_516,Milam Recycling and Disposal Facility,landfill,38.65470000,-90.13020000,IL,EPA_LMOP,"{""ghgrp_id"":""1008269"",""city"":""East St. Louis"",""county"":""St. Clair"",""zip"":""62201"",""address"":""601 Madison Road""}"
landfill_514,Modern Landfill,landfill,38.48846000,-90.02839000,IL,EPA_LMOP,"{""ghgrp_id"":""1004311"",""city"":""Belleville"",""county"":""St. Clair"",""zip"":""62226"",""address"":""3521 Centreville Avenue\nnear IL Route 158 & Mine Haul Road""}"
landfill_486,Morris Community LF,landfill,41.37160000,-88.40260000,IL,EPA_LMOP,"{""ghgrp_id"":""1004541"",""city"":""Morris"",""county"":""Grundy"",""zip"":""60450"",""address"":""1501 Ashley Road""}"
landfill_482,Multi-County LF,landfill,39.87500000,-88.14000000,IL,EPA_LMOP,"{""city"":""Villa Grove"",""county"":""Douglas""}"
landfill_1899,Orchard Hills Landfill Inc.,landfill,42.14322000,-89.07690000,IL,EPA_LMOP,"{""ghgrp_id"":""1001637"",""city"":""Davis Junction"",""county"":""Ogle"",""zip"":""61020"",""address"":""8290 N. IL Highway 251""}"
landfill_478,Paxton LF Corporation #2,landfill,41.68167000,-87.57284000,IL,EPA_LMOP,"{""city"":""Chicago"",""county"":""Cook""}"
landfill_517,Pekin Metropolitan Landfill,landfill,40.56640000,-89.62820000,IL,EPA_LMOP,"{""city"":""Pekin"",""county"":""Tazewell"",""zip"":""61554"",""address"":""11916 Towerline Road""}"
landfill_21224,Peoria City/County Landfill #3,landfill,40.74282700,-89.79292000,IL,EPA_LMOP,"{""city"":""Brimfield"",""county"":""Peoria"",""zip"":""61517"",""address"":""11501 Cottonwood Road""}"
landfill_1868,Peoria City/County Landfills #1 and #2,landfill,40.74253800,-89.79860600,IL,EPA_LMOP,"{""ghgrp_id"":""1003986"",""city"":""Brimfield"",""county"":""Peoria"",""zip"":""61517"",""address"":""11501 W. Cottonwood Road""}"
landfill_509,Peoria Disposal Company #1,landfill,40.76550000,-89.69830000,IL,EPA_LMOP,"{""city"":""Peoria"",""county"":""Peoria"",""zip"":""61528"",""address"":""4349 W. Southport Road""}"
landfill_2312,"Perry Ridge Landfill, Inc.",landfill,38.03500000,-89.30100000,IL,EPA_LMOP,"{""ghgrp_id"":""1006306"",""city"":""Du Quoin"",""county"":""Perry"",""zip"":""62832"",""address"":""6305 Sacred Heart Road""}"
landfill_2315,Prairie View RDF,landfill,41.34000000,-88.13000000,IL,EPA_LMOP,"{""ghgrp_id"":""1006176"",""city"":""Wilmington"",""county"":""Will"",""zip"":""60481"",""address"":""29755 S. Prairie View Drive""}"
landfill_12144,Quad Cities Landfill Phase IV,landfill,41.37984300,-90.51028800,IL,EPA_LMOP,"{""ghgrp_id"":""1004059"",""city"":""Milan"",""county"":""Rock Island"",""zip"":""61264"",""address"":""13606 Knoxville Road""}"
landfill_510,"Quad Cities LF Phases 1, 2, & 3",landfill,41.38250000,-90.51280000,IL,EPA_LMOP,"{""ghgrp_id"":""1006285"",""city"":""Milan"",""county"":""Rock Island"",""zip"":""61264"",""address"":""13606 Knoxville Road""}"
landfill_469,Quincy Landfills #2 and #3,landfill,39.92950000,-91.27622000,IL,EPA_LMOP,"{""city"":""Quincy"",""county"":""Adams"",""zip"":""62301"",""address"":""Old Broadway Road""}"
landfill_1873,RCS Landfill,landfill,39.08687000,-90.31789000,IL,EPA_LMOP,"{""city"":""Jerseyville"",""county"":""Jersey"",""zip"":""62052"",""address"":""1336 Crystal Lake Road""}"
landfill_527,River Bend Prairie Landfill,landfill,41.64460000,-87.59790000,IL,EPA_LMOP,"{""ghgrp_id"":""1008115"",""city"":""Dolton"",""county"":""Cook"",""zip"":""60419"",""address"":""801 E. 138th Street\nINT with Cottage Grove Avenue""}"
landfill_507,Rochelle Municipal #2,landfill,41.92600000,-88.99700000,IL,EPA_LMOP,"{""ghgrp_id"":""1004936"",""city"":""Rochelle"",""county"":""Ogle"",""zip"":""61068"",""address"":""6513 South Mulford Road""}"
landfill_1874,Roxana LF,landfill,38.82740000,-90.01250000,IL,EPA_LMOP,"{""ghgrp_id"":""1003697"",""city"":""Edwardsville"",""county"":""Madison"",""zip"":""62025"",""address"":""4600 Cahokia Creek Road""}"
landfill_2316,Salem Municipal Landfill #2,landfill,38.61650000,-88.94530000,IL,EPA_LMOP,"{""city"":""Salem"",""county"":""Marion"",""zip"":""62881"",""address"":""900 E. Lake Street""}"
landfill_2317,"Saline County Landfill, Inc.",landfill,37.67101200,-88.46212500,IL,EPA_LMOP,"{""ghgrp_id"":""1007905"",""city"":""Harrisburg"",""county"":""Saline"",""zip"":""62946"",""address"":""5000 Whitesville Road""}"
landfill_513,Sangamon Valley Landfill Inc.,landfill,39.86018800,-89.60771100,IL,EPA_LMOP,"{""ghgrp_id"":""1002096"",""city"":""Springfield"",""county"":""Sangamon"",""zip"":""62707"",""address"":""2565 Sand Hill Road""}"
landfill_491,Settler's Hill Recycling & Disposal Facility,landfill,41.86965000,-88.28543000,IL,EPA_LMOP,"{""ghgrp_id"":""1002493"",""city"":""Batavia"",""county"":""Kane"",""zip"":""60510"",""address"":""1031 E. Fabyan Parkway""}"
landfill_529,South Barrington Landfill,landfill,42.08160000,-88.13000000,IL,EPA_LMOP,"{""ghgrp_id"":""1007702"",""city"":""South Barrington"",""county"":""Cook"",""zip"":""60010"",""address"":""55 E. Mundhank Road""}"
landfill_490,Southern Illinois Regional LF,landfill,37.84170000,-89.25800000,IL,EPA_LMOP,"{""ghgrp_id"":""1004027"",""city"":""De Soto"",""county"":""Jackson"",""zip"":""62924"",""address"":""1540 Landfill Road""}"
landfill_2318,Spoon Ridge Landfill,landfill,40.65580000,-90.16340000,IL,EPA_LMOP,"{""city"":""Fairview"",""county"":""Fulton"",""zip"":""61432"",""address"":""10 Spoon Ridge Road\nRoute 1, Highway 97 North""}"
landfill_498,Streator Area LF No. 3,landfill,41.09160000,-88.85210000,IL,EPA_LMOP,"{""ghgrp_id"":""1004806"",""city"":""Streator"",""county"":""Livingston"",""zip"":""61364"",""address"":""2111 Coalville Road""}"
landfill_2311,Sumner Landfill,landfill,38.71670000,-87.80630000,IL,EPA_LMOP,"{""ghgrp_id"":""1007810"",""city"":""Sumner"",""county"":""Lawrence"",""zip"":""62466"",""address"":""SR-250 & E. 550th Avenue""}"
landfill_1869,Taylor Ridge LF,landfill,41.44378000,-90.67702000,IL,EPA_LMOP,"{""ghgrp_id"":""1011179"",""city"":""Taylor Ridge"",""county"":""Rock Island"",""zip"":""61284"",""address"":""8400 77th Street West""}"
landfill_518,Tazewell RDF,landfill,40.68181000,-89.51613000,IL,EPA_LMOP,"{""ghgrp_id"":""1006204"",""city"":""East Peoria"",""county"":""Tazewell"",""zip"":""61611"",""address"":""3550 E. Washington Street""}"
landfill_511,Upper Rock Island County LF,landfill,41.53629000,-90.37660000,IL,EPA_LMOP,"{""ghgrp_id"":""1003696"",""city"":""East Moline"",""county"":""Rock Island"",""zip"":""61244"",""address"":""17201 20th Avenue North""}"
landfill_11060,Urbana Municipal #1,landfill,40.10943300,-88.19334700,IL,EPA_LMOP,"{""city"":""Urbana"",""county"":""Champaign"",""zip"":""61801"",""address"":""1210 E. University Avenue""}"
landfill_11080,Urbana Municipal #2,landfill,40.10943300,-88.19334700,IL,EPA_LMOP,"{""city"":""Urbana"",""county"":""Champaign"",""zip"":""61802"",""address"":""1210 E. University Avenue""}"
landfill_501,Valley View Landfill Inc.,landfill,39.82450000,-89.04320000,IL,EPA_LMOP,"{""ghgrp_id"":""1006963"",""city"":""Decatur"",""county"":""Macon"",""zip"":""62522"",""address"":""1363 Bear Road""}"
landfill_519,Washington LF Inc.,landfill,40.69010000,-89.41630000,IL,EPA_LMOP,"{""city"":""Washington"",""county"":""Tazewell"",""zip"":""61571"",""address"":""Guth Road & Foster Road""}"
landfill_2319,Wayne County Landfill,landfill,38.38000000,-88.44700000,IL,EPA_LMOP,"{""ghgrp_id"":""1007061"",""city"":""Fairfield"",""county"":""Wayne"",""zip"":""62837"",""address"":""1339 IL Highway 15""}"
landfill_2320,West End Disposal Facility,landfill,37.87560400,-88.70264600,IL,EPA_LMOP,"{""ghgrp_id"":""1004627"",""city"":""Thompsonville"",""county"":""Saline"",""zip"":""62890"",""address"":""1710 McFarland Road""}"
landfill_2321,Wheatland Prairie RDF,landfill,41.68400000,-88.23900000,IL,EPA_LMOP,"{""ghgrp_id"":""1006744"",""city"":""Plainfield"",""county"":""Will"",""zip"":""60585"",""address"":""25244 W. 111th Street""}"
landfill_2314,Whiteside County Landfill,landfill,41.79635000,-89.88612000,IL,EPA_LMOP,"{""ghgrp_id"":""1002567"",""city"":""Morrison"",""county"":""Whiteside"",""zip"":""61270"",""address"":""18762 Lincoln Road""}"
landfill_2323,Winnebago Landfill,landfill,42.15970000,-89.05540000,IL,EPA_LMOP,"{""ghgrp_id"":""1006358"",""city"":""Rockford"",""county"":""Winnebago"",""zip"":""61109"",""address"":""8403 Lindenwood Road""}"
landfill_492,Woodland RDF,landfill,41.98077000,-88.26900000,IL,EPA_LMOP,"{""ghgrp_id"":""1006335"",""city"":""South Elgin"",""county"":""Kane"",""zip"":""60177"",""address"":""7 N. 500 Route 25""}"
landfill_494,Zion Landfill,landfill,42.48483000,-87.88497000,IL,EPA_LMOP,"{""ghgrp_id"":""1005985"",""city"":""Zion"",""county"":""Lake"",""zip"":""60099"",""address"":""701 Green Bay Road""}"
landfill_530,Adams County North & South LFs,landfill,40.79969000,-84.89892200,IN,EPA_LMOP,"{""city"":""Decatur"",""county"":""Adams"",""zip"":""46733"",""address"":""3775 North 200 East""}"
landfill_531,Bartholomew County Landfill I,landfill,39.12950000,-85.91250000,IN,EPA_LMOP,"{""ghgrp_id"":""1002168"",""city"":""Columbus"",""county"":""Bartholomew"",""zip"":""47203"",""address"":""11110 E 25th Street""}"
landfill_10462,Bartholomew County Landfill II,landfill,39.12700000,-85.92250000,IN,EPA_LMOP,"{""ghgrp_id"":""1002167"",""city"":""Columbus"",""county"":""Bartholomew"",""zip"":""47201"",""address"":""811 E CR 450 S""}"
landfill_532,Blackfoot Landfill,landfill,38.33000000,-87.15000000,IN,EPA_LMOP,"{""ghgrp_id"":""1001639"",""city"":""Winslow"",""county"":""Pike"",""zip"":""47598"",""address"":""3726 E. State Road 64""}"
landfill_533,Caldwell LF,landfill,39.68600000,-85.72300000,IN,EPA_LMOP,"{""ghgrp_id"":""1002996"",""city"":""Morristown"",""county"":""Shelby"",""zip"":""46161"",""address"":""11380 N 300 E\n2920 E. US 52""}"
landfill_578,Camp Atterbury LF,landfill,39.36260000,-85.97010000,IN,EPA_LMOP,"{""city"":""Eindenburgh"",""county"":""Bartholomew"",""zip"":""46124""}"
landfill_579,Center Point LF,landfill,39.42780000,-87.09160000,IN,EPA_LMOP,"{""ghgrp_id"":""1005820"",""city"":""Center Point"",""county"":""Clay"",""zip"":""47840"",""address"":""2800 N CR 100 E""}"
landfill_535,Clark-Floyd LF,landfill,38.44400000,-85.84700000,IN,EPA_LMOP,"{""ghgrp_id"":""1004759"",""city"":""Borden"",""county"":""Clark"",""zip"":""47106"",""address"":""14304 Highway 60""}"
landfill_552,Clinton County Landfill and Walnut Creek Landfill,landfill,40.32600000,-86.55900000,IN,EPA_LMOP,"{""ghgrp_id"":""1002242"",""city"":""Frankfort"",""county"":""Clinton"",""zip"":""46041"",""address"":""2700 North State Road 39""}"
landfill_2406,Columbus Landfill,landfill,39.20980000,-85.94750000,IN,EPA_LMOP,"{""city"":""Columbus"",""county"":""Bartholomew"",""zip"":""47201"",""address"":""1950 West Tellman Road""}"
landfill_536,County Line LF,landfill,41.16767000,-86.23489000,IN,EPA_LMOP,"{""ghgrp_id"":""1007024"",""city"":""Argos"",""county"":""Fulton"",""zip"":""46501"",""address"":""7922 N. Old U.S. Highway 31""}"
landfill_537,Crane NWSC LF,landfill,38.82520000,-86.84310000,IN,EPA_LMOP,"{""city"":""Crane"",""county"":""Martin"",""zip"":""47522""}"
landfill_538,Daviess County LF,landfill,38.62371000,-87.04515000,IN,EPA_LMOP,"{""ghgrp_id"":""1003628"",""city"":""Montgomery"",""county"":""Daviess"",""zip"":""47558"",""address"":""1640 N 650E""}"
landfill_539,Decatur Hills LF,landfill,39.30695000,-85.42849000,IN,EPA_LMOP,"{""ghgrp_id"":""1005214"",""city"":""Greensburg"",""county"":""Decatur"",""zip"":""47240"",""address"":""2090 S CR 280 E""}"
landfill_550,Deercroft RDF,landfill,41.65138000,-86.90310000,IN,EPA_LMOP,"{""ghgrp_id"":""1004600"",""city"":""Michigan City"",""county"":""LaPorte"",""zip"":""46360"",""address"":""10501 West 300 North""}"
landfill_540,Earthmovers LF,landfill,41.62324000,-85.97372000,IN,EPA_LMOP,"{""ghgrp_id"":""1007588"",""city"":""Elkhart"",""county"":""Elkhart"",""zip"":""46517"",""address"":""26488 County Road 26""}"
landfill_542,Elkhart County Landfill,landfill,41.63350000,-85.97750000,IN,EPA_LMOP,"{""ghgrp_id"":""1007332"",""city"":""Elkhart"",""county"":""Elkhart"",""zip"":""46517"",""address"":""59530 CR 7 S""}"
landfill_543,Fountain County LF,landfill,40.13370000,-87.38110000,IN,EPA_LMOP,"{""city"":""Covington"",""county"":""Fountain"",""zip"":""47932""}"
landfill_534,Gary Sanitary LF,landfill,41.58370000,-87.40890000,IN,EPA_LMOP,"{""ghgrp_id"":""1005478"",""city"":""Gary"",""county"":""Lake"",""zip"":""46406"",""address"":""1900 Burr Street""}"
landfill_544,Hancock County LF,landfill,39.66980000,-85.69610000,IN,EPA_LMOP,"{""city"":""Carthage"",""county"":""Hancock"",""zip"":""46161""}"
landfill_545,Hayes Landfill,landfill,39.88778000,-85.37626000,IN,EPA_LMOP,"{""ghgrp_id"":""1003893"",""city"":""New Castle"",""county"":""Henry"",""zip"":""47362"",""address"":""3450 S. Spiceland Road""}"
landfill_561,Hoosier Landfill,landfill,41.11650000,-85.78690000,IN,EPA_LMOP,"{""ghgrp_id"":""1007983"",""city"":""Claypool"",""county"":""Kosciusko"",""zip"":""46510"",""address"":""2710 E. 800 South""}"
landfill_546,Huntington City LF,landfill,40.82338000,-85.50240000,IN,EPA_LMOP,"{""city"":""Huntington"",""county"":""Huntington"",""zip"":""46750"",""address"":""515 S 300 W""}"
landfill_547,Jay County LF,landfill,40.37600000,-85.09300000,IN,EPA_LMOP,"{""ghgrp_id"":""1007671"",""city"":""Portland"",""county"":""Jay"",""zip"":""47371"",""address"":""5825 W 400 South""}"
landfill_548,Jennings County LF,landfill,39.01042900,-85.69700000,IN,EPA_LMOP,"{""city"":""North Vernon"",""county"":""Jennings"",""zip"":""47265"",""address"":""5590 W County 175 Road N""}"
landfill_549,LaGrange County LF,landfill,41.59800000,-85.41500000,IN,EPA_LMOP,"{""city"":""LaGrange"",""county"":""LaGrange"",""zip"":""46761"",""address"":""532 E 300 S""}"
landfill_1943,Laubscher Meadows LF,landfill,38.04110000,-87.64850000,IN,EPA_LMOP,"{""ghgrp_id"":""1003626"",""city"":""Evansville"",""county"":""Vanderburgh"",""zip"":""47720"",""address"":""2020 Laubscher Road\n2121 Wimberg Road""}"
landfill_1938,Liberty Landfill,landfill,40.88600000,-86.70000000,IN,EPA_LMOP,"{""ghgrp_id"":""1007812"",""city"":""Monticello"",""county"":""White"",""zip"":""47960"",""address"":""8635 E. State Road 16\n~2 miles east of Buffalo""}"
landfill_562,Medora SLF,landfill,38.86710000,-86.19970000,IN,EPA_LMOP,"{""ghgrp_id"":""1003240"",""city"":""Medora"",""county"":""Jackson"",""zip"":""47260"",""address"":""546 County Road 870 West""}"
landfill_551,Monroe County LF,landfill,39.27621000,-86.47277000,IN,EPA_LMOP,"{""ghgrp_id"":""1003505"",""city"":""Bloomington"",""county"":""Monroe"",""zip"":""47408"",""address"":""7740 N. Fish Road""}"
landfill_553,Munster LF,landfill,41.53200000,-87.50680000,IN,EPA_LMOP,"{""ghgrp_id"":""1004021"",""city"":""Munster"",""county"":""Lake"",""zip"":""46321"",""address"":""9751 Calumet Avenue""}"
landfill_554,National Serv-All LF,landfill,41.03109000,-85.21634000,IN,EPA_LMOP,"{""ghgrp_id"":""1007520"",""city"":""Fort Wayne"",""county"":""Allen"",""zip"":""46809"",""address"":""6231 MacBeth Road""}"
landfill_555,New Paris Pike LF,landfill,39.85120000,-84.83150000,IN,EPA_LMOP,"{""ghgrp_id"":""1005840"",""city"":""Richmond"",""county"":""Wayne"",""zip"":""47374"",""address"":""5242 New Paris Pike""}"
landfill_2421,Newton County Landfill,landfill,40.92630000,-87.34870000,IN,EPA_LMOP,"{""ghgrp_id"":""1003691"",""city"":""Brook"",""county"":""Newton"",""zip"":""47922"",""address"":""2266 E. 500 South Road""}"
landfill_599,Northside LF,landfill,40.02900000,-86.27200000,IN,EPA_LMOP,"{""city"":""Zionsville"",""county"":""Boone"",""zip"":""46077"",""address"":""U.S. 421 & Taylor Road""}"
landfill_556,Oak Ridge RDF,landfill,40.71977000,-86.34620000,IN,EPA_LMOP,"{""ghgrp_id"":""1007581"",""city"":""Logansport"",""county"":""Cass"",""zip"":""46947"",""address"":""2905 South 150 East""}"
landfill_557,Owen County LF,landfill,39.28990000,-86.77840000,IN,EPA_LMOP,"{""city"":""Spencer"",""county"":""Owen"",""zip"":""47460""}"
landfill_559,Prairie View RDF,landfill,41.50050000,-86.17250000,IN,EPA_LMOP,"{""ghgrp_id"":""1007833"",""city"":""Bremen"",""county"":""St. Joseph"",""zip"":""46506"",""address"":""15055 Shively Road""}"
landfill_560,Randolph Farms LF,landfill,40.07745000,-85.11042000,IN,EPA_LMOP,"{""ghgrp_id"":""1005697"",""city"":""Modoc"",""county"":""Randolph"",""zip"":""47358"",""address"":""7256 W CR 600 S""}"
landfill_1939,South Side Landfill Inc.,landfill,39.72794000,-86.20847000,IN,EPA_LMOP,"{""ghgrp_id"":""1002683"",""city"":""Indianapolis"",""county"":""Marion"",""zip"":""46221"",""address"":""2561 Kentucky Avenue""}"
landfill_605,Spencer County,landfill,38.00090000,-86.90300000,IN,EPA_LMOP,"{""city"":""Grandview"",""county"":""Spencer"",""zip"":""47615"",""address"":""SR 70 & SR 245""}"
landfill_606,Spring Valley LF,landfill,40.82822900,-85.79265900,IN,EPA_LMOP,"{""city"":""Wabash"",""county"":""Wabash""}"
landfill_565,Sullivan County LF,landfill,39.08578300,-87.33631500,IN,EPA_LMOP,"{""city"":""Cass Township"",""county"":""Sullivan"",""zip"":""47882"",""address"":""N County Road 375 E""}"
landfill_2281,Sycamore Ridge Landfill & Victory Landfill,landfill,39.30550000,-87.33150000,IN,EPA_LMOP,"{""ghgrp_id"":""1004476"",""city"":""Pimento"",""county"":""Vigo"",""zip"":""47866"",""address"":""5621 East Cottom Drive\n12247 South Mill Street, Terre Haute""}"
landfill_566,Tipton County LF,landfill,40.26160000,-86.01624300,IN,EPA_LMOP,"{""city"":""Tipton"",""county"":""Tipton"",""zip"":""46072"",""address"":""229 W 300 S""}"
landfill_567,Twin Bridges RDF,landfill,39.75000000,-86.50000000,IN,EPA_LMOP,"{""ghgrp_id"":""1007638"",""city"":""Danville"",""county"":""Hendricks"",""zip"":""46122"",""address"":""124 Twin Bridges Road""}"
landfill_602,Uniontown Landfill,landfill,38.83170000,-85.83900000,IN,EPA_LMOP,"{""city"":""Crothersville"",""county"":""Jackson"",""zip"":""47229"",""address"":""3512 S US 31""}"
landfill_568,United Refuse LF,landfill,41.03870000,-85.21120000,IN,EPA_LMOP,"{""ghgrp_id"":""1003692"",""city"":""Fort Wayne"",""county"":""Allen"",""zip"":""46804"",""address"":""5000 Smith Road""}"
landfill_570,Wabash Valley LF,landfill,40.82200000,-85.80000000,IN,EPA_LMOP,"{""ghgrp_id"":""1006993"",""city"":""Wabash"",""county"":""Wabash"",""zip"":""46992"",""address"":""316 Spring Valley Road""}"
landfill_571,Warrick County LF #2,landfill,38.04820000,-87.26100000,IN,EPA_LMOP,"{""city"":""Warrick"",""county"":""Warrick"",""zip"":""47601""}"
landfill_572,Washington County LF,landfill,38.64050000,-86.12330000,IN,EPA_LMOP,"{""ghgrp_id"":""1004437"",""city"":""Salem"",""county"":""Washington"",""zip"":""47167"",""address"":""2682 N Highland Road""}"
landfill_573,West Clinton LF,landfill,39.69380000,-87.41390000,IN,EPA_LMOP,"{""city"":""Clinton"",""county"":""Vermillion"",""zip"":""47842"",""address"":""13150 South Kanizer Drive""}"
landfill_610,Wheeler RDF,landfill,41.51500000,-87.19800000,IN,EPA_LMOP,"{""ghgrp_id"":""1007653"",""city"":""Hobart"",""county"":""LaPorte"",""zip"":""46342"",""address"":""540 North 625 West""}"
landfill_574,Worthington LF,landfill,39.13200000,-87.03800000,IN,EPA_LMOP,"{""ghgrp_id"":""1004313"",""city"":""Worthington"",""county"":""Greene"",""zip"":""47471"",""address"":""8226 N 500 W""}"
landfill_645,Allen County LF,landfill,37.90316000,-95.28080000,KS,EPA_LMOP,"{""ghgrp_id"":""1007192"",""city"":""La Harpe"",""county"":""Allen"",""zip"":""66751"",""address"":""1170 2800th Street""}"
landfill_21180,Barber County Landfill,landfill,37.11091600,-98.56568800,KS,EPA_LMOP,"{""city"":""Kiowa"",""county"":""Barber"",""zip"":""67070"",""address"":""12890 SE Highway 281""}"
landfill_646,Barton County SLF,landfill,38.41000000,-98.70800000,KS,EPA_LMOP,"{""ghgrp_id"":""1002401"",""city"":""Great Bend"",""county"":""Barton"",""zip"":""67530"",""address"":""350 NE 30 Road""}"
landfill_636,Brooks Landfill,landfill,37.76181000,-97.38656100,KS,EPA_LMOP,"{""ghgrp_id"":""1007605"",""city"":""Wichita"",""county"":""Sedgwick"",""zip"":""67205"",""address"":""4100 N West Street""}"
landfill_637,Butler County Landfill,landfill,37.76591000,-96.89779000,KS,EPA_LMOP,"{""ghgrp_id"":""1007554"",""city"":""El Dorado"",""county"":""Butler"",""zip"":""67042"",""address"":""2963 SW 40th""}"
landfill_642,Chanute LF,landfill,37.66719800,-95.42963000,KS,EPA_LMOP,"{""city"":""Chanute"",""county"":""Neosho"",""zip"":""66720"",""address"":""2201 E. 14th""}"
landfill_21175,Cheyenne County Landfill,landfill,39.76449000,-101.66765700,KS,EPA_LMOP,"{""city"":""St. Francis"",""county"":""Cheyenne"",""zip"":""67756"",""address"":""1450 Road 21""}"
landfill_21181,City of Oakley Landfill,landfill,39.10655200,-100.83871500,KS,EPA_LMOP,"{""city"":""Oakley"",""county"":""Logan"",""zip"":""67748"",""address"":""3510 Day Dream Road""}"
landfill_21179,City of Sharon Springs Landfill,landfill,38.85832700,-101.74801600,KS,EPA_LMOP,"{""city"":""Sharon Springs"",""county"":""Wallace"",""zip"":""67758"",""address"":""1210 Highway 27""}"
landfill_21408,City of Wichita/Chapin Landfill,landfill,37.62741500,-97.30352300,KS,EPA_LMOP,"{""city"":""Wichita"",""county"":""Sedgwick"",""zip"":""67216"",""address"":""3820 S. Hydraulic Avenue""}"
landfill_21185,Clark County Landfill,landfill,37.17830000,-99.78775000,KS,EPA_LMOP,"{""city"":""Ashland"",""county"":""Clark"",""zip"":""67831"",""address"":""1850 Creek U""}"
landfill_647,Clay County LF,landfill,39.42280000,-97.14020000,KS,EPA_LMOP,"{""city"":""Clay Center"",""county"":""Clay"",""zip"":""67432"",""address"":""1330 21st Road""}"
landfill_648,Coffey County LF,landfill,38.20650000,-95.70800000,KS,EPA_LMOP,"{""city"":""Burlington"",""county"":""Coffey"",""zip"":""66839"",""address"":""1498 12th Lane SE""}"
landfill_21192,Decatur County Landfill,landfill,39.83217000,-100.43927000,KS,EPA_LMOP,"{""city"":""Oberlin"",""county"":""Decatur"",""zip"":""67749"",""address"":""1600 Highway 36""}"
landfill_650,Finney County Landfill / Western Plains Regional LF,landfill,37.94000000,-100.76700000,KS,EPA_LMOP,"{""ghgrp_id"":""1000371"",""city"":""Garden City"",""county"":""Finney"",""zip"":""67846"",""address"":""1250 S. Raceway Road""}"
landfill_651,Ford County Closed LF,landfill,37.76721600,-99.97438400,KS,EPA_LMOP,"{""city"":""Dodge City"",""county"":""Ford"",""zip"":""67801"",""address"":""10099 - 113 Road""}"
landfill_11841,Ford County Open LF,landfill,37.86420000,-100.04950000,KS,EPA_LMOP,"{""ghgrp_id"":""1003032"",""city"":""Dodge City"",""county"":""Ford"",""zip"":""67801"",""address"":""10348 110 Road""}"
landfill_644,"Forest View Landfill, LLC",landfill,39.10407000,-94.68839000,KS,EPA_LMOP,"{""ghgrp_id"":""1004309"",""city"":""Kansas City"",""county"":""Wyandotte"",""zip"":""66102"",""address"":""4800 Kaw Drive""}"
landfill_21191,Gove County Landfill,landfill,39.07573000,-100.37527000,KS,EPA_LMOP,"{""city"":""Park"",""county"":""Gove"",""zip"":""67751"",""address"":""5680 County Road AA""}"
landfill_652,Graham County LF,landfill,39.33450000,-99.84100000,KS,EPA_LMOP,"{""city"":""Hill City"",""county"":""Graham"",""zip"":""67642"",""address"":""2400 US Hwy 283""}"
landfill_21183,Hamilton County Landfill,landfill,37.99968900,-101.76950500,KS,EPA_LMOP,"{""city"":""Syracause"",""county"":""Hamilton"",""zip"":""67878"",""address"":""500 NW County Road 19""}"
landfill_664,Hamm SLF,landfill,39.04650000,-95.26260000,KS,EPA_LMOP,"{""ghgrp_id"":""1005117"",""city"":""Lawrence"",""county"":""Jefferson"",""zip"":""66044"",""address"":""16984 3rd Street""}"
landfill_653,Harvey County LF,landfill,38.01532100,-97.38819900,KS,EPA_LMOP,"{""city"":""Newton"",""county"":""Harvey"",""zip"":""67114"",""address"":""3205 SW 24th Street""}"
landfill_21187,Haskell County Landfil,landfill,37.48869600,-100.83203700,KS,EPA_LMOP,"{""city"":""Sublette"",""county"":""Haskell"",""zip"":""67877"",""address"":""1525 180 Road""}"
landfill_21174,Hodgeman County Landfill,landfill,38.07914200,-99.86396400,KS,EPA_LMOP,"{""city"":""Jetmore"",""county"":""Hodgeman"",""zip"":""67854"",""address"":""29987 SE LL Road""}"
landfill_640,Johnson County LF,landfill,39.04226000,-94.79455000,KS,EPA_LMOP,"{""ghgrp_id"":""1004065"",""city"":""Shawnee"",""county"":""Johnson"",""zip"":""66217"",""address"":""17955 Holiday Drive\n18181 W. 53rd""}"
landfill_21177,Kearny County Landfill,landfill,37.96038800,-101.30627900,KS,EPA_LMOP,"{""city"":""Lakin"",""county"":""Kearny"",""zip"":""67860"",""address"":""1599 Road P""}"
landfill_21182,Kiowa County Landfill,landfill,37.53385500,-99.29423800,KS,EPA_LMOP,"{""city"":""Greensburg"",""county"":""Kiowa"",""zip"":""67054"",""address"":""10263 31st Avenue""}"
landfill_654,Kiowa County LF,landfill,37.64036800,-99.32425500,KS,EPA_LMOP,"{""city"":""Greensburg"",""county"":""Kiowa"",""zip"":""67054"",""address"":""Hwy 183\n3.5 mi N of Town""}"
landfill_21194,Logan County Landfill,landfill,38.99283000,-101.18315000,KS,EPA_LMOP,"{""city"":""Winona"",""county"":""Logan"",""zip"":""67764"",""address"":""1702 Ute""}"
landfill_21406,MARC (EPA Model) Landfill,landfill,39.13511400,-94.62058100,KS,EPA_LMOP,"{""city"":""Kansas City"",""county"":""Wyandotte"",""zip"":""66101"",""address"":""John Garland Park\n5th Street & Cleveland Avenue""}"
landfill_665,Marion County LF,landfill,38.33500000,-97.03000000,KS,EPA_LMOP,"{""city"":""Marion"",""county"":""Marion"",""zip"":""66861"",""address"":""2.5 mi S & 3 mi W of Marion""}"
landfill_20754,McPherson County Landfill,landfill,38.47840000,-97.65360000,KS,EPA_LMOP,"{""city"":""McPherson"",""county"":""McPherson"",""zip"":""67460"",""address"":""1472 Pueblo Road""}"
landfill_655,Mitchell County LF,landfill,39.49300000,-98.15600000,KS,EPA_LMOP,"{""city"":""Beloit"",""county"":""Mitchell"",""zip"":""67420"",""address"":""1993 280 Road""}"
landfill_21184,Morton County Landfill,landfill,37.06374800,-101.76376000,KS,EPA_LMOP,"{""city"":""Cimarron"",""county"":""Morton"",""address"":""550 County Road 16""}"
landfill_21189,Ness County Landfill,landfill,38.53504000,-99.90702000,KS,EPA_LMOP,"{""city"":""Ness City"",""county"":""Ness"",""zip"":""67560"",""address"":""18549 190 Road""}"
landfill_668,Oak Grove Landfill,landfill,37.62973000,-94.64125000,KS,EPA_LMOP,"{""ghgrp_id"":""1007990"",""city"":""Arcadia"",""county"":""Crawford"",""zip"":""66711"",""address"":""1150 E 700th Avenue""}"
landfill_21195,Osborne County Landfill,landfill,39.34949000,-98.70699000,KS,EPA_LMOP,"{""city"":""Osborne"",""county"":""Osborne"",""zip"":""67473"",""address"":""W. 150th Drive""}"
landfill_656,Phillips County LF,landfill,39.74700000,-99.33850000,KS,EPA_LMOP,"{""city"":""Phillipsburg"",""county"":""Phillips"",""zip"":""67661"",""address"":""1799 Center Road""}"
landfill_11320,Plumb Thicket Landfill,landfill,37.37300000,-97.96100000,KS,EPA_LMOP,"{""ghgrp_id"":""1006796"",""city"":""Harper"",""county"":""Harper"",""zip"":""67058"",""address"":""440 NE 150th Road""}"
landfill_657,Pratt County LF,landfill,37.61200000,-98.73250000,KS,EPA_LMOP,"{""city"":""Pratt"",""county"":""Pratt"",""zip"":""67124"",""address"":""20261 SE 10th Avenue""}"
landfill_21172,Rawlins County Landfill,landfill,39.78478000,-101.05018000,KS,EPA_LMOP,"{""city"":""Atwood"",""county"":""Rawlins"",""zip"":""67730"",""address"":""16278 Highway 25""}"
landfill_643,Reno County MSWLF,landfill,38.04000000,-98.00000000,KS,EPA_LMOP,"{""ghgrp_id"":""1006140"",""city"":""Hutchinson"",""county"":""Reno"",""zip"":""67501"",""address"":""703 South Mohawk Road""}"
landfill_666,Resource Recovery LF,landfill,37.21200000,-95.58000000,KS,EPA_LMOP,"{""ghgrp_id"":""1007808"",""city"":""Cherryvale"",""county"":""Montgomery"",""zip"":""67335"",""address"":""4237 CR 5300""}"
landfill_667,Rolling Meadows LF,landfill,39.17906000,-95.72004000,KS,EPA_LMOP,"{""ghgrp_id"":""1007832"",""city"":""Topeka"",""county"":""Shawnee"",""zip"":""66618"",""address"":""7352 NW Highway 75""}"
landfill_658,Rooks County LF,landfill,39.30700000,-99.30500000,KS,EPA_LMOP,"{""city"":""Plainville"",""county"":""Rooks"",""zip"":""67663"",""address"":""1710 S Road""}"
landfill_21178,Rush County Landfill,landfill,38.36840500,-99.26985100,KS,EPA_LMOP,"{""city"":""Rush Center"",""county"":""Rush"",""zip"":""67575"",""address"":""1125 CR 270""}"
landfill_659,Russell County LF,landfill,38.95752500,-98.84815800,KS,EPA_LMOP,"{""city"":""Russell"",""county"":""Russell"",""zip"":""67665"",""address"":""18536 Land Road""}"
landfill_635,Salina MSWLF,landfill,38.75810000,-97.68680000,KS,EPA_LMOP,"{""ghgrp_id"":""1002550"",""city"":""Salina"",""county"":""Saline"",""zip"":""67401"",""address"":""4292 South Burma Road""}"
landfill_660,Seward County Landfill,landfill,37.04836000,-100.90394000,KS,EPA_LMOP,"{""ghgrp_id"":""1011499"",""city"":""Liberal"",""county"":""Seward"",""zip"":""67901"",""address"":""1703 E. 8th Street""}"
landfill_21407,Shawnee County Landfill,landfill,39.03059900,-95.83880200,KS,EPA_LMOP,"{""city"":""Topeka"",""county"":""Shawnee"",""zip"":""66618"",""address"":""9500 SW 21st Street""}"
landfill_21193,Sherman County Landfill,landfill,39.16651000,-101.76471000,KS,EPA_LMOP,"{""city"":""Goodland"",""county"":""Sherman"",""address"":""5240 Road 17""}"
landfill_21176,Smith County Landfill,landfill,39.80200500,-98.69932300,KS,EPA_LMOP,"{""city"":""Lebanon"",""county"":""Smith"",""zip"":""66952"",""address"":""20052 150 Road""}"
landfill_21186,Stanton County Landfill,landfill,37.60468000,-101.77319600,KS,EPA_LMOP,"{""city"":""Johnson"",""county"":""Stanton"",""address"":""900 W Road 10""}"
landfill_21190,Stevens County Landfill,landfill,37.19377100,-101.33116400,KS,EPA_LMOP,"{""city"":""Hugoton"",""county"":""Stevens"",""zip"":""67951"",""address"":""1468 Road 13""}"
landfill_21173,Thomas County Landfill,landfill,39.38955900,-101.00631300,KS,EPA_LMOP,"{""city"":""Colby"",""county"":""Thomas"",""zip"":""67701"",""address"":""2200 US-24""}"
landfill_661,Trego County LF,landfill,38.95800000,-99.89800000,KS,EPA_LMOP,"{""city"":""Wakeeney"",""county"":""Trego"",""zip"":""67672"",""address"":""24064 M Road""}"
landfill_21188,Unified Greeley County Landfill,landfill,38.48527300,-101.74427900,KS,EPA_LMOP,"{""city"":""Tribune"",""county"":""Greeley"",""zip"":""67879"",""address"":""Off Highway 27, north of town""}"
landfill_638,Wheatland LF,landfill,37.23689000,-94.82838000,KS,EPA_LMOP,"{""ghgrp_id"":""1004350"",""city"":""Columbus"",""county"":""Cherokee"",""zip"":""66725"",""address"":""213 N.E. Belleview Road""}"
landfill_662,Wichita County LF,landfill,38.45251000,-101.34195000,KS,EPA_LMOP,"{""city"":""Leoti"",""county"":""Wichita"",""zip"":""67861"",""address"":""13500 Road R""}"
landfill_669,Bavarian Trucking Company LF,landfill,38.86310000,-84.65600000,KY,EPA_LMOP,"{""ghgrp_id"":""1005950"",""city"":""Walton"",""county"":""Boone"",""zip"":""41094"",""address"":""12764 McCoys Fork Road""}"
landfill_675,Benson Valley LF,landfill,38.13136000,-84.98070000,KY,EPA_LMOP,"{""ghgrp_id"":""1003413"",""city"":""Frankfort"",""county"":""Franklin"",""zip"":""40601"",""address"":""2157 Highway 151""}"
landfill_674,Blue Ridge RDF,landfill,37.72690000,-83.98550000,KY,EPA_LMOP,"{""ghgrp_id"":""1004082"",""city"":""Irvine"",""county"":""Estill"",""zip"":""40336"",""address"":""2700 Winchester Road""}"
landfill_11460,Boyd County Sanitary Landfill,landfill,38.37180000,-82.74700000,KY,EPA_LMOP,"{""ghgrp_id"":""1007094"",""city"":""Ashland"",""county"":""Boyd"",""zip"":""41102"",""address"":""1837 River Cities Drive""}"
landfill_11480,Central Kentucky Landfill,landfill,38.34669300,-84.54575300,KY,EPA_LMOP,"{""ghgrp_id"":""1008022"",""city"":""Georgetown"",""county"":""Scott"",""zip"":""40324"",""address"":""493 Double Culvert Road""}"
landfill_676,City of Bowling Green LF,landfill,37.03000000,-86.52750000,KY,EPA_LMOP,"{""city"":""Bowling Green"",""county"":""Butler"",""zip"":""42101"",""address"":""5301 Glen Lily Road""}"
landfill_697,City of Hopkinsville LF,landfill,36.94130000,-87.50340000,KY,EPA_LMOP,"{""city"":""Hopkinsville"",""county"":""Christian"",""zip"":""42240"",""address"":""5665 Mount Zoar Latham Road""}"
landfill_698,City of Owensboro LF,landfill,37.68000000,-87.07550000,KY,EPA_LMOP,"{""city"":""Owensboro"",""county"":""Daviess"",""zip"":""42303"",""address"":""Hill Bridge Road""}"
landfill_671,"Cooksey Brothers Disposal Company, Inc. LF",landfill,38.36760000,-82.71290000,KY,EPA_LMOP,"{""city"":""Ashland"",""county"":""Boyd"",""zip"":""41102"",""address"":""401 North Big Run Road""}"
landfill_678,Dozit Company Inc. Landfill,landfill,37.74300000,-87.97370000,KY,EPA_LMOP,"{""ghgrp_id"":""1003694"",""city"":""Morganfield"",""county"":""Union"",""zip"":""42437"",""address"":""4075 State Road 360""}"
landfill_684,Epperson Waste Disposal,landfill,38.61380000,-84.53310000,KY,EPA_LMOP,"{""ghgrp_id"":""1003622"",""city"":""Williamstown"",""county"":""Grant"",""zip"":""41097"",""address"":""2360 Cynthiana Road""}"
landfill_680,Glasgow Regional Landfill,landfill,36.98570000,-85.95600000,KY,EPA_LMOP,"{""ghgrp_id"":""1005973"",""city"":""Glasgow"",""county"":""Barren"",""zip"":""42141"",""address"":""400 Glen Garry Road""}"
landfill_672,Green Valley Landfill,landfill,38.39900000,-82.81100000,KY,EPA_LMOP,"{""ghgrp_id"":""1004483"",""city"":""Ashland"",""county"":""Greenup"",""zip"":""41102"",""address"":""100 Addington Drive""}"
landfill_12121,Haley Pike Landfill,landfill,38.05800000,-84.29700000,KY,EPA_LMOP,"{""city"":""Lexington"",""county"":""Fayette"",""zip"":""40516"",""address"":""4172 Hedger Lane""}"
landfill_695,Hardin County Landfill,landfill,37.73610000,-85.69940000,KY,EPA_LMOP,"{""ghgrp_id"":""1007240"",""city"":""Elizabethtown"",""county"":""Hardin"",""zip"":""42701"",""address"":""1620 Audubon Trace""}"
landfill_11681,Hopkins County Regional Landfill,landfill,37.14080000,-87.39960000,KY,EPA_LMOP,"{""ghgrp_id"":""1003283"",""city"":""White Plains"",""county"":""Hopkins"",""zip"":""42464"",""address"":""300 Grays Branch Road""}"
landfill_688,Laurel Ridge Landfill Inc.,landfill,37.01111000,-84.07897000,KY,EPA_LMOP,"{""ghgrp_id"":""1002341"",""city"":""Lily"",""county"":""Laurel"",""zip"":""40740"",""address"":""3612 East Highway 552""}"
landfill_673,Lexington/Fayette Landfill,landfill,38.05879400,-84.29764900,KY,EPA_LMOP,"{""ghgrp_id"":""1005365"",""city"":""Lexington"",""county"":""Fayette"",""zip"":""40516"",""address"":""4216 Hedger Lane""}"
landfill_2158,Maysville-Mason County LF,landfill,38.59011000,-83.71531000,KY,EPA_LMOP,"{""ghgrp_id"":""1000374"",""city"":""Maysville"",""county"":""Mason"",""zip"":""41056"",""address"":""7055 Clarkson-Sherman Road""}"
landfill_685,Morehead Landfill Inc.,landfill,38.18902400,-83.54298300,KY,EPA_LMOP,"{""ghgrp_id"":""1001642"",""city"":""Morehead"",""county"":""Rowan"",""zip"":""40351"",""address"":""300 Old Phelps Road""}"
landfill_2337,Nelson County SWDF,landfill,37.81690000,-85.53920000,KY,EPA_LMOP,"{""ghgrp_id"":""1006459"",""city"":""Bardstown"",""county"":""Nelson"",""zip"":""40004"",""address"":""1025 Airport Road""}"
landfill_696,Ohio County Balefill Landfill,landfill,37.40800000,-86.93250000,KY,EPA_LMOP,"{""ghgrp_id"":""1004467"",""city"":""Beaver Dam"",""county"":""Ohio"",""zip"":""42320"",""address"":""100 Landfill Lane""}"
landfill_681,Outer Loop RDF,landfill,38.13577000,-85.71612000,KY,EPA_LMOP,"{""ghgrp_id"":""1007901"",""city"":""Louisville"",""county"":""Jefferson"",""zip"":""40219"",""address"":""2673 Outer Loop""}"
landfill_683,Pike County Landfill,landfill,37.58160000,-82.44140000,KY,EPA_LMOP,"{""ghgrp_id"":""1004347"",""city"":""Varney"",""county"":""Pike"",""zip"":""41571"",""address"":""635 Ford Mountian Road""}"
landfill_689,Pulaski Grading LF,landfill,36.94700000,-84.54666000,KY,EPA_LMOP,"{""city"":""Burnside"",""county"":""Pulaski"",""zip"":""42519"",""address"":""320 Dixie Bend Road""}"
landfill_679,Rumpke/Montgomery County LF,landfill,37.95060000,-83.95290000,KY,EPA_LMOP,"{""ghgrp_id"":""1005270"",""city"":""Jeffersonville"",""county"":""Montgomery"",""zip"":""40337"",""address"":""30 Larison Road\n8 mi. S. of Mt. Sterling off of KY Rt. 11""}"
landfill_682,Rumpke/Pendleton County LF,landfill,38.73200000,-84.41000000,KY,EPA_LMOP,"{""ghgrp_id"":""1005271"",""city"":""Butler"",""county"":""Pendleton"",""zip"":""41006"",""address"":""1374 Bryan Griffin Road\n6 mi. N. of Falmouth, N. of Rt. 17 & US 27 INTXN""}"
landfill_694,Southern Sanitation LF,landfill,36.88662000,-86.91782000,KY,EPA_LMOP,"{""ghgrp_id"":""1007666"",""city"":""Russellville"",""county"":""Logan"",""zip"":""42276"",""address"":""478 Coopertown Road""}"
landfill_690,"Tri-K Landfill, Inc.",landfill,37.47000000,-84.65990000,KY,EPA_LMOP,"{""ghgrp_id"":""1003693"",""city"":""Stanford"",""county"":""Lincoln"",""zip"":""40484"",""address"":""1905 Kentucky Highway 3249""}"
landfill_670,Valley View LF,landfill,38.50500000,-85.29000000,KY,EPA_LMOP,"{""ghgrp_id"":""1006182"",""city"":""Sulphur"",""county"":""Trimble"",""zip"":""40070"",""address"":""9120 Sulphur Road""}"
landfill_693,Waste Path Sanitary Landfill LLC,landfill,37.05140000,-88.39610000,KY,EPA_LMOP,"{""city"":""Calvert City"",""county"":""Marshall"",""zip"":""42029"",""address"":""1637 Shar-Cal Road""}"
landfill_699,West Daviess County Landfill,landfill,37.66700000,-87.28000000,KY,EPA_LMOP,"{""ghgrp_id"":""1005090"",""city"":""Owensboro"",""county"":""Daviess"",""zip"":""42301"",""address"":""7772 Hwy 815""}"
landfill_692,West Kentucky Landfill,landfill,36.71490000,-88.67480000,KY,EPA_LMOP,"{""ghgrp_id"":""1001952"",""city"":""Mayfield"",""county"":""Graves"",""zip"":""42066"",""address"":""3426 U.S. 45 South""}"
landfill_691,Williams LF,landfill,38.10160000,-85.44580000,KY,EPA_LMOP,"{""city"":""Taylorsville"",""county"":""Spencer"",""zip"":""40071"",""address"":""4876 Kings Church Road""}"
landfill_713,Acadia Parish SLF,landfill,30.25460000,-92.53060000,LA,EPA_LMOP,"{""ghgrp_id"":""1006529"",""city"":""Egan"",""county"":""Acadia"",""zip"":""70531"",""address"":""611 Petal Road""}"
landfill_726,Area 90 LF,landfill,29.90800000,-90.25700000,LA,EPA_LMOP,"{""city"":""Avondale"",""county"":""Jefferson"",""zip"":""70094"",""address"":""5301 Highway 90""}"
landfill_718,Choctaw Road Landfill,landfill,30.87724000,-90.03477000,LA,EPA_LMOP,"{""ghgrp_id"":""1010378"",""city"":""Franklinton"",""county"":""Washington"",""zip"":""70438"",""address"":""22249 Choctaw Road""}"
landfill_720,Colonial LF,landfill,30.14916700,-90.87277800,LA,EPA_LMOP,"{""ghgrp_id"":""1002510"",""city"":""Sorrento"",""county"":""Ascension"",""zip"":""70778"",""address"":""5328 Highway 70""}"
landfill_721,Crescent Acres LF,landfill,29.97340000,-89.99640000,LA,EPA_LMOP,"{""ghgrp_id"":""1005196"",""city"":""New Orleans"",""county"":""Orleans"",""zip"":""70126"",""address"":""6599 Florida Avenue""}"
landfill_715,East Baton Rouge Parish LF,landfill,30.55189600,-91.19766300,LA,EPA_LMOP,"{""ghgrp_id"":""1002757"",""city"":""Baton Rouge"",""county"":""East Baton Rouge"",""zip"":""70807"",""address"":""100 Thomas Road\noff US 61""}"
landfill_730,EBR Parish North Landfill,landfill,30.59900000,-91.23400000,LA,EPA_LMOP,"{""ghgrp_id"":""1005493"",""city"":""Zachary"",""county"":""East Baton Rouge"",""zip"":""70791"",""address"":""16001 Samuels Road""}"
landfill_732,Greater New Orleans LF,landfill,29.91797000,-90.26500000,LA,EPA_LMOP,"{""city"":""Avondale"",""county"":""Jefferson"",""zip"":""70094"",""address"":""5700 Highway 90 West""}"
landfill_723,"Harold J. ""Babe"" Landry LF",landfill,29.68000000,-91.24200000,LA,EPA_LMOP,"{""ghgrp_id"":""1004119"",""city"":""Berwick"",""county"":""St. Mary"",""zip"":""70342"",""address"":""752 Thorguson Drive""}"
landfill_712,Jefferson Davis Parish Landfill,landfill,30.27083000,-92.86500000,LA,EPA_LMOP,"{""ghgrp_id"":""1002476"",""city"":""Welsh"",""county"":""Jefferson Davis"",""zip"":""70591"",""address"":""16547 Landfill Road""}"
landfill_725,Jefferson Parish SLF,landfill,29.92600000,-90.25400000,LA,EPA_LMOP,"{""ghgrp_id"":""1002587"",""city"":""Avondale"",""county"":""Jefferson"",""zip"":""70094"",""address"":""5800 Highway 90 W""}"
landfill_709,La Salle/Grant Parish SLF,landfill,31.79500000,-92.19120000,LA,EPA_LMOP,"{""ghgrp_id"":""1002132"",""city"":""Jena"",""county"":""La Salle"",""zip"":""71342"",""address"":""Highway 127 N""}"
landfill_2422,Livingston,landfill,30.47990000,-90.74800000,LA,EPA_LMOP,"{""city"":""Livingston"",""county"":""Livingston"",""zip"":""70754"",""address"":""28422 Frost Road""}"
landfill_707,Magnolia Landfill,landfill,32.47800000,-91.99800000,LA,EPA_LMOP,"{""ghgrp_id"":""1003357"",""city"":""Monroe"",""county"":""Ouachita"",""zip"":""71202"",""address"":""1000 Russell Sage Road\n0.25 miles south of I-20, exit 124""}"
landfill_705,Mundy Landfill,landfill,32.06000000,-93.59200000,LA,EPA_LMOP,"{""ghgrp_id"":""1006462"",""city"":""Mansfield"",""county"":""De Soto"",""zip"":""71052"",""address"":""2712 U.S. Hwy 84 East""}"
landfill_733,N. Dugas LF,landfill,30.28330000,-92.06950000,LA,EPA_LMOP,"{""city"":""Lafayette"",""county"":""Lafayette"",""zip"":""70507"",""address"":""Dugas Road North""}"
landfill_731,Recovery I LF,landfill,30.05230000,-89.87990000,LA,EPA_LMOP,"{""city"":""New Orleans"",""county"":""Orleans"",""zip"":""70129"",""address"":""17000 Chef Menteur Highway""}"
landfill_729,"Reliable Landfill, LLC",landfill,30.55000000,-91.47000000,LA,EPA_LMOP,"{""ghgrp_id"":""1003299"",""city"":""Torbert"",""county"":""Pointe Coupee"",""zip"":""70762"",""address"":""9533 Moore Lane\nU.S. Highway 190 W.""}"
landfill_2289,River Birch Landfill,landfill,29.93200000,-90.25800000,LA,EPA_LMOP,"{""ghgrp_id"":""1005717"",""city"":""Avondale"",""county"":""Jefferson"",""zip"":""70094"",""address"":""2000 South Kenner Avenue""}"
landfill_710,Sabine Parish SLF,landfill,31.61550000,-93.55500000,LA,EPA_LMOP,"{""ghgrp_id"":""1002223"",""city"":""Many"",""county"":""Sabine"",""zip"":""71443"",""address"":""955 Sabine Landfill Road""}"
landfill_714,St. Landry Parish LF,landfill,30.68627000,-92.06458000,LA,EPA_LMOP,"{""ghgrp_id"":""1006238"",""city"":""Washington"",""county"":""St. Landry"",""zip"":""70589"",""address"":""417 Solid Waste Road""}"
landfill_717,Tangipahoa Parish Regional Solid Waste Facility,landfill,30.68620000,-90.56530000,LA,EPA_LMOP,"{""ghgrp_id"":""1004673"",""city"":""Independence"",""county"":""Tangipahoa"",""zip"":""70443"",""address"":""57510 Hano Road""}"
landfill_708,Tensas Parish LF,landfill,31.98700000,-91.27100000,LA,EPA_LMOP,"{""ghgrp_id"":""1002140"",""city"":""St. Joseph"",""county"":""Tensas"",""zip"":""71366"",""address"":""Parish Road 307 (Walker Road)""}"
landfill_727,Terrebonne Parish LF,landfill,29.51820000,-90.67010000,LA,EPA_LMOP,"{""city"":""Houma"",""county"":""Terrebonne"",""zip"":""70363"",""address"":""337 Ashland Landfill Road""}"
landfill_12041,Timberlane Landfill,landfill,30.86690000,-92.60700000,LA,EPA_LMOP,"{""ghgrp_id"":""1006064"",""city"":""Oakdale"",""county"":""Allen"",""zip"":""71463"",""address"":""1158 Landfill Road""}"
landfill_702,Union Parish SLF,landfill,32.81800000,-92.38600000,LA,EPA_LMOP,"{""ghgrp_id"":""1004298"",""city"":""Farmerville"",""county"":""Union"",""zip"":""71241"",""address"":""356 Landfill Road\n3 mi. N of Farmerville on Hwy 15""}"
landfill_728,Venice Landfill,landfill,29.25530000,-89.36400000,LA,EPA_LMOP,"{""city"":""Venice"",""county"":""Plaquemines"",""zip"":""70091"",""address"":""339 Coast Guard Road""}"
landfill_722,Vermilion Parish Landfill,landfill,30.03000000,-92.13640000,LA,EPA_LMOP,"{""city"":""Abbeville"",""county"":""Vermilion"",""zip"":""70510"",""address"":""8500 Birch Road""}"
landfill_701,Webster Parish LF,landfill,32.62800000,-93.39400000,LA,EPA_LMOP,"{""ghgrp_id"":""1006135"",""city"":""Minden"",""county"":""Webster"",""zip"":""71055"",""address"":""493 Landfill Road""}"
landfill_703,West Carroll SLF,landfill,32.76350000,-91.34640000,LA,EPA_LMOP,"{""city"":""Oak Grove"",""county"":""West Carroll"",""zip"":""71263"",""address"":""448 Landfill Road\nS. of Hwy 582""}"
landfill_706,White Oaks Landfill,landfill,32.49697000,-91.98176000,LA,EPA_LMOP,"{""ghgrp_id"":""1003284"",""city"":""Monroe"",""county"":""Ouachita"",""zip"":""71203"",""address"":""588 Meadowlark Drive""}"
landfill_711,Woodland Hills LF,landfill,30.22200000,-93.38700000,LA,EPA_LMOP,"{""ghgrp_id"":""1004560"",""city"":""Sulphur"",""county"":""Calcasieu"",""zip"":""70663"",""address"":""I-10 & Cities Services Highway""}"
landfill_716,Woodside SLF & Recycling Center,landfill,30.48846000,-90.82688000,LA,EPA_LMOP,"{""ghgrp_id"":""1007797"",""city"":""Walker"",""county"":""Livingston"",""zip"":""70785"",""address"":""29340 Woodside Drive""}"
landfill_700,Woolworth Road Landfill,landfill,32.38072000,-93.90013000,LA,EPA_LMOP,"{""ghgrp_id"":""1002511"",""city"":""Keithville"",""county"":""Caddo"",""zip"":""71047"",""address"":""10580 Woolworth Road""}"
landfill_1833,Acushnet LF,landfill,41.70700000,-70.89500000,MA,EPA_LMOP,"{""city"":""Acushnet"",""county"":""Bristol"",""zip"":""02743"",""address"":""561 Main Street""}"
landfill_789,Amherst LF,landfill,42.37120000,-72.51080000,MA,EPA_LMOP,"{""city"":""Amherst"",""county"":""Hampshire"",""zip"":""01002"",""address"":""740 Belchertown Road""}"
landfill_794,"Attleboro Landfill, Incorporated",landfill,41.94000000,-71.23500000,MA,EPA_LMOP,"{""city"":""Attleboro"",""county"":""Bristol"",""zip"":""02703"",""address"":""179 Peckham Street""}"
landfill_2334,Barnstable LF,landfill,41.66110000,-70.39110000,MA,EPA_LMOP,"{""city"":""Marstons Mills"",""county"":""Barnstable"",""zip"":""02648"",""address"":""45 Flint Street""}"
landfill_793,Bondi Island Landfill,landfill,42.09253700,-72.59464600,MA,EPA_LMOP,"{""ghgrp_id"":""1007948"",""city"":""West Springfield"",""county"":""Hampden"",""zip"":""01089"",""address"":""Agawam Avenue""}"
landfill_774,Bourne LF,landfill,41.72800000,-70.58130000,MA,EPA_LMOP,"{""ghgrp_id"":""1004958"",""city"":""Bourne"",""county"":""Barnstable"",""zip"":""02532"",""address"":""201 MacArthur Boulevard Route 28""}"
landfill_1834,Braintree LF,landfill,42.20727600,-70.99799400,MA,EPA_LMOP,"{""city"":""Braintree"",""county"":""Norfolk"",""zip"":""02184"",""address"":""Union Street & Ivory Street""}"
landfill_20851,Carver-Marion-Wareham Landfill,landfill,41.81283300,-70.71950000,MA,EPA_LMOP,"{""ghgrp_id"":""1005715"",""city"":""Carver"",""county"":""Plymouth"",""zip"":""02330"",""address"":""118 Federal Road""}"
landfill_795,Chatham LF,landfill,41.68660000,-70.00620000,MA,EPA_LMOP,"{""city"":""Chatham"",""county"":""Barnstable"",""zip"":""02633"",""address"":""92 Sam Ryder Road""}"
landfill_796,Chicopee Landfill (Republic),landfill,42.17520000,-72.53250000,MA,EPA_LMOP,"{""city"":""Chicopee"",""county"":""Hampden"",""zip"":""01020"",""address"":""845 Burnett Road""}"
landfill_775,Chicopee Landfill (WMI),landfill,42.16590000,-72.53800000,MA,EPA_LMOP,"{""ghgrp_id"":""1007669"",""city"":""Chicopee"",""county"":""Hampden"",""zip"":""01020"",""address"":""161 New Lombard Road""}"
landfill_788,Crapo Hill LF,landfill,41.72500000,-70.98200000,MA,EPA_LMOP,"{""ghgrp_id"":""1005039"",""city"":""New Bedford"",""county"":""Bristol"",""zip"":""02745"",""address"":""300 Samuel Barnet Boulevard""}"
landfill_21260,Danvers Landfill,landfill,42.55961800,-70.98731100,MA,EPA_LMOP,"{""city"":""Danvers"",""county"":""Essex"",""zip"":""01923"",""address"":""East Coast Road\nPopes Lane""}"
landfill_776,Dartmouth LF,landfill,41.57980000,-71.00020000,MA,EPA_LMOP,"{""city"":""Dartmouth"",""county"":""Plymouth"",""zip"":""02748"",""address"":""976 Russells Mills Road""}"
landfill_777,East Bridgewater LF,landfill,42.06342000,-70.97857000,MA,EPA_LMOP,"{""ghgrp_id"":""1004556"",""city"":""East Bridgewater"",""county"":""Plymouth"",""zip"":""02333"",""address"":""234 Thatcher Street""}"
landfill_778,Fall River Landfill,landfill,41.75100000,-71.10680000,MA,EPA_LMOP,"{""ghgrp_id"":""1007547"",""city"":""Fall River"",""county"":""Bristol"",""zip"":""02720"",""address"":""1080 Airport Road""}"
landfill_787,Fitchburg-Westminster LF,landfill,42.53596000,-71.85388000,MA,EPA_LMOP,"{""ghgrp_id"":""1007753"",""city"":""Westminster"",""county"":""Worcester"",""zip"":""01473"",""address"":""101 Fitchburg Road""}"
landfill_20855,Gardner Street Landfill,landfill,42.28200000,-71.18200000,MA,EPA_LMOP,"{""ghgrp_id"":""1005466"",""city"":""Boston"",""county"":""Suffolk"",""zip"":""02201"",""address"":""Gardner Street, West Roxbury""}"
landfill_784,GCR LF,landfill,42.52700000,-70.98680000,MA,EPA_LMOP,"{""city"":""Peabody"",""county"":""Essex"",""zip"":""01960"",""address"":""Farm Avenue Route 1""}"
landfill_779,Granby SLF,landfill,42.22140000,-72.54590000,MA,EPA_LMOP,"{""ghgrp_id"":""1007685"",""city"":""Granby"",""county"":""Hampshire"",""zip"":""01033"",""address"":""11 New Ludlow Road""}"
landfill_802,Greenwood Street LF,landfill,42.21873900,-71.78988500,MA,EPA_LMOP,"{""city"":""Worcester"",""county"":""Worcester"",""zip"":""01607"",""address"":""30 Nippnapp Trail""}"
landfill_797,Halifax LF,landfill,41.99180000,-70.89920000,MA,EPA_LMOP,"{""ghgrp_id"":""1007550"",""city"":""Halifax"",""county"":""Plymouth"",""zip"":""02338"",""address"":""27 Laurel Street""}"
landfill_20897,Hardwick Landfill,landfill,42.33500000,-72.23720000,MA,EPA_LMOP,"{""ghgrp_id"":""1005379"",""city"":""Hardwick"",""county"":""Hampshire"",""zip"":""01037"",""address"":""1270 Patrill Hollow Road""}"
landfill_10660,Haverhill Landfill,landfill,42.76464000,-71.12504000,MA,EPA_LMOP,"{""ghgrp_id"":""1005213"",""city"":""Haverhill"",""county"":""Essex"",""zip"":""01835"",""address"":""100 Recovery Way""}"
landfill_21199,Hull Landfill,landfill,42.26183600,-70.85734800,MA,EPA_LMOP,"{""city"":""Hull"",""county"":""Plymouth"",""zip"":""02045"",""address"":""Logan Avenue""}"
landfill_798,Leicester LF,landfill,42.26000000,-71.89800000,MA,EPA_LMOP,"{""city"":""Leicester"",""county"":""Worcester"",""zip"":""01524"",""address"":""151 Mannville Street""}"
landfill_801,Lowell LF,landfill,42.62700000,-71.35350000,MA,EPA_LMOP,"{""city"":""Lowell"",""county"":""Middlesex"",""zip"":""01851"",""address"":""1290 Westford Street""}"
landfill_799,Marion LF,landfill,41.70240000,-70.78100000,MA,EPA_LMOP,"{""city"":""Marion"",""county"":""Plymouth"",""zip"":""02738"",""address"":""Benson Brook Road""}"
landfill_781,Marshfield LF,landfill,42.11200000,-70.70800000,MA,EPA_LMOP,"{""city"":""Marshfield"",""county"":""Plymouth"",""zip"":""02050"",""address"":""Clay Pit Road & Grove Street""}"
landfill_773,Martone Landfill,landfill,42.38800000,-72.06700000,MA,EPA_LMOP,"{""ghgrp_id"":""1003587"",""city"":""Barre"",""county"":""Worcester"",""zip"":""01005"",""address"":""99 Barre Depot Road""}"
landfill_20703,Middleborough Landfill,landfill,41.92570000,-70.83147000,MA,EPA_LMOP,"{""ghgrp_id"":""1010391"",""city"":""Middleborough"",""county"":""Plymouth"",""zip"":""02346"",""address"":""207 Plympton Street""}"
landfill_790,Nantucket LF,landfill,41.27900000,-70.16500000,MA,EPA_LMOP,"{""city"":""Nantucket"",""county"":""Nantucket"",""zip"":""02554"",""address"":""188 Madaket Road""}"
landfill_791,New Bedford LF,landfill,41.66258900,-70.95731400,MA,EPA_LMOP,"{""city"":""New Bedford"",""county"":""Bristol"",""zip"":""02746"",""address"":""1103 Shawmut Avenue""}"
landfill_1835,Northampton Landfill,landfill,42.29385000,-72.71622000,MA,EPA_LMOP,"{""ghgrp_id"":""1002593"",""city"":""Florence"",""county"":""Hampshire"",""zip"":""01062"",""address"":""170 Glendale Road""}"
landfill_803,Otis Air Force Base LF,landfill,41.66470000,-70.54790000,MA,EPA_LMOP,"{""city"":""Buzzards Bay"",""county"":""Barnstable"",""zip"":""02532"",""address"":""Connery Road""}"
landfill_783,Palmer LF,landfill,42.20250000,-72.32200000,MA,EPA_LMOP,"{""city"":""Palmer"",""county"":""Hampden"",""zip"":""01069"",""address"":""Emery Street""}"
landfill_785,Plainville LF,landfill,42.03920000,-71.29200000,MA,EPA_LMOP,"{""ghgrp_id"":""1004557"",""city"":""Plainville"",""county"":""Norfolk"",""zip"":""02762"",""address"":""14 Belcher Street""}"
landfill_10641,Quarry Hills Soils LF,landfill,42.24170000,-71.04503000,MA,EPA_LMOP,"{""city"":""Quincy"",""county"":""Norfolk"",""zip"":""02169"",""address"":""Ricciuti Drive""}"
landfill_792,Randolph LF,landfill,42.18060000,-71.07840000,MA,EPA_LMOP,"{""ghgrp_id"":""1007947"",""city"":""Randolph"",""county"":""Norfolk"",""zip"":""02368"",""address"":""Johnson Drive""}"
landfill_780,RCI Hudson/Stow LF,landfill,42.40500000,-71.54200000,MA,EPA_LMOP,"{""city"":""Hudson"",""county"":""Middlesex"",""zip"":""01749"",""address"":""Old Stow Road""}"
landfill_1836,Shaffer Landfill,landfill,42.58140000,-71.24500000,MA,EPA_LMOP,"{""city"":""Billerica"",""county"":""Middlesex"",""zip"":""01821""}"
landfill_2301,South Hadley Landfill LLC,landfill,42.22000000,-72.55800000,MA,EPA_LMOP,"{""ghgrp_id"":""1004157"",""city"":""South Hadley"",""county"":""Hampshire"",""zip"":""01075"",""address"":""12 Industrial Drive""}"
landfill_800,South Meadow Road LF,landfill,42.41150000,-71.71280000,MA,EPA_LMOP,"{""city"":""Clinton"",""county"":""Middlesex"",""zip"":""01510"",""address"":""South Meadow Road""}"
landfill_10100,Southbridge Recycling & Disposal Park,landfill,42.10691000,-72.03240000,MA,EPA_LMOP,"{""ghgrp_id"":""1005254"",""city"":""Southbridge"",""county"":""Worcester"",""zip"":""01550"",""address"":""165 Barefoot Road""}"
landfill_21141,Sturbridge Landfill,landfill,42.04381500,-72.11801100,MA,EPA_LMOP,"{""city"":""Sturbridge"",""county"":""Worcester"",""zip"":""01556"",""address"":""154 Breakneck Road""}"
landfill_786,Taunton SLF,landfill,41.92230000,-71.08360000,MA,EPA_LMOP,"{""ghgrp_id"":""1003532"",""city"":""Taunton"",""county"":""Bristol"",""zip"":""02780"",""address"":""340 East Britannia Street""}"
landfill_10362,Wayland LF,landfill,42.36326667,-71.38081667,MA,EPA_LMOP,"{""city"":""Wayland"",""county"":""Middlesex"",""zip"":""01778"",""address"":""484 Boston Post Road""}"
landfill_10780,West Street Landfill,landfill,42.58100000,-72.04500000,MA,EPA_LMOP,"{""ghgrp_id"":""1003393"",""city"":""Gardner"",""county"":""Worcester"",""zip"":""01440"",""address"":""744 West Street""}"
landfill_2197,Westfield Landfill,landfill,42.14800000,-72.74800000,MA,EPA_LMOP,"{""city"":""Westfield"",""county"":""Hampden"",""zip"":""01085"",""address"":""Twiss Street""}"
landfill_1951,Winchendon Landfill,landfill,42.67880000,-72.06020000,MA,EPA_LMOP,"{""city"":""Winchendon"",""county"":""Worcester"",""zip"":""01475"",""address"":""202 River Street""}"
landfill_734,Alpha Ridge SLF,landfill,39.30577600,-76.89880300,MD,EPA_LMOP,"{""ghgrp_id"":""1007291"",""city"":""Marriottsville"",""county"":""Howard"",""zip"":""21104"",""address"":""2350 Marriottsville Road""}"
landfill_735,Annapolis SLF,landfill,38.99200000,-76.57300000,MD,EPA_LMOP,"{""city"":""Annapolis"",""county"":""Anne Arundel"",""zip"":""21401"",""address"":""Defense Highway""}"
landfill_736,Appeal SLF,landfill,38.38111200,-76.43833400,MD,EPA_LMOP,"{""city"":""Lusby"",""county"":""Calvert"",""zip"":""20657""}"
landfill_10120,Beulah Municipal Landfill,landfill,38.67350000,-75.89940000,MD,EPA_LMOP,"{""ghgrp_id"":""1000331"",""city"":""Hurlock"",""county"":""Dorchester"",""zip"":""21643"",""address"":""6815 East New Market Ellwood Road""}"
landfill_740,Bowley's Lane LF,landfill,39.31380000,-76.54440000,MD,EPA_LMOP,"{""city"":""Baltimore"",""county"":""Baltimore city"",""zip"":""21206"",""address"":""Bowley's Lane""}"
landfill_741,Brown Station Road Sanitary Landfill,landfill,38.85100000,-76.78900000,MD,EPA_LMOP,"{""ghgrp_id"":""1002655"",""city"":""Upper Marlboro"",""county"":""Prince George's"",""zip"":""20774"",""address"":""3500 Brown Station Road""}"
landfill_742,Cecil County Central Landfill,landfill,39.59690000,-75.91360000,MD,EPA_LMOP,"{""ghgrp_id"":""1004812"",""city"":""Elkton"",""county"":""Cecil"",""zip"":""21921"",""address"":""758 East Old Philadelphia Road""}"
landfill_738,Central SLF,landfill,38.21590000,-75.31860000,MD,EPA_LMOP,"{""ghgrp_id"":""1005295"",""city"":""Newark"",""county"":""Worcester"",""zip"":""21841"",""address"":""7091 Central Site Lane""}"
landfill_744,Charles County Landfill #2,landfill,38.57200000,-76.88600000,MD,EPA_LMOP,"{""ghgrp_id"":""1005107"",""city"":""Waldorf"",""county"":""Charles"",""zip"":""20602"",""address"":""12305 Billingsley Road East""}"
landfill_745,Eastern Sanitary Landfill Solid Waste Management Facility (ESL),landfill,39.39480000,-76.39640000,MD,EPA_LMOP,"{""ghgrp_id"":""1004330"",""city"":""White Marsh"",""county"":""Baltimore"",""zip"":""21162"",""address"":""6257 Days Cove Road""}"
landfill_746,Fort Detrick SLF,landfill,39.43889000,-77.42222300,MD,EPA_LMOP,"{""city"":""Fort Detrick"",""county"":""Frederick"",""zip"":""21702""}"
landfill_747,Fort Meade SLF,landfill,39.12500000,-76.77000000,MD,EPA_LMOP,"{""city"":""Fort Meade"",""county"":""Anne Arundel""}"
landfill_10740,Forty West SLF,landfill,39.65670000,-77.82000000,MD,EPA_LMOP,"{""ghgrp_id"":""1004663"",""city"":""Hagerstown"",""county"":""Washington"",""zip"":""21740"",""address"":""12630 Earth Care Road""}"
landfill_10720,Garrett County SWD and RF,landfill,39.45075000,-79.40754000,MD,EPA_LMOP,"{""ghgrp_id"":""1003378"",""city"":""Oakland"",""county"":""Garrett"",""zip"":""21550"",""address"":""3118 Oakland Sang Run Road""}"
landfill_20792,Glen Burnie Landfill,landfill,39.18718000,-76.60000000,MD,EPA_LMOP,"{""ghgrp_id"":""1002004"",""city"":""Glen Burnie"",""county"":""Anne Arundel"",""zip"":""21060"",""address"":""100 Dover Road""}"
landfill_748,Gude LF,landfill,39.10700000,-77.14000000,MD,EPA_LMOP,"{""ghgrp_id"":""1003432"",""city"":""Rockville"",""county"":""Montgomery"",""zip"":""20850"",""address"":""600 E. Gude Drive""}"
landfill_750,Harford Waste Disposal Center,landfill,39.63963000,-76.30235000,MD,EPA_LMOP,"{""ghgrp_id"":""1002292"",""city"":""Street"",""county"":""Harford"",""zip"":""21154"",""address"":""3241 Scarboro Road""}"
landfill_752,Hoods Mill Road SLF,landfill,39.35700000,-77.02400000,MD,EPA_LMOP,"{""city"":""Woodbine"",""county"":""Carroll"",""zip"":""21797"",""address"":""7901 Kabik Court""}"
landfill_753,Midshore I - Regional Solid Waste Facility,landfill,38.74714000,-76.01961000,MD,EPA_LMOP,"{""ghgrp_id"":""1005718"",""city"":""Easton"",""county"":""Talbot"",""zip"":""21601"",""address"":""7341 Barkers Landing Road""}"
landfill_11902,Midshore II - Regional Solid Waste Facility,landfill,38.94800000,-75.85930000,MD,EPA_LMOP,"{""ghgrp_id"":""1011317"",""city"":""Ridgely"",""county"":""Caroline"",""zip"":""21660"",""address"":""12236 River Road""}"
landfill_754,Millersville SLF,landfill,39.09450000,-76.66560000,MD,EPA_LMOP,"{""ghgrp_id"":""1002002"",""city"":""Severn"",""county"":""Anne Arundel"",""zip"":""21144"",""address"":""389 Burns Crossing Road""}"
landfill_755,Mountainview SLF,landfill,39.60212000,-78.92121000,MD,EPA_LMOP,"{""ghgrp_id"":""1007611"",""city"":""Frostburg"",""county"":""Allegany"",""zip"":""21532"",""address"":""13300 New George's Creek Road SW""}"
landfill_20837,New Cut Landfill,landfill,39.24691700,-76.79676900,MD,EPA_LMOP,"{""ghgrp_id"":""1005908"",""city"":""Ellicott City"",""county"":""Howard"",""zip"":""21043"",""address"":""4361 New Cut Road""}"
landfill_756,Newland Park SLF,landfill,38.38500000,-75.63360000,MD,EPA_LMOP,"{""ghgrp_id"":""1007029"",""city"":""Salisbury"",""county"":""Wicomico"",""zip"":""21801"",""address"":""6948 Brick Kiln Road""}"
landfill_757,Nicholson SLF,landfill,38.38277900,-75.63194500,MD,EPA_LMOP,"{""county"":""Kent""}"
landfill_20858,Norris Farms Landfill,landfill,39.28800000,-76.48000000,MD,EPA_LMOP,"{""ghgrp_id"":""1004562"",""city"":""Baltimore"",""county"":""Baltimore"",""zip"":""21222"",""address"":""101 Norris Lane""}"
landfill_758,Northern SLF,landfill,39.55400000,-76.94000000,MD,EPA_LMOP,"{""ghgrp_id"":""1011391"",""city"":""Westminster"",""county"":""Carroll"",""zip"":""21157"",""address"":""1400 Baltimore Boulevard""}"
landfill_759,Oaks SLF,landfill,39.18948000,-77.12058000,MD,EPA_LMOP,"{""ghgrp_id"":""1003469"",""city"":""Laytonsville"",""county"":""Montgomery"",""zip"":""20882"",""address"":""6001 Olney-Laytonsville Road""}"
landfill_739,Old Beulah Municipal LF,landfill,38.67537000,-75.89938000,MD,EPA_LMOP,"{""city"":""Beulah"",""county"":""Dorchester"",""zip"":""21643""}"
landfill_760,Pennington Avenue LF,landfill,39.21800000,-76.59150000,MD,EPA_LMOP,"{""city"":""Baltimore"",""county"":""Baltimore city"",""zip"":""21226"",""address"":""Pennington Avenue""}"
landfill_762,Pisgah SLF,landfill,38.53570000,-77.14910000,MD,EPA_LMOP,"{""ghgrp_id"":""1006339"",""city"":""La Plata"",""county"":""Charles"",""zip"":""20646"",""address"":""6645 Mason Springs Road""}"
landfill_763,Quarantine Road SLF,landfill,39.20850000,-76.55490000,MD,EPA_LMOP,"{""ghgrp_id"":""1001568"",""city"":""Curtis Bay"",""county"":""Baltimore city"",""zip"":""21226"",""address"":""6100 Quarantine Road""}"
landfill_764,Reich's Ford Road SLF,landfill,39.37540000,-77.35280000,MD,EPA_LMOP,"{""ghgrp_id"":""1005873"",""city"":""Frederick"",""county"":""Frederick"",""zip"":""21704"",""address"":""9031 Reichs Ford Road""}"
landfill_765,Resh Road II SLF,landfill,39.68000000,-77.80200000,MD,EPA_LMOP,"{""city"":""Hagerstown"",""county"":""Washington"",""zip"":""21740"",""address"":""Resh Road""}"
landfill_766,Round Glade SLF,landfill,39.47055600,-79.39305700,MD,EPA_LMOP,"{""city"":""Oakland"",""county"":""Garrett"",""zip"":""21550""}"
landfill_767,Saint Andrews SLF,landfill,38.29090000,-76.52330000,MD,EPA_LMOP,"{""city"":""California"",""county"":""St. Mary's"",""zip"":""20619"",""address"":""44825 St. Andrews Church Road""}"
landfill_768,Sandy Hill SLF,landfill,39.01600000,-76.79100000,MD,EPA_LMOP,"{""ghgrp_id"":""1007573"",""city"":""Bowie"",""county"":""Prince George's"",""zip"":""20720"",""address"":""9500 Old Laurel Bowie Road""}"
landfill_20860,Solley Road Landfill,landfill,39.16031300,-76.57504200,MD,EPA_LMOP,"{""ghgrp_id"":""1004563"",""city"":""Glen Burnie"",""county"":""Anne Arundel"",""zip"":""21061"",""address"":""7890 Solley Road""}"
landfill_770,Sudley Road SLF,landfill,38.81790000,-76.57850000,MD,EPA_LMOP,"{""city"":""Deale"",""county"":""Anne Arundel"",""zip"":""20751"",""address"":""5400 Nutwell Sudley Road""}"
landfill_772,Westover/Ring SLF,landfill,38.12104400,-75.73546400,MD,EPA_LMOP,"{""city"":""Westover"",""county"":""Somerset"",""zip"":""21871"",""address"":""8716 James Ring Road""}"
landfill_2251,Bath LF,landfill,43.93960000,-69.81890000,ME,EPA_LMOP,"{""ghgrp_id"":""1002766"",""city"":""Bath"",""county"":""Sagadahoc"",""zip"":""04530"",""address"":""11 Detritus Drive""}"
landfill_2255,Brunswick LF,landfill,43.97000000,-70.03700000,ME,EPA_LMOP,"{""city"":""Brunswick"",""county"":""Cumberland"",""zip"":""04011"",""address"":""49 Graham Road""}"
landfill_2253,"Caratunks Forks, West Forks (CFWF) Landfill",landfill,45.36990000,-70.02550000,ME,EPA_LMOP,"{""city"":""West Forks"",""county"":""Somerset"",""zip"":""04985"",""address"":""Lower Enchanted Road""}"
landfill_21210,City of Lewiston Landfill,landfill,44.04968000,-70.18407400,ME,EPA_LMOP,"{""city"":""Lewiston"",""county"":""Androscoggin"",""zip"":""04240"",""address"":""424 River Road""}"
landfill_2250,Crossroads LF,landfill,44.71256000,-69.84730000,ME,EPA_LMOP,"{""ghgrp_id"":""1007646"",""city"":""Norridgewock"",""county"":""Somerset"",""zip"":""04957"",""address"":""357 Mercer Road""}"
landfill_21207,Dolby Landfill,landfill,45.65496400,-68.59629300,ME,EPA_LMOP,"{""city"":""East Millinocket"",""county"":""Penobscot"",""zip"":""04333"",""address"":""Maine 157 (Main Street)""}"
landfill_12001,ecomaine Landfill/Ashfill,landfill,43.63887000,-70.36944900,ME,EPA_LMOP,"{""city"":""Scarborough"",""county"":""Cumberland"",""zip"":""04074"",""address"":""Green Road""}"
landfill_2254,Hatch Hill LF,landfill,44.32280000,-69.70870000,ME,EPA_LMOP,"{""city"":""Augusta"",""county"":""Kennebec"",""zip"":""04330"",""address"":""Hatch Hill Road""}"
landfill_11240,Juniper Ridge Landfill,landfill,44.98130000,-68.72470000,ME,EPA_LMOP,"{""ghgrp_id"":""1005253"",""city"":""Old Town"",""county"":""Penobscot"",""zip"":""04468"",""address"":""2828 Bennoch Road""}"
landfill_2252,Little Squaw LF,landfill,45.45600000,-69.62580000,ME,EPA_LMOP,"{""city"":""Greenville"",""county"":""Piscataquis"",""zip"":""04441"",""address"":""Dyer Road""}"
landfill_2259,Pine Tree Landfill,landfill,44.76969000,-98.86950000,ME,EPA_LMOP,"{""ghgrp_id"":""1005252"",""city"":""Hampden"",""county"":""Penobscot"",""zip"":""04444"",""address"":""358 Emerson Mill Road""}"
landfill_2257,Presque Isle LF,landfill,46.60200000,-68.03900000,ME,EPA_LMOP,"{""city"":""Presque Isle"",""county"":""Aroostook"",""zip"":""04769"",""address"":""202 Lathrop Road""}"
landfill_2263,Regional Waste Systems LF,landfill,43.65350000,-70.33240000,ME,EPA_LMOP,"{""city"":""Portland"",""county"":""Cumberland"",""zip"":""04102"",""address"":""64 Blueberry Road""}"
landfill_21211,Rockland Quarry Landfill,landfill,44.10588600,-69.13634500,ME,EPA_LMOP,"{""city"":""Rockland"",""county"":""Knox"",""zip"":""04841"",""address"":""400 Limerock Street""}"
landfill_21208,Town of Baileyville Landfill,landfill,45.13202800,-67.39686770,ME,EPA_LMOP,"{""city"":""Baileyville"",""county"":""Washington"",""zip"":""04694"",""address"":""50 Town Road""}"
landfill_21206,Town of Dover-Foxcroft Landfill,landfill,45.19081000,-69.20426000,ME,EPA_LMOP,"{""city"":""Dover-Foxcroft"",""county"":""Piscataquis"",""zip"":""04426"",""address"":""66 Landfill Road\nBetween Milo Road & Essex Street""}"
landfill_21209,Town of Glenburn MSW Landfill,landfill,44.94443000,-68.84745000,ME,EPA_LMOP,"{""city"":""Glenburn"",""county"":""Penobscot"",""zip"":""04401"",""address"":""Hudson Road (Route 221)""}"
landfill_2256,Tri-Community LF,landfill,46.86000000,-67.90800000,ME,EPA_LMOP,"{""city"":""Fort Fairfield"",""county"":""Aroostook"",""zip"":""04736"",""address"":""303 Murphy Road""}"
landfill_21212,Waldoboro Municipal Landfill,landfill,44.13850700,-69.43489300,ME,EPA_LMOP,"{""city"":""Waldoboro"",""county"":""Lincoln"",""zip"":""04572"",""address"":""N. Nobleboro Road""}"
landfill_1902,Adrian Landfill,landfill,41.89059000,-83.99240000,MI,EPA_LMOP,"{""ghgrp_id"":""1001991"",""city"":""Adrian"",""county"":""Lenawee"",""zip"":""49221"",""address"":""1970 North Ogden Highway""}"
landfill_1878,Ann Arbor SLF Phase I & II,landfill,42.22780000,-83.69970000,MI,EPA_LMOP,"{""ghgrp_id"":""1006178"",""city"":""Ann Arbor"",""county"":""Washtenaw"",""zip"":""48108"",""address"":""4150 Platt Road""}"
landfill_1879,Arbor Hills Landfill,landfill,42.40684000,-83.55579000,MI,EPA_LMOP,"{""ghgrp_id"":""1008034"",""city"":""Northville"",""county"":""Washtenaw"",""zip"":""48168"",""address"":""10690 W. Six Mile Road""}"
landfill_2068,Autumn Hills Recycling & Disposal Facility,landfill,42.78100000,-85.92070000,MI,EPA_LMOP,"{""ghgrp_id"":""1006132"",""city"":""Zeeland"",""county"":""Ottawa"",""zip"":""49464"",""address"":""700 56th Avenue""}"
landfill_1891,Brent Run Landfill,landfill,43.17684600,-83.83825800,MI,EPA_LMOP,"{""ghgrp_id"":""1002489"",""city"":""Montrose"",""county"":""Genesee"",""zip"":""48457"",""address"":""8335 Vienna Road""}"
landfill_1900,C&C Landfill,landfill,42.36108000,-85.00870000,MI,EPA_LMOP,"{""ghgrp_id"":""1003620"",""city"":""Marshall"",""county"":""Calhoun"",""zip"":""49068"",""address"":""14800 P Drive North""}"
landfill_1892,Carleton Farms Landfill,landfill,42.09394000,-83.42973000,MI,EPA_LMOP,"{""ghgrp_id"":""1007521"",""city"":""New Boston"",""county"":""Wayne"",""zip"":""48164"",""address"":""28800 Clark Road""}"
landfill_20788,Cedar Ridge Recycling & Disposal Facility,landfill,45.24733300,-85.20950000,MI,EPA_LMOP,"{""ghgrp_id"":""1007838"",""city"":""East Jordan"",""county"":""Charlevoix"",""zip"":""49727"",""address"":""11633 Saunders Road""}"
landfill_2232,"Central Sanitary Landfill, Inc.",landfill,43.33783000,-85.52274000,MI,EPA_LMOP,"{""ghgrp_id"":""1006990"",""city"":""Pierson"",""county"":""Montcalm"",""zip"":""49339"",""address"":""21545 Cannonsville Road""}"
landfill_20799,Cereal City Landfill,landfill,42.34750000,-85.20033300,MI,EPA_LMOP,"{""ghgrp_id"":""1003880"",""city"":""Battle Creek"",""county"":""Calhoun"",""zip"":""49017"",""address"":""580 Hubbard Street""}"
landfill_1880,Citizens Disposal Landfill,landfill,42.91468000,-83.72249000,MI,EPA_LMOP,"{""ghgrp_id"":""1004976"",""city"":""Grand Blanc"",""county"":""Genesee"",""zip"":""48439"",""address"":""2361 West Grand Blanc Road""}"
landfill_2242,City of Midland Sanitary LF,landfill,43.62637000,-84.17153000,MI,EPA_LMOP,"{""ghgrp_id"":""1003865"",""city"":""Midland"",""county"":""Midland"",""zip"":""48642"",""address"":""4311 East Ashman Street""}"
landfill_1881,"City Sand & Landfill, Inc.",landfill,42.11560000,-83.49380000,MI,EPA_LMOP,"{""ghgrp_id"":""1007932"",""city"":""Belleville"",""county"":""Wayne"",""zip"":""48111"",""address"":""46805 Willow Road""}"
landfill_12215,Dafter Sanitary Landfill Inc,landfill,46.33700000,-84.44400000,MI,EPA_LMOP,"{""ghgrp_id"":""1007754"",""city"":""Dafter"",""county"":""Chippewa"",""zip"":""49724"",""address"":""3962 West 12 Mile Road""}"
landfill_20180,Delta County Landfill,landfill,45.76467000,-87.13100000,MI,EPA_LMOP,"{""ghgrp_id"":""1004696"",""city"":""Escanaba"",""county"":""Delta"",""zip"":""49829"",""address"":""5701 19th Avenue North""}"
landfill_1936,Eagle Valley RDF,landfill,42.72265000,-83.25478000,MI,EPA_LMOP,"{""ghgrp_id"":""1003259"",""city"":""Lake Orion"",""county"":""Oakland"",""zip"":""48359"",""address"":""600 West Silverbell Road""}"
landfill_2271,Elk Run Sanitary Landfill,landfill,45.28240000,-84.22380000,MI,EPA_LMOP,"{""ghgrp_id"":""1006989"",""city"":""Onaway"",""county"":""Presque Isle"",""zip"":""49765"",""address"":""20667 5 Mile Highway""}"
landfill_1895,Forest Lawn Landfill,landfill,41.77574500,-86.65414400,MI,EPA_LMOP,"{""ghgrp_id"":""1003623"",""city"":""Three Oaks"",""county"":""Berrien"",""zip"":""49128"",""address"":""8230 W. Forest Lawn Road""}"
landfill_2235,Glen's Sanitary Landfill Inc.,landfill,44.78978000,-85.84100000,MI,EPA_LMOP,"{""ghgrp_id"":""1003257"",""city"":""Maple City"",""county"":""Leelanau"",""zip"":""49664"",""address"":""518 East Traverse Highway""}"
landfill_1947,Granger Grand River LF,landfill,42.78960000,-84.69350000,MI,EPA_LMOP,"{""ghgrp_id"":""1002720"",""city"":""Grand Ledge"",""county"":""Clinton"",""zip"":""48837"",""address"":""8550 West Grand River Highway""}"
landfill_1890,Granger Wood Street Landfill,landfill,42.76355000,-84.55778000,MI,EPA_LMOP,"{""ghgrp_id"":""1006737"",""city"":""Lansing"",""county"":""Clinton"",""zip"":""48906"",""address"":""16980 Wood Road""}"
landfill_12182,Hastings Sanitary Landfill,landfill,42.68100000,-85.29800000,MI,EPA_LMOP,"{""ghgrp_id"":""1007721"",""city"":""Hastings"",""county"":""Barry"",""zip"":""49058"",""address"":""1899 N. M-43 Highway""}"
landfill_21144,Hiawatha Shores Landfill Inc.,landfill,46.06593300,-86.05875400,MI,EPA_LMOP,"{""city"":""Gulliver"",""county"":""Schoolcraft"",""zip"":""49840"",""address"":""3098N 436 County Road""}"
landfill_2234,Huron Landfill,landfill,43.76087000,-83.05931000,MI,EPA_LMOP,"{""ghgrp_id"":""1003540"",""city"":""Bad Axe"",""county"":""Huron"",""zip"":""48413"",""address"":""4151 South McMillan Road""}"
landfill_2236,K&W LF,landfill,46.79740000,-89.14460000,MI,EPA_LMOP,"{""ghgrp_id"":""1007744"",""city"":""Ontonagon"",""county"":""Ontonagon"",""zip"":""49953"",""address"":""5436 Highway M 38""}"
landfill_2237,Kent County - South Kent LF,landfill,42.78271000,-85.67065000,MI,EPA_LMOP,"{""ghgrp_id"":""1003464"",""city"":""Byron Center"",""county"":""Kent"",""zip"":""49315"",""address"":""10300 South Kent Drive SW""}"
landfill_20894,Livingston County Landfill,landfill,42.65016700,-83.92033300,MI,EPA_LMOP,"{""ghgrp_id"":""1008780"",""city"":""Howell"",""county"":""Livingston"",""zip"":""48855"",""address"":""1551 E. Barron Road""}"
landfill_1901,Lyon Development LF,landfill,42.51430000,-83.61600000,MI,EPA_LMOP,"{""ghgrp_id"":""1004310"",""city"":""New Hudson"",""county"":""Oakland"",""zip"":""48165"",""address"":""5380 S. Milford Road""}"
landfill_2238,Manistee County LF,landfill,44.17570000,-86.26532000,MI,EPA_LMOP,"{""ghgrp_id"":""1007028"",""city"":""Manistee"",""county"":""Manistee"",""zip"":""49660"",""address"":""3890 Camp Road""}"
landfill_20898,Marquette County SWL,landfill,46.48959000,-87.47152500,MI,EPA_LMOP,"{""ghgrp_id"":""1004073"",""city"":""Marquette"",""county"":""Marquette"",""zip"":""49855"",""address"":""600 County  Road NP""}"
landfill_20705,McGill Road Landfill,landfill,42.29130000,-84.36980000,MI,EPA_LMOP,"{""ghgrp_id"":""1007580"",""city"":""Jackson"",""county"":""Jackson"",""zip"":""49201"",""address"":""3895 McGill Road""}"
landfill_2239,Menominee Landfill,landfill,45.17373000,-87.62938000,MI,EPA_LMOP,"{""ghgrp_id"":""1007755"",""city"":""Menominee"",""county"":""Menominee"",""zip"":""49858"",""address"":""W6111 Elmwood Road""}"
landfill_20704,Montmorency-Oscoda-Alpena Landfill,landfill,44.93500000,-84.12000000,MI,EPA_LMOP,"{""ghgrp_id"":""1007590"",""city"":""Atlanta"",""county"":""Montmorency"",""zip"":""49709"",""address"":""6751 Landfill Road\n6999 County Road 487""}"
landfill_1990,Muskegon County SWF,landfill,43.23510000,-85.99050000,MI,EPA_LMOP,"{""ghgrp_id"":""1007751"",""city"":""Ravenna"",""county"":""Muskegon"",""zip"":""49451"",""address"":""9366 Apple Avenue""}"
landfill_2240,Northern Oaks Recycling & Disposal Facility,landfill,43.99300000,-84.79800000,MI,EPA_LMOP,"{""ghgrp_id"":""1007729"",""city"":""Harrison"",""county"":""Clare"",""zip"":""48625"",""address"":""513 North County Farm Road""}"
landfill_1894,Oakland Heights Development Landfill,landfill,42.70846000,-83.24873000,MI,EPA_LMOP,"{""ghgrp_id"":""1003686"",""city"":""Auburn Hills"",""county"":""Oakland"",""zip"":""48326"",""address"":""2350 Brown Road""}"
landfill_2241,Orchard Hill SLF,landfill,42.17127000,-86.28116000,MI,EPA_LMOP,"{""ghgrp_id"":""1002684"",""city"":""Watervliet"",""county"":""Berrien"",""zip"":""49098"",""address"":""3290 Hennessey Road""}"
landfill_1883,Ottawa County Farms Landfill,landfill,43.05020000,-85.95682000,MI,EPA_LMOP,"{""ghgrp_id"":""1007027"",""city"":""Coopersville"",""county"":""Ottawa"",""zip"":""49404"",""address"":""15550 68th Avenue""}"
landfill_1884,"People's Landfill, Inc.",landfill,43.28020000,-83.86900000,MI,EPA_LMOP,"{""ghgrp_id"":""1003133"",""city"":""Birch Run"",""county"":""Saginaw"",""zip"":""48415"",""address"":""4143 Rathbun Road""}"
landfill_1893,Pine Tree Acres LF Inc.,landfill,42.76490000,-82.74560000,MI,EPA_LMOP,"{""ghgrp_id"":""1007745"",""city"":""Lenox"",""county"":""Macomb"",""zip"":""48048"",""address"":""36600 29 Mile Road""}"
landfill_21145,Pitsch Sanitary Landfill,landfill,43.10291500,-85.18484600,MI,EPA_LMOP,"{""city"":""Belding"",""county"":""Ionia"",""zip"":""48809"",""address"":""7905 Johnson Road""}"
landfill_12143,Richfield Landfill,landfill,43.12737600,-83.48555500,MI,EPA_LMOP,"{""ghgrp_id"":""1003592"",""city"":""Davison"",""county"":""Genesee"",""zip"":""48423"",""address"":""11417 East Mt. Morris Road""}"
landfill_1885,Riverview Land Preserve,landfill,42.15621000,-83.21208000,MI,EPA_LMOP,"{""ghgrp_id"":""1003601"",""city"":""Riverview"",""county"":""Wayne"",""zip"":""48193"",""address"":""20863 Grange Road""}"
landfill_1991,Saginaw Valley Landfill,landfill,43.40420000,-84.08230000,MI,EPA_LMOP,"{""ghgrp_id"":""1005821"",""city"":""Saginaw"",""county"":""Saginaw"",""zip"":""48609"",""address"":""2145 South Miller Road""}"
landfill_1855,Sauk Trail Hills Landfill,landfill,42.27440000,-83.45630000,MI,EPA_LMOP,"{""ghgrp_id"":""1003687"",""city"":""Canton"",""county"":""Wayne"",""zip"":""48188"",""address"":""5011 South Lilley Road""}"
landfill_1886,Seymour Road Landfill,landfill,43.19520000,-83.88070000,MI,EPA_LMOP,"{""city"":""Montrose"",""county"":""Genesee"",""zip"":""48457"",""address"":""13164 Seymour Road""}"
landfill_2195,Smiths Creek Landfill,landfill,42.91743000,-82.59168000,MI,EPA_LMOP,"{""ghgrp_id"":""1004497"",""city"":""Smiths Creek"",""county"":""St. Clair"",""zip"":""48074"",""address"":""6779 Smiths Creek Road""}"
landfill_1992,Southeast Berrien County Landfill,landfill,41.81354000,-86.32723000,MI,EPA_LMOP,"{""ghgrp_id"":""1004025"",""city"":""Buchanan"",""county"":""Berrien"",""zip"":""49107"",""address"":""3200 Chamberlain Road""}"
landfill_1887,Tay Mouth Landfill,landfill,43.27500000,-83.86200000,MI,EPA_LMOP,"{""city"":""Birch Run"",""county"":""Saginaw"",""zip"":""48415"",""address"":""4532 East Rathbun Road""}"
landfill_11922,Tri-City RDF,landfill,43.43700000,-82.73180000,MI,EPA_LMOP,"{""ghgrp_id"":""1007728"",""city"":""Carsonville"",""county"":""Sanilac"",""zip"":""48419"",""address"":""426 North Ruth Road""}"
landfill_1888,Venice Park Recycling & Disposal Facility,landfill,42.97993200,-83.97265700,MI,EPA_LMOP,"{""ghgrp_id"":""1007703"",""city"":""Lennon"",""county"":""Shiawassee"",""zip"":""48449"",""address"":""9536 Lennon Road""}"
landfill_1897,Vienna Junction Landfill,landfill,41.73290000,-83.50908000,MI,EPA_LMOP,"{""ghgrp_id"":""1004486"",""city"":""Erie"",""county"":""Monroe"",""zip"":""48133"",""address"":""6233 Hagman Road""}"
landfill_2233,Waters Landfill,landfill,44.85500000,-84.68000000,MI,EPA_LMOP,"{""ghgrp_id"":""1007720"",""city"":""Frederic"",""county"":""Crawford"",""zip"":""49733"",""address"":""11375 Sherman Road""}"
landfill_1889,Wayne Disposal LF,landfill,42.22010000,-83.53000000,MI,EPA_LMOP,"{""ghgrp_id"":""1005269"",""city"":""Belleville"",""county"":""Wayne"",""zip"":""48111"",""address"":""49350 N. I-94 Service Drive""}"
landfill_1940,Westside Recycling and Disposal Facility,landfill,41.91555000,-85.69200000,MI,EPA_LMOP,"{""ghgrp_id"":""1007831"",""city"":""Three Rivers"",""county"":""St. Joseph"",""zip"":""49093"",""address"":""14094 M-60 West""}"
landfill_12203,Wexford County Landfill,landfill,44.35280000,-85.39940000,MI,EPA_LMOP,"{""ghgrp_id"":""1003960"",""city"":""Manton"",""county"":""Wexford"",""zip"":""49663"",""address"":""990 US 131 North""}"
landfill_2069,White Lake Landfill,landfill,43.40980000,-86.31870000,MI,EPA_LMOP,"{""city"":""Whitehall"",""county"":""Muskegon"",""zip"":""49461"",""address"":""3278 East Colby Road""}"
landfill_1896,Whitefeather Landfill,landfill,43.89630000,-83.94820000,MI,EPA_LMOP,"{""ghgrp_id"":""1001993"",""city"":""Pinconning"",""county"":""Bay"",""zip"":""48650"",""address"":""2401 East Whitefeather Road""}"
landfill_21146,Wood Island Waste Management Inc.,landfill,46.37663000,-86.59535000,MI,EPA_LMOP,"{""ghgrp_id"":""1013315"",""city"":""Wetmore"",""county"":""Alger"",""zip"":""49895"",""address"":""E10081 M-28 East""}"
landfill_1912,Woodland Meadows Landfill,landfill,42.26520000,-83.43150000,MI,EPA_LMOP,"{""ghgrp_id"":""1003582"",""city"":""Wayne"",""county"":""Wayne"",""zip"":""48184"",""address"":""5900 Hannan Road\n39900 Van Born Road (Canton)""}"
landfill_808,Albert Lea Landfill,landfill,43.68200000,-93.38000000,MN,EPA_LMOP,"{""city"":""Albert Lea"",""county"":""Freeborn"",""zip"":""56007"",""address"":""22590 740th Avenue""}"
landfill_809,Anoka-Ramsey Sanitary LF,landfill,45.23930000,-93.42930000,MN,EPA_LMOP,"{""ghgrp_id"":""1011466"",""city"":""Ramsey"",""county"":""Anoka"",""zip"":""55303"",""address"":""14730 Sunfish Lake Boulevard NW""}"
landfill_2147,Becker County SLF,landfill,46.85900000,-95.89120000,MN,EPA_LMOP,"{""city"":""Detroit Lakes"",""county"":""Becker"",""zip"":""56501"",""address"":""24413 County Road 144""}"
landfill_810,Blue Earth County/Ponderosa Sanitary Landfill,landfill,44.12300000,-94.09300000,MN,EPA_LMOP,"{""ghgrp_id"":""1005032"",""city"":""Mankato"",""county"":""Blue Earth"",""zip"":""56001"",""address"":""20028 Gooseberry Lane""}"
landfill_811,Brown County SLF,landfill,44.28100000,-94.59700000,MN,EPA_LMOP,"{""city"":""Sleepy Eye"",""county"":""Brown"",""zip"":""56085"",""address"":""21933 County Road 11""}"
landfill_812,Burnsville SLF,landfill,44.78200000,-93.31900000,MN,EPA_LMOP,"{""ghgrp_id"":""1007743"",""city"":""Burnsville"",""county"":""Dakota"",""zip"":""55337"",""address"":""2650 West Cliff Road""}"
landfill_813,Clay County SLF,landfill,46.83570000,-96.41200000,MN,EPA_LMOP,"{""city"":""Hawley"",""county"":""Clay"",""zip"":""56549"",""address"":""3301 190th Street South""}"
landfill_21137,Cottonwood County Sanitary Landfill,landfill,43.94733700,-95.20322200,MN,EPA_LMOP,"{""city"":""Windom"",""county"":""Cottonwood"",""zip"":""56101"",""address"":""43979 County Highway 22""}"
landfill_814,Crow Wing County SLF,landfill,46.43050000,-94.06830000,MN,EPA_LMOP,"{""ghgrp_id"":""1004863"",""city"":""Brainerd"",""county"":""Crow Wing"",""zip"":""56401"",""address"":""15728 State Highway 210\n6 miles NE of Brainerd""}"
landfill_815,East Central SLF (ECSWC),landfill,45.84607000,-93.35722000,MN,EPA_LMOP,"{""ghgrp_id"":""1005860"",""city"":""Mora"",""county"":""Kanabec"",""zip"":""55051"",""address"":""1756 180th Avenue""}"
landfill_816,Elk River SLF Inc.,landfill,45.37721000,-93.56445000,MN,EPA_LMOP,"{""ghgrp_id"":""1007672"",""city"":""Elk River"",""county"":""Sherburne"",""zip"":""55330"",""address"":""22460 Hwy 169 NW""}"
landfill_826,Flying Cloud SLF,landfill,44.82596000,-93.44797200,MN,EPA_LMOP,"{""ghgrp_id"":""1004308"",""city"":""Eden Prairie"",""county"":""Hennepin"",""zip"":""55347"",""address"":""9813 Flying Cloud Drive""}"
landfill_804,Freeway Landfill,landfill,44.79830000,-93.29260000,MN,EPA_LMOP,"{""city"":""Burnsville"",""county"":""Dakota"",""zip"":""55337"",""address"":""1001 Blackdog Road W.""}"
landfill_2228,Hopkins SLF,landfill,44.91100000,-93.42000000,MN,EPA_LMOP,"{""city"":""Hopkins"",""county"":""Hennepin"",""address"":""At end of 7th Street S""}"
landfill_818,Kandiyohi County SLF,landfill,45.27500000,-95.00920000,MN,EPA_LMOP,"{""city"":""New London"",""county"":""Kandiyohi"",""zip"":""56273"",""address"":""15650 Hwy 71 NE""}"
landfill_21202,Lindenfelser Landfill,landfill,45.17826600,-93.68585100,MN,EPA_LMOP,"{""city"":""St. Michael"",""county"":""Wright"",""zip"":""55376"",""address"":""1890 Kadler Avenue NE""}"
landfill_805,Louisville Landfill,landfill,44.76300000,-93.59000000,MN,EPA_LMOP,"{""ghgrp_id"":""1005549"",""city"":""Shakopee"",""county"":""Scott"",""zip"":""55379"",""address"":""3698 130th Street W""}"
landfill_819,Lyon County SLF,landfill,44.34700000,-95.90000000,MN,EPA_LMOP,"{""ghgrp_id"":""1005280"",""city"":""Lynd"",""county"":""Lyon"",""zip"":""56157"",""address"":""2025 220th Avenue\n8 mi SW of Marshall off of Hwy 23""}"
landfill_21138,Mar-Kit Sanitary Landfill,landfill,48.78330800,-96.81644900,MN,EPA_LMOP,"{""city"":""Hallock"",""county"":""Kittson"",""zip"":""56728"",""address"":""2650 290th Avenue""}"
landfill_20706,Morrison County Landfill,landfill,45.93370000,-94.30300000,MN,EPA_LMOP,"{""ghgrp_id"":""1004060"",""city"":""Little Falls"",""county"":""Morrison"",""zip"":""56345"",""address"":""17502 Iris Road\nCounty Road 35""}"
landfill_21139,Nobles County Landfill Inc.,landfill,43.67271500,-95.75608400,MN,EPA_LMOP,"{""city"":""Rushmore"",""county"":""Nobles"",""zip"":""56168"",""address"":""24777 220th Street""}"
landfill_2149,Olmsted County/Kalmar LF,landfill,44.04600000,-92.58800000,MN,EPA_LMOP,"{""ghgrp_id"":""1006033"",""city"":""Rochester"",""county"":""Olmsted"",""zip"":""55901"",""address"":""7401 19th Street NW""}"
landfill_820,Pine Bend Landfill,landfill,44.77917000,-93.05711000,MN,EPA_LMOP,"{""ghgrp_id"":""1002059"",""city"":""Inver Grove Heights"",""county"":""Dakota"",""zip"":""55077"",""address"":""2495 East 117th Street""}"
landfill_821,Polk County SLF,landfill,47.77770000,-96.38360000,MN,EPA_LMOP,"{""city"":""Crookston"",""county"":""Polk"",""zip"":""56716"",""address"":""15764 270th Street SW\nEast of Crookston""}"
landfill_822,Rice County SLF,landfill,44.37770000,-93.22660000,MN,EPA_LMOP,"{""ghgrp_id"":""1005335"",""city"":""Dundas"",""county"":""Rice"",""zip"":""55019"",""address"":""3800 East 145th Street""}"
landfill_817,Rolling Hills Landfill Inc.,landfill,45.24400000,-93.88800000,MN,EPA_LMOP,"{""ghgrp_id"":""1001843"",""city"":""Buffalo"",""county"":""Wright"",""zip"":""55313"",""address"":""175 County Road 37 NE""}"
landfill_806,Roseau County LF,landfill,48.85000000,-95.53500000,MN,EPA_LMOP,"{""city"":""Salol"",""county"":""Roseau"",""zip"":""56756"",""address"":""31660 County Road #13""}"
landfill_1993,Spruce Ridge Landfill,landfill,44.81586000,-94.24837000,MN,EPA_LMOP,"{""ghgrp_id"":""1007742"",""city"":""Glencoe"",""county"":""McLeod"",""zip"":""55336"",""address"":""12755 137th Street""}"
landfill_21140,St. Louis County Regional Landfill,landfill,47.52743400,-92.48522700,MN,EPA_LMOP,"{""city"":""Virginia"",""county"":""St. Louis"",""zip"":""55792"",""address"":""5341 Landfill Road""}"
landfill_823,Steele County SLF,landfill,43.95200000,-93.10580000,MN,EPA_LMOP,"{""ghgrp_id"":""1011916"",""city"":""Blooming Prairie"",""county"":""Steele"",""zip"":""55917"",""address"":""9420 SE 64th Avenue""}"
landfill_1950,Washington County Landfill,landfill,45.00750000,-92.92120000,MN,EPA_LMOP,"{""city"":""Lake Elmo"",""county"":""Washington"",""zip"":""55042"",""address"":""Lake Jane Road & Jamaca Avenue""}"
landfill_2227,Waste Disposal Engineering (WDE) SLF,landfill,45.22800000,-93.31200000,MN,EPA_LMOP,"{""city"":""Andover"",""county"":""Anoka"",""zip"":""55304"",""address"":""14435 NW Crosstown Boulevard""}"
landfill_824,WLSSD SLF,landfill,46.85400000,-92.16000000,MN,EPA_LMOP,"{""ghgrp_id"":""1005666"",""city"":""Duluth"",""county"":""St. Louis"",""zip"":""55811"",""address"":""4857 Ridgeview Road""}"
landfill_807,Woodlake SLF,landfill,45.04220000,-93.62490000,MN,EPA_LMOP,"{""ghgrp_id"":""1005545"",""city"":""Medina"",""county"":""Hennepin"",""zip"":""55340"",""address"":""4000 Hamel Road""}"
landfill_853,3M Company Nevada Missouri Plant SLF,landfill,37.83110000,-94.33420000,MO,EPA_LMOP,"{""county"":""Vernon""}"
landfill_854,A & M SLF,landfill,38.49870000,-94.10110000,MO,EPA_LMOP,"{""city"":""Creighton"",""county"":""Cass"",""address"":""339th Street""}"
landfill_855,Atchison County SLF,landfill,40.42460000,-95.45560000,MO,EPA_LMOP,"{""city"":""Rock Port"",""county"":""Atchison"",""address"":""Highway 136""}"
landfill_918,Ava Missouri SLF,landfill,36.98320000,-92.61740000,MO,EPA_LMOP,"{""city"":""Ava"",""county"":""Douglas"",""address"":""Highway 14""}"
landfill_843,Backridge Landfill,landfill,40.01600000,-91.52300000,MO,EPA_LMOP,"{""ghgrp_id"":""1003412"",""city"":""La Grange"",""county"":""Lewis"",""zip"":""63448"",""address"":""26265 State Highway B""}"
landfill_911,Bernie SLF,landfill,36.70790000,-90.02110000,MO,EPA_LMOP,"{""county"":""Stoddard""}"
landfill_827,Black Oak Landfill,landfill,37.23980000,-92.45850000,MO,EPA_LMOP,"{""ghgrp_id"":""1005518"",""city"":""Hartville"",""county"":""Wright"",""zip"":""65667"",""address"":""5054 Highway HH""}"
landfill_856,Boonville SLF,landfill,38.97700000,-92.71580000,MO,EPA_LMOP,"{""city"":""Boonville"",""county"":""Cooper""}"
landfill_851,Bridgeton Landfill,landfill,38.76500000,-90.44500000,MO,EPA_LMOP,"{""ghgrp_id"":""1007026"",""city"":""Bridgeton"",""county"":""St. Louis"",""zip"":""63044"",""address"":""13570 St. Charles Rock Road""}"
landfill_828,Butler County Landfill,landfill,36.88588000,-90.31130000,MO,EPA_LMOP,"{""ghgrp_id"":""1004355"",""city"":""Poplar Bluff"",""county"":""Butler"",""zip"":""63901"",""address"":""6038 Highway T""}"
landfill_857,Cape Girardeau SLF,landfill,37.35130000,-89.48900000,MO,EPA_LMOP,"{""county"":""Cape Girardeau""}"
landfill_829,Central Missouri SLF,landfill,38.72530000,-93.28700000,MO,EPA_LMOP,"{""ghgrp_id"":""1003514"",""city"":""Sedalia"",""county"":""Pettis"",""zip"":""65301"",""address"":""24461 Oak Grove Lane\n21469 Highway 50 West""}"
landfill_858,Centralia SLF,landfill,39.21710000,-92.11830000,MO,EPA_LMOP,"{""county"":""Boone""}"
landfill_906,Centropolis SLF,landfill,39.06810000,-94.49480000,MO,EPA_LMOP,"{""county"":""Jackson""}"
landfill_832,Champ Landfill,landfill,38.74300000,-90.46000000,MO,EPA_LMOP,"{""ghgrp_id"":""1008252"",""city"":""Maryland Heights"",""county"":""St. Louis"",""zip"":""63043"",""address"":""2305 Creve Coeur Mill Road""}"
landfill_874,City of Maryville Sanitary Landfill,landfill,40.37000000,-94.87550000,MO,EPA_LMOP,"{""city"":""Maryville"",""county"":""Nodaway"",""zip"":""64468"",""address"":""North Main Street""}"
landfill_21147,City of Washington Sanitary Landfill,landfill,38.58715900,-91.05717900,MO,EPA_LMOP,"{""city"":""Washington"",""county"":""Franklin"",""zip"":""63090"",""address"":""925 Struckhoff Lane""}"
landfill_830,Columbia SLF,landfill,39.01440000,-92.25410000,MO,EPA_LMOP,"{""ghgrp_id"":""1003969"",""city"":""Columbia"",""county"":""Boone"",""zip"":""65202"",""address"":""5700 Peabody Road""}"
landfill_2290,"Courtney Ridge Landfill, LLC",landfill,39.14108700,-94.38847200,MO,EPA_LMOP,"{""ghgrp_id"":""1007631"",""city"":""Sugar Creek"",""county"":""Jackson"",""zip"":""64050"",""address"":""2001 N. Courtney Road""}"
landfill_890,Eagle Ridge Sanitary Landfill,landfill,39.42140000,-91.21820000,MO,EPA_LMOP,"{""ghgrp_id"":""1005795"",""city"":""Bowling Green"",""county"":""Pike"",""zip"":""63334"",""address"":""13100 Hwy VV\n2.5 miles east of Hwy 61 off of exit UU""}"
landfill_831,Ellis-Scott Landfill,landfill,38.48250000,-93.76450000,MO,EPA_LMOP,"{""city"":""Clinton"",""county"":""Henry"",""zip"":""64735"",""address"":""61 NW 850""}"
landfill_862,Farmer's Stone Product Company SLF,landfill,39.74190000,-93.71620000,MO,EPA_LMOP,"{""city"":""Mooresville"",""county"":""Livingston"",""zip"":""64664""}"
landfill_909,Fort Leonard Wood SLF,landfill,37.72594400,-92.12538500,MO,EPA_LMOP,"{""ghgrp_id"":""1004604"",""city"":""Fort Leonard Wood"",""county"":""Pulaski"",""zip"":""65473""}"
landfill_863,Fulton SLF,landfill,38.81590000,-92.01410000,MO,EPA_LMOP,"{""city"":""Fulton"",""county"":""Callaway"",""zip"":""65251"",""address"":""6797 County Road 305""}"
landfill_866,Hannibal SLF,landfill,39.66120200,-91.50656500,MO,EPA_LMOP,"{""county"":""Ralls"",""address"":""Kiowa Drive""}"
landfill_867,Henderson Sanitary Landfill,landfill,40.14660000,-93.38720000,MO,EPA_LMOP,"{""city"":""Galt"",""county"":""Grundy"",""zip"":""64641""}"
landfill_12208,IESI Timber Ridge Landfill,landfill,38.17200000,-90.77000000,MO,EPA_LMOP,"{""ghgrp_id"":""1002141"",""city"":""Richwoods"",""county"":""Washington"",""zip"":""63071"",""address"":""12581 State Highway H""}"
landfill_870,Jackson County Landfill,landfill,37.36950000,-89.73630000,MO,EPA_LMOP,"{""city"":""Jackson"",""county"":""Cape Girardeau"",""zip"":""63755"",""address"":""Mica Lane""}"
landfill_835,Jefferson City Sanitary Landfill,landfill,38.54350000,-92.10000000,MO,EPA_LMOP,"{""ghgrp_id"":""1003624"",""city"":""Jefferson City"",""county"":""Cole"",""zip"":""65101"",""address"":""5605 Moreau River Access Road""}"
landfill_833,Johnson County Landfill,landfill,38.72605600,-93.66720400,MO,EPA_LMOP,"{""city"":""Warrensburg"",""county"":""Johnson"",""zip"":""64093"",""address"":""230 SE 421""}"
landfill_872,Lake City Army Ammun Plant SLF,landfill,39.09000000,-94.24900000,MO,EPA_LMOP,"{""city"":""Independence"",""county"":""Jackson"",""zip"":""64051""}"
landfill_2425,Lamar Landfill,landfill,37.54700000,-94.30100000,MO,EPA_LMOP,"{""city"":""Lamar"",""county"":""Barton"",""zip"":""64759"",""address"":""Hwy 71 & DD""}"
landfill_836,Lee's Summit SLF,landfill,38.86962000,-94.35622000,MO,EPA_LMOP,"{""ghgrp_id"":""1002546"",""city"":""Lee's Summit"",""county"":""Jackson"",""zip"":""64082"",""address"":""2101 SE Hamblen Road""}"
landfill_838,Lemons East Sanitary Landfill / Lemons West Landfill,landfill,36.83277100,-89.94120000,MO,EPA_LMOP,"{""ghgrp_id"":""1007023"",""city"":""Dexter"",""county"":""Stoddard"",""zip"":""63841"",""address"":""15250 Old Bloomfield Road""}"
landfill_892,Maple Hill Landfill Inc.,landfill,39.73410000,-92.53870000,MO,EPA_LMOP,"{""ghgrp_id"":""1003038"",""city"":""Macon"",""county"":""Macon"",""zip"":""63552"",""address"":""31226 Intrepid Road""}"
landfill_839,Midwest Landfill,landfill,38.34380000,-90.83080000,MO,EPA_LMOP,"{""city"":""Lonedell"",""county"":""Franklin"",""zip"":""63072"",""address"":""Highway N & Wardfield Road""}"
landfill_848,Missouri Pass Landfill,landfill,38.70767000,-90.41661300,MO,EPA_LMOP,"{""ghgrp_id"":""1007886"",""city"":""Maryland Heights"",""county"":""St. Louis"",""zip"":""63043"",""address"":""2520 Adie Road""}"
landfill_876,Moberly Municipal SLF,landfill,39.47700000,-92.50800000,MO,EPA_LMOP,"{""city"":""Moberly"",""county"":""Randolph"",""zip"":""65270"",""address"":""Off Missouri DD\n5 mi NW of town""}"
landfill_840,Newton McDonald County Landfill Inc.,landfill,36.80750000,-94.37490000,MO,EPA_LMOP,"{""ghgrp_id"":""1011339"",""city"":""Neosho"",""county"":""Newton"",""zip"":""64850"",""address"":""525 Austin Avenue""}"
landfill_841,Northside Sanitary Landfill,landfill,38.52210000,-90.94920000,MO,EPA_LMOP,"{""city"":""Washington"",""county"":""Franklin"",""zip"":""63090"",""address"":""4561 St. Johns Road""}"
landfill_850,Oak Ridge Landfill,landfill,38.55868000,-90.52660000,MO,EPA_LMOP,"{""ghgrp_id"":""1006979"",""city"":""Ballwin"",""county"":""St. Louis"",""zip"":""63021"",""address"":""1741 Sulphur Spring Road""}"
landfill_884,"Phelps County Landfill, Inc.",landfill,37.99399000,-91.70616000,MO,EPA_LMOP,"{""city"":""Rolla"",""county"":""Phelps""}"
landfill_20859,Plattco/Riverview,landfill,39.21800000,-94.79500000,MO,EPA_LMOP,"{""ghgrp_id"":""1007057"",""city"":""Parkview"",""county"":""Platte"",""zip"":""64152"",""address"":""16450 NW River Road""}"
landfill_21135,Prairie Valley Landfill,landfill,38.12080200,-91.42934800,MO,EPA_LMOP,"{""ghgrp_id"":""1013030"",""city"":""Cuba"",""county"":""Crawford"",""zip"":""64543"",""address"":""3975 Highway 19 North""}"
landfill_834,Prairie View Regional Waste Facility,landfill,37.55100000,-94.31100000,MO,EPA_LMOP,"{""ghgrp_id"":""1007632"",""city"":""Lamar"",""county"":""Barton"",""zip"":""64759"",""address"":""16 East State Highway  Dd""}"
landfill_2078,Redbird Landfill,landfill,38.45013000,-90.40688300,MO,EPA_LMOP,"{""city"":""Arnold"",""county"":""Jefferson"",""zip"":""63010"",""address"":""1700 Cecos Lane""}"
landfill_929,Rumble Landfill #2,landfill,39.14050000,-94.40000000,MO,EPA_LMOP,"{""ghgrp_id"":""1003871"",""city"":""Sugar Creek"",""county"":""Jackson"",""zip"":""64050"",""address"":""2031 N. Courtney Road W. of Hwy 291""}"
landfill_885,Rye Creek SLF,landfill,40.19310000,-92.58161000,MO,EPA_LMOP,"{""city"":""Kirksville"",""county"":""Adair"",""zip"":""63501""}"
landfill_844,Show-Me Regional Landfill,landfill,38.72586000,-93.66711000,MO,EPA_LMOP,"{""ghgrp_id"":""1007060"",""city"":""Warrensburg"",""county"":""Johnson"",""zip"":""64093"",""address"":""230 SE 421 Road""}"
landfill_845,Southeast SLF,landfill,38.97670000,-94.54350000,MO,EPA_LMOP,"{""ghgrp_id"":""1004312"",""city"":""Kansas City"",""county"":""Jackson"",""zip"":""64132"",""address"":""8301 Indiana Avenue""}"
landfill_846,Springfield Sanitary Landfill,landfill,37.38500000,-93.35000000,MO,EPA_LMOP,"{""ghgrp_id"":""1002906"",""city"":""Willard"",""county"":""Greene"",""zip"":""65781"",""address"":""3545 W. Farm Road 34""}"
landfill_847,St. Joseph City SLF,landfill,39.67140000,-94.77300000,MO,EPA_LMOP,"{""ghgrp_id"":""1001925"",""city"":""St. Joseph"",""county"":""Buchanan"",""zip"":""64507"",""address"":""9431 50th Road SE""}"
landfill_897,Wayne County Landfill,landfill,37.12720000,-90.44500000,MO,EPA_LMOP,"{""city"":""Greenville"",""county"":""Wayne"",""zip"":""63944"",""address"":""Highway E""}"
landfill_852,Woods Chapel SLF,landfill,39.04250000,-94.32300000,MO,EPA_LMOP,"{""city"":""Blue Springs"",""county"":""Jackson"",""zip"":""64015"",""address"":""24415 E. 39th Street""}"
landfill_1952,Big River Landfill,landfill,33.40630000,-90.96060000,MS,EPA_LMOP,"{""ghgrp_id"":""1006223"",""city"":""Leland"",""county"":""Washington"",""zip"":""38756"",""address"":""52 Landfill Road""}"
landfill_2146,Byram Landfill,landfill,32.15500000,-90.27000000,MS,EPA_LMOP,"{""city"":""Jackson"",""county"":""Hinds"",""zip"":""39212"",""address"":""6810 I-55 South Frontage Road""}"
landfill_2144,Central Landfill,landfill,30.70730000,-89.60170000,MS,EPA_LMOP,"{""ghgrp_id"":""1007707"",""city"":""McNeill"",""county"":""Pearl River"",""zip"":""39470"",""address"":""8800 Highway 11 North""}"
landfill_1954,City of Canton SLF,landfill,32.59700000,-90.06647000,MS,EPA_LMOP,"{""ghgrp_id"":""1006544"",""city"":""Canton"",""county"":""Madison"",""zip"":""39046"",""address"":""303 Soldier Colony Road""}"
landfill_1955,City of Durant LF,landfill,33.13000000,-89.86200000,MS,EPA_LMOP,"{""city"":""Durant"",""county"":""Holmes"",""zip"":""39063"",""address"":""100 Huckleberry Road""}"
landfill_1956,City of Louisville Solid Waste Landfill,landfill,33.16650000,-89.05500000,MS,EPA_LMOP,"{""city"":""Louisville"",""county"":""Winston"",""zip"":""39339"",""address"":""3698 Landfill Road""}"
landfill_1957,Clearview Environmental Control Facility,landfill,32.23540000,-89.37230000,MS,EPA_LMOP,"{""ghgrp_id"":""1000217"",""city"":""Lake"",""county"":""Scott"",""zip"":""39092"",""address"":""2253 Mudline Road""}"
landfill_1995,Columbus SLF,landfill,33.46890000,-88.35000000,MS,EPA_LMOP,"{""city"":""Columbus"",""county"":""Lowndes"",""zip"":""39702"",""address"":""Armstrong Road""}"
landfill_1958,Golden Triangle Regional Landfill,landfill,33.52830000,-88.67240000,MS,EPA_LMOP,"{""ghgrp_id"":""1005964"",""city"":""Starkville"",""county"":""Oktibbeha"",""zip"":""39759"",""address"":""2505 Old West Point Road""}"
landfill_1975,Gulf Pines LF,landfill,30.49044600,-88.94270700,MS,EPA_LMOP,"{""ghgrp_id"":""1006117"",""city"":""Biloxi"",""county"":""Harrison"",""zip"":""39532"",""address"":""14543 Hudson Krohn Road""}"
landfill_1959,Jefferson County LF,landfill,31.65200000,-91.14400000,MS,EPA_LMOP,"{""city"":""Fayette"",""county"":""Jefferson"",""zip"":""39069"",""address"":""4335 Highway 61 S""}"
landfill_1972,Kemper County Solid Waste Landfill,landfill,32.79820000,-88.57260000,MS,EPA_LMOP,"{""city"":""De Kalb"",""county"":""Kemper"",""zip"":""39328"",""address"":""Highway 16""}"
landfill_1960,Leflore County Landfill,landfill,33.44560000,-90.20780000,MS,EPA_LMOP,"{""ghgrp_id"":""1006851"",""city"":""Sidon"",""county"":""Leflore"",""zip"":""38954"",""address"":""15200 Highway 49 E. South""}"
landfill_1961,Little Dixie Landfill,landfill,32.40880000,-90.24325000,MS,EPA_LMOP,"{""ghgrp_id"":""1006302"",""city"":""Ridgeland"",""county"":""Madison"",""zip"":""39157"",""address"":""1716 N County Line Road""}"
landfill_1962,MacLand Landfill,landfill,30.50414000,-88.53250000,MS,EPA_LMOP,"{""ghgrp_id"":""1010379"",""city"":""Moss Point"",""county"":""Jackson"",""zip"":""39562"",""address"":""11300 Highway 63 N""}"
landfill_1973,Northeast Mississippi Regional Landfill,landfill,34.94770000,-88.93775000,MS,EPA_LMOP,"{""ghgrp_id"":""1005282"",""city"":""Walnut"",""county"":""Tippah"",""zip"":""38683"",""address"":""2941 County Road 302""}"
landfill_1963,Pecan Grove Sanitary Landfill,landfill,30.42700000,-89.26690000,MS,EPA_LMOP,"{""ghgrp_id"":""1007890"",""city"":""Pass Christian"",""county"":""Harrison"",""zip"":""39571"",""address"":""9685 Firetower Road""}"
landfill_1964,Pine Belt Regional Landfill,landfill,31.40560000,-89.09380000,MS,EPA_LMOP,"{""ghgrp_id"":""1010773"",""city"":""Ovett"",""county"":""Perry"",""zip"":""39464"",""address"":""5274 Highway 29 S""}"
landfill_1965,Pine Ridge Sanitary Landfill,landfill,32.37540000,-88.61020000,MS,EPA_LMOP,"{""ghgrp_id"":""1005165"",""city"":""Meridian"",""county"":""Lauderdale"",""zip"":""39301"",""address"":""520 Murphy Road""}"
landfill_1966,Plantation Oaks Sanitary Landfill,landfill,31.35760000,-91.39540000,MS,EPA_LMOP,"{""ghgrp_id"":""1003399"",""city"":""Sibley"",""county"":""Adams"",""zip"":""39165"",""address"":""35 Shieldsboro Road""}"
landfill_2426,Pleasant Hills,landfill,34.93660000,-89.89250000,MS,EPA_LMOP,"{""city"":""Olive Branch"",""county"":""DeSoto"",""zip"":""38654"",""address"":""5255 Sandridge""}"
landfill_1967,Prairie Bluff Sanitary Landfill,landfill,33.95850000,-88.99210000,MS,EPA_LMOP,"{""ghgrp_id"":""1007891"",""city"":""Houston"",""county"":""Chickasaw"",""zip"":""38851"",""address"":""1649 Highway 15 N""}"
landfill_21399,Quad County Municipal Landfill,landfill,34.99311100,-89.65013900,MS,EPA_LMOP,"{""ghgrp_id"":""1013940"",""city"":""Byhalia"",""county"":""Marshall"",""zip"":""38611"",""address"":""850 Wingo Road""}"
landfill_1968,Three Rivers Regional Landfill,landfill,34.29507300,-89.05831300,MS,EPA_LMOP,"{""ghgrp_id"":""1002547"",""city"":""Pontotoc"",""county"":""Pontotoc"",""zip"":""38863"",""address"":""1904 Pontotoc Pkwy, West""}"
landfill_1969,Tunica Landfill,landfill,34.78770000,-90.24830000,MS,EPA_LMOP,"{""ghgrp_id"":""1007683"",""city"":""Robinsonville"",""county"":""Tunica"",""zip"":""38664"",""address"":""6035 Bowdre Road""}"
landfill_21007,Beaverhead County Landfill,landfill,45.22000000,-112.71800000,MT,EPA_LMOP,"{""city"":""Dillon"",""county"":""Beaverhead"",""zip"":""59725"",""address"":""3801 Ten Mile Road""}"
landfill_2141,Billings City Landfill,landfill,45.72540000,-108.54500000,MT,EPA_LMOP,"{""ghgrp_id"":""1000477"",""city"":""Billings"",""county"":""Yellowstone"",""zip"":""59101"",""address"":""5240 Jellison Road""}"
landfill_21008,Butte-Silver Bow Landfill,landfill,46.02330000,-112.61500000,MT,EPA_LMOP,"{""city"":""Butte"",""county"":""Silver Bow"",""zip"":""59701"",""address"":""121074 North Browns Gulch Road""}"
landfill_1989,City of Bozeman SLF,landfill,45.71700000,-111.02400000,MT,EPA_LMOP,"{""ghgrp_id"":""1003987"",""city"":""Bozeman"",""county"":""Gallatin"",""zip"":""59715"",""address"":""2134 Story Mill Road""}"
landfill_21009,City of Glendive Sanitary Landfill,landfill,47.10350000,-104.69290000,MT,EPA_LMOP,"{""city"":""Glendive"",""county"":""Dawson"",""zip"":""59330"",""address"":""801 East Brennan Street""}"
landfill_21010,City of Hardin Landfill,landfill,45.73550000,-107.52400000,MT,EPA_LMOP,"{""city"":""Hardin"",""county"":""Big Horn"",""zip"":""59034"",""address"":""3794 East Sarpy Road""}"
landfill_21011,City of Malta Landfill,landfill,48.32220000,-107.86680000,MT,EPA_LMOP,"{""city"":""Malta"",""county"":""Phillips"",""zip"":""59538"",""address"":""2124 Short Oil Road""}"
landfill_21012,City of Shelby Landfill,landfill,48.50970000,-111.83580000,MT,EPA_LMOP,"{""city"":""Shelby"",""county"":""Toole"",""zip"":""59474"",""address"":""50 City Shop Road""}"
landfill_21013,City of Wolf Point,landfill,48.09930000,-105.66150000,MT,EPA_LMOP,"{""city"":""Wolf Point"",""county"":""Roosevelt"",""zip"":""59201"",""address"":""Eleventh Avenue North""}"
landfill_21014,Coral Creek Landfill,landfill,46.30160000,-104.20500000,MT,EPA_LMOP,"{""city"":""Baker"",""county"":""Fallon"",""zip"":""59313"",""address"":""721 Coral Creek Road""}"
landfill_21015,Daniels County Landfill,landfill,48.77650000,-105.41000000,MT,EPA_LMOP,"{""city"":""Scobey"",""county"":""Daniels"",""zip"":""59263"",""address"":""713 C Street""}"
landfill_21016,Deer Lodge Disposal District,landfill,46.36570000,-112.70790000,MT,EPA_LMOP,"{""city"":""Deer Lodge"",""county"":""Powell"",""zip"":""59722"",""address"":""2324 Boulder Road""}"
landfill_2287,Flathead County Landfill,landfill,48.31170000,-114.34400000,MT,EPA_LMOP,"{""ghgrp_id"":""1007460"",""city"":""Kalispell"",""county"":""Flathead"",""zip"":""59901"",""address"":""4098 Hwy 93 N""}"
landfill_20707,Gallatin County Logan Landfill,landfill,45.87462000,-111.41042000,MT,EPA_LMOP,"{""ghgrp_id"":""1006805"",""city"":""Three Forks"",""county"":""Gallatin"",""zip"":""59752"",""address"":""10585 Two Dog Road""}"
landfill_2140,High Plains SLF,landfill,47.62667000,-111.18900000,MT,EPA_LMOP,"{""ghgrp_id"":""1006766"",""city"":""Floweree"",""county"":""Cascade"",""zip"":""59440"",""address"":""142 Powerline Road\n9 miles N of Great Falls, 1 mile E of US 87""}"
landfill_21017,Hill County Landfill,landfill,48.54050000,-109.58600000,MT,EPA_LMOP,"{""city"":""Havre"",""county"":""Hill"",""zip"":""59501"",""address"":""7055 County Road 451 SE""}"
landfill_20856,Lake County Landfill,landfill,47.66386200,-114.20784600,MT,EPA_LMOP,"{""ghgrp_id"":""1004881"",""city"":""Polson"",""county"":""Lake"",""zip"":""59860"",""address"":""39276 Kerr Dam Road""}"
landfill_21018,Lewis & Clark County Landfill,landfill,46.67190000,-111.87800000,MT,EPA_LMOP,"{""ghgrp_id"":""1004538"",""city"":""Helena"",""county"":""Lewis and Clark"",""zip"":""59602"",""address"":""4075 Deal Lane""}"
landfill_21019,Libby Class II Landfill,landfill,48.42600000,-115.56180000,MT,EPA_LMOP,"{""city"":""Libby"",""county"":""Lincoln"",""zip"":""59923"",""address"":""2501 Pipe Creek Road""}"
landfill_21020,Miles City Area Solid Waste District,landfill,46.41020000,-105.78680000,MT,EPA_LMOP,"{""city"":""Miles City"",""county"":""Custer"",""zip"":""59301"",""address"":""4752 Leighton Boulevard""}"
landfill_2139,Missoula Landfill,landfill,46.90280000,-114.01100000,MT,EPA_LMOP,"{""ghgrp_id"":""1004013"",""city"":""Missoula"",""county"":""Missoula"",""zip"":""59802"",""address"":""3737 Coal Mine Road""}"
landfill_21021,Northern Montana Joint Refuse Disposal District - Conrad,landfill,48.30200000,-111.98500000,MT,EPA_LMOP,"{""city"":""Conrad"",""county"":""Pondera"",""zip"":""59486"",""address"":""1479 Valier Hwy""}"
landfill_21022,Park County Landfill,landfill,45.68500000,-110.49000000,MT,EPA_LMOP,"{""city"":""Livingston"",""county"":""Park"",""zip"":""59047"",""address"":""39 Chicken Creek Lane""}"
landfill_21023,Richland County Landfill,landfill,47.85090000,-104.27620000,MT,EPA_LMOP,"{""city"":""Sidney"",""county"":""Richland"",""zip"":""59270"",""address"":""13436 Highway 16""}"
landfill_21024,Rosebud County Landfill,landfill,45.95800000,-106.66500000,MT,EPA_LMOP,"{""city"":""Colstrip"",""county"":""Rosebud"",""zip"":""59323"",""address"":""4 miles N of Colstrip on Hwy 39""}"
landfill_21025,Sheridan County Landfill,landfill,48.75620000,-104.59200000,MT,EPA_LMOP,"{""city"":""Plentywood"",""county"":""Sheridan"",""zip"":""59254"",""address"":""201 Mann Road""}"
landfill_21026,Town of Chester,landfill,48.50430000,-110.94800000,MT,EPA_LMOP,"{""city"":""Chester"",""county"":""Liberty"",""zip"":""59522"",""address"":""Dump Road""}"
landfill_21027,Valley County Landfill,landfill,48.18930000,-106.56500000,MT,EPA_LMOP,"{""city"":""Glasgow"",""county"":""Valley"",""zip"":""59230"",""address"":""115 Landfill Road""}"
landfill_20899,Valley View Landfill,landfill,46.56937000,-111.90459000,MT,EPA_LMOP,"{""ghgrp_id"":""1005419"",""city"":""East Helena"",""county"":""Lewis and Clark"",""zip"":""59635"",""address"":""300 Highway 518""}"
landfill_1046,Alamance County Landfill,landfill,35.93083000,-79.29667000,NC,EPA_LMOP,"{""ghgrp_id"":""1005138"",""city"":""Graham"",""county"":""Alamance"",""zip"":""27253"",""address"":""2701 Austin Quarter Road SR-2148""}"
landfill_1041,Alexander County Landfill,landfill,35.90050000,-81.21320000,NC,EPA_LMOP,"{""city"":""Taylorsville"",""county"":""Alexander"",""zip"":""28681"",""address"":""2500 Paynes Dairy Road""}"
landfill_1042,Alleghany County LF,landfill,36.49357000,-81.14299000,NC,EPA_LMOP,"{""city"":""Sparta"",""county"":""Alleghany"",""address"":""431 Osborne Road""}"
landfill_1043,Anderson Creek LF Harnett County,landfill,35.32770000,-78.93170000,NC,EPA_LMOP,"{""city"":""Anderson Creek"",""county"":""Harnett"",""zip"":""27546"",""address"":""NC State Road 1164 Poplar Drive""}"
landfill_1044,Anson County LF,landfill,34.93520000,-79.93670000,NC,EPA_LMOP,"{""city"":""Lilesville"",""county"":""Anson"",""address"":""Highway 74 West""}"
landfill_2424,Anson County Waste Management Facility,landfill,34.97300000,-80.25700000,NC,EPA_LMOP,"{""ghgrp_id"":""1002236"",""city"":""Polkton"",""county"":""Anson"",""zip"":""28135"",""address"":""375 Dozer Drive\n(375 Allied Road)""}"
landfill_1045,Ashe County Landfill,landfill,36.52100000,-81.36800000,NC,EPA_LMOP,"{""city"":""Crumpler"",""county"":""Ashe"",""zip"":""28617"",""address"":""729 Fred Pugh Road""}"
landfill_1047,Avery County LF,landfill,35.95150000,-81.98650000,NC,EPA_LMOP,"{""city"":""Spruce Pine"",""county"":""Avery"",""zip"":""28777"",""address"":""2175 Brushy Creek Road""}"
landfill_1059,Blackburn SLF,landfill,35.60770000,-81.31000000,NC,EPA_LMOP,"{""ghgrp_id"":""1001943"",""city"":""Newton"",""county"":""Catawba"",""zip"":""28658"",""address"":""4017 Rocky Ford Road""}"
landfill_1050,Bladen County LF,landfill,34.64860000,-78.57370000,NC,EPA_LMOP,"{""city"":""Elizabethtown"",""county"":""Bladen"",""zip"":""28337""}"
landfill_1051,Brunswick County LF,landfill,34.05640000,-78.17020000,NC,EPA_LMOP,"{""city"":""Bolivia"",""county"":""Brunswick"",""zip"":""28422"",""address"":""179 March 9 1764 Dr NE""}"
landfill_2142,Buncombe County New Landfill,landfill,35.72720000,-82.64400000,NC,EPA_LMOP,"{""ghgrp_id"":""1001775"",""city"":""Alexander"",""county"":""Buncombe"",""zip"":""28701"",""address"":""85 Panther Branch Road""}"
landfill_1052,Buncombe County Old Landfill,landfill,35.66100000,-82.60800000,NC,EPA_LMOP,"{""ghgrp_id"":""1006406"",""city"":""Woodfin"",""county"":""Buncombe"",""zip"":""28804"",""address"":""Highway 251""}"
landfill_1055,Caldwell County Mt. Herman Landfill,landfill,35.87695000,-81.46723600,NC,EPA_LMOP,"{""city"":""Hudson"",""county"":""Caldwell"",""zip"":""28638"",""address"":""1200 Drag Strip Road""}"
landfill_1056,Canton LF-Haywood County,landfill,35.52493000,-82.82085000,NC,EPA_LMOP,"{""city"":""Canton"",""county"":""Haywood"",""zip"":""28716"",""address"":""SR 1854""}"
landfill_1058,Caswell County LF,landfill,36.43950000,-79.36440000,NC,EPA_LMOP,"{""city"":""Yanceyville"",""county"":""Caswell"",""zip"":""27379"",""address"":""162 Landfill Road""}"
landfill_1071,Charlotte Motor Speedway Landfill V,landfill,35.34570000,-80.68260000,NC,EPA_LMOP,"{""ghgrp_id"":""1003099"",""city"":""Concord"",""county"":""Cabarrus"",""zip"":""28027"",""address"":""5105 Morehead Road""}"
landfill_1060,Chatham County LF,landfill,35.74010000,-79.26471000,NC,EPA_LMOP,"{""city"":""Pittsboro"",""county"":""Chatham"",""zip"":""27312"",""address"":""720 County Landfill Road""}"
landfill_1061,Cherokee County Landfill,landfill,35.17883000,-83.90334000,NC,EPA_LMOP,"{""city"":""Marble"",""county"":""Cherokee"",""zip"":""28905"",""address"":""5610 Fairview Road (SR 1515)""}"
landfill_11501,Cherokee County Subtitle D MSW Facility,landfill,35.17860000,-83.91000000,NC,EPA_LMOP,"{""city"":""Marble"",""county"":""Cherokee"",""zip"":""28905"",""address"":""10160 US 19""}"
landfill_1062,City of Albemarle LF,landfill,35.30559600,-80.15266500,NC,EPA_LMOP,"{""ghgrp_id"":""1005594"",""city"":""Albemarle"",""county"":""Stanly"",""zip"":""28001"",""address"":""40592B Stony Gap Road""}"
landfill_1063,City of Durham SLF,landfill,36.02604000,-78.85641000,NC,EPA_LMOP,"{""ghgrp_id"":""1007078"",""city"":""Durham"",""county"":""Durham"",""zip"":""27704"",""address"":""2115 E. Club Boulevard""}"
landfill_1064,City of Greensboro White Street Landfill,landfill,36.10700000,-79.73000000,NC,EPA_LMOP,"{""ghgrp_id"":""1006978"",""city"":""Greensboro"",""county"":""Guilford"",""zip"":""27405"",""address"":""2503 White Street""}"
landfill_1069,Cleveland County LF,landfill,35.32870000,-81.47700000,NC,EPA_LMOP,"{""ghgrp_id"":""1005825"",""city"":""Shelby"",""county"":""Cleveland"",""zip"":""28150"",""address"":""1609 Airport Road\n250 Fielding Road""}"
landfill_1070,Cliffside South Rutherford County LF,landfill,35.27000000,-81.80600000,NC,EPA_LMOP,"{""city"":""Forest City"",""county"":""Rutherford"",""zip"":""28043"",""address"":""SR 2138 Avondale Landfill Road""}"
landfill_1072,"Columbus County, ARS",landfill,34.29410000,-78.75430000,NC,EPA_LMOP,"{""city"":""Whiteville"",""county"":""Columbus"",""zip"":""28472"",""address"":""354 Landfill Road SR-1428""}"
landfill_1073,Craven County LF,landfill,35.16820000,-77.22820000,NC,EPA_LMOP,"{""city"":""New Bern"",""county"":""Craven"",""zip"":""28562"",""address"":""7400 Old US 70 Highway""}"
landfill_1075,Cumberland County Ann Street Landfill,landfill,35.06790700,-78.86185200,NC,EPA_LMOP,"{""ghgrp_id"":""1001627"",""city"":""Fayetteville"",""county"":""Cumberland"",""zip"":""28301"",""address"":""698 Ann Street""}"
landfill_1077,Davidson County LF,landfill,35.83240000,-80.17560000,NC,EPA_LMOP,"{""ghgrp_id"":""1004204"",""city"":""Thomasville"",""county"":""Davidson"",""zip"":""27360"",""address"":""1242 Old Highway 29""}"
landfill_1078,Davie County LF,landfill,35.87509000,-80.52091000,NC,EPA_LMOP,"{""city"":""Mocksville"",""county"":""Davie"",""zip"":""27028"",""address"":""360 Dalton Road""}"
landfill_1080,East Carolina Regional LF,landfill,36.11228600,-77.07192500,NC,EPA_LMOP,"{""ghgrp_id"":""1003101"",""city"":""Aulander"",""county"":""Bertie"",""zip"":""27805"",""address"":""1922 Republican Road""}"
landfill_1081,East Lake LF-Dare County,landfill,35.89308000,-75.96674000,NC,EPA_LMOP,"{""city"":""East Lake"",""county"":""Dare""}"
landfill_1082,Edgecombe County LF,landfill,35.82200000,-77.56500000,NC,EPA_LMOP,"{""ghgrp_id"":""1000554"",""city"":""Tarboro"",""county"":""Edgecombe"",""zip"":""27886"",""address"":""2872 Colonial Road""}"
landfill_1146,Feltonsville Sanitary Landfill,landfill,35.68200000,-78.85000000,NC,EPA_LMOP,"{""ghgrp_id"":""1004405"",""city"":""Apex"",""county"":""Wake"",""zip"":""27502"",""address"":""6000 Old Smithfield Road""}"
landfill_2200,Foothills Environmental Landfill,landfill,35.91500000,-81.59300000,NC,EPA_LMOP,"{""ghgrp_id"":""1007044"",""city"":""Lenoir"",""county"":""Caldwell"",""zip"":""28645"",""address"":""2800 Cheraw Road""}"
landfill_1083,Franklin County LF,landfill,36.06400000,-78.37800000,NC,EPA_LMOP,"{""city"":""Franklinton"",""county"":""Franklin"",""zip"":""27525"",""address"":""10 Landfill Road""}"
landfill_1084,Gaston County LF,landfill,35.38860000,-81.17180000,NC,EPA_LMOP,"{""ghgrp_id"":""1005137"",""city"":""Dallas"",""county"":""Gaston"",""zip"":""28034"",""address"":""3155 Philadelphia Church Road""}"
landfill_20756,Great Oak Landfill,landfill,35.74600000,-79.75200000,NC,EPA_LMOP,"{""ghgrp_id"":""1013633"",""city"":""Randleman"",""county"":""Randolph"",""zip"":""27317"",""address"":""3597 Old Cedar Falls Road""}"
landfill_1088,Greene County Landfill,landfill,35.52515000,-77.69514000,NC,EPA_LMOP,"{""city"":""Walstonburg"",""county"":""Greene"",""zip"":""27888"",""address"":""105 Landfill Road""}"
landfill_1067,Hanes Mill Road Landfill,landfill,36.18690000,-80.28060000,NC,EPA_LMOP,"{""ghgrp_id"":""1003137"",""city"":""Winston-Salem"",""county"":""Forsyth"",""zip"":""27105"",""address"":""325 West Hanes Mill Road""}"
landfill_1090,Harnett County LF,landfill,35.35350000,-78.65370000,NC,EPA_LMOP,"{""city"":""Dunn"",""county"":""Harnett"",""zip"":""28334"",""address"":""449 Daniels Road\nEnd of SR-1724""}"
landfill_1091,Haywood County LF,landfill,35.50400000,-82.95880000,NC,EPA_LMOP,"{""city"":""Haywood"",""county"":""Haywood"",""zip"":""28721"",""address"":""Francis Farm Road""}"
landfill_1092,Haywood County White Oak LF,landfill,35.66343000,-82.99866000,NC,EPA_LMOP,"{""ghgrp_id"":""1011696"",""city"":""Waynesville"",""county"":""Haywood"",""zip"":""28785"",""address"":""3898 Fines Creek Road""}"
landfill_1093,Henderson County LF,landfill,35.35500000,-82.49600000,NC,EPA_LMOP,"{""ghgrp_id"":""1005993"",""city"":""Hendersonville"",""county"":""Henderson"",""zip"":""28791"",""address"":""802 Stoney Mountain Road""}"
landfill_1094,Hertford County LF,landfill,36.38380000,-76.93670000,NC,EPA_LMOP,"{""city"":""Winton"",""county"":""Hertford"",""zip"":""27986"",""address"":""Hwy 158 and SR-1203""}"
landfill_1097,Hoke County LF,landfill,35.01388000,-79.19535000,NC,EPA_LMOP,"{""city"":""Raeford"",""county"":""Hoke"",""zip"":""28376"",""address"":""Airport Road""}"
landfill_1098,Iredell County LF,landfill,35.77680000,-80.82440000,NC,EPA_LMOP,"{""ghgrp_id"":""1006514"",""city"":""Statesville"",""county"":""Iredell"",""zip"":""28625"",""address"":""354 Twin Oaks Road""}"
landfill_1099,Jackson County Landfill,landfill,35.37100000,-83.26100000,NC,EPA_LMOP,"{""city"":""Dillsboro"",""county"":""Jackson"",""zip"":""28779""}"
landfill_2272,JMN Landfill,landfill,35.20960000,-81.50130000,NC,EPA_LMOP,"{""city"":""Grover"",""county"":""Cleveland"",""zip"":""28073"",""address"":""345 Roseborough Road""}"
landfill_1100,Johnston County MSW LF,landfill,35.51170000,-78.42950000,NC,EPA_LMOP,"{""ghgrp_id"":""1004252"",""city"":""Smithfield"",""county"":""Johnston"",""zip"":""27577"",""address"":""680 County Home Road""}"
landfill_1101,Jones County LF,landfill,35.05900000,-77.34100000,NC,EPA_LMOP,"{""city"":""Trenton"",""county"":""Jones"",""zip"":""28585"",""address"":""State Road 1343""}"
landfill_1065,Kersey Valley Landfill,landfill,35.96030000,-79.94010000,NC,EPA_LMOP,"{""ghgrp_id"":""1000365"",""city"":""Jamestown"",""county"":""Guilford"",""zip"":""27282"",""address"":""3940 E. Kivett Drive""}"
landfill_1102,Lee County LF,landfill,35.37200000,-79.19400000,NC,EPA_LMOP,"{""city"":""Sanford"",""county"":""Lee"",""zip"":""27332"",""address"":""8200 Landfill Road""}"
landfill_1103,Lenoir County LF,landfill,35.28200000,-77.71140000,NC,EPA_LMOP,"{""ghgrp_id"":""1005026"",""city"":""La Grange"",""county"":""Lenoir"",""zip"":""28551"",""address"":""2949 Hodges Farm Road""}"
landfill_1104,Lincoln County Landfill,landfill,35.43022400,-81.35252100,NC,EPA_LMOP,"{""ghgrp_id"":""1005461"",""city"":""Crouse"",""county"":""Lincoln"",""zip"":""28033"",""address"":""5291 Crouse Road""}"
landfill_1105,Macon County LF,landfill,35.20200000,-83.38000000,NC,EPA_LMOP,"{""city"":""Franklin"",""county"":""Macon"",""zip"":""28734"",""address"":""1448 Lakeside Drive""}"
landfill_1107,Madison County LF 1,landfill,35.80430000,-82.63250000,NC,EPA_LMOP,"{""city"":""Marshall"",""county"":""Madison"",""zip"":""28753"",""address"":""389 Long Branch Road""}"
landfill_1155,Madison County LF 2,landfill,35.80900000,-82.72000000,NC,EPA_LMOP,"{""city"":""Marshall"",""county"":""Madison"",""zip"":""28753"",""address"":""271 Craig Rudisill Road""}"
landfill_1108,McDowell County LF,landfill,35.65700000,-81.95500000,NC,EPA_LMOP,"{""city"":""Marion"",""county"":""McDowell"",""zip"":""28752"",""address"":""3809 NC 226 South""}"
landfill_1109,Mecklenburg County LF,landfill,35.22230000,-80.68550000,NC,EPA_LMOP,"{""city"":""Charlotte"",""county"":""Mecklenburg"",""zip"":""28215"",""address"":""7819 Harrisburg Road""}"
landfill_21129,Montgomery County Landfill,landfill,35.33088300,-79.96340400,NC,EPA_LMOP,"{""city"":""Troy"",""county"":""Montgomery"",""address"":""SR 1137\nLandfill Road""}"
landfill_1111,Moore County LF,landfill,35.15100000,-79.47070000,NC,EPA_LMOP,"{""city"":""Aberdeen"",""county"":""Moore"",""zip"":""28315"",""address"":""456 Turning Leaf Way (Landfill Road)""}"
landfill_1112,Nash County LF,landfill,36.06160000,-77.97850000,NC,EPA_LMOP,"{""city"":""Nashville"",""county"":""Nash"",""zip"":""27856"",""address"":""3057 Duke Road SR 1411""}"
landfill_1113,New Hanover County Secure Landfill,landfill,34.31948000,-77.99035000,NC,EPA_LMOP,"{""ghgrp_id"":""1006119"",""city"":""Wilmington"",""county"":""New Hanover"",""zip"":""28401"",""address"":""5210 US Highway 421 North""}"
landfill_1915,Newton LF,landfill,35.65550000,-81.16480000,NC,EPA_LMOP,"{""city"":""Newton"",""county"":""Catawba"",""zip"":""28658"",""address"":""2436 Bethany Church Road""}"
landfill_1837,North Wake County Landfill,landfill,35.90800000,-78.58000000,NC,EPA_LMOP,"{""ghgrp_id"":""1005786"",""city"":""Raleigh"",""county"":""Wake"",""zip"":""27614"",""address"":""9300 Deponie Drive""}"
landfill_1114,Northampton County LF,landfill,36.41012000,-77.44038000,NC,EPA_LMOP,"{""city"":""Jackson"",""county"":""Northampton"",""zip"":""27845"",""address"":""NC Highway 305""}"
landfill_10781,Onslow County LF,landfill,34.78720000,-77.53090000,NC,EPA_LMOP,"{""ghgrp_id"":""1001953"",""city"":""Jacksonville"",""county"":""Onslow"",""zip"":""28540"",""address"":""415 Meadowview Road""}"
landfill_1116,Orange County Regional Landfill,landfill,35.96850000,-79.08340000,NC,EPA_LMOP,"{""ghgrp_id"":""1005524"",""city"":""Chapel Hill"",""county"":""Orange"",""zip"":""27516"",""address"":""1514 Eubanks Road""}"
landfill_1086,Oxford MSW Landfill,landfill,36.37170000,-78.62310000,NC,EPA_LMOP,"{""ghgrp_id"":""1014715"",""city"":""Oxford"",""county"":""Granville"",""zip"":""27565"",""address"":""6584 Landfill Road""}"
landfill_1118,Pasquotank County LF,landfill,36.24007000,-76.26546000,NC,EPA_LMOP,"{""city"":""Elizabeth City"",""county"":""Pasquotank"",""zip"":""27909"",""address"":""983 Simpson Ditch Road""}"
landfill_1121,Piedmont SLF,landfill,36.19440000,-80.04070000,NC,EPA_LMOP,"{""ghgrp_id"":""1007456"",""city"":""Kernersville"",""county"":""Forsyth"",""zip"":""27284"",""address"":""9900 Freeman Road""}"
landfill_1122,Pitt County LF,landfill,35.59600000,-77.43800000,NC,EPA_LMOP,"{""ghgrp_id"":""1010987"",""city"":""Greenville"",""county"":""Pitt"",""zip"":""27834"",""address"":""3025 Landfill Road\noff Allen Road""}"
landfill_1123,Polk County LF,landfill,35.31900000,-82.18400000,NC,EPA_LMOP,"{""city"":""Mill Spring"",""county"":""Polk"",""zip"":""28722"",""address"":""NC Highway 9""}"
landfill_1124,Randolph County SWF,landfill,35.75580000,-79.76200000,NC,EPA_LMOP,"{""ghgrp_id"":""1005767"",""city"":""Randleman"",""county"":""Randolph"",""zip"":""27317"",""address"":""1254 County Land Road""}"
landfill_1125,Richmond County LF,landfill,35.01550000,-79.80880000,NC,EPA_LMOP,"{""city"":""Rockingham"",""county"":""Richmond"",""zip"":""28379"",""address"":""197 Walter Kelly Drive""}"
landfill_1095,Riverdale Landfill,landfill,35.94600000,-79.90700000,NC,EPA_LMOP,"{""city"":""Jamestown"",""county"":""Guilford"",""zip"":""27282"",""address"":""5875 Riverdale Drive""}"
landfill_1127,Robeson County LF,landfill,34.79000000,-78.90800000,NC,EPA_LMOP,"{""ghgrp_id"":""1003481"",""city"":""St. Pauls"",""county"":""Robeson"",""zip"":""28384"",""address"":""246 Landfill Road""}"
landfill_2064,Rockingham County LF,landfill,36.37355400,-79.84958500,NC,EPA_LMOP,"{""ghgrp_id"":""1004501"",""city"":""Madison"",""county"":""Rockingham"",""zip"":""27025"",""address"":""281 Shuff Road""}"
landfill_1129,Rowan County LF,landfill,35.75701000,-80.55715000,NC,EPA_LMOP,"{""ghgrp_id"":""1006996"",""city"":""Woodleaf"",""county"":""Rowan"",""zip"":""27054"",""address"":""789 Campbell Road""}"
landfill_1157,"Rowland Landfill, Inc.",landfill,35.88428000,-78.58675000,NC,EPA_LMOP,"{""city"":""Raleigh"",""county"":""Wake"",""zip"":""27615"",""address"":""3000 Gresham Lake Road""}"
landfill_1131,Rutherford County LF,landfill,35.34920000,-81.95202000,NC,EPA_LMOP,"{""city"":""Rutherfordton"",""county"":""Rutherford"",""zip"":""28139"",""address"":""656 Laurel Hill Drive""}"
landfill_2336,"Sampson County Disposal, LLC",landfill,34.98200000,-78.45700000,NC,EPA_LMOP,"{""ghgrp_id"":""1004118"",""city"":""Roseboro"",""county"":""Sampson"",""zip"":""28382"",""address"":""7434 Roseboro Highway""}"
landfill_1132,Sampson County LF,landfill,34.96340000,-78.44860000,NC,EPA_LMOP,"{""ghgrp_id"":""1004255"",""city"":""Roseboro"",""county"":""Sampson"",""zip"":""28382"",""address"":""7434 Roseboro Highway""}"
landfill_1133,Scotland County LF,landfill,34.72600000,-79.38300000,NC,EPA_LMOP,"{""city"":""Maxton"",""county"":""Scotland"",""zip"":""28352"",""address"":""SR 1611 & SR 1619""}"
landfill_10620,South Wake LF (New),landfill,35.67500000,-78.85000000,NC,EPA_LMOP,"{""ghgrp_id"":""1004408"",""city"":""Apex"",""county"":""Wake"",""zip"":""27539-5353"",""address"":""6300 Old Smithfield Road""}"
landfill_1135,Stokes County LF,landfill,36.36650000,-80.26170000,NC,EPA_LMOP,"{""city"":""Germanton"",""county"":""Stokes"",""zip"":""27019"",""address"":""2015 Sizemore Road""}"
landfill_2292,Surry County LF 1 & LF 3,landfill,36.44170000,-80.57070000,NC,EPA_LMOP,"{""ghgrp_id"":""1005535"",""city"":""Mt. Airy"",""county"":""Surry"",""zip"":""27030"",""address"":""419 Landfill Road\n237 Landfill Road""}"
landfill_1137,Surry County LF 2,landfill,36.30021000,-80.77122000,NC,EPA_LMOP,"{""city"":""Elkin"",""county"":""Surry"",""zip"":""28621"",""address"":""SR 1121\nnear intersection with SR 1191""}"
landfill_1138,Swain County LF,landfill,35.41990000,-83.46940000,NC,EPA_LMOP,"{""city"":""Bryson City"",""county"":""Swain"",""zip"":""28713"",""address"":""Buckner Branch Road SR-1311""}"
landfill_1040,Swepsonville LF,landfill,36.01500000,-79.34917000,NC,EPA_LMOP,"{""city"":""Graham"",""county"":""Alamance"",""zip"":""27253"",""address"":""3061 Landfill Road\noff Alfred Road""}"
landfill_1139,Thomasville LF-Davidson County,landfill,35.90100000,-80.10200000,NC,EPA_LMOP,"{""city"":""Thomasville"",""county"":""Davidson"",""zip"":""27360"",""address"":""458 Pine Woods Church Road\n(NC Highway 109 & I-85)""}"
landfill_1141,Transylvania County SLF,landfill,35.12200000,-82.84400000,NC,EPA_LMOP,"{""city"":""Brevard"",""county"":""Transylvania"",""zip"":""28712"",""address"":""500 Howell Road""}"
landfill_1074,Tuscarora Long-Term Regional Landfill,landfill,35.16296000,-77.22612000,NC,EPA_LMOP,"{""ghgrp_id"":""1003035"",""city"":""New Bern"",""county"":""Craven"",""zip"":""28562"",""address"":""7400 Old Highway 70 West""}"
landfill_1142,Union County LF,landfill,35.03550000,-80.46300000,NC,EPA_LMOP,"{""city"":""Wingate"",""county"":""Union"",""zip"":""28174"",""address"":""2125 Austin Chaney Road""}"
landfill_2199,Upper Piedmont Regional Landfill,landfill,36.32400000,-78.83200000,NC,EPA_LMOP,"{""ghgrp_id"":""1007984"",""city"":""Rougemont"",""county"":""Person"",""zip"":""27572"",""address"":""9650 Oxford Road""}"
landfill_1143,US Army Fort Bragg Landfill,landfill,35.14300000,-79.05200000,NC,EPA_LMOP,"{""city"":""Fort Bragg"",""county"":""Cumberland"",""zip"":""28307"",""address"":""Longstreet Road""}"
landfill_10782,US Marine Corps Base Camp Lejeune,landfill,34.68800000,-77.32200000,NC,EPA_LMOP,"{""ghgrp_id"":""1004062"",""city"":""Camp Lejeune"",""county"":""Onslow"",""zip"":""28547"",""address"":""Piney Green Road""}"
landfill_1110,Uwharrie Environmental Regional LF,landfill,35.34150000,-79.96100000,NC,EPA_LMOP,"{""ghgrp_id"":""1004831"",""city"":""Mount Gilead"",""county"":""Montgomery"",""zip"":""27306"",""address"":""501 Landfill Road""}"
landfill_1145,Vance County LF,landfill,36.36700000,-78.42120000,NC,EPA_LMOP,"{""city"":""Henderson"",""county"":""Vance"",""zip"":""27537"",""address"":""3181 NC Highway 39 N.""}"
landfill_1148,Warren County LF,landfill,36.40731000,-78.16995000,NC,EPA_LMOP,"{""city"":""Warrenton"",""county"":""Warren"",""zip"":""27589""}"
landfill_2201,Watauga County Landfill,landfill,36.21850000,-81.63000000,NC,EPA_LMOP,"{""city"":""Boone"",""county"":""Watauga"",""zip"":""28607"",""address"":""336 Landfill Road""}"
landfill_1150,Wayne County LF,landfill,35.29080000,-78.06470000,NC,EPA_LMOP,"{""ghgrp_id"":""1005274"",""city"":""Dudley"",""county"":""Wayne"",""zip"":""28333"",""address"":""460B South Landfill Road""}"
landfill_1066,Wilder's Grove Landfill,landfill,35.78900000,-78.56690000,NC,EPA_LMOP,"{""ghgrp_id"":""1011066"",""city"":""Raleigh"",""county"":""Wake"",""zip"":""27610"",""address"":""4120 New Bern Avenue\n800 Corporation Parkway""}"
landfill_1152,Wilkes County LF 1,landfill,36.11800000,-81.19850000,NC,EPA_LMOP,"{""city"":""Wilkesboro"",""county"":""Wilkes"",""address"":""NC 268 East""}"
landfill_1156,Wilkes County LF 2,landfill,36.20930000,-80.98690000,NC,EPA_LMOP,"{""ghgrp_id"":""1006748"",""city"":""Roaring River"",""county"":""Wilkes"",""zip"":""28669"",""address"":""9219 Elkin Highway NC 268 East""}"
landfill_1153,Wilson County LF,landfill,35.71550000,-77.84510000,NC,EPA_LMOP,"{""city"":""Wilson"",""county"":""Wilson"",""zip"":""27893"",""address"":""4537 Landfill Road\n2400 Highway 42 E""}"
landfill_1154,Yancey/Mitchell County LF,landfill,35.93041200,-82.17861800,NC,EPA_LMOP,"{""city"":""Burnsville"",""county"":""Yancey"",""zip"":""28714"",""address"":""66 EnergyXchange Drive""}"
landfill_1910,York Road Landfill,landfill,35.17550000,-80.90990000,NC,EPA_LMOP,"{""city"":""Charlotte"",""county"":""Mecklenburg"",""zip"":""28217"",""address"":""1520 West Tyvola Road""}"
landfill_21028,Bismarck Landfill,landfill,46.83500000,-100.70000000,ND,EPA_LMOP,"{""city"":""Bismarck"",""county"":""Burleigh"",""zip"":""58506""}"
landfill_2153,City of Fargo Landfill,landfill,46.88350000,-96.86130000,ND,EPA_LMOP,"{""ghgrp_id"":""1001614"",""city"":""Fargo"",""county"":""Cass"",""zip"":""58102"",""address"":""4501 7th Avenue North""}"
landfill_2388,City of Minot LF,landfill,48.21130000,-101.35200000,ND,EPA_LMOP,"{""city"":""Minot"",""county"":""Ward"",""zip"":""58701"",""address"":""20th Avenue SW""}"
landfill_2389,Dakota MSW Landfill,landfill,46.24010000,-97.69520000,ND,EPA_LMOP,"{""ghgrp_id"":""1003583"",""city"":""Gwinner"",""county"":""Sargent"",""zip"":""58040"",""address"":""7972 129th Avenue SE""}"
landfill_21029,Dickinson Landfill,landfill,46.85437600,-102.69695500,ND,EPA_LMOP,"{""city"":""Dickinson"",""county"":""Stark"",""zip"":""58601""}"
landfill_20760,Grand Forks Active Landfill,landfill,47.98017100,-97.11760400,ND,EPA_LMOP,"{""ghgrp_id"":""1011959"",""city"":""Grand Forks"",""county"":""Grand Forks"",""zip"":""58203"",""address"":""5500 54th Avenue North""}"
landfill_2302,Grand Forks Landfill,landfill,47.94400000,-97.14800000,ND,EPA_LMOP,"{""ghgrp_id"":""1004044"",""city"":""Grand Forks"",""county"":""Grand Forks"",""zip"":""58203"",""address"":""2350 83rd Street N""}"
landfill_21030,Jahner Sanitation Inc,landfill,46.26738000,-99.71264100,ND,EPA_LMOP,"{""city"":""Wishek"",""county"":""McIntosh"",""zip"":""58495"",""address"":""7971 32nd Avenue SE""}"
landfill_21031,Jamestown Landfill,landfill,46.90294000,-98.56801000,ND,EPA_LMOP,"{""city"":""Jamestown"",""county"":""Stutsman"",""zip"":""58401""}"
landfill_2387,McDaniel Landfill,landfill,47.97500000,-101.10500000,ND,EPA_LMOP,"{""ghgrp_id"":""1007284"",""city"":""Sawyer"",""county"":""Ward"",""zip"":""58781"",""address"":""12300 247th Avenue SE""}"
landfill_21032,McKenzie County Landfill,landfill,47.77577000,-103.41547000,ND,EPA_LMOP,"{""city"":""Arnegard"",""county"":""McKenzie"",""zip"":""58835"",""address"":""6 miles west of Watford City on Hwy 85, 2 miles S on 132nd Avenue NW""}"
landfill_21033,Mercer County Regional Landfill,landfill,47.35739000,-101.65787000,ND,EPA_LMOP,"{""city"":""Hazen"",""county"":""Mercer"",""zip"":""58545""}"
landfill_21034,Noonan Landfill LLC,landfill,48.87363000,-103.00511000,ND,EPA_LMOP,"{""city"":""Noonan"",""county"":""Divide"",""zip"":""58765""}"
landfill_21035,Williston Municipal Landfill,landfill,48.16586000,-103.58256000,ND,EPA_LMOP,"{""city"":""Williston"",""county"":""Williams"",""zip"":""58801""}"
landfill_1743,Alliance Disposal Area LF,landfill,42.08776400,-102.85299800,NE,EPA_LMOP,"{""city"":""Alliance"",""county"":""Box Butte"",""zip"":""69301"",""address"":""1441 E. Kansas Street""}"
landfill_1744,Beatrice Disposal Area LF,landfill,40.21986000,-96.76866000,NE,EPA_LMOP,"{""ghgrp_id"":""1013587"",""city"":""Beatrice"",""county"":""Gage"",""zip"":""68310"",""address"":""3426 W. Locust Road""}"
landfill_1754,Bluff Road Landfill,landfill,40.91460000,-96.63790000,NE,EPA_LMOP,"{""ghgrp_id"":""1002158"",""city"":""Lincoln"",""county"":""Lancaster"",""zip"":""68517"",""address"":""6001 Bluff Road""}"
landfill_1745,Butler County Landfill Inc.,landfill,41.26130000,-97.04230000,NE,EPA_LMOP,"{""ghgrp_id"":""1000191"",""city"":""David City"",""county"":""Butler"",""zip"":""68632"",""address"":""3588 R Road""}"
landfill_21151,City of Kimball Landfill,landfill,41.23840000,-103.69601000,NE,EPA_LMOP,"{""city"":""Kimball"",""county"":""Kimball"",""zip"":""69145"",""address"":""West Highway 30""}"
landfill_1760,"Community Refuse Disposal, Incorporated - Norfolk",landfill,41.96057800,-97.37317500,NE,EPA_LMOP,"{""city"":""Norfolk"",""county"":""Madison"",""zip"":""68701"",""address"":""837th Road""}"
landfill_20181,Douglas County Landfill,landfill,41.33570000,-96.11010000,NE,EPA_LMOP,"{""ghgrp_id"":""1000522"",""city"":""Omaha"",""county"":""Douglas"",""zip"":""68142"",""address"":""12608 State Street""}"
landfill_1746,Douglas County Recycling and Disposal Facility LF,landfill,41.38500000,-96.24100000,NE,EPA_LMOP,"{""ghgrp_id"":""1007835"",""city"":""Bennington"",""county"":""Douglas"",""zip"":""68007"",""address"":""14320 North 216th Street""}"
landfill_1759,Fremont Landfill,landfill,41.40912000,-96.50120000,NE,EPA_LMOP,"{""city"":""Inglewood"",""county"":""Dodge"",""zip"":""68026"",""address"":""Highway 77 S""}"
landfill_1747,G&P Development Inc. Landfill,landfill,40.74700000,-97.05000000,NE,EPA_LMOP,"{""ghgrp_id"":""1004439"",""city"":""Milford"",""county"":""Seward"",""zip"":""68405"",""address"":""427 South 238th Road""}"
landfill_20755,Gering City Landfill,landfill,41.83031100,-103.68464000,NE,EPA_LMOP,"{""city"":""Gering"",""county"":""Scotts Bluff"",""zip"":""69341"",""address"":""200530 West Drive""}"
landfill_1749,Grand Island Regional Landfill,landfill,40.89500000,-98.71800000,NE,EPA_LMOP,"{""ghgrp_id"":""1001960"",""city"":""Shelton"",""county"":""Hall"",""zip"":""68876"",""address"":""19550 W. Husker Highway""}"
landfill_1750,Hastings SLF,landfill,40.57000000,-98.43300000,NE,EPA_LMOP,"{""ghgrp_id"":""1002159"",""city"":""Hastings"",""county"":""Adams"",""zip"":""68901"",""address"":""725 S. Southern Hills Drive""}"
landfill_1751,Holdrege Prairie Hill Landfill,landfill,40.41800000,-99.37400000,NE,EPA_LMOP,"{""city"":""Holdrege"",""county"":""Phelps"",""zip"":""68949"",""address"":""506 13th Street""}"
landfill_1752,J Bar J Landfill,landfill,40.98415300,-101.81818700,NE,EPA_LMOP,"{""ghgrp_id"":""1004716"",""city"":""Ogallala"",""county"":""Perkins"",""zip"":""69153"",""address"":""323.3 Road 770""}"
landfill_1753,Kearney Area Solid Waste Agency Landfill,landfill,40.73000000,-99.17600000,NE,EPA_LMOP,"{""ghgrp_id"":""1010601"",""city"":""Kearney"",""county"":""Buffalo"",""zip"":""68845"",""address"":""6711 W 56th Street""}"
landfill_1748,L.P. Gill LF,landfill,42.47269000,-96.61456000,NE,EPA_LMOP,"{""ghgrp_id"":""1005097"",""city"":""Jackson"",""county"":""Dakota"",""zip"":""68743"",""address"":""1402 Highway 20""}"
landfill_20708,Lexington Area Solid Waste Agency Landfill,landfill,40.91500000,-99.75000000,NE,EPA_LMOP,"{""ghgrp_id"":""1010769"",""city"":""Lexington"",""county"":""Dawson"",""zip"":""68850"",""address"":""76460 NE-21""}"
landfill_21154,Loup Central Landfill,landfill,41.25956100,-98.54953000,NE,EPA_LMOP,"{""city"":""Elba"",""county"":""Howard"",""zip"":""68835"",""address"":""1552 Highway 11""}"
landfill_1755,"Nebraska Ecology Systems, Incorporated Landfill",landfill,40.51600000,-97.76500000,NE,EPA_LMOP,"{""city"":""Geneva"",""county"":""Fillmore"",""zip"":""68361"",""address"":""Road 4\n8 miles W of Geneva""}"
landfill_1756,NNSWC LF,landfill,41.78600000,-97.09200000,NE,EPA_LMOP,"{""ghgrp_id"":""1007546"",""city"":""Clarkson"",""county"":""Stanton"",""zip"":""68629"",""address"":""57220 825th Road""}"
landfill_20789,North 48th Street Landfill,landfill,40.86700000,-96.65333000,NE,EPA_LMOP,"{""ghgrp_id"":""1007970"",""city"":""Lincoln"",""county"":""Lancaster"",""zip"":""68504"",""address"":""5101 N. 48th Street""}"
landfill_1762,North Platte Disposal Area LF,landfill,41.11578000,-100.80572000,NE,EPA_LMOP,"{""city"":""North Platte"",""county"":""Lincoln"",""zip"":""69101"",""address"":""W. South River Road""}"
landfill_1763,Otoe County LF,landfill,40.70474400,-95.87333600,NE,EPA_LMOP,"{""city"":""Nebraska City"",""county"":""Otoe"",""zip"":""68410"",""address"":""2524 N. 22nd Street""}"
landfill_1764,Plattsmouth LF,landfill,40.97681700,-95.87283000,NE,EPA_LMOP,"{""city"":""Plattsmouth"",""county"":""Cass"",""zip"":""68048"",""address"":""Horning Road""}"
landfill_1757,Sarpy County SLF,landfill,41.09930000,-96.16280000,NE,EPA_LMOP,"{""ghgrp_id"":""1001935"",""city"":""Springfield"",""county"":""Sarpy"",""zip"":""68059"",""address"":""14414S. 156th Street""}"
landfill_1765,Scottsbluff Disposal LF,landfill,41.84531000,-103.57253000,NE,EPA_LMOP,"{""city"":""Scottsbluff"",""county"":""Scotts Bluff"",""zip"":""69361"",""address"":""260275 County Road M""}"
landfill_21152,Sidney Landfill,landfill,41.15829500,-102.95873700,NE,EPA_LMOP,"{""city"":""Sidney"",""county"":""Cheyenne"",""zip"":""69162"",""address"":""2232 Road 115""}"
landfill_21150,Solid Waste Agency of Northwest Nebraska Landfill,landfill,42.97962500,-103.11910700,NE,EPA_LMOP,"{""city"":""Chadron"",""county"":""Dawes"",""zip"":""69337"",""address"":""10 miles N of town on Hwy 385""}"
landfill_21153,Valentine Area Solid Waste Agency MSW Landfill,landfill,42.82670100,-100.50100000,NE,EPA_LMOP,"{""city"":""Valentine"",""county"":""Cherry"",""zip"":""69201"",""address"":""39856 Hwy 20""}"
landfill_1758,York County LF,landfill,40.90500000,-97.60400000,NE,EPA_LMOP,"{""city"":""York"",""county"":""York"",""zip"":""68467"",""address"":""1214 Road 15""}"
landfill_2016,Alton Landfill and Transfer Station,landfill,43.46670000,-71.23330000,NH,EPA_LMOP,"{""city"":""Alton"",""county"":""Belknap"",""zip"":""03809"",""address"":""Hurd Hill Road #28a""}"
landfill_2017,Bedford Landfill,landfill,42.94240000,-71.52040000,NH,EPA_LMOP,"{""city"":""Bedford"",""county"":""Hillsborough""}"
landfill_2018,Bennington Landfill,landfill,43.01090000,-71.91140000,NH,EPA_LMOP,"{""city"":""Bennington"",""county"":""Hillsborough"",""zip"":""03442""}"
landfill_2019,Chester Landfill,landfill,42.96560000,-71.24540000,NH,EPA_LMOP,"{""city"":""Chester"",""county"":""Rockingham""}"
landfill_1838,City of Keene Landfill,landfill,42.97920000,-72.35260000,NH,EPA_LMOP,"{""city"":""Keene"",""county"":""Cheshire"",""zip"":""03431"",""address"":""55 Old Summit Road""}"
landfill_10880,Colebrook Landfill,landfill,44.87926000,-71.48174000,NH,EPA_LMOP,"{""city"":""Colebrook"",""county"":""Coos"",""zip"":""03576"",""address"":""88 Skyline Drive""}"
landfill_21065,Concord Suncook Road Landfill Pre-1981,landfill,43.19174600,-71.50451400,NH,EPA_LMOP,"{""city"":""Concord"",""county"":""Merrimack"",""zip"":""03301"",""address"":""Old Suncook Road""}"
landfill_21045,Conway Municipal Unlined Landfill,landfill,44.00900000,-71.05770000,NH,EPA_LMOP,"{""city"":""Conway"",""county"":""Carroll"",""zip"":""03813"",""address"":""755 East Conway Road""}"
landfill_21059,Deerfield Municipal Landfill,landfill,43.09150000,-71.22100000,NH,EPA_LMOP,"{""city"":""Deerfield"",""county"":""Rockingham"",""zip"":""03037"",""address"":""51 Brown Street""}"
landfill_21052,Derry Municipal Landfill,landfill,42.86308900,-71.32912100,NH,EPA_LMOP,"{""city"":""Derry"",""county"":""Rockingham"",""zip"":""03038"",""address"":""Kendall Pond Road""}"
landfill_21063,Durham Primary Landfill,landfill,43.12300000,-70.90150000,NH,EPA_LMOP,"{""city"":""Durham"",""county"":""Strafford"",""zip"":""03824"",""address"":""100 Durham Point Road""}"
landfill_21053,Effingham Municipal Sanitary Landfill,landfill,43.74095300,-71.00420500,NH,EPA_LMOP,"{""city"":""Effingham"",""county"":""Carroll"",""zip"":""03882"",""address"":""Snow Road""}"
landfill_21055,Errol Municipal Landfill,landfill,44.78856200,-71.15732300,NH,EPA_LMOP,"{""city"":""Errol"",""county"":""Coos"",""zip"":""03579"",""address"":""593 Colebrook Road\nRural Route 26""}"
landfill_2020,Farmington Landfill,landfill,43.38940000,-71.06420000,NH,EPA_LMOP,"{""city"":""Farmington"",""county"":""Strafford""}"
landfill_21066,Former Dover Municipal Landfill,landfill,43.19470400,-70.86479000,NH,EPA_LMOP,"{""city"":""Dover"",""county"":""Strafford"",""zip"":""03820"",""address"":""River Street""}"
landfill_1852,Four Hills Landfill,landfill,42.72800000,-71.51800000,NH,EPA_LMOP,"{""ghgrp_id"":""1004751"",""city"":""Nashua"",""county"":""Hillsborough"",""zip"":""03062"",""address"":""840 West Hollis Street Route 111""}"
landfill_2021,Gilmanton Landfill & Recycling Facility,landfill,43.41530000,-71.41730000,NH,EPA_LMOP,"{""city"":""Gilmanton"",""county"":""Belknap""}"
landfill_2022,Groton Landfill,landfill,43.70630000,-71.83410000,NH,EPA_LMOP,"{""city"":""Groton"",""county"":""Grafton""}"
landfill_21049,Hampton Municipal Landfill,landfill,42.92700000,-70.82300000,NH,EPA_LMOP,"{""city"":""Hampton"",""county"":""Rockingham"",""zip"":""03842"",""address"":""Hardardt's Way\nOff Landing Road""}"
landfill_2023,Harrisville Recycling and Transfer Station,landfill,42.94170000,-72.09880000,NH,EPA_LMOP,"{""city"":""Harrisville"",""county"":""Cheshire""}"
landfill_21056,Hooksett Landfill,landfill,43.06240000,-71.46880000,NH,EPA_LMOP,"{""city"":""Hooksett"",""county"":""Merrimack"",""zip"":""03106"",""address"":""210 West River Road""}"
landfill_21051,Hudson Municipal Landfill,landfill,42.82250000,-71.42440000,NH,EPA_LMOP,"{""city"":""Hudson"",""county"":""Hillsborough"",""zip"":""03051"",""address"":""26 West Road""}"
landfill_2024,Kingston Landfill,landfill,42.91258000,-71.05467000,NH,EPA_LMOP,"{""city"":""Kingston"",""county"":""Rockingham"",""zip"":""03848"",""address"":""265 Route 125""}"
landfill_21050,Laconia Disposal Gardens,landfill,43.59600000,-71.43580000,NH,EPA_LMOP,"{""city"":""Laconia"",""county"":""Belknap"",""zip"":""03246"",""address"":""Route 11B (Endicott Street E)""}"
landfill_2025,Lebanon Regional Solid Waste Facility,landfill,43.61390000,-72.32670000,NH,EPA_LMOP,"{""ghgrp_id"":""1006421"",""city"":""West Lebanon"",""county"":""Grafton"",""zip"":""03784"",""address"":""370 Plainfield Road\nRoute 12-A""}"
landfill_21058,Loudon Municipal Landfill,landfill,43.31216300,-71.47413700,NH,EPA_LMOP,"{""city"":""Loudon"",""county"":""Merrimack"",""zip"":""03307"",""address"":""Route 106 and Dump Road""}"
landfill_1853,Manchester Dunbarton Road Landfill,landfill,43.01800000,-71.48800000,NH,EPA_LMOP,"{""city"":""Manchester"",""county"":""Hillsborough"",""zip"":""03108"",""address"":""551 Dunbarton Road""}"
landfill_2028,Merrimack Landfill,landfill,42.86690000,-71.51220000,NH,EPA_LMOP,"{""city"":""Merrimack"",""county"":""Hillsborough"",""zip"":""03054"",""address"":""2 Farmer Road""}"
landfill_21060,Milford Municipal Landfill,landfill,42.84260000,-71.66390000,NH,EPA_LMOP,"{""city"":""Milford"",""county"":""Hillsborough"",""zip"":""03055"",""address"":""76 North River Road""}"
landfill_21044,Milton Municipal Landfill,landfill,43.43270000,-70.99080000,NH,EPA_LMOP,"{""city"":""Milton"",""county"":""Strafford"",""zip"":""03851"",""address"":""803 White Mountain Highway""}"
landfill_2029,Mount Carberry Landfill,landfill,44.47500000,-71.16200000,NH,EPA_LMOP,"{""ghgrp_id"":""1004084"",""city"":""Berlin"",""county"":""Coos"",""zip"":""03570"",""address"":""80 Hutchins Street""}"
landfill_2030,New Ipswich Landfill,landfill,42.75850000,-71.87140000,NH,EPA_LMOP,"{""city"":""New Ipswich"",""county"":""Hillsborough""}"
landfill_21061,Newbury Municipal Landfill HB593,landfill,43.31300000,-72.01710000,NH,EPA_LMOP,"{""city"":""Newbury"",""county"":""Merrimack"",""zip"":""03255"",""address"":""201 Old Post Road""}"
landfill_2001,North Country Environmental Services LF,landfill,44.26000000,-71.62800000,NH,EPA_LMOP,"{""ghgrp_id"":""1005255"",""city"":""Bethlehem"",""county"":""Grafton"",""zip"":""03574"",""address"":""581 Trudeau Road""}"
landfill_21064,Nottingham Municipal Unlined Landfill,landfill,43.15481500,-71.11025600,NH,EPA_LMOP,"{""city"":""Nottingham"",""county"":""Rockingham"",""zip"":""03290"",""address"":""Freeman Hall Road""}"
landfill_21062,Raymond Municipal Landfill,landfill,43.01233400,-71.15944600,NH,EPA_LMOP,"{""city"":""Raymond"",""county"":""Rockingham"",""zip"":""03077"",""address"":""Prescott Road""}"
landfill_21057,Rye Municipal Landfill,landfill,43.00613800,-70.80863800,NH,EPA_LMOP,"{""city"":""Rye"",""county"":""Rockingham"",""zip"":""03840"",""address"":""INT Breakfast Hill Road & Route 1""}"
landfill_21047,Sandwich Municipal Landfill,landfill,43.80780000,-71.48830000,NH,EPA_LMOP,"{""city"":""Center Sandwich"",""county"":""Carroll"",""zip"":""03227"",""address"":""465 Holderness Road\nRoute 113""}"
landfill_21048,Shelburne Municipal Landfill,landfill,44.39480000,-71.04540000,NH,EPA_LMOP,"{""city"":""Shelburne"",""county"":""Coos"",""zip"":""03581"",""address"":""11 Landfill Road\nOff U.S. Hwy 2""}"
landfill_2031,Tamworth Landfill,landfill,43.83890200,-71.26920400,NH,EPA_LMOP,"{""city"":""Tamworth"",""county"":""Carroll"",""zip"":""03886"",""address"":""Hackett Hill Road\nDurrell Road""}"
landfill_21046,Thornton Municipal Landfill,landfill,43.87800000,-71.65550000,NH,EPA_LMOP,"{""city"":""Thornton"",""county"":""Grafton"",""zip"":""03285"",""address"":""1629 NH-175""}"
landfill_2032,Troy Landfill,landfill,42.82600000,-72.18500000,NH,EPA_LMOP,"{""city"":""Troy"",""county"":""Cheshire""}"
landfill_2033,Tuftonboro Landfill,landfill,43.68690000,-71.27040000,NH,EPA_LMOP,"{""city"":""Center Tuftonboro"",""county"":""Carroll"",""zip"":""03816"",""address"":""250 Mountain Road Route 171""}"
landfill_1839,Turnkey Recycling and Environmental Enterprise (TREE),landfill,43.24480000,-70.96950000,NH,EPA_LMOP,"{""ghgrp_id"":""1007879"",""city"":""Rochester"",""county"":""Strafford"",""zip"":""03839"",""address"":""90 Rochester Neck Road""}"
landfill_2034,Wakefield Landfill,landfill,43.43790000,-71.02670000,NH,EPA_LMOP,"{""city"":""Wakefield"",""county"":""Carroll"",""zip"":""03872"",""address"":""330 Rines Road""}"
landfill_2231,Atlantic County Utilities Authority Landfill,landfill,39.42600000,-74.54000000,NJ,EPA_LMOP,"{""ghgrp_id"":""1001858"",""city"":""Egg Harbor Township"",""county"":""Atlantic"",""zip"":""08234-5623"",""address"":""6700 Delilah Road""}"
landfill_940,Burlington County SLF,landfill,40.07600000,-74.76000000,NJ,EPA_LMOP,"{""ghgrp_id"":""1006969"",""city"":""Florence"",""county"":""Burlington"",""zip"":""08022"",""address"":""22000 Burlington-Columbus Road""}"
landfill_941,Cape May County MUA Secure Landfill,landfill,39.22940000,-74.77490000,NJ,EPA_LMOP,"{""ghgrp_id"":""1004200"",""city"":""Woodbine"",""county"":""Cape May"",""zip"":""08270"",""address"":""Kearney Avenue & 2050 Route 610""}"
landfill_942,Cumberland County SWC,landfill,39.45000000,-75.09960000,NJ,EPA_LMOP,"{""ghgrp_id"":""1002702"",""city"":""Millville"",""county"":""Cumberland"",""zip"":""08332"",""address"":""169 Jesse Bridge Road""}"
landfill_20803,Edgeboro LF,landfill,40.47416700,-74.39483300,NJ,EPA_LMOP,"{""ghgrp_id"":""1006390"",""city"":""East Brunswick"",""county"":""Middlesex"",""zip"":""08816"",""address"":""Edgeboro Road""}"
landfill_946,Edison Township SLF,landfill,40.48940000,-74.38320000,NJ,EPA_LMOP,"{""city"":""Edison"",""county"":""Middlesex"",""zip"":""08837"",""address"":""Meadow Road""}"
landfill_943,Gloucester County Solid Waste Complex,landfill,39.71250000,-75.28500000,NJ,EPA_LMOP,"{""ghgrp_id"":""1004235"",""city"":""Swedesboro"",""county"":""Gloucester"",""zip"":""08085"",""address"":""503 Monroeville Road""}"
landfill_960,Hamm's LF,landfill,41.09380000,-74.67020000,NJ,EPA_LMOP,"{""city"":""Lafeyette"",""county"":""Sussex"",""zip"":""07848"",""address"":""Old Beaver Run Road""}"
landfill_944,HMDC 1-A LF,landfill,40.78400000,-74.11300000,NJ,EPA_LMOP,"{""city"":""Kearny"",""county"":""Hudson""}"
landfill_958,Industrial Land Reclaiming (ILR) LF,landfill,40.48769500,-74.35906000,NJ,EPA_LMOP,"{""city"":""Edison"",""county"":""Middlesex"",""address"":""Mill Lane""}"
landfill_959,Kearny MSLA 1-D Landfill,landfill,40.75085500,-74.10976000,NJ,EPA_LMOP,"{""ghgrp_id"":""1011381"",""city"":""Kearny"",""county"":""Hudson""}"
landfill_962,Kingsland Landfill,landfill,40.78400000,-74.11300000,NJ,EPA_LMOP,"{""ghgrp_id"":""1009136"",""city"":""North Arlington"",""county"":""Bergen"",""zip"":""07031"",""address"":""100 Disposal Road""}"
landfill_957,Kinsley's LF,landfill,39.79000000,-75.09980000,NJ,EPA_LMOP,"{""ghgrp_id"":""1004741"",""city"":""Sewell"",""county"":""Gloucester"",""zip"":""08080"",""address"":""2025 Delsea Drive""}"
landfill_961,L & D LF,landfill,39.98350000,-74.77250000,NJ,EPA_LMOP,"{""ghgrp_id"":""1007225"",""city"":""Mount Holly"",""county"":""Burlington"",""zip"":""08060"",""address"":""North of Route 38\n1 mile West of Route 206""}"
landfill_950,Linden City SLF,landfill,40.60730000,-74.24660000,NJ,EPA_LMOP,"{""ghgrp_id"":""1006684"",""city"":""Linden"",""county"":""Union"",""zip"":""07036"",""address"":""1451 Lower Road""}"
landfill_945,Middlesex County LF,landfill,40.46880000,-74.39610000,NJ,EPA_LMOP,"{""ghgrp_id"":""1007298"",""city"":""East Brunswick"",""county"":""Middlesex"",""zip"":""08816"",""address"":""53 Edgeboro Road""}"
landfill_947,Monmouth County Reclamation Center,landfill,40.24500000,-74.11500000,NJ,EPA_LMOP,"{""ghgrp_id"":""1005054"",""city"":""Tinton Falls"",""county"":""Monmouth"",""zip"":""07753"",""address"":""6000 Asbury Avenue""}"
landfill_964,NJMC 1-E Landfill,landfill,40.77000000,-74.11700000,NJ,EPA_LMOP,"{""ghgrp_id"":""1009137"",""city"":""North Arlington"",""county"":""Bergen"",""zip"":""07031"",""address"":""100 Baler Boulevard""}"
landfill_951,Ocean County LF,landfill,40.02500000,-74.25500000,NJ,EPA_LMOP,"{""ghgrp_id"":""1002667"",""city"":""Manchester"",""county"":""Ocean"",""zip"":""08759"",""address"":""2498 Route 70""}"
landfill_939,Parklands Reclamation Project,landfill,40.12720000,-74.71110000,NJ,EPA_LMOP,"{""ghgrp_id"":""1007953"",""city"":""Bordentown"",""county"":""Burlington"",""zip"":""08505"",""address"":""1070 Route 206""}"
landfill_952,Pennsauken SLF,landfill,39.99100000,-75.03420000,NJ,EPA_LMOP,"{""ghgrp_id"":""1000429"",""city"":""Pennsauken"",""county"":""Camden"",""zip"":""08110"",""address"":""9600 River Road""}"
landfill_937,Pinelands Park LF,landfill,39.38300400,-74.63320100,NJ,EPA_LMOP,"{""ghgrp_id"":""1007557"",""city"":""Egg Harbor Township"",""county"":""Atlantic"",""zip"":""08234"",""address"":""3024 Ocean Heights Avenue""}"
landfill_948,Salem County SLF,landfill,39.58690000,-75.37850000,NJ,EPA_LMOP,"{""ghgrp_id"":""1007261"",""city"":""Alloway"",""county"":""Salem"",""zip"":""08001"",""address"":""36 McKillip Road""}"
landfill_949,Sussex County LF 1-E,landfill,41.09400000,-74.67190000,NJ,EPA_LMOP,"{""ghgrp_id"":""1005034"",""city"":""Lafayette"",""county"":""Sussex"",""zip"":""07848"",""address"":""34 South Route 94""}"
landfill_953,Warren County District Landfill,landfill,40.82204400,-75.00614700,NJ,EPA_LMOP,"{""ghgrp_id"":""1004095"",""city"":""Oxford"",""county"":""Warren"",""zip"":""07863"",""address"":""502 Mt Pisgah Avenue\nE Quarry Road""}"
landfill_12161,Caja del Rio Landfill,landfill,35.67774600,-106.08785500,NM,EPA_LMOP,"{""ghgrp_id"":""1006724"",""city"":""Santa Fe"",""county"":""Santa Fe"",""zip"":""87506"",""address"":""149 Wildlife Way""}"
landfill_10480,Camino Real Landfill,landfill,31.79000000,-106.59200000,NM,EPA_LMOP,"{""ghgrp_id"":""1003362"",""city"":""Sunland Park"",""county"":""Dona Ana"",""zip"":""88063"",""address"":""1000 Camino Real Boulevard""}"
landfill_2062,Cerro Colorado LF,landfill,35.01050000,-106.87700000,NM,EPA_LMOP,"{""ghgrp_id"":""1004341"",""city"":""Albuquerque"",""county"":""Bernalillo"",""zip"":""87121"",""address"":""18000 Cerro Colorado SW""}"
landfill_11921,Clovis Regional Solid Waste Facility,landfill,34.38099900,-103.16817500,NM,EPA_LMOP,"{""ghgrp_id"":""1004223"",""city"":""Clovis"",""county"":""Curry"",""zip"":""88101"",""address"":""801 S Norris Street\n2801 E. Brady Street""}"
landfill_12222,Corralitos Regional Landfill,landfill,32.24500000,-107.03000000,NM,EPA_LMOP,"{""ghgrp_id"":""1004224"",""city"":""Las Cruces"",""county"":""Dona Ana"",""zip"":""88005"",""address"":""14535 Robert Larson Boulevard""}"
landfill_1793,Las Vegas-New Mexico Landfill,landfill,35.61194500,-105.25416700,NM,EPA_LMOP,"{""city"":""Las Vegas-New Mexico"",""county"":""San Miguel"",""zip"":""87701""}"
landfill_20710,Lea County Landfill,landfill,32.42830000,-103.07000000,NM,EPA_LMOP,"{""ghgrp_id"":""1011595"",""city"":""Eunice"",""county"":""Lea"",""zip"":""88231"",""address"":""3219 East State Road 234\n5 to 6 miles east of Eunice""}"
landfill_2143,Los Alamos County LF,landfill,35.87520000,-106.31000000,NM,EPA_LMOP,"{""city"":""Los Alamos"",""county"":""Los Alamos"",""zip"":""87544"",""address"":""3701 East Jemez Road""}"
landfill_2061,Los Angeles Landfill,landfill,35.18080000,-106.60200000,NM,EPA_LMOP,"{""city"":""Albuquerque"",""county"":""Bernalillo"",""zip"":""87113"",""address"":""4300 Alameda Blvd NE""}"
landfill_11861,Northeastern New Mexico Regional Landfill,landfill,35.99349200,-104.72599500,NM,EPA_LMOP,"{""city"":""Wagon Mound"",""county"":""Mora"",""zip"":""87752"",""address"":""39346 Frontage Road""}"
landfill_20709,Otero/Greentree Regional Landfill,landfill,32.56420000,-106.02900000,NM,EPA_LMOP,"{""ghgrp_id"":""1011215"",""city"":""Alamogordo"",""county"":""Otero"",""zip"":""88310"",""address"":""24 miles south of Alamogordo on U.S. Highway 54""}"
landfill_2394,Rio Rancho Landfill,landfill,35.27440000,-106.67100000,NM,EPA_LMOP,"{""ghgrp_id"":""1007769"",""city"":""Rio Rancho"",""county"":""Sandoval"",""zip"":""87124"",""address"":""1132 33rd Street""}"
landfill_2395,San Juan County Regional Landfill,landfill,36.78300000,-108.04020000,NM,EPA_LMOP,"{""ghgrp_id"":""1003565"",""city"":""Aztec"",""county"":""San Juan"",""zip"":""87410"",""address"":""3140 #78\n8 mi NE of Farmington""}"
landfill_20762,Sand Point Landfill,landfill,32.50053400,-104.06916700,NM,EPA_LMOP,"{""ghgrp_id"":""1012133"",""city"":""Carlsbad"",""county"":""Eddy"",""zip"":""88220"",""address"":""164 Landfill Road""}"
landfill_12211,Sandoval County Landfill,landfill,35.30640000,-106.62840000,NM,EPA_LMOP,"{""ghgrp_id"":""1000478"",""city"":""Rio Rancho"",""county"":""Sandoval"",""zip"":""87144"",""address"":""2708 Iris Road NE""}"
landfill_2063,South Broadway/Mesa Del Sol LF,landfill,34.98500000,-106.63830000,NM,EPA_LMOP,"{""city"":""Albuquerque"",""county"":""Bernalillo"",""zip"":""87107""}"
landfill_21397,Valencia County Regional Landfill,landfill,34.72167000,-107.04069000,NM,EPA_LMOP,"{""city"":""Los Lunas"",""county"":""Valencia"",""zip"":""87031"",""address"":""40 Landfill Road\n6 miles S of NM-6""}"
landfill_930,Apex Regional LF,landfill,36.37400000,-114.86518000,NV,EPA_LMOP,"{""ghgrp_id"":""1004352"",""city"":""Las Vegas"",""county"":""Clark"",""zip"":""89165"",""address"":""13550 US Highway 93 North""}"
landfill_21083,Battle Mountain Sanitary Landfill,landfill,40.60290000,-116.98150000,NV,EPA_LMOP,"{""city"":""Battle Mountain"",""county"":""Lander"",""zip"":""89820"",""address"":""NV-305\n3.5 miles South of town""}"
landfill_936,Boulder City LF,landfill,35.96436000,-114.81342000,NV,EPA_LMOP,"{""city"":""Boulder City"",""county"":""Clark"",""zip"":""89005"",""address"":""2500 South Utah Street""}"
landfill_935,Carson City Sanitary Landfill,landfill,39.19200000,-119.67500000,NV,EPA_LMOP,"{""city"":""Carson City"",""county"":""Carson City"",""zip"":""89701"",""address"":""7001 Highway 50 E\n3600 Flint Drive""}"
landfill_932,City of Elko Municipal Landfill,landfill,40.83800000,-115.72250000,NV,EPA_LMOP,"{""ghgrp_id"":""1003979"",""city"":""Elko"",""county"":""Elko"",""zip"":""89801"",""address"":""2200 Pinion Road""}"
landfill_21084,Crestline Sanitary Landfill,landfill,37.66310000,-114.12860000,NV,EPA_LMOP,"{""city"":""Panaca"",""county"":""Lincoln"",""zip"":""89042"",""address"":""20601 Crestline Road\n10 mi S of INT with SR-319""}"
landfill_1795,Douglas County Landfill,landfill,38.90300000,-119.66800000,NV,EPA_LMOP,"{""city"":""Gardnerville"",""county"":""Douglas"",""zip"":""89410"",""address"":""902 Dump Road""}"
landfill_21085,Ely Sanitary Landfill,landfill,39.27220000,-114.87240000,NV,EPA_LMOP,"{""city"":""Ely"",""county"":""White Pine"",""zip"":""89301"",""address"":""1003 Lackawanna Road""}"
landfill_21086,Eureka Sanitary Landfill,landfill,39.52280300,-115.95599700,NV,EPA_LMOP,"{""city"":""Eureka"",""county"":""Eureka"",""zip"":""89316"",""address"":""Wittenburg Road""}"
landfill_21087,Goldfield Sanitary Landfill,landfill,37.72841900,-117.26607600,NV,EPA_LMOP,"{""city"":""Goldfield"",""county"":""Esmeralda"",""zip"":""89013"",""address"":""Off Hwy 95""}"
landfill_21088,Hawthorne Sanitary Landfill,landfill,38.50418100,-118.66861700,NV,EPA_LMOP,"{""city"":""Hawthorne"",""county"":""Mineral"",""zip"":""89415"",""address"":""Corey View Drive""}"
landfill_1945,Laughlin Landfill,landfill,35.18061100,-114.63580200,NV,EPA_LMOP,"{""ghgrp_id"":""1004242"",""city"":""Laughlin"",""county"":""Clark"",""zip"":""89029"",""address"":""Needles Highway\n1/4 mile south of Highway 163""}"
landfill_931,Lockwood Regional LF,landfill,39.49400000,-119.61500000,NV,EPA_LMOP,"{""ghgrp_id"":""1003260"",""city"":""Sparks"",""county"":""Storey"",""zip"":""89434"",""address"":""2700 E. Mustang Road""}"
landfill_21089,Mesquite Sanitary Landfill,landfill,36.89220000,-114.07590000,NV,EPA_LMOP,"{""city"":""Mesquite"",""county"":""Lincoln"",""zip"":""89034"",""address"":""3200 Mesquite Heights Road""}"
landfill_21090,Nevada Test Site Sanitary Landfill,landfill,36.65748400,-116.01448500,NV,EPA_LMOP,"{""city"":""Mercury"",""county"":""Nye""}"
landfill_21091,New Austin Landfill,landfill,39.48174900,-117.10768500,NV,EPA_LMOP,"{""city"":""Austin"",""county"":""Lander"",""zip"":""89310"",""address"":""Big Creek Road""}"
landfill_21098,Old Amargosa Landfill,landfill,36.53063200,-116.41423700,NV,EPA_LMOP,"{""city"":""Amargosa Valley"",""county"":""Nye"",""zip"":""89020"",""address"":""Cook Road\nOff Highway 373""}"
landfill_934,Pahrump Valley Sanitary Landfill,landfill,36.24650000,-115.98260000,NV,EPA_LMOP,"{""city"":""Pahrump"",""county"":""Nye"",""zip"":""89060"",""address"":""1631 E. Mesquite Avenue\nEast of Highway 160""}"
landfill_21092,Pershing County Sanitary Landfill,landfill,40.18406300,-118.54525400,NV,EPA_LMOP,"{""city"":""Lovelock"",""county"":""Pershing"",""zip"":""89419"",""address"":""Lone Mountain Road\nOld Toll Road""}"
landfill_21093,Round Mountain Sanitary Landfill,landfill,38.74336200,-117.10952900,NV,EPA_LMOP,"{""city"":""Round Mountain"",""county"":""Nye"",""zip"":""89045"",""address"":""Off Hwy 376\nDump Road""}"
landfill_21094,Russell Pass Sanitary Landfill,landfill,39.23153800,-118.73379200,NV,EPA_LMOP,"{""city"":""Fallon"",""county"":""Churchill"",""zip"":""89406"",""address"":""Schurz Highway (Hwy 95)\n15 miles S of Fallon""}"
landfill_1794,Sunrise Landfill,landfill,36.14120100,-114.99908000,NV,EPA_LMOP,"{""ghgrp_id"":""1006277"",""city"":""Las Vegas"",""county"":""Clark"",""zip"":""89142"",""address"":""7900 E. Vegas Valley Drive""}"
landfill_21095,Tonopah Sanitary Landfill,landfill,38.06136200,-117.16048400,NV,EPA_LMOP,"{""city"":""Tonopah"",""county"":""Nye"",""zip"":""89049"",""address"":""Off U.S. Hwy 6\n6 miles E of Tonopah""}"
landfill_21096,Tonopah Test Range Sanitary Landfill,landfill,37.80287600,-116.76224100,NV,EPA_LMOP,"{""city"":""Tonopah"",""county"":""Nye"",""zip"":""89049"",""address"":""Tonopah Test Range Airport""}"
landfill_21097,West Wendover Sanitary Landfill,landfill,40.70200000,-114.13500000,NV,EPA_LMOP,"{""city"":""W. Wendover"",""county"":""Elko"",""zip"":""89883"",""address"":""Lincoln Highway""}"
landfill_933,Winnemucca LF,landfill,40.96740000,-117.74300000,NV,EPA_LMOP,"{""city"":""Winnemucca"",""county"":""Humboldt"",""zip"":""89445""}"
landfill_965,Al Turi LF,landfill,41.39763000,-74.32233000,NY,EPA_LMOP,"{""ghgrp_id"":""1004823"",""city"":""Goshen"",""county"":""Orange"",""zip"":""10924"",""address"":""73 Hartley Road""}"
landfill_985,Albany Landfill,landfill,42.70360000,-73.84660000,NY,EPA_LMOP,"{""ghgrp_id"":""1006276"",""city"":""Albany"",""county"":""Albany"",""zip"":""12205"",""address"":""525 Rapp Rd N""}"
landfill_997,Allegany County LF,landfill,42.26390000,-78.04090000,NY,EPA_LMOP,"{""city"":""Angelica"",""county"":""Allegany"",""zip"":""14709"",""address"":""6006 County Road 48 (River Road)""}"
landfill_1009,Auburn SLF #1 & #2,landfill,42.95280000,-76.58720000,NY,EPA_LMOP,"{""ghgrp_id"":""1003034"",""city"":""Auburn"",""county"":""Cayuga"",""zip"":""13021"",""address"":""311 N. Division Street""}"
landfill_10700,Ava Landfill,landfill,43.45296500,-75.41158300,NY,EPA_LMOP,"{""ghgrp_id"":""1003033"",""city"":""Boonville"",""county"":""Oneida"",""zip"":""13309"",""address"":""7044 State Route 294""}"
landfill_975,Blydenburgh Road Landfill,landfill,40.81400000,-73.18060000,NY,EPA_LMOP,"{""ghgrp_id"":""1002125"",""city"":""Hauppauge"",""county"":""Suffolk"",""zip"":""11788"",""address"":""440 Blydenburgh Road""}"
landfill_994,Bristol Hill SLF,landfill,43.34800000,-76.34000000,NY,EPA_LMOP,"{""ghgrp_id"":""1004494"",""city"":""Fulton"",""county"":""Oswego"",""zip"":""13069"",""address"":""3125 State Route 3""}"
landfill_20800,Brookfield Avenue Landfill,landfill,40.56166700,-74.16016700,NY,EPA_LMOP,"{""ghgrp_id"":""1003163"",""city"":""Staten Island"",""county"":""Richmond"",""zip"":""10308"",""address"":""575 Arthur Kill Road""}"
landfill_980,Brookhaven LF,landfill,40.79500000,-72.93100000,NY,EPA_LMOP,"{""ghgrp_id"":""1006196"",""city"":""Yaphank"",""county"":""Suffolk"",""zip"":""11980"",""address"":""350 Horseblock Road\n(Horseblock & Sunrise Highway)""}"
landfill_996,Broome County Landfill,landfill,42.23680000,-75.98338000,NY,EPA_LMOP,"{""ghgrp_id"":""1002436"",""city"":""Binghamton"",""county"":""Broome"",""zip"":""13905"",""address"":""286 Knapp Road""}"
landfill_987,Chaffee LF,landfill,42.58200000,-78.50500000,NY,EPA_LMOP,"{""ghgrp_id"":""1007617"",""city"":""Chaffee"",""county"":""Erie"",""zip"":""14030"",""address"":""10860 Olean Road""}"
landfill_990,Chautauqua County Landfill,landfill,42.20150000,-79.31560000,NY,EPA_LMOP,"{""ghgrp_id"":""1005488"",""city"":""Jamestown"",""county"":""Chautauqua"",""zip"":""14701"",""address"":""3889 Towerville Road""}"
landfill_986,Chemung County Landfill,landfill,42.03700000,-76.68200000,NY,EPA_LMOP,"{""ghgrp_id"":""1006021"",""city"":""Elmira"",""county"":""Chemung"",""zip"":""14901"",""address"":""1488 County Road 60""}"
landfill_1010,Chenango County Landfill,landfill,42.57000000,-75.67650000,NY,EPA_LMOP,"{""city"":""Norwich"",""county"":""Chenango"",""zip"":""13815"",""address"":""439 County Road 47""}"
landfill_20795,City of Gloversville Landfill,landfill,43.04883300,-74.31066700,NY,EPA_LMOP,"{""ghgrp_id"":""1005462"",""city"":""Gloversville"",""county"":""Fulton"",""zip"":""12078"",""address"":""E. Fulton Street Extension (Route 29A)""}"
landfill_1025,Clifton Park LF,landfill,42.82460000,-73.82550000,NY,EPA_LMOP,"{""city"":""Rexford"",""county"":""Saratoga"",""zip"":""12065"",""address"":""217 Vischer Ferry Road""}"
landfill_999,Clinton County Regional Landfill,landfill,44.69100000,-73.59400000,NY,EPA_LMOP,"{""ghgrp_id"":""1005259"",""city"":""Morrisonville"",""county"":""Clinton"",""zip"":""12962"",""address"":""286 Sand Road""}"
landfill_1013,Cortland County SLF,landfill,42.59320000,-76.07820000,NY,EPA_LMOP,"{""ghgrp_id"":""1003036"",""city"":""McGraw"",""county"":""Cortland"",""zip"":""13101"",""address"":""4708 Town Line Road""}"
landfill_2002,Croton Point Landfill,landfill,41.18720000,-73.88710000,NY,EPA_LMOP,"{""ghgrp_id"":""1010845"",""city"":""Croton-on-Hudson"",""county"":""Westchester"",""zip"":""10520"",""address"":""Half Moon Bay Drive\nCroton Point Avenue""}"
landfill_989,DANC Solid Waste Management Facility,landfill,43.82000000,-75.91800000,NY,EPA_LMOP,"{""ghgrp_id"":""1004057"",""city"":""Rodman"",""county"":""Jefferson"",""zip"":""13682-0003"",""address"":""23400 NYS State Route 177""}"
landfill_983,Delaware County LF,landfill,42.15800000,-75.05200000,NY,EPA_LMOP,"{""city"":""Walton"",""county"":""Delaware"",""zip"":""13856"",""address"":""32230 State Highway 10""}"
landfill_967,East Northport SLF,landfill,40.88000000,-73.28900000,NY,EPA_LMOP,"{""city"":""East Northport"",""county"":""Suffolk"",""zip"":""11725"",""address"":""Town Line Road""}"
landfill_1035,Edgemere SLF,landfill,40.60250000,-73.78000000,NY,EPA_LMOP,"{""ghgrp_id"":""1001581"",""city"":""Far Rockaway"",""county"":""Queens"",""zip"":""11691"",""address"":""51st and Almeda Street""}"
landfill_1039,Esopus SLF,landfill,41.80400000,-73.96600000,NY,EPA_LMOP,"{""city"":""Esopus"",""county"":""Ulster"",""zip"":""12429"",""address"":""70 West Shore Drive""}"
landfill_20796,Former Town of Babylon Landfill,landfill,40.73233300,-73.38133300,NY,EPA_LMOP,"{""ghgrp_id"":""1004587"",""city"":""West Babylon"",""county"":""Suffolk"",""zip"":""11704"",""address"":""185 Edison Avenue""}"
landfill_10360,Fountain Avenue LF,landfill,40.65549000,-73.86208000,NY,EPA_LMOP,"{""ghgrp_id"":""1004653"",""city"":""Brooklyn"",""county"":""Kings"",""zip"":""11208"",""address"":""950 Fountain Avenue""}"
landfill_10900,Franklin County Regional Landfill,landfill,44.98150000,-74.33230000,NY,EPA_LMOP,"{""ghgrp_id"":""1003031"",""city"":""Constable"",""county"":""Franklin"",""zip"":""12926"",""address"":""828 County Route 20""}"
landfill_966,Fresh Kills SLF,landfill,40.57200000,-74.18800000,NY,EPA_LMOP,"{""ghgrp_id"":""1002843"",""city"":""Staten Island"",""county"":""Richmond"",""zip"":""10312"",""address"":""1010 Muldoon Avenue""}"
landfill_984,Fulton County LF,landfill,43.01270000,-74.47250000,NY,EPA_LMOP,"{""ghgrp_id"":""1004894"",""city"":""Johnstown"",""county"":""Fulton"",""zip"":""12095"",""address"":""847 Mud Road""}"
landfill_21134,Green Ridge Landfill,landfill,43.18654600,-73.61419900,NY,EPA_LMOP,"{""ghgrp_id"":""1012955"",""city"":""Northumberland"",""county"":""Saratoga"",""zip"":""12831"",""address"":""57 Peters Road""}"
landfill_991,Haverstraw SLF,landfill,41.21290000,-73.96980000,NY,EPA_LMOP,"{""city"":""Haverstraw"",""county"":""Rockland"",""zip"":""10993"",""address"":""555 Beach Road at Grassy Point Road""}"
landfill_972,High Acres LF and Recycling Center,landfill,43.08695000,-77.37943000,NY,EPA_LMOP,"{""ghgrp_id"":""1007648"",""city"":""Fairport"",""county"":""Monroe"",""zip"":""14450"",""address"":""425 Perinton Parkway""}"
landfill_1997,Hyland LF,landfill,42.28500000,-78.01500000,NY,EPA_LMOP,"{""ghgrp_id"":""1005258"",""city"":""Angelica"",""county"":""Allegany"",""zip"":""14709"",""address"":""6653 Herdman Road""}"
landfill_1998,Madison County Landfill,landfill,43.03080000,-75.70450000,NY,EPA_LMOP,"{""ghgrp_id"":""1003029"",""city"":""Canastota"",""county"":""Madison"",""zip"":""13032"",""address"":""6663 Buyea Road""}"
landfill_992,Mill Seat LF,landfill,43.06504000,-77.93280000,NY,EPA_LMOP,"{""ghgrp_id"":""1002951"",""city"":""Bergen"",""county"":""Monroe"",""zip"":""14416"",""address"":""303 Brew Road""}"
landfill_993,Modern Landfill Inc,landfill,43.21070800,-78.97899700,NY,EPA_LMOP,"{""ghgrp_id"":""1003732"",""city"":""Youngstown"",""county"":""Niagara"",""zip"":""14174"",""address"":""1445 Pletcher Road""}"
landfill_969,Mohawk Valley SLF,landfill,43.07280000,-75.13030000,NY,EPA_LMOP,"{""ghgrp_id"":""1007652"",""city"":""Frankfort"",""county"":""Herkimer"",""zip"":""13340"",""address"":""3020 Southside Road""}"
landfill_971,Monroe Livingston SLF,landfill,42.99030000,-77.79370000,NY,EPA_LMOP,"{""ghgrp_id"":""1008011"",""city"":""Scottsville"",""county"":""Livingston"",""zip"":""14546"",""address"":""1241 South Road""}"
landfill_1028,Moriah SLF,landfill,44.07900000,-73.48200000,NY,EPA_LMOP,"{""city"":""Moriah"",""county"":""Essex"",""zip"":""12956"",""address"":""Pilfershire Road""}"
landfill_982,New Bath Landfill,landfill,42.31800000,-77.38200000,NY,EPA_LMOP,"{""ghgrp_id"":""1003028"",""city"":""Bath"",""county"":""Steuben"",""zip"":""14810"",""address"":""5632 Turnpike Road""}"
landfill_1001,Niagara Falls Landfill,landfill,43.09076000,-78.99980000,NY,EPA_LMOP,"{""ghgrp_id"":""1004772"",""city"":""Niagara Falls"",""county"":""Niagara"",""zip"":""14304"",""address"":""5600 Niagara Falls Boulevard""}"
landfill_1002,Niagara Landfill,landfill,42.99900000,-78.92500000,NY,EPA_LMOP,"{""city"":""Tonawanda"",""county"":""Erie"",""zip"":""14150"",""address"":""4825 River Road""}"
landfill_979,North Sea LF,landfill,40.93100000,-72.39500000,NY,EPA_LMOP,"{""city"":""Southampton"",""county"":""Suffolk"",""zip"":""11968"",""address"":""1370 Major's Path""}"
landfill_973,Oceanside LF,landfill,40.61860000,-73.63600000,NY,EPA_LMOP,"{""city"":""Oceanside"",""county"":""Nassau"",""zip"":""11572"",""address"":""3737 Long Beach Road""}"
landfill_970,Old Bethpage LF,landfill,40.74020000,-73.45330000,NY,EPA_LMOP,"{""city"":""Oyster Bay"",""county"":""Nassau"",""zip"":""11804"",""address"":""Round Swamp Road""}"
landfill_1006,Ontario County SLF,landfill,42.85910000,-77.08040000,NY,EPA_LMOP,"{""ghgrp_id"":""1005257"",""city"":""Stanley"",""county"":""Ontario"",""zip"":""14561"",""address"":""3555 Post Farm Road\n1879 State Route 5 & 20""}"
landfill_968,Orange County LF,landfill,41.39000000,-74.40500000,NY,EPA_LMOP,"{""ghgrp_id"":""1011227"",""city"":""New Hampton"",""county"":""Orange"",""zip"":""10958"",""address"":""21 Training Center Lane Rt. 17M""}"
landfill_10361,Pelham Bay LF,landfill,40.85638890,-73.81444444,NY,EPA_LMOP,"{""city"":""Bronx"",""county"":""Bronx""}"
landfill_10340,Pennsylvania Avenue LF,landfill,40.64285800,-73.87560800,NY,EPA_LMOP,"{""city"":""Brooklyn"",""county"":""Kings"",""address"":""Pennsylvania Ave and Shore Parkway INT""}"
landfill_1034,Philipstown SLF,landfill,41.42500000,-73.91850000,NY,EPA_LMOP,"{""city"":""Cold Spring"",""county"":""Putnam"",""zip"":""10516"",""address"":""Lane Gate Road""}"
landfill_1000,"Port Washington LF, L-5",landfill,40.81800000,-73.66670000,NY,EPA_LMOP,"{""ghgrp_id"":""1004173"",""city"":""Port Washington"",""county"":""Nassau"",""zip"":""11050"",""address"":""802 West Shore Road""}"
landfill_1029,Queensbury LF,landfill,43.39300000,-73.61550000,NY,EPA_LMOP,"{""city"":""Queensbury"",""county"":""Warren"",""zip"":""12804"",""address"":""1396 Ridge Road""}"
landfill_956,Riverhead LF,landfill,41.39420000,-74.33120000,NY,EPA_LMOP,"{""city"":""Riverhead"",""county"":""Suffolk""}"
landfill_1027,Saratoga Springs LF,landfill,43.09000000,-73.74390000,NY,EPA_LMOP,"{""city"":""Saratoga Springs"",""county"":""Saratoga"",""zip"":""12866"",""address"":""Weibel Avenue""}"
landfill_981,Seneca Meadows SWMF,landfill,42.91795000,-76.84716000,NY,EPA_LMOP,"{""ghgrp_id"":""1004042"",""city"":""Waterloo"",""county"":""Seneca"",""zip"":""13165"",""address"":""1786 Salcman Road""}"
landfill_977,Smithtown Municipal Services Facility,landfill,40.87520000,-73.27890000,NY,EPA_LMOP,"{""ghgrp_id"":""1004637"",""city"":""Kings Park"",""county"":""Suffolk"",""zip"":""11754"",""address"":""85 Old Northport Road""}"
landfill_995,Sullivan County LF,landfill,41.64000000,-74.66000000,NY,EPA_LMOP,"{""ghgrp_id"":""1003231"",""city"":""Monticello"",""county"":""Sullivan"",""zip"":""12701"",""address"":""91 Landfill Drive""}"
landfill_1841,Tonawanda Landfill,landfill,42.99700000,-78.88900000,NY,EPA_LMOP,"{""city"":""Tonawanda"",""county"":""Erie"",""zip"":""14150"",""address"":""E. Park Drive""}"
landfill_988,Town of Colonie SLF,landfill,42.80782500,-73.73098100,NY,EPA_LMOP,"{""ghgrp_id"":""1005155"",""city"":""Cohoes"",""county"":""Albany"",""zip"":""12047"",""address"":""4 Arrowhead Lane""}"
landfill_1030,Troy SLF,landfill,42.69880000,-73.67000000,NY,EPA_LMOP,"{""city"":""Troy"",""county"":""Rensselaer"",""zip"":""12180"",""address"":""Industrial Park Road""}"
landfill_2163,Village of Lake George Landfill,landfill,43.40100000,-73.72800000,NY,EPA_LMOP,"{""city"":""Lake George"",""county"":""Warren"",""zip"":""12845"",""address"":""124 Transfer Road""}"
landfill_1023,Watertown Landfill,landfill,43.98510000,-75.74070000,NY,EPA_LMOP,"{""city"":""Black River"",""county"":""Jefferson"",""zip"":""13612"",""address"":""Card Road""}"
landfill_1197,Akron Regional Landfill,landfill,41.15400000,-81.56000000,OH,EPA_LMOP,"{""ghgrp_id"":""1006088"",""city"":""Akron"",""county"":""Summit"",""zip"":""44313"",""address"":""1585 Hardy Road""}"
landfill_1195,American LF,landfill,40.72000000,-81.26400000,OH,EPA_LMOP,"{""ghgrp_id"":""1007722"",""city"":""Waynesburg"",""county"":""Stark"",""zip"":""44688"",""address"":""7916 Chapel Street SE""}"
landfill_12061,Apex Sanitary Landfill,landfill,40.43500000,-80.91000000,OH,EPA_LMOP,"{""ghgrp_id"":""1006777"",""city"":""Amsterdam"",""county"":""Jefferson"",""zip"":""43903"",""address"":""11 County Road 78""}"
landfill_1158,Ashland County LF,landfill,40.85650000,-82.32000000,OH,EPA_LMOP,"{""city"":""Ashland"",""county"":""Ashland"",""zip"":""44805""}"
landfill_1161,"Athens-Hocking Landfill, Inc.",landfill,39.46000000,-82.27900000,OH,EPA_LMOP,"{""ghgrp_id"":""1011217"",""city"":""Nelsonville"",""county"":""Athens"",""zip"":""45764"",""address"":""17970 Diamond Brick Road\n(Old U.S. Route 33)""}"
landfill_1174,Bedford #1 and #2 LFs,landfill,39.99290000,-82.84800000,OH,EPA_LMOP,"{""city"":""Gahanna"",""county"":""Franklin"",""zip"":""43230"",""address"":""970 Claycraft Road""}"
landfill_2246,Beech Hollow SLF,landfill,39.12370000,-82.48820000,OH,EPA_LMOP,"{""ghgrp_id"":""1004815"",""city"":""Wellston"",""county"":""Jackson"",""zip"":""45692"",""address"":""28 A W Long Road""}"
landfill_1199,Bigfoot Run Landfill,landfill,39.36440000,-84.16730000,OH,EPA_LMOP,"{""ghgrp_id"":""1004354"",""city"":""Morrow"",""county"":""Warren"",""zip"":""45152"",""address"":""2420 Mason Morrow Millgrove Road""}"
landfill_2427,Bobmeyer Road MSW Landfill,landfill,39.36032200,-84.52592300,OH,EPA_LMOP,"{""ghgrp_id"":""1004518"",""city"":""Fairfield"",""county"":""Butler"",""zip"":""45014"",""address"":""2841 Bobmeyer Road""}"
landfill_21200,Bond Road Landfill,landfill,39.20589300,-84.81846400,OH,EPA_LMOP,"{""city"":""Harrison"",""county"":""Hamilton"",""zip"":""45030"",""address"":""11425 Bond Road""}"
landfill_1187,Carbon Limestone LF,landfill,41.00163000,-80.51900000,OH,EPA_LMOP,"{""ghgrp_id"":""1003102"",""city"":""Lowellville"",""county"":""Mahoning"",""zip"":""44436"",""address"":""8100 South Stateline Road""}"
landfill_1898,Celina Landfill,landfill,40.45141200,-84.56340400,OH,EPA_LMOP,"{""ghgrp_id"":""1008004"",""city"":""Celina"",""county"":""Mercer"",""zip"":""45822"",""address"":""6141 Depweg Road""}"
landfill_2248,"Central Waste, Inc. LF",landfill,40.94640000,-81.07710000,OH,EPA_LMOP,"{""ghgrp_id"":""1006294"",""city"":""Alliance"",""county"":""Mahoning"",""zip"":""44601"",""address"":""12003 Oyster Road""}"
landfill_1184,"Cherokee Run Landfill, Inc.",landfill,40.41450000,-83.72500000,OH,EPA_LMOP,"{""ghgrp_id"":""1002480"",""city"":""Bellefontaine"",""county"":""Logan"",""zip"":""43311"",""address"":""2946 U.S. Route 68 North""}"
landfill_1205,City of Brooklyn LF,landfill,41.44400000,-81.75150000,OH,EPA_LMOP,"{""city"":""Brooklyn"",""county"":""Cuyahoga"",""zip"":""44144"",""address"":""9400 Memphis Avenue""}"
landfill_21223,City of Oxford Sanitary Landfill,landfill,39.49719500,-84.74148000,OH,EPA_LMOP,"{""city"":""Oxford"",""county"":""Butler"",""zip"":""45056"",""address"":""945 S. Main Street""}"
landfill_1162,City of St. Marys LF,landfill,40.54390000,-84.39400000,OH,EPA_LMOP,"{""city"":""St. Marys"",""county"":""Auglaize"",""zip"":""45885""}"
landfill_1209,City of Xenia LF,landfill,39.69876900,-83.94757200,OH,EPA_LMOP,"{""city"":""Xenia"",""county"":""Greene"",""zip"":""45385"",""address"":""966 Towler Road""}"
landfill_20900,CLD Landfill,landfill,40.95000000,-80.84500000,OH,EPA_LMOP,"{""ghgrp_id"":""1005065"",""city"":""Salem"",""county"":""Mahoning"",""zip"":""44460"",""address"":""9960 S. Range Road""}"
landfill_1168,Cleveland Land Development LF,landfill,41.41110200,-81.65523300,OH,EPA_LMOP,"{""city"":""Brooklyn Heights"",""county"":""Cuyahoga"",""zip"":""44130"",""address"":""1329 East Schaaf Road""}"
landfill_10921,"Coshocton Landfill, Inc.",landfill,40.22400000,-81.82600000,OH,EPA_LMOP,"{""ghgrp_id"":""1007579"",""city"":""Coshocton"",""county"":""Coshocton"",""zip"":""43812"",""address"":""19469 County Road No 7""}"
landfill_1204,County Environmental Landfill of Wyandot,landfill,40.91000000,-83.33000000,OH,EPA_LMOP,"{""ghgrp_id"":""1002555"",""city"":""Carey"",""county"":""Wyandot"",""zip"":""43316"",""address"":""11164 County Road #4""}"
landfill_1196,Countywide Recycling & Disposal LF,landfill,40.66683000,-81.42369000,OH,EPA_LMOP,"{""ghgrp_id"":""1008003"",""city"":""East Sparta"",""county"":""Stark"",""zip"":""44626"",""address"":""3619 Gracemont Street, S.W.""}"
landfill_1166,Crawford County Sanitary LF,landfill,40.82150000,-82.86900000,OH,EPA_LMOP,"{""ghgrp_id"":""1002276"",""city"":""Bucyrus"",""county"":""Crawford"",""zip"":""44820"",""address"":""5128 Lincoln Highway East""}"
landfill_1167,Cuyahoga Regional Sanitary LF,landfill,41.38023000,-81.46918000,OH,EPA_LMOP,"{""ghgrp_id"":""1007902"",""city"":""Solon"",""county"":""Cuyahoga"",""zip"":""44139"",""address"":""6640 Cochran Road\n28625 Ambina Drive""}"
landfill_12206,Defiance County Landfill,landfill,41.25200000,-84.41222400,OH,EPA_LMOP,"{""ghgrp_id"":""1001101"",""city"":""Defiance"",""county"":""Defiance"",""zip"":""43512"",""address"":""13207 Canal Road""}"
landfill_2431,Duck Creek,landfill,39.43220000,-81.37540000,OH,EPA_LMOP,"{""city"":""Marietta"",""county"":""Washington"",""zip"":""45750"",""address"":""State Route 26""}"
landfill_1165,"East Liverpool LF, Inc.",landfill,40.68800000,-80.67300000,OH,EPA_LMOP,"{""city"":""Wellsville"",""county"":""Columbiana"",""zip"":""43968"",""address"":""44295 Y&O Road""}"
landfill_1178,ELDA RDF,landfill,39.18740000,-84.51320000,OH,EPA_LMOP,"{""ghgrp_id"":""1002491"",""city"":""Cincinnati"",""county"":""Hamilton"",""zip"":""45232"",""address"":""5701 Este Avenue""}"
landfill_1172,Erie County SLF,landfill,41.34400000,-82.60350000,OH,EPA_LMOP,"{""ghgrp_id"":""1006103"",""city"":""Milan"",""county"":""Erie"",""zip"":""44846"",""address"":""10102 Hoover Road""}"
landfill_1202,Evergreen Recycling & Disposal LF,landfill,41.60598000,-83.51224000,OH,EPA_LMOP,"{""ghgrp_id"":""1007723"",""city"":""Northwood"",""county"":""Wood"",""zip"":""43619"",""address"":""2625 East Broadway Street""}"
landfill_1216,Fowler LF,landfill,41.31600000,-80.62700000,OH,EPA_LMOP,"{""city"":""Fowler Township"",""county"":""Trumbull"",""zip"":""44410"",""address"":""SR 305 & Warren Road""}"
landfill_1175,Franklin County SLF,landfill,39.84186000,-83.10904000,OH,EPA_LMOP,"{""ghgrp_id"":""1003787"",""city"":""Grove City"",""county"":""Franklin"",""zip"":""43123"",""address"":""3851 London-Groveport Road SR-665""}"
landfill_1176,Gallia County LF,landfill,38.98400000,-82.23900000,OH,EPA_LMOP,"{""ghgrp_id"":""1007665"",""city"":""Bidwell"",""county"":""Gallia"",""zip"":""45614"",""address"":""497 Roush Hollow Road""}"
landfill_1159,Geneva Landfill,landfill,41.79389300,-80.90522700,OH,EPA_LMOP,"{""ghgrp_id"":""1003392"",""city"":""Geneva"",""county"":""Ashtabula"",""zip"":""44041"",""address"":""4339 Tuttle Road""}"
landfill_1170,Glenwillow Landfill,landfill,41.35677300,-81.46390100,OH,EPA_LMOP,"{""ghgrp_id"":""1006345"",""city"":""Solon"",""county"":""Cuyahoga"",""zip"":""44139"",""address"":""30300 Pettibone Road""}"
landfill_1179,Hancock County Sanitary LF,landfill,41.11250000,-83.67850000,OH,EPA_LMOP,"{""ghgrp_id"":""1003638"",""city"":""Findlay"",""county"":""Hancock"",""zip"":""45840"",""address"":""10400 Allen Township Road 107\n3763 County Road 140""}"
landfill_1180,Henry County LF,landfill,41.33500000,-84.06600000,OH,EPA_LMOP,"{""ghgrp_id"":""1000397"",""city"":""Napoleon"",""county"":""Henry"",""zip"":""43545"",""address"":""L-622 Twp. Road 11""}"
landfill_1186,Hoffman Road Sanitary LF,landfill,41.69330000,-83.50560000,OH,EPA_LMOP,"{""ghgrp_id"":""1002581"",""city"":""Toledo"",""county"":""Lucas"",""zip"":""43611"",""address"":""3962 Hoffman Road""}"
landfill_1181,Holmes County LF,landfill,40.59500000,-81.89600000,OH,EPA_LMOP,"{""city"":""Millersburg"",""county"":""Holmes"",""zip"":""44654"",""address"":""6601 Twp Road 326""}"
landfill_11722,Huron County LF,landfill,41.14120000,-82.68750000,OH,EPA_LMOP,"{""city"":""Willard"",""county"":""Huron"",""zip"":""44890"",""address"":""2415 Townline Road 131 W""}"
landfill_1198,Kimble Sanitary LF,landfill,40.51139000,-81.54137000,OH,EPA_LMOP,"{""ghgrp_id"":""1004399"",""city"":""Dover"",""county"":""Tuscarawas"",""zip"":""44622"",""address"":""3596 SR 39 NW""}"
landfill_20857,Lake County Recycling and Disposal Facility,landfill,41.57200000,-81.38150000,OH,EPA_LMOP,"{""ghgrp_id"":""1007906"",""city"":""Chesterland"",""county"":""Geauga"",""zip"":""44026"",""address"":""7166 Brooklane Road""}"
landfill_1908,Lake County SWF,landfill,41.75600000,-81.20040000,OH,EPA_LMOP,"{""ghgrp_id"":""1005878"",""city"":""Painesville"",""county"":""Lake"",""zip"":""44077"",""address"":""2039 Blase Nemeth Road""}"
landfill_2429,Lorain County Landfill I & II,landfill,41.30500000,-82.17500000,OH,EPA_LMOP,"{""ghgrp_id"":""1007969"",""city"":""Oberlin"",""county"":""Lorain"",""zip"":""44074"",""address"":""43502 Oberlin-Elyria Road\nState Route 511""}"
landfill_2243,Mahoning LF,landfill,40.91460300,-80.58563200,OH,EPA_LMOP,"{""ghgrp_id"":""1007756"",""city"":""New Springfield"",""county"":""Mahoning"",""zip"":""44443"",""address"":""3510 E. Garfield Road""}"
landfill_1206,Middletown City LF,landfill,39.53920000,-84.37070000,OH,EPA_LMOP,"{""city"":""Middletown"",""county"":""Butler"",""zip"":""45042"",""address"":""3500 Terry Drive\noff Carmody Boulevard""}"
landfill_2050,Model Landfill,landfill,39.89583000,-83.03067000,OH,EPA_LMOP,"{""ghgrp_id"":""1003788"",""city"":""Grove City"",""county"":""Franklin"",""zip"":""43123"",""address"":""3299 Jackson Pike""}"
landfill_1200,Mt. Eaton East Landfill,landfill,40.69500000,-81.65500000,OH,EPA_LMOP,"{""ghgrp_id"":""1010288"",""city"":""Navarre"",""county"":""Wayne"",""zip"":""44662"",""address"":""8544 W Lebanon Road (Township Road 105)""}"
landfill_2430,Muskingum,landfill,39.96453900,-81.96980200,OH,EPA_LMOP,"{""city"":""Zanesville"",""county"":""Muskingum"",""zip"":""43701"",""address"":""2175 Adamsville Road""}"
landfill_2245,Noble Road LF,landfill,40.97586000,-82.48737000,OH,EPA_LMOP,"{""ghgrp_id"":""1004850"",""city"":""Shiloh"",""county"":""Richland"",""zip"":""44878"",""address"":""170 Noble Road East""}"
landfill_1977,North Sanitary Landfill,landfill,39.69660000,-84.25440000,OH,EPA_LMOP,"{""ghgrp_id"":""1003390"",""city"":""Dayton"",""county"":""Montgomery"",""zip"":""45418"",""address"":""4200 Pinnacle Road""}"
landfill_1189,Ottawa County LF,landfill,41.52500000,-83.03300000,OH,EPA_LMOP,"{""ghgrp_id"":""1004484"",""city"":""Port Clinton"",""county"":""Ottawa"",""zip"":""43452"",""address"":""530 North Camp Road""}"
landfill_1190,Pike Sanitation LF,landfill,39.08577000,-82.96376000,OH,EPA_LMOP,"{""ghgrp_id"":""1006383"",""city"":""Waverly"",""county"":""Pike"",""zip"":""45690"",""address"":""11775 State Route 220 E""}"
landfill_2249,Pine Grove Landfill,landfill,39.59002100,-82.71237000,OH,EPA_LMOP,"{""ghgrp_id"":""1003105"",""city"":""Amanda"",""county"":""Fairfield"",""zip"":""43102"",""address"":""5131 Drinkle Road, S.W.""}"
landfill_1192,Preble County SLF,landfill,39.74460000,-84.65250000,OH,EPA_LMOP,"{""ghgrp_id"":""1003571"",""city"":""Eaton"",""county"":""Preble"",""zip"":""45320"",""address"":""4239 US Route 127 South""}"
landfill_1193,Putnam County LF,landfill,41.05998800,-84.08261100,OH,EPA_LMOP,"{""city"":""Ottawa"",""county"":""Putnam"",""zip"":""45875"",""address"":""H-11""}"
landfill_1169,Royalton Road Sanitary LF,landfill,41.32050000,-81.66450000,OH,EPA_LMOP,"{""ghgrp_id"":""1010671"",""city"":""Broadview Heights"",""county"":""Cuyahoga"",""zip"":""44147"",""address"":""9100 Market Place\n3401 East Royalton Road""}"
landfill_1163,Rumpke Brown County Landfill,landfill,38.89730000,-83.90180000,OH,EPA_LMOP,"{""ghgrp_id"":""1002425"",""city"":""Georgetown"",""county"":""Brown"",""zip"":""45121"",""address"":""9427 Beyers Road""}"
landfill_1177,"Rumpke SLF, Inc.",landfill,39.27450000,-84.59822000,OH,EPA_LMOP,"{""ghgrp_id"":""1004856"",""city"":""Cincinnati"",""county"":""Hamilton"",""zip"":""45251"",""address"":""10795 Hughes Road\n3800 Struble Road""}"
landfill_20801,Seneca East Landfill,landfill,41.16111000,-83.05384000,OH,EPA_LMOP,"{""ghgrp_id"":""1007613"",""city"":""Republic"",""county"":""Seneca"",""zip"":""44867"",""address"":""2780 County Road 43""}"
landfill_20798,Springfield Landfill,landfill,39.91416700,-83.88350000,OH,EPA_LMOP,"{""ghgrp_id"":""1007945"",""city"":""Springfield"",""county"":""Clark"",""zip"":""45506"",""address"":""3850 Lower Valley Pike""}"
landfill_1217,State Wide LF,landfill,40.74320000,-81.39860000,OH,EPA_LMOP,"{""ghgrp_id"":""1003804"",""city"":""Canton"",""county"":""Stark"",""zip"":""44706"",""address"":""4720 Dueber Avenue SW""}"
landfill_1941,Stony Hollow Landfill Inc.,landfill,39.71552000,-84.25222000,OH,EPA_LMOP,"{""ghgrp_id"":""1007811"",""city"":""Dayton"",""county"":""Montgomery"",""zip"":""45418"",""address"":""2460 S Gettysburg Avenue""}"
landfill_2247,Suburban South R&D,landfill,39.87600000,-82.28850000,OH,EPA_LMOP,"{""ghgrp_id"":""1003661"",""city"":""Glenford"",""county"":""Perry"",""zip"":""43739"",""address"":""3415 Township Road 447""}"
landfill_12162,"Sunny Farms Landfill, LLC",landfill,41.10843300,-83.41329700,OH,EPA_LMOP,"{""ghgrp_id"":""1007748"",""city"":""Fostoria"",""county"":""Seneca"",""zip"":""44830"",""address"":""12500 West County Road 18""}"
landfill_1164,Tremont LF,landfill,40.02000000,-83.85800000,OH,EPA_LMOP,"{""city"":""Springfield"",""county"":""Clark"",""zip"":""45502"",""address"":""3108 Snyder-Domer Road""}"
landfill_1194,"Triangle Landfill, Inc.",landfill,39.31900000,-83.32450000,OH,EPA_LMOP,"{""city"":""South Salem"",""county"":""Ross"",""zip"":""45123"",""address"":""1700 Salem Road""}"
landfill_20711,Tunnel Hill Reclamation Landfill,landfill,39.73583800,-82.15825100,OH,EPA_LMOP,"{""ghgrp_id"":""1010596"",""city"":""New Lexington"",""county"":""Perry"",""zip"":""43764"",""address"":""8822 Tunnel Hill Road\n2500 Town Highway 205""}"
landfill_1201,Williams County LF,landfill,41.51385000,-84.58150000,OH,EPA_LMOP,"{""ghgrp_id"":""1003695"",""city"":""Bryan"",""county"":""Williams"",""zip"":""43506"",""address"":""12539 County Road G""}"
landfill_1191,Willowcreek Landfill,landfill,41.01746400,-81.09866100,OH,EPA_LMOP,"{""ghgrp_id"":""1004558"",""city"":""Atwater"",""county"":""Portage"",""zip"":""44201"",""address"":""1043 State Route 225""}"
landfill_10922,Wilmington Sanitary LF,landfill,39.44000000,-83.85120000,OH,EPA_LMOP,"{""city"":""Wilmington"",""county"":""Clinton"",""zip"":""45177"",""address"":""397 S Nelson Avenue""}"
landfill_1203,Wood County Landfill,landfill,41.37720000,-83.73770000,OH,EPA_LMOP,"{""city"":""Bowling Green"",""county"":""Wood"",""zip"":""43402"",""address"":""15320 Tontogany Road\noff U.S. Route 6""}"
landfill_1233,"Absolute Waste Solutions, Inc. Landfill",landfill,35.22225000,-96.96042000,OK,EPA_LMOP,"{""city"":""Tecumseh"",""county"":""Pottawatomie"",""zip"":""74873"",""address"":""23591 Brooksville Road""}"
landfill_2434,Alderson Regional Landfill,landfill,34.92845500,-95.76435800,OK,EPA_LMOP,"{""ghgrp_id"":""1003411"",""city"":""Alderson"",""county"":""Pittsburg"",""zip"":""74522"",""address"":""201 S. 5th Street""}"
landfill_12142,American Environmental Landfill,landfill,36.15880300,-96.19053200,OK,EPA_LMOP,"{""ghgrp_id"":""1002552"",""city"":""Sand Springs"",""county"":""Osage"",""zip"":""74063"",""address"":""212 N. 177th W. Avenue""}"
landfill_1228,Broken Arrow LF,landfill,36.08990000,-95.72600000,OK,EPA_LMOP,"{""ghgrp_id"":""1007712"",""city"":""Broken Arrow"",""county"":""Wagoner"",""zip"":""74014"",""address"":""21500 East 51st Street\n51st Street & 225th East Avenue""}"
landfill_1232,Canadian Valley Landfill,landfill,35.34758000,-96.80372000,OK,EPA_LMOP,"{""ghgrp_id"":""1003621"",""city"":""Shawnee"",""county"":""Pottawatomie"",""zip"":""74801"",""address"":""48210 East Independence Street""}"
landfill_20712,Center Point Landfill,landfill,35.54389100,-96.64774600,OK,EPA_LMOP,"{""ghgrp_id"":""1002244"",""city"":""Prague"",""county"":""Lincoln"",""zip"":""74864"",""address"":""101422 South 3570 Road""}"
landfill_1220,Cherokee Nation SLF,landfill,35.71223000,-94.63732000,OK,EPA_LMOP,"{""city"":""Stilwell"",""county"":""Adair"",""zip"":""74960"",""address"":""Cherokee Nation Landfill Road""}"
landfill_21217,City of Broken Bow Landfill,landfill,34.05912800,-94.71210100,OK,EPA_LMOP,"{""city"":""Broken Bow"",""county"":""McCurtain"",""zip"":""74728""}"
landfill_21219,City of McAlester Landfill,landfill,34.95008300,-95.83267700,OK,EPA_LMOP,"{""city"":""McAlester"",""county"":""Pittsburg"",""zip"":""74501"",""address"":""2910 W. Mitchell Road""}"
landfill_20714,City of Okmulgee Landfill,landfill,35.60324700,-95.89022700,OK,EPA_LMOP,"{""ghgrp_id"":""1002855"",""city"":""Morris"",""county"":""Okmulgee"",""zip"":""74447"",""address"":""17480 South 270 Road""}"
landfill_12214,City of Sallisaw Solid Waste Disposal Facility,landfill,35.41416600,-94.74480600,OK,EPA_LMOP,"{""ghgrp_id"":""1003963"",""city"":""Sallisaw"",""county"":""Sequoyah"",""zip"":""74955"",""address"":""N4660 Road\n2.5 mi E of Sallisaw off Hwy 64""}"
landfill_1227,East Oak SLF,landfill,35.50373000,-97.41513000,OK,EPA_LMOP,"{""ghgrp_id"":""1007801"",""city"":""Oklahoma City"",""county"":""Oklahoma"",""zip"":""73141"",""address"":""3201 Mosley Road""}"
landfill_21214,Elk City Municipal Landfill,landfill,35.42549800,-99.49614300,OK,EPA_LMOP,"{""city"":""Elk City"",""county"":""Beckham"",""zip"":""73644"",""address"":""W. Country Club Boulevard""}"
landfill_1223,Enid City Landfill,landfill,36.36195000,-97.85915400,OK,EPA_LMOP,"{""ghgrp_id"":""1002788"",""city"":""Enid"",""county"":""Garfield"",""zip"":""73701"",""address"":""1313 E. Southgate Road""}"
landfill_20893,Fillsand Landfill,landfill,35.46580000,-97.66800000,OK,EPA_LMOP,"{""ghgrp_id"":""1007713"",""city"":""Oklahoma City"",""county"":""Oklahoma"",""zip"":""73127"",""address"":""8701 West Reno""}"
landfill_1231,Great Plains Landfill,landfill,35.19517900,-97.99242500,OK,EPA_LMOP,"{""city"":""Pocasset"",""county"":""Grady"",""zip"":""73079"",""address"":""Off County Road EW125\n2 miles W of US Hwy 81""}"
landfill_1222,Lawton LF,landfill,34.52300000,-98.40000000,OK,EPA_LMOP,"{""ghgrp_id"":""1004993"",""city"":""Lawton"",""county"":""Comanche"",""zip"":""73501"",""address"":""8902 SW 11th Street""}"
landfill_21218,McCurtain County Landfill,landfill,33.86093000,-94.84610700,OK,EPA_LMOP,"{""city"":""Idabel"",""county"":""McCurtain"",""zip"":""74745"",""address"":""4105 South Seminole""}"
landfill_1234,Muskogee Community LF,landfill,35.71897000,-95.42966000,OK,EPA_LMOP,"{""ghgrp_id"":""1003616"",""city"":""Muskogee"",""county"":""Muskogee"",""zip"":""74401"",""address"":""2801 S. 54th Street W""}"
landfill_1224,Newcastle Landfill,landfill,35.26531000,-97.58247000,OK,EPA_LMOP,"{""ghgrp_id"":""1004028"",""city"":""Newcastle"",""county"":""McClain"",""zip"":""73065"",""address"":""1741 North Portland Avenue""}"
landfill_21220,North Tulsa Sanitary Landfill,landfill,36.23838400,-95.93439800,OK,EPA_LMOP,"{""city"":""Tulsa"",""county"":""Tulsa"",""zip"":""74117"",""address"":""4215 E. 56th Street North""}"
landfill_1226,Oklahoma City Landfill,landfill,35.44550000,-97.64000000,OK,EPA_LMOP,"{""ghgrp_id"":""1007624"",""city"":""Oklahoma City"",""county"":""Oklahoma"",""zip"":""73128"",""address"":""7600 SW 15th Street""}"
landfill_1221,Oklahoma Environmental Management Authority (OEMA) Landfill,landfill,35.43800000,-97.92550000,OK,EPA_LMOP,"{""ghgrp_id"":""1006219"",""city"":""Union City"",""county"":""Canadian"",""zip"":""73090"",""address"":""20435 SW 29th Street""}"
landfill_2136,Osage Landfill,landfill,36.71761100,-96.01274700,OK,EPA_LMOP,"{""ghgrp_id"":""1004710"",""city"":""Bartlesville"",""county"":""Osage"",""zip"":""74003"",""address"":""83 County Road 2712""}"
landfill_21216,Pauls Valley Landfill,landfill,34.71370200,-97.20454700,OK,EPA_LMOP,"{""ghgrp_id"":""1013807"",""city"":""Pauls Valley"",""county"":""Garvin"",""zip"":""73075"",""address"":""405 East Airport Industrial Road""}"
landfill_2433,Perkins,landfill,36.15000000,-97.04300000,OK,EPA_LMOP,"{""ghgrp_id"":""1004473"",""city"":""Stillwater"",""county"":""Payne"",""zip"":""74075"",""address"":""2417 North Marine Drive""}"
landfill_20713,Ponca City Landfill,landfill,36.64700000,-97.11000000,OK,EPA_LMOP,"{""ghgrp_id"":""1002729"",""city"":""Ponca City"",""county"":""Kay"",""zip"":""74601"",""address"":""2501 West Riverview Road""}"
landfill_1229,Porter Landfill,landfill,35.85034000,-95.51475000,OK,EPA_LMOP,"{""ghgrp_id"":""1004149"",""city"":""Porter"",""county"":""Wagoner"",""zip"":""74454"",""address"":""19960 S. 381st E. Avenue""}"
landfill_1236,Quarry LF,landfill,36.20683000,-95.83306000,OK,EPA_LMOP,"{""ghgrp_id"":""1007851"",""city"":""Tulsa"",""county"":""Tulsa"",""zip"":""74116"",""address"":""4041 N. 141st East Avenue""}"
landfill_2138,Red Carpet Landfill Inc.,landfill,36.45800000,-98.19000000,OK,EPA_LMOP,"{""ghgrp_id"":""1004711"",""city"":""Meno"",""county"":""Major"",""zip"":""73760"",""address"":""N2700 Road""}"
landfill_21215,Sayre Municipal Landfill,landfill,35.33365600,-99.63087300,OK,EPA_LMOP,"{""city"":""Sayre"",""county"":""Beckham"",""zip"":""73662"",""address"":""11606 N 1880 Road""}"
landfill_12021,Sooner Landfill,landfill,35.18000000,-96.54600000,OK,EPA_LMOP,"{""ghgrp_id"":""1002323"",""city"":""Wewoka"",""county"":""Seminole"",""zip"":""74884"",""address"":""36339 E. West 127""}"
landfill_2384,Southeast OKC Landfill,landfill,35.39720000,-97.45920000,OK,EPA_LMOP,"{""ghgrp_id"":""1005729"",""city"":""Oklahoma City"",""county"":""Oklahoma"",""zip"":""73149"",""address"":""7001 S. Bryant Street""}"
landfill_1225,Southern OK Regional Disposal LF,landfill,34.18910000,-97.03820000,OK,EPA_LMOP,"{""ghgrp_id"":""1002234"",""city"":""Ardmore"",""county"":""Carter"",""zip"":""73402"",""address"":""31 Sord Drive""}"
landfill_2137,Southern Plains Landfill,landfill,34.93260000,-97.81320000,OK,EPA_LMOP,"{""ghgrp_id"":""1006257"",""city"":""Ninnekah"",""county"":""Grady"",""zip"":""73067"",""address"":""3198 County Street 2910\n2 miles west of Alex on Hwy 19""}"
landfill_2432,Stillwater Sanitary Landfill,landfill,36.20955700,-97.05213600,OK,EPA_LMOP,"{""ghgrp_id"":""1005730"",""city"":""Stillwater"",""county"":""Payne"",""zip"":""74075"",""address"":""1717 East Yost Road""}"
landfill_21036,Ant Flat Landfill,landfill,45.45800000,-117.25600000,OR,EPA_LMOP,"{""city"":""Enterprise"",""county"":""Wallowa"",""zip"":""97828"",""address"":""Ant Flat Road""}"
landfill_21037,Baker Sanitary Landfill,landfill,44.70470000,-117.78510000,OR,EPA_LMOP,"{""city"":""Baker City"",""county"":""Baker"",""zip"":""97907"",""address"":""39144 W. Sutton Creek Road""}"
landfill_21038,Burns-Hines Disposal Site,landfill,43.58420000,-119.08460000,OR,EPA_LMOP,"{""city"":""Burns"",""county"":""Harney"",""zip"":""97720"",""address"":""53206 Monroe Lane""}"
landfill_21039,Chemult Landfill,landfill,43.20150000,-121.78650000,OR,EPA_LMOP,"{""city"":""Chemult"",""county"":""Klamath"",""zip"":""97731"",""address"":""400 Chemult Dump Road\nHwy 97, 1/4 mile south of Chemult""}"
landfill_1246,Coffin Butte LF,landfill,44.69915000,-123.22506000,OR,EPA_LMOP,"{""ghgrp_id"":""1007054"",""city"":""Corvallis"",""county"":""Benton"",""zip"":""97330"",""address"":""28972 Coffin Butte Road""}"
landfill_1241,Columbia Ridge LF,landfill,45.63923400,-120.21723700,OR,EPA_LMOP,"{""ghgrp_id"":""1007989"",""city"":""Arlington"",""county"":""Gilliam"",""zip"":""97812"",""address"":""18177 Cedar Springs Lane""}"
landfill_12183,Crook County Landfill,landfill,44.30400000,-120.91200000,OR,EPA_LMOP,"{""ghgrp_id"":""1005356"",""city"":""Prineville"",""county"":""Crook"",""zip"":""97754"",""address"":""5601 SW Houston Lake Road""}"
landfill_2073,Dry Creek Landfill,landfill,42.38200000,-122.77300000,OR,EPA_LMOP,"{""ghgrp_id"":""1005652"",""city"":""Eagle Point"",""county"":""Jackson"",""zip"":""97524"",""address"":""6260 Dry Creek Road""}"
landfill_1242,Finley Buttes Regional Landfill,landfill,45.74470000,-119.62300000,OR,EPA_LMOP,"{""ghgrp_id"":""1004516"",""city"":""Boardman"",""county"":""Morrow"",""zip"":""97818"",""address"":""73221 Bombing Range Road""}"
landfill_21040,Haines Landfill,landfill,44.92940000,-117.91900000,OR,EPA_LMOP,"{""city"":""Haines"",""county"":""Baker"",""zip"":""97833"",""address"":""Haines Dump Road""}"
landfill_21041,Humbert Refuse Landfill,landfill,45.83400000,-118.55790000,OR,EPA_LMOP,"{""city"":""Athena"",""county"":""Umatilla"",""zip"":""97813"",""address"":""79378 Gerking Flat Road""}"
landfill_1239,Klamath Falls LF,landfill,42.23349300,-121.75068400,OR,EPA_LMOP,"{""city"":""Klamath Falls"",""county"":""Klamath"",""zip"":""97601"",""address"":""Old Fort Road""}"
landfill_1238,Knott Landfill,landfill,44.01000000,-121.25500000,OR,EPA_LMOP,"{""ghgrp_id"":""1003232"",""city"":""Bend"",""county"":""Deschutes"",""zip"":""97702"",""address"":""61050 SE 27th Street""}"
landfill_21042,Lytle Boulevard Landfill,landfill,43.87630000,-117.15180000,OR,EPA_LMOP,"{""city"":""Vale"",""county"":""Malheur"",""zip"":""97918"",""address"":""Lytle Boulevard""}"
landfill_1243,Milton-Freewater LF,landfill,44.09450000,-121.29360000,OR,EPA_LMOP,"{""city"":""Milton-Freewater"",""county"":""Umatilla"",""zip"":""97862""}"
landfill_1244,Pendleton LF,landfill,45.59900000,-121.19040000,OR,EPA_LMOP,"{""county"":""Umatilla""}"
landfill_1248,"Riverbend Landfill Company, Inc.",landfill,45.16100000,-123.24700000,OR,EPA_LMOP,"{""ghgrp_id"":""1007687"",""city"":""McMinnville"",""county"":""Yamhill"",""zip"":""97128"",""address"":""13469 SW Highway 18""}"
landfill_1245,Roseburg LF,landfill,43.18590000,-123.37900000,OR,EPA_LMOP,"{""ghgrp_id"":""1005384"",""city"":""Roseburg"",""county"":""Douglas"",""zip"":""97470"",""address"":""376 Roseburg Landfill Road""}"
landfill_20790,Rossman's Landfill,landfill,45.36516700,-122.58883300,OR,EPA_LMOP,"{""ghgrp_id"":""1007470"",""city"":""Oregon City"",""county"":""Clackamas"",""zip"":""97045"",""address"":""1101 Abernathy Road""}"
landfill_1247,Short Mountain LF,landfill,43.97920000,-123.00880000,OR,EPA_LMOP,"{""ghgrp_id"":""1007001"",""city"":""Eugene"",""county"":""Lane"",""zip"":""97405"",""address"":""84777 Dillard Access Road""}"
landfill_20861,South Stage Landfill,landfill,42.30200000,-122.95600000,OR,EPA_LMOP,"{""ghgrp_id"":""1005103"",""city"":""Jacksonville"",""county"":""Jackson"",""zip"":""97530"",""address"":""4761 South Stage Road""}"
landfill_1714,St. Johns LF,landfill,45.60830000,-122.75890000,OR,EPA_LMOP,"{""ghgrp_id"":""1002446"",""city"":""Portland"",""county"":""Multnomah"",""zip"":""97203"",""address"":""9387 N. Columbia Boulevard""}"
landfill_21043,Thomas Creek Road Landfill,landfill,42.28350000,-120.36770000,OR,EPA_LMOP,"{""city"":""Lakeview"",""county"":""Lake"",""zip"":""97630"",""address"":""23980 Thomas Creek Road""}"
landfill_1240,Wasco County Landfill,landfill,45.56129000,-121.14089000,OR,EPA_LMOP,"{""ghgrp_id"":""1004515"",""city"":""The Dalles"",""county"":""Wasco"",""zip"":""97058"",""address"":""2550 Steele Road""}"
landfill_1306,"Adams Sanitation Company, Inc. Landfill",landfill,39.72650000,-77.03650000,PA,EPA_LMOP,"{""city"":""Hanover"",""county"":""Adams"",""zip"":""17331"",""address"":""355 Clouser Road""}"
landfill_1254,Alliance SLF,landfill,41.39800000,-75.73500000,PA,EPA_LMOP,"{""ghgrp_id"":""1007645"",""city"":""Taylor"",""county"":""Lackawanna"",""zip"":""18517"",""address"":""398 South Keyser Avenue""}"
landfill_1323,Amity LF Environmental & Recycling Services,landfill,41.39188000,-75.72743000,PA,EPA_LMOP,"{""city"":""Taylor"",""county"":""Lackawanna"",""zip"":""18517"",""address"":""1100 Union Street""}"
landfill_1276,Arden LF,landfill,40.20830000,-80.26470000,PA,EPA_LMOP,"{""ghgrp_id"":""1003456"",""city"":""Washington"",""county"":""Washington"",""zip"":""15301"",""address"":""200 Rangos Lane""}"
landfill_1293,Bethlehem Landfill,landfill,40.62500000,-75.30700000,PA,EPA_LMOP,"{""ghgrp_id"":""1003937"",""city"":""Bethlehem"",""county"":""Northampton"",""zip"":""18015"",""address"":""2335 Applebutter Road""}"
landfill_1270,Blue Ridge Landfill,landfill,39.97204000,-77.55683000,PA,EPA_LMOP,"{""ghgrp_id"":""1003773"",""city"":""Chambersburg"",""county"":""Franklin"",""zip"":""17202"",""address"":""1660 Orchard Road\n3747 White Church Road""}"
landfill_1273,Bradford County Landfill,landfill,41.77700000,-76.63000000,PA,EPA_LMOP,"{""ghgrp_id"":""1007976"",""city"":""Troy"",""county"":""Bradford"",""zip"":""16947"",""address"":""108 Steam Hollow Road\noff U.S. Route 6""}"
landfill_1277,"Chestnut Valley Landfill, Inc.",landfill,39.89700000,-79.83880000,PA,EPA_LMOP,"{""ghgrp_id"":""1001844"",""city"":""McClellandtown"",""county"":""Fayette"",""zip"":""15458"",""address"":""1184 McClellandtown Road""}"
landfill_1253,Chrin Brothers LF,landfill,40.66580000,-75.22750000,PA,EPA_LMOP,"{""ghgrp_id"":""1002232"",""city"":""Easton"",""county"":""Northampton"",""zip"":""18042"",""address"":""1225 Industrial Drive""}"
landfill_1294,Commonwealth Environmental Systems (CES) LF,landfill,40.67500000,-76.37500000,PA,EPA_LMOP,"{""ghgrp_id"":""1004413"",""city"":""Hegins"",""county"":""Schuylkill"",""zip"":""17938"",""address"":""99 Commonwealth Road\nnear Route 25 and I-81""}"
landfill_1269,Conestoga LF,landfill,40.18060000,-75.91440000,PA,EPA_LMOP,"{""ghgrp_id"":""1002556"",""city"":""Morgantown"",""county"":""Berks"",""zip"":""19543"",""address"":""420 Quarry Road""}"
landfill_1289,County Environmental Landfill of Clarion,landfill,41.39400000,-79.28900000,PA,EPA_LMOP,"{""ghgrp_id"":""1007975"",""city"":""Leeper"",""county"":""Clarion"",""zip"":""16233"",""address"":""344 Walley Run Drive""}"
landfill_1260,Cumberland County LF,landfill,40.13440000,-77.50390000,PA,EPA_LMOP,"{""ghgrp_id"":""1004162"",""city"":""Shippensburg"",""county"":""Cumberland"",""zip"":""17257"",""address"":""135 Vaughn Road""}"
landfill_1264,Dauphin Meadows LF,landfill,40.54772000,-76.86956000,PA,EPA_LMOP,"{""ghgrp_id"":""1003503"",""city"":""Millersburg"",""county"":""Dauphin"",""zip"":""17061"",""address"":""3035 Route 209""}"
landfill_1281,Evergreen Landfill,landfill,40.49300000,-79.13730000,PA,EPA_LMOP,"{""ghgrp_id"":""1007987"",""city"":""Blairsville"",""county"":""Indiana"",""zip"":""15717"",""address"":""1310 Luciusboro Road\noff Route 119 S""}"
landfill_21203,Fairless Landfill,landfill,40.15186500,-74.75844300,PA,EPA_LMOP,"{""ghgrp_id"":""1007615"",""city"":""Morrisville"",""county"":""Bucks"",""zip"":""19067"",""address"":""1000 New Ford Mill Road""}"
landfill_1262,Frey Farm-Creswell LF,landfill,39.95504700,-76.44621500,PA,EPA_LMOP,"{""ghgrp_id"":""1003521"",""city"":""Conestoga"",""county"":""Lancaster"",""zip"":""17516"",""address"":""3049 River Road""}"
landfill_1255,Grand Central SLF,landfill,40.85810000,-75.26190000,PA,EPA_LMOP,"{""ghgrp_id"":""1003460"",""city"":""Pen Argyl"",""county"":""Northampton"",""zip"":""18072"",""address"":""1963 Pen Argyl Road""}"
landfill_1265,Greater Lebanon Refuse Authority LF,landfill,40.36401000,-76.49443000,PA,EPA_LMOP,"{""ghgrp_id"":""1002786"",""city"":""Lebanon"",""county"":""Lebanon"",""zip"":""17046-1425"",""address"":""1610 Russell Road""}"
landfill_1287,Greenridge Reclamation Landfill,landfill,40.12900000,-79.58370000,PA,EPA_LMOP,"{""ghgrp_id"":""1007925"",""city"":""Scottdale"",""county"":""Westmoreland"",""zip"":""15683"",""address"":""234 Landfill Road""}"
landfill_1288,Greentree Landfill,landfill,41.29530000,-78.64690000,PA,EPA_LMOP,"{""ghgrp_id"":""1001643"",""city"":""Kersey"",""county"":""Elk"",""zip"":""15846"",""address"":""635 Toby Road""}"
landfill_1249,GROWS Landfill,landfill,40.15934400,-74.77669500,PA,EPA_LMOP,"{""ghgrp_id"":""1007615"",""city"":""Morrisville"",""county"":""Bucks"",""zip"":""19067"",""address"":""1513 Bordentown Road\n1000 New Ford Mill Road""}"
landfill_1278,Imperial Sanitary Landfill,landfill,40.43512000,-80.29125000,PA,EPA_LMOP,"{""ghgrp_id"":""1003103"",""city"":""Imperial"",""county"":""Allegheny"",""zip"":""15126"",""address"":""11 Boggs Road""}"
landfill_1279,J.J. Brunner LF,landfill,40.72000000,-80.17030000,PA,EPA_LMOP,"{""city"":""Zelienople"",""county"":""Beaver"",""zip"":""16063"",""address"":""211 Brunner Road""}"
landfill_1295,Kelly Run SLF,landfill,40.25554100,-79.87889800,PA,EPA_LMOP,"{""ghgrp_id"":""1007688"",""city"":""Elizabeth"",""county"":""Allegheny"",""zip"":""15037"",""address"":""1500 Hayden Boulevard""}"
landfill_1256,"Keystone Sanitary Landfill, Inc.",landfill,41.42700000,-75.60800000,PA,EPA_LMOP,"{""ghgrp_id"":""1006261"",""city"":""Dunmore"",""county"":""Lackawanna"",""zip"":""18512"",""address"":""249 Dunham Drive""}"
landfill_1290,Lake View LF,landfill,42.06190000,-80.01780000,PA,EPA_LMOP,"{""ghgrp_id"":""1007649"",""city"":""Erie"",""county"":""Erie"",""zip"":""16509"",""address"":""851 Robison Road East""}"
landfill_1266,Lanchester LF,landfill,40.10670000,-75.94560000,PA,EPA_LMOP,"{""ghgrp_id"":""1002391"",""city"":""Narvon"",""county"":""Lancaster"",""zip"":""17555"",""address"":""7224 Division Highway""}"
landfill_1286,Laurel Highlands LF,landfill,40.43210000,-78.87600000,PA,EPA_LMOP,"{""ghgrp_id"":""1007586"",""city"":""Johnstown"",""county"":""Cambria"",""zip"":""15909"",""address"":""260 Laurel Ridge Road""}"
landfill_1275,Lycoming County Landfill,landfill,41.15190000,-76.91940000,PA,EPA_LMOP,"{""ghgrp_id"":""1004218"",""city"":""Montgomery"",""county"":""Lycoming"",""zip"":""17752"",""address"":""447 Alexander Drive Route 15""}"
landfill_1300,Mazzaro LF,landfill,40.47480000,-80.28500000,PA,EPA_LMOP,"{""city"":""Clinton"",""county"":""Allegheny"",""zip"":""15026"",""address"":""Lincoln Highway""}"
landfill_1291,McKean County LF,landfill,41.66500000,-78.63780000,PA,EPA_LMOP,"{""ghgrp_id"":""1005530"",""city"":""Kane"",""county"":""McKean"",""zip"":""16735"",""address"":""19 Ness Lane""}"
landfill_1267,Mifflin County Solid Waste Authority LF,landfill,40.61800000,-77.54300000,PA,EPA_LMOP,"{""city"":""Lewistown"",""county"":""Mifflin"",""zip"":""17044"",""address"":""87 Landfill Road\noff U.S. Route 522 North""}"
landfill_1268,Modern LF,landfill,39.95600000,-76.59500000,PA,EPA_LMOP,"{""ghgrp_id"":""1003100"",""city"":""York"",""county"":""York"",""zip"":""17406"",""address"":""4400 Mount Pisgah Road""}"
landfill_1317,Mon Valley Landfill,landfill,40.11200000,-79.91100000,PA,EPA_LMOP,"{""city"":""Charleroi"",""county"":""Washington"",""zip"":""15022"",""address"":""30 Fox Stop Road""}"
landfill_1280,Monroeville LF,landfill,40.40500000,-79.79000000,PA,EPA_LMOP,"{""ghgrp_id"":""1007585"",""city"":""Monroeville"",""county"":""Allegheny"",""zip"":""15146"",""address"":""600 Thomas Street Extension""}"
landfill_1297,"Mostoller Landfill, Inc.",landfill,39.97190000,-78.98970000,PA,EPA_LMOP,"{""ghgrp_id"":""1004164"",""city"":""Somerset"",""county"":""Somerset"",""zip"":""15501"",""address"":""7095 Glades Pike Route 31""}"
landfill_1259,Mountain View Reclamation Landfill,landfill,39.79470000,-77.80330000,PA,EPA_LMOP,"{""ghgrp_id"":""1007935"",""city"":""Greencastle"",""county"":""Franklin"",""zip"":""17225"",""address"":""9446 Letzburg Road""}"
landfill_1292,Northwest SLF,landfill,41.01904600,-79.90190300,PA,EPA_LMOP,"{""ghgrp_id"":""1007647"",""city"":""West Sunbury"",""county"":""Butler"",""zip"":""16061"",""address"":""1436 West Sunbury Road""}"
landfill_1257,Pine Grove Landfill Inc.,landfill,40.56754000,-76.40548000,PA,EPA_LMOP,"{""ghgrp_id"":""1007616"",""city"":""Pine Grove"",""county"":""Schuylkill"",""zip"":""17963"",""address"":""193 Shultz Road""}"
landfill_1263,Pioneer Crossing LF,landfill,40.27360000,-75.81390000,PA,EPA_LMOP,"{""ghgrp_id"":""1011037"",""city"":""Birdsboro"",""county"":""Berks"",""zip"":""19508"",""address"":""727 Redlane Road""}"
landfill_1251,Pottstown LF,landfill,40.27087000,-75.66966000,PA,EPA_LMOP,"{""ghgrp_id"":""1003556"",""city"":""Pottstown"",""county"":""Montgomery"",""zip"":""19464"",""address"":""1425 Sell Road""}"
landfill_1261,Rolling Hills LF,landfill,40.36110000,-75.71580000,PA,EPA_LMOP,"{""ghgrp_id"":""1005733"",""city"":""Boyertown"",""county"":""Berks"",""zip"":""19512"",""address"":""583 Longview Road""}"
landfill_1842,Rosencranse LF,landfill,41.58825000,-75.15442000,PA,EPA_LMOP,"{""city"":""Beach Lake"",""county"":""Wayne"",""zip"":""18405"",""address"":""RD 4""}"
landfill_1258,Sandy Run Landfill,landfill,40.13200000,-78.19800000,PA,EPA_LMOP,"{""ghgrp_id"":""1004321"",""city"":""Hopewell"",""county"":""Bedford"",""zip"":""16650"",""address"":""995 Landfill Road""}"
landfill_1283,Sanitary LF,landfill,40.15210000,-79.88370000,PA,EPA_LMOP,"{""city"":""Greensburg"",""county"":""Westmoreland"",""zip"":""15062""}"
landfill_1250,SECCRA Community Landfill,landfill,39.86729000,-75.84115000,PA,EPA_LMOP,"{""ghgrp_id"":""1009925"",""city"":""West Grove"",""county"":""Chester"",""zip"":""19390"",""address"":""219 Street Road""}"
landfill_1298,Seneca Landfill Inc.,landfill,40.81170000,-80.07830000,PA,EPA_LMOP,"{""ghgrp_id"":""1002035"",""city"":""Evans City"",""county"":""Butler"",""zip"":""16033"",""address"":""421 Hartmann Road""}"
landfill_1282,Shade Landfill,landfill,40.12039000,-78.80218000,PA,EPA_LMOP,"{""ghgrp_id"":""1007686"",""city"":""Cairnbrook"",""county"":""Somerset"",""zip"":""15924"",""address"":""1176 No. 1 Road""}"
landfill_1843,South Hills Landfill,landfill,40.27858000,-79.99482000,PA,EPA_LMOP,"{""ghgrp_id"":""1007691"",""city"":""Library"",""county"":""Allegheny"",""zip"":""15129"",""address"":""3100 Hill Road""}"
landfill_1284,Southern Alleghenies LF,landfill,40.23610000,-78.90000000,PA,EPA_LMOP,"{""ghgrp_id"":""1007718"",""city"":""Davidsville"",""county"":""Somerset"",""zip"":""15928"",""address"":""843 Miller Picking Road""}"
landfill_1252,Tullytown LF,landfill,40.13000000,-74.80500000,PA,EPA_LMOP,"{""ghgrp_id"":""1007634"",""city"":""Tullytown"",""county"":""Bucks"",""zip"":""19007"",""address"":""200 Bordentown Road""}"
landfill_1285,Valley LF,landfill,40.38810000,-79.67420000,PA,EPA_LMOP,"{""ghgrp_id"":""1007692"",""city"":""Irwin"",""county"":""Westmoreland"",""zip"":""15642"",""address"":""6015 Pleasant Valley Road""}"
landfill_1274,Wayne Township LF,landfill,41.16190000,-77.34500000,PA,EPA_LMOP,"{""ghgrp_id"":""1007960"",""city"":""Lock Haven"",""county"":""Clinton"",""zip"":""17745"",""address"":""264 Landfill Lane""}"
landfill_1271,Western Berks Community Landfill & Recycling Center,landfill,40.30281000,-75.90865000,PA,EPA_LMOP,"{""ghgrp_id"":""1002716"",""city"":""Birdsboro"",""county"":""Berks"",""zip"":""19508"",""address"":""455 Poplar Neck Road""}"
landfill_11721,Westmoreland Waste SLF LLC,landfill,40.14430000,-79.85930000,PA,EPA_LMOP,"{""ghgrp_id"":""1000291"",""city"":""Belle Vernon"",""county"":""Westmoreland"",""zip"":""15012"",""address"":""900 Tyrol Boulevard\n111 Conner Lane""}"
landfill_1272,York County SLF,landfill,39.78310000,-76.62620000,PA,EPA_LMOP,"{""city"":""Stewartstown"",""county"":""York"",""zip"":""17363"",""address"":""3969 Plank Road""}"
landfill_2339,Aguadilla Landfill,landfill,18.41901800,-67.11621100,PR,EPA_LMOP,"{""city"":""Aguadilla"",""county"":""Aguadilla"",""zip"":""00605"",""address"":""Bo. Caimital Bajo, Road 433, km 2.8""}"
landfill_2340,Anasco Landfill,landfill,18.31395400,-67.14319300,PR,EPA_LMOP,"{""city"":""Anasco"",""county"":""Anasco"",""zip"":""00610"",""address"":""Bo. Maria, Sector Del Salto, Road 4402""}"
landfill_2341,Arecibo Landfill,landfill,18.46577600,-66.62126400,PR,EPA_LMOP,"{""ghgrp_id"":""1005158"",""city"":""Arecibo"",""county"":""Arecibo"",""zip"":""00612"",""address"":""Carr. PR-682 Interior Sector Garrochales  Bo. Factor II""}"
landfill_2342,Arroyo Landfill,landfill,18.00459500,-66.04773000,PR,EPA_LMOP,"{""city"":""Arroyo"",""county"":""Arroyo"",""zip"":""00714"",""address"":""Bo. Ancone, Road 755, km 1.0""}"
landfill_2343,Barranquitas Landfill,landfill,18.19756500,-66.31148500,PR,EPA_LMOP,"{""city"":""Barranquitas"",""county"":""Barranquitas"",""zip"":""00794"",""address"":""Road 152 Interior\nBo. Barrancas Sector Nuevo Barranquitas""}"
landfill_2344,Cabo Rojo Landfill,landfill,17.97625200,-67.15265300,PR,EPA_LMOP,"{""ghgrp_id"":""1007083"",""city"":""Cabo Rojo"",""county"":""Cabo Rojo"",""zip"":""00623"",""address"":""Carr. PR-303  Km 13.4 Llanos Costas  Sector Las Palmas""}"
landfill_2345,Carolina Landfill,landfill,18.40836300,-65.93762000,PR,EPA_LMOP,"{""ghgrp_id"":""1007121"",""city"":""Carolina"",""county"":""Carolina"",""zip"":""00984"",""address"":""Carr. PR-874 Final KM 1.7 Bo. Hoyos Mulas""}"
landfill_1930,Cayey Landfill,landfill,18.14582500,-66.10290200,PR,EPA_LMOP,"{""city"":""Cayey"",""county"":""Cayey"",""zip"":""00737"",""address"":""State Road 184, Bo. Guavate\noff PR Highway 52""}"
landfill_2346,Culebra Landfill,landfill,18.32202200,-65.32154000,PR,EPA_LMOP,"{""city"":""Culebra"",""county"":""Culebra"",""zip"":""00775"",""address"":""Road 251, Sector Tamarindo""}"
landfill_2347,El Coqui Landfill,landfill,18.13192000,-65.80834700,PR,EPA_LMOP,"{""ghgrp_id"":""1007630"",""city"":""Humacao"",""county"":""Humacao"",""zip"":""00791"",""address"":""Road 3 Int 923, km 1.7, Bo. Buena Vista""}"
landfill_1931,Fajardo Municipal Landfill,landfill,18.29134300,-65.67931500,PR,EPA_LMOP,"{""ghgrp_id"":""1007084"",""city"":""Fajardo"",""county"":""Fajardo"",""zip"":""00740"",""address"":""Road 982 km 4.9, Bo. Demajagua""}"
landfill_2348,Florida Landfill,landfill,18.36592200,-66.55494800,PR,EPA_LMOP,"{""city"":""Florida"",""county"":""Florida"",""zip"":""00650"",""address"":""Ramal 6642""}"
landfill_2349,Guayama Landfill,landfill,17.98627200,-66.13845100,PR,EPA_LMOP,"{""city"":""Guayama"",""county"":""Guayanilla"",""zip"":""00785"",""address"":""Road 7711, Km. 138.3 Bo. Pozo Hondo""}"
landfill_1932,Guaynabo LF,landfill,18.32618000,-66.10257600,PR,EPA_LMOP,"{""ghgrp_id"":""1005161"",""city"":""Guaynabo"",""county"":""Guaynabo"",""zip"":""00969"",""address"":""Carr. PR-1 hacia Carr. PR-834  Sector La Muda""}"
landfill_2350,Hormigueros Landfill,landfill,18.15081000,-67.09780200,PR,EPA_LMOP,"{""city"":""Hormigueros"",""county"":""Hormigueros"",""zip"":""00660"",""address"":""Road 338, km 0.4\nBo. Aguitas, Sector El Hoyo""}"
landfill_2351,Isabela Landfill,landfill,18.47789100,-67.04216900,PR,EPA_LMOP,"{""city"":""Isabela"",""county"":""Isabela"",""zip"":""00662"",""address"":""Bo. Guerrero, Road #2, Sector Ramal""}"
landfill_2352,Jayuya Landfill,landfill,18.20667700,-66.63181700,PR,EPA_LMOP,"{""city"":""Jayuya"",""county"":""Jayuya"",""zip"":""00664"",""address"":""Bo. Canalizo, Road 140""}"
landfill_2383,Juana Diaz Landfill,landfill,18.03895700,-66.51742400,PR,EPA_LMOP,"{""city"":""Juana Diaz"",""county"":""Juana Diaz"",""zip"":""00795"",""address"":""Road 510, Sector Sabana Llana""}"
landfill_2354,Juncos Landfill,landfill,18.25052300,-65.90702500,PR,EPA_LMOP,"{""city"":""Juncos"",""county"":""Juncos"",""zip"":""00777"",""address"":""Carr 185 km 20.1\nBo. Gurabo Abajo Sector La Coroza""}"
landfill_2355,Lajas Landfill,landfill,17.98990500,-67.09780400,PR,EPA_LMOP,"{""city"":""Lajas"",""county"":""Lajas"",""zip"":""00667"",""address"":""Road 303, km 6.7""}"
landfill_1933,Mayaguez Landfill,landfill,18.23914300,-67.14378000,PR,EPA_LMOP,"{""ghgrp_id"":""1007578"",""city"":""Mayaguez"",""county"":""Mayaguez"",""zip"":""00680"",""address"":""Road #108 KM 3.1 Bo. Sabaneta\nSector Cuba""}"
landfill_2356,Moca Landfill,landfill,18.41463200,-67.11611600,PR,EPA_LMOP,"{""city"":""Moca"",""county"":""Moca"",""zip"":""00676"",""address"":""Road 110, km 16.2, Bo. Centro""}"
landfill_2357,Penuelas Valley Landfill,landfill,18.01730600,-66.70213300,PR,EPA_LMOP,"{""city"":""Penuelas"",""county"":""Penuelas"",""zip"":""00624"",""address"":""Road 385, km 4.5, Bo. Tallaboa""}"
landfill_2358,Ponce Landfill,landfill,18.00842800,-66.65845800,PR,EPA_LMOP,"{""ghgrp_id"":""1004774"",""city"":""Ponce"",""county"":""Ponce"",""zip"":""00731"",""address"":""Ave. Baramaya Final\nRd 500 Sector La Cotorra""}"
landfill_2359,Salinas Landfill,landfill,17.95771100,-66.23635500,PR,EPA_LMOP,"{""ghgrp_id"":""1006228"",""city"":""Salinas"",""county"":""Salinas"",""zip"":""00751"",""address"":""Bo Aguirre Road #3 Hectometro 7""}"
landfill_1934,San Juan Landfill,landfill,18.43000000,-66.08000000,PR,EPA_LMOP,"{""ghgrp_id"":""1007139"",""city"":""San Juan"",""county"":""San Juan"",""zip"":""00907"",""address"":""Ave Kennedy KM 1.7 Carr #2""}"
landfill_2360,Toa Alta Landfill,landfill,18.37174700,-66.26514800,PR,EPA_LMOP,"{""ghgrp_id"":""1007194"",""city"":""Toa Alta"",""county"":""Toa Alta"",""zip"":""00953"",""address"":""Carr. PR-165 Km 8.2 Bo. Contomo""}"
landfill_1935,Toa Baja LF,landfill,18.42171300,-66.20452400,PR,EPA_LMOP,"{""ghgrp_id"":""1005166"",""city"":""Toa Baja"",""county"":""Toa Baja"",""zip"":""00961"",""address"":""Road 865, Bo. Candelaria Ward\nNW of SR #866 & De Diego Hwy # PR 22""}"
landfill_2361,Vega Baja Landfill,landfill,18.47832300,-66.35976400,PR,EPA_LMOP,"{""city"":""Vega Baja"",""county"":""Vega Baja"",""zip"":""00694"",""address"":""Road 688, Km. 7.1\nBo. Sabana Antigua Central San Vicente""}"
landfill_2362,Vieques Landfill,landfill,18.14871800,-65.41780300,PR,EPA_LMOP,"{""city"":""Vieques"",""county"":""Vieques"",""zip"":""00765"",""address"":""Road 200 Final Bo. Bastimento\nSector Puerto Diablo""}"
landfill_2363,Yabucoa Landfill,landfill,18.09571600,-65.86594600,PR,EPA_LMOP,"{""city"":""Yabucoa"",""county"":""Yabucoa"",""zip"":""00767"",""address"":""Bo. Aguacate, Calle Sol, Rd 906""}"
landfill_2364,Yauco Landfill,landfill,17.99705700,-66.86326600,PR,EPA_LMOP,"{""ghgrp_id"":""1011713"",""city"":""Yauco"",""county"":""Yauco"",""zip"":""00698"",""address"":""PR-335 INT km 3.8, Sector La Joya""}"
landfill_2262,Bristol,landfill,41.67800000,-71.25200000,RI,EPA_LMOP,"{""city"":""Bristol"",""county"":""Bristol"",""zip"":""02809"",""address"":""Minturn Road""}"
landfill_1845,Central LF,landfill,41.80468000,-71.50216000,RI,EPA_LMOP,"{""ghgrp_id"":""1006283"",""city"":""Johnston"",""county"":""Providence"",""zip"":""02919"",""address"":""65 Shun Pike""}"
landfill_1846,Cranston Sanitary Landfill,landfill,41.73570000,-71.46170000,RI,EPA_LMOP,"{""city"":""Cranston"",""county"":""Providence"",""zip"":""02920"",""address"":""1688 Pontiac Avenue""}"
landfill_2261,Tiverton Landfill #2,landfill,41.58400000,-71.18300000,RI,EPA_LMOP,"{""city"":""Tiverton"",""county"":""Newport"",""zip"":""02878"",""address"":""3524 Main Road""}"
landfill_2260,Westerly,landfill,41.37600000,-71.80250000,RI,EPA_LMOP,"{""city"":""Westerly"",""county"":""Washington"",""zip"":""02891"",""address"":""Town Landfill Road Oak Street""}"
landfill_2101,Abbeville County Sanitary LF,landfill,34.19452000,-82.51534000,SC,EPA_LMOP,"{""city"":""Abbeville"",""county"":""Abbeville"",""zip"":""29620""}"
landfill_2102,Abbeville County Subtitle D MSWLF,landfill,34.18500000,-82.51550000,SC,EPA_LMOP,"{""city"":""Abbeville"",""county"":""Abbeville"",""zip"":""29620"",""address"":""1094 Gassoway Farm Road""}"
landfill_2104,Aiken County Landfill #3 Wagener Site,landfill,33.61250000,-81.41250000,SC,EPA_LMOP,"{""city"":""Wagener"",""county"":""Aiken"",""zip"":""29164"",""address"":""1769 Wagener Trail Road""}"
landfill_2051,Anderson Regional Landfill,landfill,34.57520000,-82.45800000,SC,EPA_LMOP,"{""ghgrp_id"":""1002813"",""city"":""Belton"",""county"":""Anderson"",""zip"":""29627"",""address"":""203 Landfill Road""}"
landfill_2108,Barnwell County Landfill,landfill,33.31800000,-81.33500000,SC,EPA_LMOP,"{""city"":""Barnwell"",""county"":""Barnwell"",""zip"":""29812"",""address"":""155 Landfill Road""}"
landfill_10600,Bees Ferry Road Subtitle D LF,landfill,32.81028000,-80.10907000,SC,EPA_LMOP,"{""ghgrp_id"":""1004099"",""city"":""Charleston"",""county"":""Charleston"",""zip"":""29414"",""address"":""1344 Bees Ferry Road""}"
landfill_2109,Berkeley County Subtitle D LF,landfill,33.13250000,-80.04275000,SC,EPA_LMOP,"{""ghgrp_id"":""1003478"",""city"":""Moncks Corner"",""county"":""Berkeley"",""zip"":""29461"",""address"":""555 Oakley Road""}"
landfill_1847,Blackberry Valley Landfill,landfill,34.91300000,-82.48600000,SC,EPA_LMOP,"{""ghgrp_id"":""1004232"",""city"":""Greenville"",""county"":""Greenville"",""zip"":""29617"",""address"":""409 Blackberry Valley Road""}"
landfill_2095,Cherokee County Landfill,landfill,35.11368000,-81.60670000,SC,EPA_LMOP,"{""city"":""Gaffney"",""county"":""Cherokee"",""zip"":""29341"",""address"":""192 Lemuels Road""}"
landfill_2110,Chester County Landfill,landfill,34.66449000,-81.07862000,SC,EPA_LMOP,"{""city"":""Chester"",""county"":""Chester"",""zip"":""29706"",""address"":""2351 Peden Bridge Road""}"
landfill_2114,City of Greenville Closed Landfill,landfill,34.78500000,-82.35700000,SC,EPA_LMOP,"{""ghgrp_id"":""1004423"",""city"":""Greenville"",""county"":""Greenville"",""zip"":""29607"",""address"":""684 Mauldin Road""}"
landfill_1919,Croft Landfill,landfill,34.86400000,-81.86360000,SC,EPA_LMOP,"{""city"":""Spartanburg"",""county"":""Spartanburg"",""zip"":""29302"",""address"":""Gibson Road""}"
landfill_1848,Enoree Landfill,landfill,34.80122000,-82.18470000,SC,EPA_LMOP,"{""ghgrp_id"":""1004074"",""city"":""Greer"",""county"":""Greenville"",""zip"":""29651"",""address"":""1311 Anderson Ridge Road""}"
landfill_1923,Florence County LF,landfill,33.86640000,-79.74180000,SC,EPA_LMOP,"{""city"":""Florence"",""county"":""Florence"",""zip"":""29560""}"
landfill_2113,Georgetown County Subtitle D LF,landfill,33.45290000,-79.31530000,SC,EPA_LMOP,"{""ghgrp_id"":""1003528"",""city"":""Georgetown"",""county"":""Georgetown"",""zip"":""29440"",""address"":""201 Landfill Road""}"
landfill_2115,Greenwood County Landfills,landfill,34.19770000,-82.07790000,SC,EPA_LMOP,"{""ghgrp_id"":""1003039"",""city"":""Greenwood"",""county"":""Greenwood"",""zip"":""29646"",""address"":""1115 Siloam Church Road""}"
landfill_2096,Hickory Hill MSWLF,landfill,32.39797900,-80.92525200,SC,EPA_LMOP,"{""ghgrp_id"":""1006090"",""city"":""Ridgeland"",""county"":""Jasper"",""zip"":""29936"",""address"":""2621 Lowcountry Drive""}"
landfill_2099,Highway 321 Lexington County Landfill,landfill,33.90794000,-81.06625000,SC,EPA_LMOP,"{""ghgrp_id"":""1005912"",""city"":""West Columbia"",""county"":""Lexington"",""zip"":""29172"",""address"":""3241 Charleston Highway (Hwy 321)""}"
landfill_1917,Horry County SWA Landfill,landfill,33.81580000,-78.96090000,SC,EPA_LMOP,"{""ghgrp_id"":""1003394"",""city"":""Conway"",""county"":""Horry"",""zip"":""29526"",""address"":""1886 S Highway 90\nMcNeill Street""}"
landfill_2117,Kershaw County Landfill,landfill,34.30000000,-80.52680000,SC,EPA_LMOP,"{""city"":""Cassatt"",""county"":""Kershaw"",""zip"":""29032"",""address"":""Park Road""}"
landfill_1920,Langley Landfill,landfill,33.49280000,-81.84150000,SC,EPA_LMOP,"{""city"":""Langley"",""county"":""Aiken"",""zip"":""29851"",""address"":""458 Huber Clay Road""}"
landfill_2094,"Lee County LF, LLC",landfill,34.18000000,-80.27250000,SC,EPA_LMOP,"{""ghgrp_id"":""1002557"",""city"":""Bishopville"",""county"":""Lee"",""zip"":""29010"",""address"":""1431 Sumter Highway""}"
landfill_2120,Lexington County Edmund Facility,landfill,33.85760000,-81.18190000,SC,EPA_LMOP,"{""city"":""Lexington"",""county"":""Lexington"",""zip"":""29073"",""address"":""498 Landfill Lane""}"
landfill_2124,Northeast Sanitary Landfill,landfill,34.01375000,-80.68390000,SC,EPA_LMOP,"{""ghgrp_id"":""1002558"",""city"":""Eastover"",""county"":""Richland"",""zip"":""29044"",""address"":""1581 Westvaco Road""}"
landfill_2000,Oakridge Landfill Inc.,landfill,33.13591300,-80.39630000,SC,EPA_LMOP,"{""ghgrp_id"":""1007582"",""city"":""Dorchester"",""county"":""Dorchester"",""zip"":""29437"",""address"":""2183 Highway 78""}"
landfill_2100,Orangeburg County Landfill,landfill,33.49491000,-80.84910000,SC,EPA_LMOP,"{""city"":""Orangeburg"",""county"":""Orangeburg""}"
landfill_1928,Palmetto Landfill,landfill,34.93480000,-82.07610000,SC,EPA_LMOP,"{""ghgrp_id"":""1007892"",""city"":""Wellford"",""county"":""Spartanburg"",""zip"":""29385"",""address"":""360 New Hope Road""}"
landfill_2097,Pendleton Sanitary Landfill,landfill,34.62604000,-82.79831000,SC,EPA_LMOP,"{""city"":""Pendleton"",""county"":""Anderson""}"
landfill_2122,Pickens County Landfill,landfill,34.82650000,-82.66250000,SC,EPA_LMOP,"{""city"":""Liberty"",""county"":""Pickens"",""zip"":""29657"",""address"":""2043 Old Liberty Road""}"
landfill_1854,Richland County Landfill,landfill,34.10420000,-80.78200000,SC,EPA_LMOP,"{""ghgrp_id"":""1007706"",""city"":""Elgin"",""county"":""Richland"",""zip"":""29045"",""address"":""1047 Highway Church Road""}"
landfill_2305,Richland County Landfill (closed),landfill,34.13232400,-81.11357100,SC,EPA_LMOP,"{""city"":""Columbia"",""county"":""Richland"",""zip"":""29202"",""address"":""Monticello Road / Caughman Road\n6 miles past I-20 on Hwy 215 North""}"
landfill_2121,Seneca MSWLF,landfill,34.65350000,-82.94660000,SC,EPA_LMOP,"{""city"":""Seneca"",""county"":""Oconee"",""zip"":""29678"",""address"":""10528 Wells Highway""}"
landfill_2130,Starr Sanitary Landfill,landfill,34.40950000,-82.68550000,SC,EPA_LMOP,"{""city"":""Starr"",""county"":""Anderson"",""zip"":""29684"",""address"":""Roy Arnold Road""}"
landfill_2065,Sumter County MSW LF,landfill,33.91285000,-80.22479000,SC,EPA_LMOP,"{""city"":""Sumter"",""county"":""Sumter"",""zip"":""29153"",""address"":""2185 East Brewington Road""}"
landfill_2105,Three Rivers Regional Subtitle D MSWLF,landfill,33.25845700,-81.73443300,SC,EPA_LMOP,"{""ghgrp_id"":""1006351"",""city"":""Jackson"",""county"":""Aiken"",""zip"":""29831"",""address"":""9900 Atomic Road Savannah River Site""}"
landfill_11180,Twin Chimneys Landfill,landfill,34.54000000,-82.31200000,SC,EPA_LMOP,"{""ghgrp_id"":""1004041"",""city"":""Honea Path"",""county"":""Greenville"",""zip"":""29654"",""address"":""11075 Augusta Road""}"
landfill_2126,Union County Regional MSW Landfill,landfill,34.61250000,-81.82100000,SC,EPA_LMOP,"{""ghgrp_id"":""1004485"",""city"":""Enoree"",""county"":""Union"",""zip"":""29335"",""address"":""898 Wildcat Road""}"
landfill_1918,Wellford LF,landfill,34.99667000,-82.13861000,SC,EPA_LMOP,"{""ghgrp_id"":""1004251"",""city"":""Wellford"",""county"":""Spartanburg"",""zip"":""29385"",""address"":""595 Little Mountain Road""}"
landfill_2127,Williamsburg County MSWLF,landfill,33.61500000,-79.86700000,SC,EPA_LMOP,"{""city"":""Salters"",""county"":""Williamsburg"",""zip"":""29590"",""address"":""564 Old Gapway Road""}"
landfill_1916,York County LF,landfill,34.97659000,-81.19957000,SC,EPA_LMOP,"{""ghgrp_id"":""1008000"",""city"":""York"",""county"":""York"",""zip"":""29745"",""address"":""289 Public Works Road""}"
landfill_2327,Brookings Regional Landfill,landfill,44.34300000,-96.73500000,SD,EPA_LMOP,"{""ghgrp_id"":""1004533"",""city"":""Brookings"",""county"":""Brookings"",""zip"":""57006"",""address"":""4101 30th Street""}"
landfill_2330,Brown County Landfill,landfill,45.47105600,-98.62152100,SD,EPA_LMOP,"{""ghgrp_id"":""1005056"",""city"":""Aberdeen"",""county"":""Brown"",""zip"":""57401"",""address"":""13225 379th Avenue""}"
landfill_2325,City of Mitchell Landfill,landfill,43.70500000,-97.96780000,SD,EPA_LMOP,"{""city"":""Mitchell"",""county"":""Davison"",""zip"":""57301"",""address"":""2801 East Havens""}"
landfill_2326,Pierre Landfill,landfill,44.33200000,-100.07150000,SD,EPA_LMOP,"{""city"":""Pierre"",""county"":""Hughes"",""zip"":""57501"",""address"":""Highway 34 (East of Pierre)""}"
landfill_2331,Rapid City Landfill,landfill,44.02600000,-103.19800000,SD,EPA_LMOP,"{""ghgrp_id"":""1004676"",""city"":""Rapid City"",""county"":""Pennington"",""zip"":""57701"",""address"":""5555 S. Hwy 79""}"
landfill_2294,Sioux Falls Regional Sanitary Landfill (SFRSL),landfill,43.50050000,-96.93000000,SD,EPA_LMOP,"{""ghgrp_id"":""1002656"",""city"":""Hartford"",""county"":""Minnehaha"",""zip"":""57033"",""address"":""26750 464th Avenue""}"
landfill_2328,Tri-County Landfill,landfill,43.76240000,-99.21220000,SD,EPA_LMOP,"{""city"":""Pukwana"",""county"":""Brule"",""zip"":""57370"",""address"":""24978 349th Avenue""}"
landfill_2329,Vermillion Landfill,landfill,42.83200000,-96.97600000,SD,EPA_LMOP,"{""ghgrp_id"":""1011612"",""city"":""Vermillion"",""county"":""Clay"",""zip"":""57069"",""address"":""31426 Bluff Road""}"
landfill_2332,Watertown Regional Landfill,landfill,44.84740000,-97.08720000,SD,EPA_LMOP,"{""ghgrp_id"":""1002902"",""city"":""Watertown"",""county"":""Codington"",""zip"":""57201"",""address"":""45605 175th Street\nOff Hwy 81, 3 mi S of town""}"
landfill_1326,Alcoa/ Maryville/ Blount County Landfill,landfill,35.73606000,-84.05903000,TN,EPA_LMOP,"{""ghgrp_id"":""1003147"",""city"":""Friendsville"",""county"":""Blount"",""zip"":""37737"",""address"":""240 Long Powers Road""}"
landfill_1332,Bi-County LF,landfill,36.53870000,-87.54480000,TN,EPA_LMOP,"{""ghgrp_id"":""1005281"",""city"":""Woodlawn"",""county"":""Montgomery"",""zip"":""37191"",""address"":""3212 Dover Road""}"
landfill_1335,Bolivar-Hardeman County LF,landfill,35.28690000,-89.05400000,TN,EPA_LMOP,"{""city"":""Bolivar"",""county"":""Hardeman"",""zip"":""38008"",""address"":""75 Landfill Way""}"
landfill_1336,Bordeaux Landfill,landfill,36.17100000,-86.84400000,TN,EPA_LMOP,"{""ghgrp_id"":""1004808"",""city"":""Nashville"",""county"":""Davidson"",""zip"":""37218"",""address"":""1400 County Hospital Road""}"
landfill_1337,Bradley County LF,landfill,35.15700000,-84.96600000,TN,EPA_LMOP,"{""ghgrp_id"":""1003356"",""city"":""McDonald"",""county"":""Bradley"",""zip"":""37353"",""address"":""282 Natures Trail""}"
landfill_1340,Carter County/Elizabethton LF,landfill,36.36833400,-82.11722300,TN,EPA_LMOP,"{""city"":""Elizabethton"",""county"":""Carter"",""zip"":""37643""}"
landfill_1452,Carter Valley Landfill,landfill,36.54170000,-82.79170000,TN,EPA_LMOP,"{""ghgrp_id"":""1002649"",""city"":""Church Hill"",""county"":""Hawkins"",""zip"":""37642"",""address"":""2825 Carters Valley Road""}"
landfill_1343,Cedar Ridge LF,landfill,35.46000000,-86.83750000,TN,EPA_LMOP,"{""ghgrp_id"":""1006260"",""city"":""Lewisburg"",""county"":""Marshall"",""zip"":""37091"",""address"":""2340 Mooresville Highway""}"
landfill_1344,Cheatham County LF,landfill,36.13660000,-87.04000000,TN,EPA_LMOP,"{""city"":""Pegram"",""county"":""Cheatham"",""zip"":""37143"",""address"":""2791 Sams Creek Road""}"
landfill_1345,Chester County LF,landfill,35.42770000,-88.64080000,TN,EPA_LMOP,"{""city"":""Henderson"",""county"":""Chester"",""zip"":""38340""}"
landfill_1346,Chestnut Ridge LF,landfill,36.11500000,-84.03800000,TN,EPA_LMOP,"{""ghgrp_id"":""1007795"",""city"":""Heiskell"",""county"":""Anderson"",""zip"":""37754"",""address"":""140 Fleenor Mill Road""}"
landfill_2202,City of Chattanooga Landfill,landfill,35.19270000,-85.06940000,TN,EPA_LMOP,"{""ghgrp_id"":""1004159"",""city"":""Harrison"",""county"":""Hamilton"",""zip"":""37341"",""address"":""9327 Birchwood Pike""}"
landfill_1347,Claiborne County LF,landfill,36.39166800,-83.64166800,TN,EPA_LMOP,"{""city"":""New Tazewell"",""county"":""Claiborne"",""zip"":""37825""}"
landfill_1350,Cocke County LF,landfill,35.95590000,-83.15020000,TN,EPA_LMOP,"{""city"":""Newport"",""county"":""Cocke"",""zip"":""37821"",""address"":""1160 Old Asheville Highway""}"
landfill_1352,Crossville City LF,landfill,35.86555600,-85.14444600,TN,EPA_LMOP,"{""county"":""Cumberland""}"
landfill_1353,Cumberland County LF,landfill,35.86500000,-85.15000000,TN,EPA_LMOP,"{""city"":""Crossville"",""county"":""Cumberland"",""zip"":""38555"",""address"":""904 Landfill Road""}"
landfill_1356,Decatur County LF,landfill,35.48300000,-88.08100000,TN,EPA_LMOP,"{""ghgrp_id"":""1004117"",""city"":""Bath Springs"",""county"":""Decatur"",""zip"":""38311"",""address"":""324 Landfill Lane""}"
landfill_1358,DeKalb County LF,landfill,35.96986000,-85.68149000,TN,EPA_LMOP,"{""city"":""Smithville"",""county"":""DeKalb"",""zip"":""38583"",""address"":""455 Felts Road""}"
landfill_1360,Dyer City LF,landfill,36.01750100,-89.37055600,TN,EPA_LMOP,"{""county"":""Gibson""}"
landfill_1361,Dyersburg City LF,landfill,35.99270000,-89.36800000,TN,EPA_LMOP,"{""city"":""Dyersburg"",""county"":""Dyer"",""zip"":""38024"",""address"":""2250 Sorrels Chapel Road""}"
landfill_1436,Eco-Safe Landfill,landfill,36.56115000,-82.35006000,TN,EPA_LMOP,"{""ghgrp_id"":""1011487"",""city"":""Blountville"",""county"":""Sullivan"",""zip"":""37617"",""address"":""385 Harr Lane\nHunters Trail (old site)""}"
landfill_1364,Ellis LF,landfill,35.22250100,-89.35833400,TN,EPA_LMOP,"{""county"":""Henry""}"
landfill_1366,Fayette County Class 1 LF,landfill,35.22250000,-89.35833000,TN,EPA_LMOP,"{""city"":""Somerville"",""county"":""Fayette"",""zip"":""38068"",""address"":""11675 Hwy 76 South""}"
landfill_1365,Fayette County LF,landfill,35.22250000,-89.35833000,TN,EPA_LMOP,"{""city"":""Somerville"",""county"":""Fayette"",""zip"":""38068"",""address"":""11675 Hwy 76 South""}"
landfill_1369,Fort Campbell LF,landfill,36.55250000,-87.46610000,TN,EPA_LMOP,"{""city"":""Fort Campbell"",""county"":""Montgomery""}"
landfill_1371,Franklin County LF,landfill,36.28250100,-83.44000100,TN,EPA_LMOP,"{""ghgrp_id"":""1003546"",""city"":""Winchester"",""county"":""Franklin"",""zip"":""37398"",""address"":""487 Joyce Lane""}"
landfill_1373,Gratio LF,landfill,36.26570000,-89.41250000,TN,EPA_LMOP,"{""city"":""Obion"",""county"":""Obion"",""zip"":""38240"",""address"":""2669 Inman Holllow Road\n0.3 mi S INT Buyrl-Larry Road""}"
landfill_1450,Greeneville/Greene County LF,landfill,36.19130000,-82.76480000,TN,EPA_LMOP,"{""city"":""Greeneville"",""county"":""Greene"",""zip"":""37745"",""address"":""1555 Old Stage Road""}"
landfill_1451,Greenfield LF,landfill,36.38380000,-86.44960000,TN,EPA_LMOP,"{""city"":""Greenfield"",""county"":""Weakley"",""zip"":""38230""}"
landfill_1374,Grundy County LF,landfill,35.36110000,-85.74250000,TN,EPA_LMOP,"{""county"":""Grundy""}"
landfill_1379,Haywood County LF,landfill,36.57000100,-89.28750100,TN,EPA_LMOP,"{""city"":""Brownsville"",""county"":""Haywood"",""zip"":""38012""}"
landfill_1381,Hickman County LF,landfill,35.82970000,-87.44616000,TN,EPA_LMOP,"{""city"":""Centerville"",""county"":""Hickman"",""zip"":""37185""}"
landfill_1383,Houston County LF,landfill,36.23142000,-87.71927000,TN,EPA_LMOP,"{""city"":""Erin"",""county"":""Houston"",""zip"":""37061""}"
landfill_1385,Humphreys County LF,landfill,36.10833400,-87.84166800,TN,EPA_LMOP,"{""city"":""Waverly"",""county"":""Humphreys"",""zip"":""37185""}"
landfill_1388,Iris Glen Environmental Center,landfill,36.32940000,-82.33220000,TN,EPA_LMOP,"{""ghgrp_id"":""1003227"",""city"":""Johnson City"",""county"":""Washington"",""zip"":""37601"",""address"":""1705 E. Main Street""}"
landfill_10580,Jackson-Madison County Landfill,landfill,35.59000000,-88.87641400,TN,EPA_LMOP,"{""ghgrp_id"":""1007711"",""city"":""Jackson"",""county"":""Madison"",""zip"":""38301"",""address"":""550 Aaron Long Road""}"
landfill_1390,Jefferson County LF,landfill,36.05870000,-83.40890000,TN,EPA_LMOP,"{""city"":""Dandridge"",""county"":""Jefferson"",""zip"":""37725"",""address"":""650 Grove Road""}"
landfill_1391,Jere Kirk Disposal,landfill,36.06500000,-89.32000100,TN,EPA_LMOP,"{""city"":""Dyersburg"",""county"":""Dyer"",""zip"":""38059""}"
landfill_1394,Johnson City Regional LF,landfill,36.42082400,-82.53742100,TN,EPA_LMOP,"{""city"":""Jonesborough"",""county"":""Washington"",""zip"":""37659"",""address"":""120 Lancaster Road""}"
landfill_20715,Lakeway Sanitation & Recycling Class I,landfill,36.14847300,-83.20359600,TN,EPA_LMOP,"{""ghgrp_id"":""1010760"",""city"":""Lowland"",""county"":""Hamblen"",""zip"":""37778"",""address"":""5155 Enka Highway""}"
landfill_1396,Lauderdale County LF,landfill,35.82980000,-89.49400000,TN,EPA_LMOP,"{""city"":""Ripley"",""county"":""Lauderdale"",""zip"":""38063"",""address"":""3231 Curve Nankipoo Road""}"
landfill_1397,Lawrenceburg City/County Balefill,landfill,35.26970000,-87.32390000,TN,EPA_LMOP,"{""ghgrp_id"":""1003549"",""city"":""Lawrenceburg"",""county"":""Lawrence"",""zip"":""38464"",""address"":""2126 Baler Drive""}"
landfill_1398,Lewisburg City LF,landfill,35.65070000,-88.39240000,TN,EPA_LMOP,"{""county"":""Marshall""}"
landfill_1399,Lexington City LF,landfill,35.63549000,-88.40428000,TN,EPA_LMOP,"{""city"":""Lexington"",""county"":""Henderson"",""zip"":""38351""}"
landfill_1402,Marion County LF,landfill,35.03690000,-85.62270000,TN,EPA_LMOP,"{""ghgrp_id"":""1010561"",""city"":""Jasper"",""county"":""Marion"",""zip"":""37347"",""address"":""700 Chasey Simpson Road""}"
landfill_1403,Martin City LF,landfill,35.65305600,-87.06111200,TN,EPA_LMOP,"{""county"":""Weakley""}"
landfill_1400,Matlock Bend Landfill,landfill,35.74670000,-84.41190000,TN,EPA_LMOP,"{""ghgrp_id"":""1007440"",""city"":""Loudon"",""county"":""Loudon"",""zip"":""37774"",""address"":""21712 Highway 72 N""}"
landfill_1405,McKenzie LF,landfill,35.38611200,-84.59722300,TN,EPA_LMOP,"{""city"":""McKenzie"",""county"":""Carroll""}"
landfill_1406,McMinn County LF,landfill,35.39000000,-84.58667000,TN,EPA_LMOP,"{""ghgrp_id"":""1007988"",""city"":""Athens"",""county"":""McMinn"",""zip"":""37370"",""address"":""391 County Road 750""}"
landfill_1408,McNairy County LF,landfill,35.21259000,-88.51745000,TN,EPA_LMOP,"{""city"":""Selmer"",""county"":""McNairy"",""zip"":""38375""}"
landfill_1411,Meadow Branch Landfill,landfill,35.48280000,-84.68100000,TN,EPA_LMOP,"{""ghgrp_id"":""1003269"",""city"":""Athens"",""county"":""McMinn"",""zip"":""37303"",""address"":""233 County Road 166 (Meadow Branch Road)""}"
landfill_1415,Middle Point Landfill,landfill,35.94083000,-86.35837000,TN,EPA_LMOP,"{""ghgrp_id"":""1002650"",""city"":""Murfreesboro"",""county"":""Rutherford"",""zip"":""37130"",""address"":""750 East Jefferson Pike""}"
landfill_1409,Milan Arsenal LF,landfill,35.89500100,-88.71944500,TN,EPA_LMOP,"{""city"":""Success"",""county"":""Carroll"",""zip"":""38358""}"
landfill_1410,Milan City LF,landfill,35.92900000,-88.79500000,TN,EPA_LMOP,"{""city"":""Milan"",""county"":""Gibson"",""zip"":""38358"",""address"":""Gold Medal Road""}"
landfill_1412,Monroe County LF,landfill,35.49442000,-84.28617000,TN,EPA_LMOP,"{""county"":""Monroe""}"
landfill_1375,Morristown Balefill Landfill,landfill,36.15240000,-83.29910000,TN,EPA_LMOP,"{""ghgrp_id"":""1007447"",""city"":""Morristown"",""county"":""Hamblen"",""zip"":""37813"",""address"":""3849 Sublett Road""}"
landfill_1327,North Shelby Landfill,landfill,35.32700000,-89.94500000,TN,EPA_LMOP,"{""ghgrp_id"":""1006303"",""city"":""Millington"",""county"":""Shelby"",""zip"":""38053"",""address"":""7111 Old Millington Road""}"
landfill_1328,Northwest Tennessee Landfill,landfill,36.40250000,-89.15200000,TN,EPA_LMOP,"{""ghgrp_id"":""1007062"",""city"":""Union City"",""county"":""Obion"",""zip"":""38261"",""address"":""518 Beech Chapel Road""}"
landfill_1417,Paris-Henry County LF,landfill,36.31800000,-88.35650000,TN,EPA_LMOP,"{""city"":""Paris"",""county"":""Henry"",""zip"":""38344""}"
landfill_1419,Pickett County LF,landfill,36.56250000,-85.12000000,TN,EPA_LMOP,"{""city"":""Byrdstown"",""county"":""Pickett"",""zip"":""38549"",""address"":""3065 Gib Moles Road""}"
landfill_1420,Pulaski City LF,landfill,35.24801900,-86.98923600,TN,EPA_LMOP,"{""ghgrp_id"":""1003828"",""city"":""Pulaski"",""county"":""Giles"",""zip"":""38478"",""address"":""698 Maxwell Hill Road""}"
landfill_1421,Putnam County LF,landfill,36.06941000,-85.63116000,TN,EPA_LMOP,"{""city"":""Cookeville"",""county"":""Putnam"",""zip"":""38544""}"
landfill_1422,Quail Hollow LF,landfill,35.39200000,-86.30540000,TN,EPA_LMOP,"{""ghgrp_id"":""1007859"",""city"":""Tullahoma"",""county"":""Bedford"",""zip"":""37388"",""address"":""549 Powell Hollow Road""}"
landfill_1424,Red Ridge LF,landfill,35.56666700,-85.90833400,TN,EPA_LMOP,"{""county"":""Monroe""}"
landfill_1425,Rhea County LF,landfill,35.56000000,-84.91200000,TN,EPA_LMOP,"{""ghgrp_id"":""1002730"",""city"":""Dayton"",""county"":""Rhea"",""zip"":""37321"",""address"":""207 Sanitary Drive""}"
landfill_1426,Roane County Solid Waste Authority,landfill,35.85800000,-84.57800000,TN,EPA_LMOP,"{""city"":""Harriman"",""county"":""Roane"",""zip"":""37748"",""address"":""215 White Pine Road""}"
landfill_1428,Rutherford County LF,landfill,35.92890000,-86.36130000,TN,EPA_LMOP,"{""city"":""Murfreesboro"",""county"":""Rutherford"",""zip"":""37130"",""address"":""6000 Landfill Road""}"
landfill_1429,Savannah City\Hardin County LF,landfill,36.43805700,-84.53222300,TN,EPA_LMOP,"{""county"":""Hardin""}"
landfill_1431,Sequatchie Bledsoe LF,landfill,35.54434000,-85.26010000,TN,EPA_LMOP,"{""city"":""Dunlap"",""county"":""Bledsoe"",""zip"":""37338""}"
landfill_1432,"Sevier Solid Waste, Incorporated",landfill,35.81920000,-83.55380000,TN,EPA_LMOP,"{""city"":""Pigeon Forge"",""county"":""Sevier"",""zip"":""37863"",""address"":""1826 Ridge Road""}"
landfill_1433,Shelby County Millington LF,landfill,35.13440000,-89.83770000,TN,EPA_LMOP,"{""city"":""Memphis"",""county"":""Shelby"",""zip"":""38120"",""address"":""6791 Walnut Grove Road""}"
landfill_1434,Smith County LF,landfill,36.26969200,-85.93398200,TN,EPA_LMOP,"{""city"":""Carthage"",""county"":""Smith"",""zip"":""37030"",""address"":""370 Kennedy Road""}"
landfill_1330,South Shelby Landfill,landfill,34.99809000,-89.91890000,TN,EPA_LMOP,"{""ghgrp_id"":""1002466"",""city"":""Memphis"",""county"":""Shelby"",""zip"":""38118"",""address"":""5494 Malone Road""}"
landfill_1437,Summit Landfill,landfill,35.05611400,-85.08707900,TN,EPA_LMOP,"{""ghgrp_id"":""1006286"",""city"":""Ooltewah"",""county"":""Hamilton"",""zip"":""37363"",""address"":""4296 Old Woodland Drive""}"
landfill_1331,Sykes Road,landfill,35.30800000,-89.91180000,TN,EPA_LMOP,"{""city"":""Millington"",""county"":""Shelby"",""zip"":""38053"",""address"":""Sykes Road""}"
landfill_1439,Tri-Cities/Dresden LF,landfill,36.20277800,-83.78027900,TN,EPA_LMOP,"{""city"":""Dresden"",""county"":""Weakley""}"
landfill_1440,Twin Oaks,landfill,36.04612600,-83.80814300,TN,EPA_LMOP,"{""ghgrp_id"":""1004644"",""city"":""Knoxville"",""county"":""Knox"",""zip"":""37924"",""address"":""7826 Old Rutledge Pike""}"
landfill_1442,Upper Cumberland LF,landfill,36.56041500,-85.70786000,TN,EPA_LMOP,"{""city"":""Red Boiling Springs"",""county"":""Clay"",""zip"":""37150"",""address"":""776 Terry Odle Road""}"
landfill_11682,Volunteer Regional Landfill,landfill,36.55100000,-84.48600000,TN,EPA_LMOP,"{""ghgrp_id"":""1003207"",""city"":""Oneida"",""county"":""Scott"",""zip"":""37841"",""address"":""300 Roberta Lane\noff Bear Creek Road""}"
landfill_1387,West Camden Sanitary Landfill,landfill,36.05450000,-88.13750000,TN,EPA_LMOP,"{""ghgrp_id"":""1007889"",""city"":""Camden"",""county"":""Benton"",""zip"":""38320"",""address"":""2410 Highway 70 West""}"
landfill_1447,White County LF,landfill,35.89300000,-85.58200000,TN,EPA_LMOP,"{""city"":""Sparta"",""county"":""White"",""zip"":""38583"",""address"":""6010 Gum Springs Mountain Road""}"
landfill_1448,Williamson County LF,landfill,35.88500000,-87.08500000,TN,EPA_LMOP,"{""ghgrp_id"":""1004655"",""city"":""Franklin"",""county"":""Williamson"",""zip"":""37064"",""address"":""5750 Pinewood Road""}"
landfill_1449,Wilson County LF,landfill,36.26027800,-86.29944600,TN,EPA_LMOP,"{""city"":""Lebanon"",""county"":""Wilson"",""zip"":""37087""}"
landfill_21401,130 Environmental Park (130EP) Landfill,landfill,29.97684300,-97.65693400,TX,EPA_LMOP,"{""city"":""Lockhart"",""county"":""Caldwell"",""zip"":""78644"",""address"":""5200 N Highway 183 North Bound""}"
landfill_21132,Abilene Environmental Landfill,landfill,32.53034500,-99.74576800,TX,EPA_LMOP,"{""ghgrp_id"":""1012891"",""city"":""Abilene"",""county"":""Jones"",""zip"":""79601"",""address"":""1984 FM 3034""}"
landfill_1490,Abilene Regional Landfill,landfill,32.53500000,-99.75350000,TX,EPA_LMOP,"{""ghgrp_id"":""1007357"",""city"":""Abilene"",""county"":""Jones"",""zip"":""79601"",""address"":""FM 277 / 83 & FM 3034""}"
landfill_1494,Altair Disposal Services LLC,landfill,29.59416800,-96.48666800,TX,EPA_LMOP,"{""ghgrp_id"":""1007072"",""city"":""Altair"",""county"":""Colorado"",""zip"":""77412"",""address"":""5464 Highway 71\n2 miles N of Altair on W side of Hwy 71""}"
landfill_12202,Angelina County Waste Management Center,landfill,31.25053300,-94.69722100,TX,EPA_LMOP,"{""ghgrp_id"":""1005392"",""city"":""Lufkin"",""county"":""Angelina"",""zip"":""75901"",""address"":""7521 FM 58""}"
landfill_1467,Arlington LF,landfill,32.80000000,-97.10833400,TX,EPA_LMOP,"{""ghgrp_id"":""1002645"",""city"":""Euless"",""county"":""Tarrant"",""zip"":""76040"",""address"":""800 Mosier Valley Road""}"
landfill_1479,Atascocita RDF,landfill,29.95833400,-95.23833400,TX,EPA_LMOP,"{""ghgrp_id"":""1007800"",""city"":""Humble"",""county"":""Harris"",""zip"":""77396"",""address"":""3623 Wilson Road""}"
landfill_1464,Austin Community RDF,landfill,30.34522000,-97.61395000,TX,EPA_LMOP,"{""ghgrp_id"":""1007894"",""city"":""Austin"",""county"":""Travis"",""zip"":""78754"",""address"":""9900 Giles Road\noff East 290""}"
landfill_1822,Baytown Landfill,landfill,29.67166700,-94.91666700,TX,EPA_LMOP,"{""ghgrp_id"":""1007684"",""city"":""Baytown"",""county"":""Chambers"",""zip"":""77523"",""address"":""4791 Tri City Beach Road""}"
landfill_1466,Bell County/Sparks LF,landfill,30.92600000,-97.38350000,TX,EPA_LMOP,"{""city"":""Holland"",""county"":""Bell"",""zip"":""76534"",""address"":""Landfill Road""}"
landfill_1481,Bell Processing Inc. LF,landfill,32.71666700,-97.85750000,TX,EPA_LMOP,"{""city"":""Wichita Falls"",""county"":""Wichita"",""zip"":""76308""}"
landfill_10420,Bellfort Boulevard Landfill,landfill,29.66900000,-95.37200000,TX,EPA_LMOP,"{""city"":""Houston"",""county"":""Harris"",""zip"":""77051"",""address"":""3300 Bellfort Boulevard""}"
landfill_1513,BFI LF,landfill,32.46784000,-99.71451000,TX,EPA_LMOP,"{""city"":""Abilene"",""county"":""Taylor""}"
landfill_20716,Blossom Prairie Landfill,landfill,33.62300000,-95.33500000,TX,EPA_LMOP,"{""ghgrp_id"":""1011455"",""city"":""Blossom"",""county"":""Lamar"",""zip"":""75416"",""address"":""1096 CR 15100""}"
landfill_1520,Blue Bonnet LF,landfill,29.81825800,-95.24369000,TX,EPA_LMOP,"{""ghgrp_id"":""1003806"",""city"":""Houston"",""county"":""Harris"",""zip"":""77078"",""address"":""10500 Beaumont Highway""}"
landfill_1812,Blue Ridge LF,landfill,29.55590000,-95.44190000,TX,EPA_LMOP,"{""ghgrp_id"":""1005891"",""city"":""Fresno"",""county"":""Fort Bend"",""zip"":""77545"",""address"":""2200 FM 521""}"
landfill_12207,Brownsville Municipal Landfill,landfill,25.93600000,-97.38500000,TX,EPA_LMOP,"{""ghgrp_id"":""1004884"",""city"":""Brownsville"",""county"":""Cameron"",""zip"":""78521"",""address"":""9000 FM 802""}"
landfill_1803,C&T Regional Landfill,landfill,26.60616000,-98.19399000,TX,EPA_LMOP,"{""ghgrp_id"":""1005893"",""city"":""Linn"",""county"":""Hidalgo"",""zip"":""78563"",""address"":""Hwy 1017\n4.5 miles west of Hwy 281""}"
landfill_11761,C.M. Hinton Jr Regional Landfill,landfill,32.95900000,-96.54300000,TX,EPA_LMOP,"{""ghgrp_id"":""1004491"",""city"":""Rowlett"",""county"":""Dallas"",""zip"":""75089"",""address"":""3175 Elm Grove Road""}"
landfill_1514,Caliche Canyon LF,landfill,33.67083400,-101.86000000,TX,EPA_LMOP,"{""ghgrp_id"":""1005482"",""city"":""Lubbock"",""county"":""Lubbock"",""zip"":""79403"",""address"":""8425 N. Avenue P\n1 mile N of FM2641, .5 E of FM 1264""}"
landfill_1480,Camelot Landfill,landfill,33.02916700,-96.95100000,TX,EPA_LMOP,"{""ghgrp_id"":""1007780"",""city"":""Lewisville"",""county"":""Denton"",""zip"":""75056"",""address"":""580 Huffines Boulevard""}"
landfill_11862,Cefe Valenzuela Landfill,landfill,27.63184600,-97.57999000,TX,EPA_LMOP,"{""ghgrp_id"":""1002085"",""city"":""Robstown"",""county"":""Nueces"",""zip"":""78380"",""address"":""2397 County Road 20""}"
landfill_2275,Charter Waste Landfill,landfill,31.75480000,-102.53960000,TX,EPA_LMOP,"{""ghgrp_id"":""1002509"",""city"":""Odessa"",""county"":""Ector"",""zip"":""79763"",""address"":""12035 West Murphy Street""}"
landfill_1814,City of Amarillo Landfill,landfill,35.23000000,-102.01750000,TX,EPA_LMOP,"{""ghgrp_id"":""1006350"",""city"":""Amarillo"",""county"":""Potter"",""zip"":""79124"",""address"":""16250 Bezner Drive\n2 mi N of I-40, 5 mi W of Soncy Road""}"
landfill_1492,City of Beaumont LF,landfill,30.02892500,-94.12405300,TX,EPA_LMOP,"{""ghgrp_id"":""1002065"",""city"":""Beaumont"",""county"":""Jefferson"",""zip"":""77705"",""address"":""5895 Lafin Drive""}"
landfill_1914,City of Brownwood Landfill,landfill,31.63333400,-98.96666700,TX,EPA_LMOP,"{""city"":""Brownwood"",""county"":""Brown"",""zip"":""76801"",""address"":""6800 FM 45 S""}"
landfill_1460,City of Conroe LF,landfill,30.34000100,-95.40750000,TX,EPA_LMOP,"{""ghgrp_id"":""1007575"",""city"":""Conroe"",""county"":""Montgomery"",""zip"":""77301"",""address"":""1750 N. Loop 336 East""}"
landfill_1516,City of Corsicana LF,landfill,32.09166800,-96.41416700,TX,EPA_LMOP,"{""ghgrp_id"":""1002351"",""city"":""Corsicana"",""county"":""Navarro"",""zip"":""75110"",""address"":""2050 Jester Drive\n0.2 mi N of Magnolia Lake""}"
landfill_1805,City of Denton Landfill,landfill,33.19000100,-97.07583400,TX,EPA_LMOP,"{""ghgrp_id"":""1000372"",""city"":""Denton"",""county"":""Denton"",""zip"":""76208"",""address"":""1527 S. Mayhill Road""}"
landfill_11822,City of Edinburg Landfill,landfill,26.39765100,-98.12547100,TX,EPA_LMOP,"{""ghgrp_id"":""1007276"",""city"":""Edinburg"",""county"":""Hidalgo"",""zip"":""78539"",""address"":""900 E. Encinitos Road""}"
landfill_1463,City of Fort Worth Southeast Landfill,landfill,32.64750100,-97.23916800,TX,EPA_LMOP,"{""ghgrp_id"":""1006224"",""city"":""Forest Hill"",""county"":""Tarrant"",""zip"":""76140"",""address"":""6288 Salt Road""}"
landfill_1778,City of Garland Castle Drive Landfill,landfill,32.93500100,-96.58333400,TX,EPA_LMOP,"{""ghgrp_id"":""1000370"",""city"":""Garland"",""county"":""Dallas"",""zip"":""75040"",""address"":""3637 Castle Drive""}"
landfill_1475,City of Grand Prairie LF,landfill,32.77166000,-96.95000000,TX,EPA_LMOP,"{""ghgrp_id"":""1000090"",""city"":""Grand Prairie"",""county"":""Dallas"",""zip"":""75050"",""address"":""1102 MacArthur Boulevard""}"
landfill_20409,City of Kingsville Landfill,landfill,27.44670000,-97.81800000,TX,EPA_LMOP,"{""city"":""Kingsville"",""county"":""Kleberg"",""zip"":""78363"",""address"":""348 East C.R. 2130""}"
landfill_1501,City of Laredo LF,landfill,27.49417000,-99.41000000,TX,EPA_LMOP,"{""ghgrp_id"":""1004460"",""city"":""Laredo"",""county"":""Webb"",""zip"":""78043"",""address"":""6912 State Hwy 359\n2 miles east of Int of Loop 20 & Hwy 359""}"
landfill_11422,City of Luling Landfill,landfill,29.73464000,-97.66145000,TX,EPA_LMOP,"{""city"":""Luling"",""county"":""Caldwell""}"
landfill_1498,City of Midland MSW Landfill,landfill,31.96680100,-101.93338900,TX,EPA_LMOP,"{""ghgrp_id"":""1002538"",""city"":""Midland"",""county"":""Midland"",""zip"":""79706"",""address"":""7904 S. Garden City Highway\n7 miles east of Midland, .5 miles NE of Hwy 158""}"
landfill_1827,City of Nacogdoches Landfill,landfill,31.65000000,-94.67333400,TX,EPA_LMOP,"{""ghgrp_id"":""1002457"",""city"":""Nacogdoches"",""county"":""Nacogdoches"",""zip"":""75964"",""address"":""4602 NW Stallings Drive\nEnd of Greenwood Avenue""}"
landfill_11440,City of Nederland Landfill,landfill,29.99300000,-94.00690000,TX,EPA_LMOP,"{""city"":""Nederland"",""county"":""Jefferson"",""zip"":""77627"",""address"":""2800 N Twin City Hwy""}"
landfill_1517,City of Pampa LF,landfill,35.57166700,-100.92333400,TX,EPA_LMOP,"{""ghgrp_id"":""1002705"",""city"":""Pampa"",""county"":""Gray"",""zip"":""79065"",""address"":""N Loop 171\n1 mile N of Santa Fe RR, .75 E of Loop 171""}"
landfill_1824,City of Perryton Landfill,landfill,36.41667000,-100.78834000,TX,EPA_LMOP,"{""city"":""Perryton"",""county"":""Ochiltree"",""zip"":""79070"",""address"":""1.3 miles NE of Hwys 15 & 83 INT""}"
landfill_1802,City of Port Arthur Landfill,landfill,29.87334000,-94.07167000,TX,EPA_LMOP,"{""ghgrp_id"":""1005665"",""city"":""Beaumont"",""county"":""Jefferson"",""zip"":""77705"",""address"":""4732 West Highway 73\n2 miles W of Hazel Ave & Hwy 73 INT, 1 mile W of Taylor's Bayou""}"
landfill_20719,City of Snyder Landfill,landfill,32.68342700,-100.81364000,TX,EPA_LMOP,"{""ghgrp_id"":""1002700"",""city"":""Snyder"",""county"":""Scurry"",""zip"":""79549"",""address"":""3621 S FM 1673""}"
landfill_1826,City of Sweetwater LF,landfill,32.45609600,-100.45118100,TX,EPA_LMOP,"{""city"":""Sweetwater"",""county"":""Nolan"",""zip"":""79556"",""address"":""3000 W. Alabama Avenue\n3 miles W of downtown, 500 feet N of I-20""}"
landfill_1816,City of Victoria Landfill,landfill,28.69340000,-96.90670000,TX,EPA_LMOP,"{""ghgrp_id"":""1007802"",""city"":""Bloomington"",""county"":""Victoria"",""zip"":""77951"",""address"":""18545 FM 1686""}"
landfill_1473,City of Waco LF,landfill,31.47500100,-97.25833400,TX,EPA_LMOP,"{""ghgrp_id"":""1002554"",""city"":""Waco"",""county"":""McLennan"",""zip"":""76712"",""address"":""11400 Old McGregor Road\n1624 Hannah Hill Road""}"
landfill_1821,City of Wichita Falls LF,landfill,33.89013300,-98.66909200,TX,EPA_LMOP,"{""ghgrp_id"":""1002964"",""city"":""Wichita Falls"",""county"":""Wichita"",""zip"":""76307"",""address"":""10984 Wiley Road""}"
landfill_1491,Clint Landfill,landfill,31.59418300,-106.17336100,TX,EPA_LMOP,"{""ghgrp_id"":""1005316"",""city"":""El Paso"",""county"":""El Paso"",""zip"":""79928"",""address"":""2300 Darrington Road\n3.5 miles NE of Clint""}"
landfill_1808,Coastal Plains RDF,landfill,29.42416700,-95.19083400,TX,EPA_LMOP,"{""ghgrp_id"":""1003646"",""city"":""Alvin"",""county"":""Galveston"",""zip"":""77511"",""address"":""21000 E Highway 6\n1 mile E of county line, BTWN FM 517 & Hwy 6""}"
landfill_1815,Colorado City Landfill,landfill,32.42100000,-100.87000000,TX,EPA_LMOP,"{""city"":""Colorado City"",""county"":""Mitchell"",""zip"":""79512"",""address"":""222 W CR-141 on Rodgers Road\n.5 mile W of Hwy 208""}"
landfill_1509,Covel Gardens RDF,landfill,29.35008000,-98.64631000,TX,EPA_LMOP,"{""ghgrp_id"":""1003439"",""city"":""San Antonio"",""county"":""Bexar"",""zip"":""78252"",""address"":""8611 Covel Road""}"
landfill_1478,CSC Disposal and Landfill,landfill,32.22333400,-96.78750100,TX,EPA_LMOP,"{""ghgrp_id"":""1002644"",""city"":""Avalon"",""county"":""Ellis"",""zip"":""76623"",""address"":""101 Republic Way""}"
landfill_1461,DFW Recycling & Disposal Facility,landfill,33.01615000,-96.96316000,TX,EPA_LMOP,"{""ghgrp_id"":""1005834"",""city"":""Lewisville"",""county"":""Denton"",""zip"":""75057"",""address"":""1600 A South Railroad Street""}"
landfill_12217,East Texas Regional Landfill,landfill,32.12500000,-94.70750000,TX,EPA_LMOP,"{""ghgrp_id"":""1003337"",""city"":""Henderson"",""county"":""Rusk"",""zip"":""75653"",""address"":""5155 FM 2867 E""}"
landfill_2049,Eastside Landfill,landfill,32.76344500,-97.26522700,TX,EPA_LMOP,"{""ghgrp_id"":""1007858"",""city"":""Fort Worth"",""county"":""Tarrant"",""zip"":""76103"",""address"":""5300 E. First Street\nbtw Trinity River West Fork & Randol Mill Road""}"
landfill_2437,ECD Landfill,landfill,32.39100000,-96.65260000,TX,EPA_LMOP,"{""ghgrp_id"":""1002468"",""city"":""Ennis"",""county"":""Ellis"",""zip"":""75119"",""address"":""5703 N. IH 45""}"
landfill_11400,El Campo Landfill,landfill,29.14917000,-96.29667000,TX,EPA_LMOP,"{""city"":""El Campo"",""county"":""Wharton"",""address"":""4 miles SW of El Campo on W side of FM 1163""}"
landfill_2441,El Centro Landfill,landfill,27.72214700,-97.65578200,TX,EPA_LMOP,"{""ghgrp_id"":""1002473"",""city"":""Robstown"",""county"":""Nueces"",""zip"":""78380"",""address"":""3189 County Road 69\nINT CR 30""}"
landfill_1468,FM 812 Landfill,landfill,30.15592000,-97.67526000,TX,EPA_LMOP,"{""ghgrp_id"":""1006693"",""city"":""Austin"",""county"":""Travis"",""zip"":""78719"",""address"":""10108 FM 812""}"
landfill_1948,Fort Bend County Landfill,landfill,29.54000000,-95.83250000,TX,EPA_LMOP,"{""city"":""Rosenberg"",""county"":""Fort Bend"",""zip"":""77471"",""address"":""330 Klauke Road""}"
landfill_12101,Fort Bend Regional Landfill,landfill,29.39650000,-95.72590000,TX,EPA_LMOP,"{""ghgrp_id"":""1002321"",""city"":""Needville"",""county"":""Fort Bend"",""zip"":""77461"",""address"":""14115 Davis Estate Road""}"
landfill_20378,Fort Bliss Municipal Solid Waste Landfill,landfill,31.88189100,-106.39299800,TX,EPA_LMOP,"{""city"":""El Paso"",""county"":""El Paso"",""zip"":""79913-0058"",""address"":""Building 367, Landfill Road""}"
landfill_11361,Fort Hood Landfill,landfill,31.15640000,-97.83331000,TX,EPA_LMOP,"{""ghgrp_id"":""1002890"",""city"":""Fort Hood"",""county"":""Coryell"",""zip"":""76544"",""address"":""Turkey Run Rd & Base Rd""}"
landfill_2415,Fort Worth Regional LF,landfill,32.78870000,-97.23890000,TX,EPA_LMOP,"{""ghgrp_id"":""1004561"",""city"":""Haltom City"",""county"":""Tarrant"",""zip"":""76117"",""address"":""2100-A Minnis Drive""}"
landfill_1810,Galveston County LF,landfill,29.38810000,-95.05590000,TX,EPA_LMOP,"{""ghgrp_id"":""1005894"",""city"":""Alta Loma"",""county"":""Galveston"",""zip"":""77510"",""address"":""3935 Avenue A""}"
landfill_1477,Golden Triangle Landfill,landfill,29.99333400,-94.16916700,TX,EPA_LMOP,"{""ghgrp_id"":""1002475"",""city"":""Beaumont"",""county"":""Jefferson"",""zip"":""77705"",""address"":""6433 Labelle Road""}"
landfill_1503,Greenwood Farms Landfill,landfill,32.36916700,-95.18250100,TX,EPA_LMOP,"{""ghgrp_id"":""1005895"",""city"":""Tyler"",""county"":""Smith"",""zip"":""75708"",""address"":""12920 FM 2767""}"
landfill_11420,Hallettsville Landfill,landfill,29.45667000,-96.90250000,TX,EPA_LMOP,"{""city"":""Hallettsville"",""county"":""Lavaca"",""address"":""2.3 miles E of US Highway 77\n.3 miles N of US Highway 90A E""}"
landfill_1809,Hillside Landfill,landfill,33.58200000,-96.53600000,TX,EPA_LMOP,"{""ghgrp_id"":""1003614"",""city"":""Sherman"",""county"":""Grayson"",""zip"":""75090"",""address"":""Nelson Road""}"
landfill_1828,Hunter Ferrell Landfill,landfill,32.78390000,-96.93890000,TX,EPA_LMOP,"{""ghgrp_id"":""1006634"",""city"":""Irving"",""county"":""Dallas"",""zip"":""75060"",""address"":""110 E. Hunter Ferrell Road""}"
landfill_2044,Hutchins Landfill,landfill,32.66018400,-96.69315800,TX,EPA_LMOP,"{""ghgrp_id"":""1005896"",""city"":""Hutchins"",""county"":""Dallas"",""zip"":""75141"",""address"":""1450 E. Cleveland Road""}"
landfill_12204,IESI Buffalo Creek Landfill,landfill,33.95303300,-98.68487500,TX,EPA_LMOP,"{""ghgrp_id"":""1003339"",""city"":""Iowa Park"",""county"":""Wichita"",""zip"":""76367"",""address"":""1201 W. Smith Avenue""}"
landfill_20718,IESI Hardin County Landfill,landfill,30.34135800,-94.35670000,TX,EPA_LMOP,"{""ghgrp_id"":""1006545"",""city"":""Kountze"",""county"":""Hardin"",""zip"":""77625"",""address"":""2525 FM 770""}"
landfill_2438,Itasca Landfill,landfill,32.19000000,-97.10900000,TX,EPA_LMOP,"{""ghgrp_id"":""1002647"",""city"":""Itasca"",""county"":""Hill"",""zip"":""76055"",""address"":""2559 FM 66""}"
landfill_1469,J.C. Elliott LF,landfill,27.70750000,-97.45500000,TX,EPA_LMOP,"{""ghgrp_id"":""1002081"",""city"":""Corpus Christi"",""county"":""Nueces"",""zip"":""78415"",""address"":""7001 Ayers Street""}"
landfill_2439,Kerrville Landfill,landfill,30.01674700,-99.11817500,TX,EPA_LMOP,"{""ghgrp_id"":""1006118"",""city"":""Kerrville"",""county"":""Kerr"",""zip"":""78028"",""address"":""3315 Loop 534""}"
landfill_21133,La Gloria Ranch Landfill,landfill,26.41159100,-98.34624700,TX,EPA_LMOP,"{""ghgrp_id"":""1012903"",""city"":""Edinburg"",""county"":""Hidalgo"",""zip"":""78541"",""address"":""23485 N. Moorefield Road""}"
landfill_1499,Lacy Lakeview RDF,landfill,31.60465400,-97.05518800,TX,EPA_LMOP,"{""ghgrp_id"":""1007814"",""city"":""Waco"",""county"":""McLennan"",""zip"":""76705"",""address"":""677 Selby Lane""}"
landfill_2436,Lewisville Landfill,landfill,33.05000000,-96.98250000,TX,EPA_LMOP,"{""city"":""Lewisville"",""county"":""Denton"",""zip"":""75057"",""address"":""801 East College Street""}"
landfill_2273,Maloy Landfill,landfill,33.24230000,-95.90413000,TX,EPA_LMOP,"{""ghgrp_id"":""1002643"",""city"":""Campbell"",""county"":""Hunt"",""zip"":""75422"",""address"":""2811 FM 1568""}"
landfill_1457,Maxwell Creek LF,landfill,32.99900000,-96.57960000,TX,EPA_LMOP,"{""ghgrp_id"":""1003921"",""city"":""Wylie"",""county"":""Collin"",""zip"":""75098"",""address"":""INT of Hooper & Hensley\n1 mile S. of 544""}"
landfill_1465,McCarty Road LF,landfill,29.82750100,-95.24333400,TX,EPA_LMOP,"{""ghgrp_id"":""1006899"",""city"":""Houston"",""county"":""Harris"",""zip"":""77078"",""address"":""5757A Oates Road""}"
landfill_1471,McCombs LF,landfill,31.99500000,-106.40500000,TX,EPA_LMOP,"{""ghgrp_id"":""1007154"",""city"":""El Paso"",""county"":""El Paso"",""zip"":""79934"",""address"":""13600 McCombs Street\n4.4 mi W of US 54, 300 ft S of NM""}"
landfill_1459,McCommas Bluff Landfill,landfill,32.68416800,-96.71833400,TX,EPA_LMOP,"{""ghgrp_id"":""1006817"",""city"":""Dallas"",""county"":""Dallas"",""zip"":""75241"",""address"":""5100 Youngblood Road""}"
landfill_1470,McKinney Landfill,landfill,33.17320000,-96.61326300,TX,EPA_LMOP,"{""ghgrp_id"":""1006291"",""city"":""McKinney"",""county"":""Collin"",""zip"":""75069"",""address"":""500 Old Mill Road""}"
landfill_1807,Mesquite Creek LF,landfill,29.73247400,-98.02041900,TX,EPA_LMOP,"{""ghgrp_id"":""1007893"",""city"":""New Braunfels"",""county"":""Comal"",""zip"":""78130"",""address"":""1700 Kohlenberg Road""}"
landfill_2440,Mexia Landfill,landfill,31.61275400,-96.50346100,TX,EPA_LMOP,"{""ghgrp_id"":""1002469"",""city"":""Mexia"",""county"":""Limestone"",""zip"":""76667"",""address"":""3048 LCR 460""}"
landfill_1462,Mill Creek LF,landfill,32.82532000,-97.52565000,TX,EPA_LMOP,"{""ghgrp_id"":""1004645"",""city"":""Fort Worth"",""county"":""Tarrant"",""zip"":""76108"",""address"":""7797 Confederate Park Road""}"
landfill_2285,Nelson Gardens LF,landfill,29.34200000,-98.66800000,TX,EPA_LMOP,"{""ghgrp_id"":""1011256"",""city"":""San Antonio"",""county"":""Bexar"",""zip"":""78252"",""address"":""8963 Nelson Road\n.8 miles N of FM 2536, 2 miles W of I-410""}"
landfill_2396,New Boston Landfill,landfill,33.47190800,-94.44784400,TX,EPA_LMOP,"{""ghgrp_id"":""1007670"",""city"":""New Boston"",""county"":""Bowie"",""zip"":""75570"",""address"":""1030 Highway 82 West""}"
landfill_21409,New City of Waco Landfill,landfill,31.70179100,-96.92928100,TX,EPA_LMOP,"{""city"":""Axtell"",""county"":""McLennan"",""zip"":""76624"",""address"":""4730 TK Parkway""}"
landfill_2397,Newton County Landfill,landfill,30.34295300,-93.84162000,TX,EPA_LMOP,"{""ghgrp_id"":""1007591"",""city"":""Buna"",""county"":""Newton"",""zip"":""77612"",""address"":""Ebner Rice Field Drive / 2372 CR 3870\n5 miles North of Hwy 12 on Hwy 87""}"
landfill_2274,North County C&D Landfill,landfill,29.48400000,-95.05300000,TX,EPA_LMOP,"{""city"":""Dickinson"",""county"":""Galveston"",""zip"":""77539"",""address"":""2015 N. Wyoming Avenue""}"
landfill_12201,NTMWD 121 Regional Disposal Facility,landfill,33.29543200,-96.51881400,TX,EPA_LMOP,"{""ghgrp_id"":""1004377"",""city"":""Melissa"",""county"":""Collin"",""zip"":""75454"",""address"":""3820 Sam Rayburn Highway""}"
landfill_10760,Orange County LF,landfill,30.11742000,-93.88986000,TX,EPA_LMOP,"{""city"":""Orange"",""county"":""Orange"",""zip"":""77630"",""address"":""2600 Lawrence Road with entrance on FM 1442""}"
landfill_2398,Paris Landfill,landfill,33.77900000,-95.56500000,TX,EPA_LMOP,"{""ghgrp_id"":""1007853"",""city"":""Powderly"",""county"":""Lamar"",""zip"":""75473"",""address"":""3100 County Road 33900""}"
landfill_2047,Pecan Prairie Landfill,landfill,33.26300000,-96.16000000,TX,EPA_LMOP,"{""ghgrp_id"":""1007854"",""city"":""Celeste"",""county"":""Hunt"",""zip"":""75423"",""address"":""1308 Highway 69 N""}"
landfill_1472,Pine Hill Landfill,landfill,32.45000000,-94.83200000,TX,EPA_LMOP,"{""ghgrp_id"":""1006227"",""city"":""Kilgore"",""county"":""Gregg"",""zip"":""75662"",""address"":""1102 Pine Hill Landfill Road""}"
landfill_2443,Pleasant Oaks Landfill,landfill,33.11670000,-95.01430000,TX,EPA_LMOP,"{""ghgrp_id"":""1002513"",""city"":""Mount Pleasant"",""county"":""Titus"",""zip"":""75455"",""address"":""3031 FM 3417""}"
landfill_11360,Polk County Landfill,landfill,30.83268000,-94.92369000,TX,EPA_LMOP,"{""ghgrp_id"":""1000215"",""city"":""Livingston"",""county"":""Polk"",""zip"":""77351"",""address"":""3477 FM 942 W""}"
landfill_21221,Ponderosa Regional Landfill,landfill,27.48500000,-99.26250000,TX,EPA_LMOP,"{""city"":""Laredo"",""county"":""Webb"",""zip"":""78043"",""address"":""10705 State Highway 359\n11 miles E of Loop 20""}"
landfill_1474,Quail Canyon,landfill,33.67000000,-101.86000000,TX,EPA_LMOP,"{""city"":""Lubbock"",""county"":""Lubbock"",""zip"":""79401"",""address"":"".5 miles north of FM 2641""}"
landfill_2445,Rio Grande Valley,landfill,26.22700000,-98.02900000,TX,EPA_LMOP,"{""ghgrp_id"":""1005900"",""city"":""Donna"",""county"":""Hidalgo"",""zip"":""78537"",""address"":""FM 493 and Mile 12 Road""}"
landfill_1818,Rock Prairie Road Landfill,landfill,30.58227000,-96.25317000,TX,EPA_LMOP,"{""ghgrp_id"":""1002746"",""city"":""College Station"",""county"":""Brazos"",""zip"":""77845"",""address"":""7600 E. Rock Prairie Road""}"
landfill_1779,Royal Oaks Landfill,landfill,32.00220000,-95.26800000,TX,EPA_LMOP,"{""ghgrp_id"":""1002512"",""city"":""Jacksonville"",""county"":""Cherokee"",""zip"":""75766"",""address"":""608 CR 4102 (Heath Lane)""}"
landfill_2276,San Angelo Landfill,landfill,31.50130000,-100.38680000,TX,EPA_LMOP,"{""ghgrp_id"":""1003044"",""city"":""San Angelo"",""county"":""Tom Green"",""zip"":""76905"",""address"":""3002 Old Ballinger Highway""}"
landfill_1497,Seabreeze Environmental Landfill,landfill,29.09083400,-95.36000000,TX,EPA_LMOP,"{""ghgrp_id"":""1003281"",""city"":""Angleton"",""county"":""Brazoria"",""zip"":""77515"",""address"":""10310 FM 523""}"
landfill_1505,Security Recycling and Disposal LF,landfill,30.32920000,-95.26920000,TX,EPA_LMOP,"{""ghgrp_id"":""1007895"",""city"":""Cleveland"",""county"":""Montgomery"",""zip"":""77327"",""address"":""19248 Highway 105""}"
landfill_2442,Sinton Landfill,landfill,28.01060000,-97.55780000,TX,EPA_LMOP,"{""ghgrp_id"":""1006746"",""city"":""Sinton"",""county"":""San Patricio"",""zip"":""78387"",""address"":""FM 1945 & CR 39""}"
landfill_1456,Skyline LF,landfill,32.54900000,-96.68000000,TX,EPA_LMOP,"{""ghgrp_id"":""1007852"",""city"":""Ferris"",""county"":""Dallas"",""zip"":""75125"",""address"":""1201 N. Central""}"
landfill_1813,Southwest Landfill,landfill,35.00200000,-101.95900000,TX,EPA_LMOP,"{""ghgrp_id"":""1002648"",""city"":""Canyon"",""county"":""Randall"",""zip"":""79015"",""address"":""20700 Helium Road""}"
landfill_1489,Sunset Farms Landfill,landfill,30.33500000,-97.62500000,TX,EPA_LMOP,"{""ghgrp_id"":""1006747"",""city"":""Austin"",""county"":""Travis"",""zip"":""78754"",""address"":""9912 Giles Road""}"
landfill_2048,Temple Recycling & Disposal Facility,landfill,31.07445700,-97.30170100,TX,EPA_LMOP,"{""ghgrp_id"":""1003639"",""city"":""Temple"",""county"":""Bell"",""zip"":""76501"",""address"":""706 Landfill Rd""}"
landfill_1820,Tessman Road Landfill,landfill,29.43583400,-98.33916800,TX,EPA_LMOP,"{""ghgrp_id"":""1002471"",""city"":""San Antonio"",""county"":""Bexar"",""zip"":""78219"",""address"":""7000 I-10 East""}"
landfill_1511,Texas Disposal Systems LF,landfill,30.10900000,-97.75700000,TX,EPA_LMOP,"{""ghgrp_id"":""1005347"",""city"":""Creedmoor"",""county"":""Travis"",""zip"":""78610"",""address"":""12200 Carl Road, at INT with FM 1327\n5 miles S of Austin, 3 miles E of I-35""}"
landfill_20717,Texoma Area Solid Waste Authority Landfill,landfill,33.63220000,-96.84190000,TX,EPA_LMOP,"{""ghgrp_id"":""1003001"",""city"":""Whitesboro"",""county"":""Grayson"",""zip"":""76273"",""address"":""25090 TX-56""}"
landfill_1801,Trinity Oaks Landfill,landfill,32.68083400,-96.63000100,TX,EPA_LMOP,"{""ghgrp_id"":""1004646"",""city"":""Dallas"",""county"":""Dallas"",""zip"":""75253"",""address"":""11340 C.F. Hawn Freeway""}"
landfill_1485,Turkey Creek Landfill,landfill,32.35620000,-97.20200000,TX,EPA_LMOP,"{""ghgrp_id"":""1006465"",""city"":""Alvarado"",""county"":""Johnson"",""zip"":""76009"",""address"":""9100 South I-35 West""}"
landfill_20763,Twin Oaks Landfill,landfill,30.59812700,-96.14486600,TX,EPA_LMOP,"{""ghgrp_id"":""1011032"",""city"":""Anderson"",""county"":""Grimes"",""zip"":""77830"",""address"":""2690 State Highway 30""}"
landfill_1817,Weatherford Landfill,landfill,32.71600000,-97.85850000,TX,EPA_LMOP,"{""ghgrp_id"":""1006538"",""city"":""Weatherford"",""county"":""Parker"",""zip"":""76087"",""address"":""3131 Old Brock Road\n2 miles SW of city limits""}"
landfill_12212,West Texas Region Disposal Facility,landfill,33.81500000,-101.93300000,TX,EPA_LMOP,"{""ghgrp_id"":""1005480"",""city"":""Abernathy"",""county"":""Lubbock"",""zip"":""79311"",""address"":""17304 North FM 2528\nINT of FM 597 & FM 2528""}"
landfill_1519,Westside RDF,landfill,32.72716900,-97.53451700,TX,EPA_LMOP,"{""ghgrp_id"":""1007840"",""city"":""Aledo"",""county"":""Tarrant"",""zip"":""76008"",""address"":""3500 Linkcrest Drive""}"
landfill_1811,Whispering Pines LF,landfill,29.87900000,-95.26600000,TX,EPA_LMOP,"{""ghgrp_id"":""1002514"",""city"":""Houston"",""county"":""Harris"",""zip"":""77016"",""address"":""8101 Little York""}"
landfill_1819,Williamson County LF,landfill,30.60200000,-97.55400000,TX,EPA_LMOP,"{""ghgrp_id"":""1007799"",""city"":""Hutto"",""county"":""Williamson"",""zip"":""78634"",""address"":""600 Landfill Road\n600 CR-128 E side CR-130""}"
landfill_1539,Bayview LF,landfill,40.03385600,-111.95830600,UT,EPA_LMOP,"{""ghgrp_id"":""1006417"",""city"":""Elberta"",""county"":""Utah"",""zip"":""84626"",""address"":""10800 South State Road 68""}"
landfill_1553,Beaver County LF,landfill,38.30590000,-112.66800000,UT,EPA_LMOP,"{""city"":""Beaver"",""county"":""Beaver"",""zip"":""84713"",""address"":""1950 N 1250 W""}"
landfill_1540,Bountiful Sanitary LF,landfill,40.91300000,-111.92000000,UT,EPA_LMOP,"{""ghgrp_id"":""1003818"",""city"":""Woods Cross"",""county"":""Davis"",""zip"":""84087"",""address"":""1300 West Pages Lane""}"
landfill_1544,Carbon County LF,landfill,39.60400000,-110.76000000,UT,EPA_LMOP,"{""city"":""Price"",""county"":""Carbon"",""zip"":""84501"",""address"":""2835 E Airport Road""}"
landfill_1527,City of Logan Sanitary Landfill,landfill,41.73170000,-111.87000000,UT,EPA_LMOP,"{""ghgrp_id"":""1003949"",""city"":""Logan"",""county"":""Cache"",""zip"":""84321"",""address"":""1400 West 200 North""}"
landfill_1541,Davis County Landfill,landfill,41.11400000,-111.93100000,UT,EPA_LMOP,"{""ghgrp_id"":""1007282"",""city"":""Layton"",""county"":""Davis"",""zip"":""84040"",""address"":""1997 E 3500 N\n650 East Highway 193""}"
landfill_1565,Duchesne County LF,landfill,40.26750100,-110.36666700,UT,EPA_LMOP,"{""city"":""Duchesne"",""county"":""Duchesne"",""zip"":""84021"",""address"":""Highway 87\n8.5 miles N of town""}"
landfill_2074,ECDC Environmental Landfill,landfill,39.53400000,-110.44800000,UT,EPA_LMOP,"{""ghgrp_id"":""1007944"",""city"":""East Carbon"",""county"":""Carbon"",""zip"":""84520"",""address"":""1111 West Highway 123""}"
landfill_1545,Emery County LF,landfill,39.26230000,-111.02900000,UT,EPA_LMOP,"{""city"":""Castle Dale"",""county"":""Emery"",""zip"":""84513"",""address"":""off N. Des Bee Dove Road\n2.4 mi N of State Hwy 29""}"
landfill_1554,Garfield County/John's Valley LF,landfill,37.79880000,-112.07450000,UT,EPA_LMOP,"{""county"":""Garfield""}"
landfill_1555,Garfield County/Ticaboo LF,landfill,37.61720000,-110.72830000,UT,EPA_LMOP,"{""city"":""Ticaboo"",""county"":""Garfield"",""address"":""SR-276\n3.5 miles South of Ticaboo""}"
landfill_1522,Grouse Creek LF,landfill,41.18944600,-113.89833400,UT,EPA_LMOP,"{""city"":""Grouse Creek"",""county"":""Box Elder"",""zip"":""84313""}"
landfill_21222,Intermountain Regional Landfill,landfill,40.21532400,-112.07977900,UT,EPA_LMOP,"{""ghgrp_id"":""1014096"",""city"":""Fairfield"",""county"":""Utah"",""zip"":""84013"",""address"":""800 S. Allen Ranch Road (18150 West)""}"
landfill_1556,Iron County/ Armstrong Pit LF,landfill,37.71388900,-113.23222300,UT,EPA_LMOP,"{""city"":""Cedar City"",""county"":""Iron"",""zip"":""84720"",""address"":""3127 N Iron Springs Road""}"
landfill_1530,Juab Rural Development Agency Landfill,landfill,39.68444600,-111.92527900,UT,EPA_LMOP,"{""city"":""Nephi"",""county"":""Juab"",""zip"":""84648"",""address"":""Sheeplane Road""}"
landfill_1557,Kane County/Kanab LF,landfill,37.00555600,-112.50000000,UT,EPA_LMOP,"{""city"":""Kanab"",""county"":""Kane"",""zip"":""84741""}"
landfill_20852,Leekay Landfill,landfill,40.72616700,-112.03150000,UT,EPA_LMOP,"{""ghgrp_id"":""1003548"",""city"":""Salt Lake City"",""county"":""Salt Lake"",""zip"":""84128"",""address"":""6000 West 2100 South""}"
landfill_1558,Long Valley Sanitary Landfill,landfill,37.29916700,-112.60805600,UT,EPA_LMOP,"{""city"":""Glendale"",""county"":""Kane"",""zip"":""84729"",""address"":""1 mile S. of Glendale on Hwy 89""}"
landfill_1564,Manila City LF,landfill,40.94111200,-109.69916800,UT,EPA_LMOP,"{""city"":""Manila"",""county"":""Daggett"",""zip"":""84046"",""address"":""off Highway 44\n3 miles south of Manila""}"
landfill_1534,Millard County LF,landfill,39.32055000,-112.47138000,UT,EPA_LMOP,"{""city"":""Delta"",""county"":""Millard"",""zip"":""84624"",""address"":""2250 S. Highway 50""}"
landfill_20764,North Valley Landfill (NVL),landfill,41.99200000,-112.05100000,UT,EPA_LMOP,"{""ghgrp_id"":""1013635"",""city"":""Clarkston"",""county"":""Cache"",""zip"":""84305"",""address"":""14200 N. Stink Creek Road""}"
landfill_1537,Payson City LF,landfill,40.04000000,-111.80400000,UT,EPA_LMOP,"{""city"":""Payson"",""county"":""Utah"",""zip"":""84651"",""address"":""6665 W 10400 South""}"
landfill_1569,Provo LF,landfill,40.21000000,-111.64500000,UT,EPA_LMOP,"{""city"":""Provo"",""county"":""Utah"",""zip"":""84606"",""address"":""1625 South Industrial Parkway""}"
landfill_1528,Rich County LF,landfill,41.77777900,-111.15361200,UT,EPA_LMOP,"{""city"":""Laketown"",""county"":""Rich"",""zip"":""84038"",""address"":""off Highway 30""}"
landfill_1542,Salt Lake Valley LF,landfill,40.74600000,-112.04200000,UT,EPA_LMOP,"{""ghgrp_id"":""1003471"",""city"":""Salt Lake City"",""county"":""Salt Lake"",""zip"":""84104"",""address"":""6030 West 1300 South""}"
landfill_1536,Sevier County/Sage Flat LF,landfill,38.83500100,-111.90194500,UT,EPA_LMOP,"{""city"":""Sigurd"",""county"":""Sevier"",""address"":""Sage Flat Road\noff SR-24""}"
landfill_1560,Summit County/Three Mile Canyon LF,landfill,40.75833400,-111.40083400,UT,EPA_LMOP,"{""city"":""Coalville"",""county"":""Summit"",""zip"":""84017"",""address"":""6550 West Three Mile Canyon Road""}"
landfill_20720,Tekoi Landfill,landfill,40.35832300,-112.72441600,UT,EPA_LMOP,"{""ghgrp_id"":""1005266"",""city"":""Dugway"",""county"":""Tooele"",""zip"":""84022"",""address"":""99 Skull Valley Road""}"
landfill_1561,Tooele Army Depot LF #1,landfill,40.47027900,-112.35638900,UT,EPA_LMOP,"{""city"":""Tooele"",""county"":""Tooele"",""zip"":""84074""}"
landfill_1562,Tooele Army Depot LF #2,landfill,40.47027900,-112.35638900,UT,EPA_LMOP,"{""city"":""Tooele"",""county"":""Tooele"",""zip"":""84074""}"
landfill_1543,Trans-Jordan LF,landfill,40.55862000,-112.05300000,UT,EPA_LMOP,"{""ghgrp_id"":""1003864"",""city"":""South Jordan"",""county"":""Salt Lake"",""zip"":""84009"",""address"":""10473 South Bacchus Highway\nU-111""}"
landfill_1566,Uintah County/Vernal City LF,landfill,40.46500000,-109.47222000,UT,EPA_LMOP,"{""city"":""Vernal"",""county"":""Uintah"",""zip"":""84078"",""address"":""2801 E 500 N at Brush Creek Road\n3 mi E of Vernal""}"
landfill_12209,Wasatch Regional Landfill,landfill,40.84110000,-112.73333000,UT,EPA_LMOP,"{""ghgrp_id"":""1004351"",""city"":""North Skull Valley"",""county"":""Tooele"",""zip"":""84029"",""address"":""8833 North Rowley Road""}"
landfill_1559,Washington County Landfill,landfill,37.14320000,-113.44500000,UT,EPA_LMOP,"{""ghgrp_id"":""1005064"",""city"":""Washington"",""county"":""Washington"",""zip"":""84780"",""address"":""325 N Landfill Road""}"
landfill_1567,Weber County LF,landfill,41.21800000,-111.99000000,UT,EPA_LMOP,"{""ghgrp_id"":""1011009"",""city"":""Ogden"",""county"":""Weber"",""zip"":""84401"",""address"":""2599 A Avenue\n2840 F Avenue""}"
landfill_1535,White Hills Class I LF,landfill,39.12361000,-111.74890000,UT,EPA_LMOP,"{""city"":""Gunnison"",""county"":""Sanpete"",""address"":""off SR-137\n4 miles SE of Gunnison""}"
landfill_21196,Accomack County Northern Landfill,landfill,37.90605800,-75.53342000,VA,EPA_LMOP,"{""city"":""Atlantic"",""county"":""Accomack"",""zip"":""23303"",""address"":""9400 Cutler Lane""}"
landfill_10087,Amherst County Landfill,landfill,37.47630000,-79.03760000,VA,EPA_LMOP,"{""ghgrp_id"":""1013081"",""city"":""Madison Heights"",""county"":""Amherst"",""zip"":""24572"",""address"":""715 Kentmoor Farm Road""}"
landfill_1595,Atlantic Waste Disposal Inc.,landfill,37.06925000,-77.18108000,VA,EPA_LMOP,"{""ghgrp_id"":""1003826"",""city"":""Waverly"",""county"":""Sussex"",""zip"":""23890"",""address"":""3474 Atlantic Lane""}"
landfill_10080,Augusta County Service Authority Landfill,landfill,38.07950000,-79.05500000,VA,EPA_LMOP,"{""ghgrp_id"":""1006344"",""city"":""Staunton"",""county"":""Augusta"",""zip"":""24401"",""address"":""749 Christians Creek Road""}"
landfill_10083,Battle Creek Landfill,landfill,38.62200000,-78.58600000,VA,EPA_LMOP,"{""ghgrp_id"":""1002639"",""city"":""Luray"",""county"":""Page"",""zip"":""22835"",""address"":""806 US-340 South 219 Landfill Drive\n7 mi. W of Luray""}"
landfill_1573,Bedford City Hylton Site,landfill,37.33330000,-79.50416000,VA,EPA_LMOP,"{""city"":""Bedford"",""county"":""Bedford"",""zip"":""24523"",""address"":""856 Orange Street""}"
landfill_1574,Bedford County SLF,landfill,37.30972300,-79.50277800,VA,EPA_LMOP,"{""city"":""Bedford"",""county"":""Bedford"",""zip"":""24523"",""address"":""Route 714\nFalling Creek Road""}"
landfill_10093,Bedford County SLF 2,landfill,37.25500000,-79.48880000,VA,EPA_LMOP,"{""ghgrp_id"":""1011233"",""city"":""Bedford"",""county"":""Bedford"",""zip"":""24523"",""address"":""1060 Recycle Road\noff VA Route 43 South""}"
landfill_1584,Bethel LF,landfill,37.07201000,-76.42704000,VA,EPA_LMOP,"{""ghgrp_id"":""1007689"",""city"":""Hampton"",""county"":""Hampton city"",""zip"":""23666"",""address"":""100 North Park Lane""}"
landfill_10089,Botetourt County Landfill,landfill,37.47000000,-80.01000000,VA,EPA_LMOP,"{""city"":""Troutville"",""county"":""Botetourt"",""zip"":""24175"",""address"":""259 Landfill Road""}"
landfill_10081,Bristol Integrated Solid Waste Management Facility,landfill,36.60350000,-82.15430000,VA,EPA_LMOP,"{""ghgrp_id"":""1004848"",""city"":""Bristol"",""county"":""Bristol city"",""zip"":""24201"",""address"":""2125 Shakesville Road""}"
landfill_2333,Brunswick Waste Management Facility,landfill,36.74500000,-77.80350000,VA,EPA_LMOP,"{""ghgrp_id"":""1007680"",""city"":""Lawrenceville"",""county"":""Brunswick"",""zip"":""23868"",""address"":""107 Mallard Crossing Road""}"
landfill_20854,Campbell County Landfill,landfill,37.28050000,-79.15500000,VA,EPA_LMOP,"{""ghgrp_id"":""1005719"",""city"":""Rustburg"",""county"":""Campbell"",""zip"":""24588"",""address"":""427 Livestock Road""}"
landfill_10680,Caroline County LF,landfill,38.06689000,-77.32888000,VA,EPA_LMOP,"{""city"":""Bowling Green"",""county"":""Caroline"",""zip"":""22427"",""address"":""18280 Lakewood Road""}"
landfill_10082,Carroll-Grayson-Galax SW Authority (CGGSWA) Regional Landfill,landfill,36.75950000,-80.74900000,VA,EPA_LMOP,"{""ghgrp_id"":""1002100"",""city"":""Hillsville"",""county"":""Carroll"",""zip"":""24343"",""address"":""162 Landfill Road""}"
landfill_1575,Charles City County SLF,landfill,37.43919000,-77.13331000,VA,EPA_LMOP,"{""ghgrp_id"":""1007583"",""city"":""Charles City"",""county"":""Charles City"",""zip"":""23030"",""address"":""8000 Chambers Road""}"
landfill_1577,Chesterfield County Northern Area LF,landfill,37.44490000,-77.62650000,VA,EPA_LMOP,"{""ghgrp_id"":""1004762"",""city"":""Midlothian"",""county"":""Chesterfield"",""zip"":""23112"",""address"":""3200 Warbro Road""}"
landfill_1587,Concord Turnpike Regional Landfill,landfill,37.39200000,-79.10900000,VA,EPA_LMOP,"{""ghgrp_id"":""1003566"",""city"":""Lynchburg"",""county"":""Lynchburg city"",""zip"":""24504"",""address"":""2525 Concord Turnpike""}"
landfill_2060,Corral Farm Landfill,landfill,38.67190000,-77.77620000,VA,EPA_LMOP,"{""ghgrp_id"":""1007443"",""city"":""Warrenton"",""county"":""Fauquier"",""zip"":""20187"",""address"":""6438 College Street\n8477 Bingham Road""}"
landfill_1579,Danville City SLF,landfill,36.57220000,-79.34440000,VA,EPA_LMOP,"{""city"":""Danville"",""county"":""Danville city"",""zip"":""24543"",""address"":""Airport Road South of U.S. 58/360""}"
landfill_1600,Dinwiddie County Landfill,landfill,37.12000000,-77.62050000,VA,EPA_LMOP,"{""city"":""Dinwiddie"",""county"":""Dinwiddie"",""zip"":""23841"",""address"":""10817 Wheelers Pond Road""}"
landfill_1581,Franklin County SLF,landfill,36.92700000,-79.86260000,VA,EPA_LMOP,"{""ghgrp_id"":""1000881"",""city"":""Rocky Mount"",""county"":""Franklin"",""zip"":""24151"",""address"":""9340 Virgil H. Goode Highway\nRoute 220 South""}"
landfill_1583,Frederick County Regional Landfill,landfill,39.14160000,-78.09880000,VA,EPA_LMOP,"{""ghgrp_id"":""1004247"",""city"":""Winchester"",""county"":""Frederick"",""zip"":""22602"",""address"":""280 Landfill Road\nRoute 719""}"
landfill_1603,Greene County Landfill,landfill,38.27600000,-78.42200000,VA,EPA_LMOP,"{""city"":""Stanardsville"",""county"":""Greene"",""zip"":""22968"",""address"":""358 Mays Road""}"
landfill_10088,Greensville County LF,landfill,36.74500000,-77.60000000,VA,EPA_LMOP,"{""city"":""Emporia"",""county"":""Greensville"",""zip"":""23847"",""address"":""980 Maclins Creek Road""}"
landfill_10940,Hanover 301 LF,landfill,37.75320000,-77.35640000,VA,EPA_LMOP,"{""city"":""Hanover"",""county"":""Hanover"",""zip"":""23069"",""address"":""7301 Courtland Farm Road""}"
landfill_12102,I-66 Landfill,landfill,38.85200000,-77.38100000,VA,EPA_LMOP,"{""ghgrp_id"":""1006057"",""city"":""Fairfax"",""county"":""Fairfax"",""zip"":""22030"",""address"":""4618 West Ox Road""}"
landfill_1580,I-95 Landfill,landfill,38.68809000,-77.23734000,VA,EPA_LMOP,"{""ghgrp_id"":""1002110"",""city"":""Lorton"",""county"":""Fairfax"",""zip"":""22079"",""address"":""9850 Furnace Road""}"
landfill_1570,Ivy Material Utilization Center,landfill,38.02083000,-78.65330000,VA,EPA_LMOP,"{""ghgrp_id"":""1011257"",""city"":""Charlottesville"",""county"":""Albemarle"",""zip"":""22903"",""address"":""4576 Dick Woods Road""}"
landfill_2444,King and Queen Landfill,landfill,37.66500000,-76.77000000,VA,EPA_LMOP,"{""ghgrp_id"":""1006300"",""city"":""Little Plymouth"",""county"":""King and Queen"",""zip"":""23091"",""address"":""1000 Iris Road""}"
landfill_2071,King George Landfill Inc.,landfill,38.26964000,-77.30596000,VA,EPA_LMOP,"{""ghgrp_id"":""1007674"",""city"":""King George"",""county"":""King George"",""zip"":""22485"",""address"":""10376 Bullock Drive""}"
landfill_10084,Livingston Landfill,landfill,38.12800000,-77.70600000,VA,EPA_LMOP,"{""ghgrp_id"":""1005300"",""city"":""Spotsylvania"",""county"":""Spotsylvania"",""zip"":""22551"",""address"":""6241 Massey Road""}"
landfill_1585,Loudoun County SLF,landfill,39.04210000,-77.58130000,VA,EPA_LMOP,"{""ghgrp_id"":""1002490"",""city"":""Leesburg"",""county"":""Loudoun"",""zip"":""20175"",""address"":""21101 Evergreen Mills Road""}"
landfill_21197,Louisa County Sanitary Landfill,landfill,37.98920400,-77.88377700,VA,EPA_LMOP,"{""city"":""Mineral"",""county"":""Louisa"",""zip"":""23117"",""address"":""807 Moorfield Road""}"
landfill_10091,Lunenburg Disposal & Recycling Center,landfill,36.92400000,-78.24300000,VA,EPA_LMOP,"{""ghgrp_id"":""1013659"",""city"":""Lunenburg"",""county"":""Lunenburg"",""zip"":""23952"",""address"":""45 Landfill Road\nOff State Route 659 (Old Mansion Road)""}"
landfill_1586,Lynchburg City LF,landfill,37.39200000,-79.10900000,VA,EPA_LMOP,"{""city"":""Lynchburg"",""county"":""Lynchburg city"",""zip"":""24504"",""address"":""2525 Concord Turnpike""}"
landfill_1578,Madison District LF,landfill,37.51500000,-78.23550000,VA,EPA_LMOP,"{""city"":""Cumberland"",""county"":""Cumberland"",""zip"":""23040"",""address"":""County Road 728 North of Route 60""}"
landfill_1571,Maplewood Recycling & Waste Disposal,landfill,37.30700000,-78.06340000,VA,EPA_LMOP,"{""ghgrp_id"":""1007610"",""city"":""Jetersville"",""county"":""Amelia"",""zip"":""23083"",""address"":""20221 Maplewood Road""}"
landfill_1588,Martinsville SLF,landfill,36.71800000,-79.84600000,VA,EPA_LMOP,"{""ghgrp_id"":""1004565"",""city"":""Martinsville"",""county"":""Henry"",""zip"":""24112"",""address"":""225 Arden Circle""}"
landfill_12081,Mecklenburg County LF,landfill,36.68492300,-78.31887200,VA,EPA_LMOP,"{""ghgrp_id"":""1007038"",""city"":""Baskerville"",""county"":""Mecklenburg"",""zip"":""23915"",""address"":""518 Landfill Road""}"
landfill_2059,Menchville Road Landfill,landfill,37.09459900,-76.52714400,VA,EPA_LMOP,"{""ghgrp_id"":""1005827"",""city"":""Newport News"",""county"":""Newport News city"",""zip"":""23602"",""address"":""513 Oyster Point Road""}"
landfill_2132,Mid-County Landfill,landfill,37.17090000,-80.41070000,VA,EPA_LMOP,"{""ghgrp_id"":""1005096"",""city"":""Christiansburg"",""county"":""Montgomery"",""zip"":""24073"",""address"":""555 Authority Drive""}"
landfill_2072,Middle Peninsula Landfill,landfill,37.52020000,-76.62010000,VA,EPA_LMOP,"{""ghgrp_id"":""1007635"",""city"":""Saluda"",""county"":""Gloucester"",""zip"":""23149"",""address"":""3714 Waste Management Way""}"
landfill_2133,New River Resource Authority SWMF,landfill,37.19750000,-80.68500000,VA,EPA_LMOP,"{""ghgrp_id"":""1007662"",""city"":""Dublin"",""county"":""Pulaski"",""zip"":""24084"",""address"":""7100 Cloyd's Mountain Road""}"
landfill_1589,Newport News City Landfill No. 2,landfill,37.14750000,-76.53900000,VA,EPA_LMOP,"{""ghgrp_id"":""1005783"",""city"":""Newport News"",""county"":""Newport News city"",""zip"":""23608"",""address"":""15110 Warwick Boulevard\n550 Atkinson Way""}"
landfill_2159,Northampton County Sanitary Landfill,landfill,37.30000000,-75.93000000,VA,EPA_LMOP,"{""city"":""Cape Charles"",""county"":""Northampton"",""zip"":""23310"",""address"":""20371 Seaside Road""}"
landfill_21198,Nottoway County Sanitary Landfill - Blackstone,landfill,37.11369900,-78.01880500,VA,EPA_LMOP,"{""city"":""Blackstone"",""county"":""Nottoway"",""zip"":""23824"",""address"":""349 Livestock Road""}"
landfill_2075,Old Dominion LF,landfill,37.50800000,-77.37600000,VA,EPA_LMOP,"{""ghgrp_id"":""1006252"",""city"":""Richmond"",""county"":""Henrico"",""zip"":""23231"",""address"":""2001 Charles City Road""}"
landfill_12241,Orange County Landfill,landfill,38.24572700,-78.03387100,VA,EPA_LMOP,"{""ghgrp_id"":""1007397"",""city"":""Orange"",""county"":""Orange"",""zip"":""22960"",""address"":""11530 Porter Road Route 625""}"
landfill_2134,Page County Landfill,landfill,38.56316000,-78.51630400,VA,EPA_LMOP,"{""city"":""Stanley"",""county"":""Page"",""zip"":""22851"",""address"":""774 Eldon Yates Drive""}"
landfill_10092,Peters Mountain LF,landfill,37.77200000,-80.07250000,VA,EPA_LMOP,"{""city"":""Covington"",""county"":""Alleghany"",""zip"":""24426"",""address"":""Route 600""}"
landfill_10086,Pittsylvania County Landfill,landfill,36.76700000,-79.41350000,VA,EPA_LMOP,"{""city"":""Dry Fork"",""county"":""Pittsylvania"",""zip"":""24549"",""address"":""382 Rainbow Lane""}"
landfill_10090,Prince Edward County SLF,landfill,37.28500000,-78.48800000,VA,EPA_LMOP,"{""city"":""Farmville"",""county"":""Prince Edward"",""zip"":""23901"",""address"":""130 Trashmore Road\noff Route 648, 7 mi west of Farmville""}"
landfill_1592,Prince William County Sanitary Landfill,landfill,38.63800000,-77.42200000,VA,EPA_LMOP,"{""ghgrp_id"":""1004707"",""city"":""Manassas"",""county"":""Prince William"",""zip"":""20112"",""address"":""14811 Dumfries Road""}"
landfill_10085,Region 2000 Regional Landfill - Livestock Road Facility,landfill,37.27800000,-79.15200000,VA,EPA_LMOP,"{""ghgrp_id"":""1010693"",""city"":""Rustburg"",""county"":""Campbell"",""zip"":""24588"",""address"":""361 Livestock Road""}"
landfill_1602,Richmond Landfill,landfill,37.50910000,-77.36110000,VA,EPA_LMOP,"{""ghgrp_id"":""1007354"",""city"":""Richmond"",""county"":""Henrico"",""zip"":""23231"",""address"":""2325 Charles City Road""}"
landfill_1925,Roanoke Regional Landfill,landfill,37.24722000,-79.86805600,VA,EPA_LMOP,"{""ghgrp_id"":""1003667"",""city"":""Roanoke"",""county"":""Roanoke"",""zip"":""24014"",""address"":""3442 Rutrough Road""}"
landfill_10800,Rockbridge County SLF,landfill,37.76936000,-79.35802000,VA,EPA_LMOP,"{""ghgrp_id"":""1004446"",""city"":""Buena Vista"",""county"":""Rockbridge"",""zip"":""24416"",""address"":""225 Landfill Road""}"
landfill_2131,Rockingham County Landfill,landfill,38.39900000,-78.88110000,VA,EPA_LMOP,"{""ghgrp_id"":""1007826"",""city"":""Harrisonburg"",""county"":""Rockingham"",""zip"":""22801"",""address"":""2400 Grassy Creek Road\n813 Greendale Road""}"
landfill_12083,Scott County Sanitary LF,landfill,36.63836200,-82.56680500,VA,EPA_LMOP,"{""city"":""Gate City"",""county"":""Scott"",""zip"":""24251"",""address"":""596 Landfill Lane""}"
landfill_2338,Shenandoah County LF,landfill,38.84330000,-78.55080000,VA,EPA_LMOP,"{""ghgrp_id"":""1004847"",""city"":""Edinburg"",""county"":""Shenandoah"",""zip"":""22824"",""address"":""349 Landfill Road\noff U.S. Hwy 11""}"
landfill_1576,Shoosmith SLF,landfill,37.35120000,-77.49560000,VA,EPA_LMOP,"{""ghgrp_id"":""1007088"",""city"":""Chester"",""county"":""Chesterfield"",""zip"":""23831"",""address"":""11800 Lewis Road""}"
landfill_1593,Smith Gap Regional Landfill,landfill,37.29000000,-80.21400000,VA,EPA_LMOP,"{""ghgrp_id"":""1003666"",""city"":""Salem"",""county"":""Roanoke"",""zip"":""24153"",""address"":""8484 Bradshaw Road""}"
landfill_12082,South Boston Sanitary LF,landfill,36.71878000,-78.90099800,VA,EPA_LMOP,"{""city"":""South Boston"",""county"":""Halifax"",""zip"":""24592"",""address"":""2411 Younger Avenue""}"
landfill_1601,Springfield Road LF,landfill,37.67917000,-77.56610000,VA,EPA_LMOP,"{""ghgrp_id"":""1006071"",""city"":""Glen Allen"",""county"":""Henrico"",""zip"":""23060"",""address"":""10600 Fords Country Lane""}"
landfill_1597,SPSA Regional LF,landfill,36.75900000,-76.52200000,VA,EPA_LMOP,"{""ghgrp_id"":""1014304"",""city"":""Suffolk"",""county"":""Suffolk city"",""zip"":""23434"",""address"":""1 Bob Foeller Drive""}"
landfill_20721,SRPSA Butcher Creek Landfill,landfill,36.72500000,-78.44000000,VA,EPA_LMOP,"{""ghgrp_id"":""1010994"",""city"":""Chase City"",""county"":""Mecklenburg"",""zip"":""23924"",""address"":""4803 Highway 92""}"
landfill_1594,Stafford County LF,landfill,38.38500000,-77.41250000,VA,EPA_LMOP,"{""ghgrp_id"":""1007096"",""city"":""Stafford"",""county"":""Stafford"",""zip"":""22554"",""address"":""489 Eskimo Hill Road""}"
landfill_2045,Tazewell County Landfill,landfill,37.18500000,-81.44400000,VA,EPA_LMOP,"{""ghgrp_id"":""1005371"",""city"":""North Tazewell"",""county"":""Tazewell"",""zip"":""24630"",""address"":""245 Lynn Hollow Road""}"
landfill_1591,Tri-City Regional Landfill,landfill,37.24000000,-77.37800000,VA,EPA_LMOP,"{""ghgrp_id"":""1003322"",""city"":""Petersburg"",""county"":""Petersburg city"",""zip"":""23803"",""address"":""390 Industrial Drive""}"
landfill_1596,Virginia Beach Landfill No. 2,landfill,36.78500000,-76.20500000,VA,EPA_LMOP,"{""ghgrp_id"":""1006561"",""city"":""Virginia Beach"",""county"":""Virginia Beach city"",""zip"":""23464"",""address"":""1989 Jake Sears Road""}"
landfill_10094,Wise County Sanitary Landfill,landfill,36.93000000,-82.68000000,VA,EPA_LMOP,"{""city"":""Norton"",""county"":""Wise"",""zip"":""24273"",""address"":""5401-B Kent Junction Road""}"
landfill_2295,Anguilla Landfill,landfill,17.70600000,-64.77800000,VI,EPA_LMOP,"{""city"":""Anguilla"",""county"":""St. Croix"",""address"":""Off Route 66\nsouth side of island""}"
landfill_2296,Bovoni Landfill,landfill,18.31300000,-64.88550000,VI,EPA_LMOP,"{""city"":""Bovoni"",""county"":""St. Thomas"",""address"":""Off Route 30\nsoutheast side of island""}"
landfill_1850,Brattleboro,landfill,42.89480000,-72.54010000,VT,EPA_LMOP,"{""city"":""Brattleboro"",""county"":""Windham"",""zip"":""05301"",""address"":""327 Old Ferry Road""}"
landfill_2400,Chittenden County LF,landfill,44.47600000,-73.07600000,VT,EPA_LMOP,"{""city"":""Williston"",""county"":""Chittenden"",""zip"":""05495"",""address"":""Redmond Road""}"
landfill_2037,Lamoille District Transfer Station / Eden,landfill,44.53570000,-72.48470000,VT,EPA_LMOP,"{""city"":""Morrisville"",""county"":""Lamoille""}"
landfill_2042,Moretown Landfill Inc.,landfill,44.31100000,-72.70250000,VT,EPA_LMOP,"{""ghgrp_id"":""1004320"",""city"":""Waterbury"",""county"":""Washington"",""zip"":""05676"",""address"":""19 Kaiser Drive""}"
landfill_2041,NEWSVT Landfill,landfill,44.90858300,-72.22150000,VT,EPA_LMOP,"{""ghgrp_id"":""1005261"",""city"":""Newport"",""county"":""Orleans"",""zip"":""05855"",""address"":""21 Landfill Lane\noff Airport Road""}"
landfill_2446,Rathe Brother's Landfill,landfill,44.51800000,-73.18950000,VT,EPA_LMOP,"{""city"":""Colchester"",""county"":""Chittenden"",""zip"":""05446"",""address"":""Box 81 Rathe Road""}"
landfill_2036,Town of Bristol Landfill,landfill,44.14370000,-73.08070000,VT,EPA_LMOP,"{""city"":""Bristol"",""county"":""Addison""}"
landfill_2039,Town of Salisbury Landfill,landfill,43.89930000,-73.10020000,VT,EPA_LMOP,"{""city"":""Salisbury"",""county"":""Addison""}"
landfill_1632,Aberdeen LF,landfill,46.98740000,-123.79990000,WA,EPA_LMOP,"{""city"":""Aberdeen"",""county"":""Grays Harbor"",""zip"":""98520""}"
landfill_1604,Asotin County Regional Landfill,landfill,46.38551000,-117.10970000,WA,EPA_LMOP,"{""ghgrp_id"":""1014475"",""city"":""Clarkston"",""county"":""Asotin"",""zip"":""99403"",""address"":""2901 6th Avenue""}"
landfill_1605,Bruce LF,landfill,47.13460000,-118.39690000,WA,EPA_LMOP,"{""city"":""Ritzville"",""county"":""Adams"",""zip"":""99169""}"
landfill_1633,Cathcart LF,landfill,47.87067600,-122.12191600,WA,EPA_LMOP,"{""ghgrp_id"":""1006550"",""city"":""Snohomish"",""county"":""Snohomish"",""zip"":""98296"",""address"":""8915 Cathcart Way\noff Highway 9, S of Snohomish""}"
landfill_1606,Cedar Hills Regional LF,landfill,47.44200000,-122.06000000,WA,EPA_LMOP,"{""ghgrp_id"":""1007822"",""city"":""Maple Valley"",""county"":""King"",""zip"":""98038"",""address"":""16645 228th Avenue SE""}"
landfill_1607,Centralia LF,landfill,46.69666900,-122.96330000,WA,EPA_LMOP,"{""city"":""Centralia"",""county"":""Lewis"",""zip"":""98531"",""address"":""1313 S. Tower Avenue""}"
landfill_1608,Cheyne Road LF,landfill,46.47845100,-120.26889800,WA,EPA_LMOP,"{""ghgrp_id"":""1004918"",""city"":""Zillah"",""county"":""Yakima"",""zip"":""98953"",""address"":""4970 Cheyne Road""}"
landfill_20759,Cowlitz County Headquarters Landfill,landfill,46.24872500,-122.77810900,WA,EPA_LMOP,"{""ghgrp_id"":""1008180"",""city"":""Castle Rock"",""county"":""Cowlitz"",""zip"":""98611"",""address"":""3434 South Silver Lake Road""}"
landfill_1610,Cowlitz County Landfill,landfill,46.10800000,-122.90500000,WA,EPA_LMOP,"{""ghgrp_id"":""1005412"",""city"":""Longview"",""county"":""Cowlitz"",""zip"":""98632"",""address"":""85 Tennant Way""}"
landfill_1611,Delano LF,landfill,47.94200000,-118.99000000,WA,EPA_LMOP,"{""city"":""Grand Coulee"",""county"":""Grant"",""zip"":""99133""}"
landfill_1612,Ephrata LF,landfill,47.27000000,-119.57400000,WA,EPA_LMOP,"{""ghgrp_id"":""1007160"",""city"":""Ephrata"",""county"":""Grant"",""zip"":""98823"",""address"":""3803 Neva Lake Road, NW\noff Highway 28""}"
landfill_1613,Fort Lewis LF #5,landfill,47.11800000,-122.63100000,WA,EPA_LMOP,"{""ghgrp_id"":""1001561"",""city"":""Joint Base Lewis-McChord"",""county"":""Pierce"",""zip"":""98433"",""address"":""Dupont-Steilacoom Road""}"
landfill_1614,Greater Wenatchee LF,landfill,47.40420000,-120.17040000,WA,EPA_LMOP,"{""ghgrp_id"":""1007818"",""city"":""East Wenatchee"",""county"":""Douglas"",""zip"":""98802"",""address"":""191 Webb Road S""}"
landfill_1637,Hansville LF,landfill,47.84800000,-122.54900000,WA,EPA_LMOP,"{""city"":""Kingston"",""county"":""Kitsap"",""zip"":""98346"",""address"":""7791 NE Ecology Road""}"
landfill_1616,Hidden Valley LF,landfill,47.09430000,-122.29370000,WA,EPA_LMOP,"{""ghgrp_id"":""1004384"",""city"":""Puyallup"",""county"":""Pierce"",""zip"":""98375"",""address"":""17925 Meridian Street East""}"
landfill_1638,Hobart LF,landfill,47.38850000,-121.97400000,WA,EPA_LMOP,"{""city"":""Maple Valley"",""county"":""King"",""zip"":""98038"",""address"":""24041 276th Avenue SE""}"
landfill_1617,Holden Village LF,landfill,47.84700000,-120.02660000,WA,EPA_LMOP,"{""city"":""Holden Village"",""county"":""Chelan"",""zip"":""98816""}"
landfill_1624,Horn Rapids Landfill,landfill,46.34600000,-119.34600000,WA,EPA_LMOP,"{""ghgrp_id"":""1007090"",""city"":""Richland"",""county"":""Benton"",""zip"":""99352"",""address"":""3102 Twin Bridges Road""}"
landfill_1639,Inman LF,landfill,48.51000000,-122.43360000,WA,EPA_LMOP,"{""city"":""Bow"",""county"":""Skagit"",""zip"":""98232"",""address"":""920 Inman Lane""}"
landfill_1656,Kent Highlands LF,landfill,47.39300000,-122.28820000,WA,EPA_LMOP,"{""city"":""Kent"",""county"":""King"",""zip"":""98032"",""address"":""23076 Military Road South""}"
landfill_11040,Land Recovery Landfill,landfill,46.97100000,-122.29050000,WA,EPA_LMOP,"{""ghgrp_id"":""1004679"",""city"":""Graham"",""county"":""Pierce"",""zip"":""98338"",""address"":""30919 Meridian Street East""}"
landfill_1640,Leichner LF,landfill,45.69030000,-122.57580000,WA,EPA_LMOP,"{""city"":""Vancouver"",""county"":""Clark"",""zip"":""98662"",""address"":""9411 NE 94th Avenue""}"
landfill_1641,Mason County LF,landfill,47.25220000,-123.18800000,WA,EPA_LMOP,"{""city"":""Shelton"",""county"":""Mason"",""zip"":""98584"",""address"":""501 W. Eells Hill Road""}"
landfill_1619,New Waste Inc. LF,landfill,46.26000000,-119.05300000,WA,EPA_LMOP,"{""city"":""Pasco"",""county"":""Franklin"",""zip"":""99301"",""address"":""1901 Dietrich Road""}"
landfill_1620,Northside LF,landfill,47.72700000,-117.48970000,WA,EPA_LMOP,"{""ghgrp_id"":""1007258"",""city"":""Spokane"",""county"":""Spokane"",""zip"":""99208"",""address"":""5502 W. Nine Mile Road""}"
landfill_1621,Okanogan Central LF,landfill,48.34000000,-119.62100000,WA,EPA_LMOP,"{""city"":""Okanogan"",""county"":""Okanogan"",""zip"":""98840""}"
landfill_1648,Olalla LF,landfill,47.43000000,-122.61300000,WA,EPA_LMOP,"{""city"":""Olalla"",""county"":""Kitsap"",""zip"":""98359"",""address"":""2850 SE Burley-Olalla Road""}"
landfill_1622,"Olympic View Sanitary LF, Inc. (OVSL)",landfill,47.50100000,-122.78200000,WA,EPA_LMOP,"{""ghgrp_id"":""1003586"",""city"":""Port Orchard"",""county"":""Kitsap"",""zip"":""98367"",""address"":""10015 SW Barney White Road""}"
landfill_1649,Pasco SLF,landfill,46.25500000,-119.05300000,WA,EPA_LMOP,"{""city"":""Pasco"",""county"":""Franklin"",""zip"":""99301"",""address"":""1901 Dietrich Road""}"
landfill_1623,Port Angeles SLF,landfill,48.13162000,-123.51769000,WA,EPA_LMOP,"{""city"":""Port Angeles"",""county"":""Clallam"",""zip"":""98362"",""address"":""3501 W 18th Street""}"
landfill_1642,Purdy LF,landfill,47.39100000,-122.61100000,WA,EPA_LMOP,"{""city"":""Gig Harbor"",""county"":""Pierce"",""zip"":""98335"",""address"":""14515 54th Avenue NW""}"
landfill_1651,Rainbow Valley LF,landfill,46.71000000,-123.82300000,WA,EPA_LMOP,"{""city"":""Raymond"",""county"":""Pacific"",""zip"":""98577"",""address"":""Highway 105""}"
landfill_1625,Roosevelt Regional MSW Landfill,landfill,45.80500000,-120.17400000,WA,EPA_LMOP,"{""ghgrp_id"":""1003676"",""city"":""Roosevelt"",""county"":""Klickitat"",""zip"":""99356"",""address"":""500 Roosevelt Grade Road""}"
landfill_1626,Ryegrass LF,landfill,46.96500000,-120.21300000,WA,EPA_LMOP,"{""city"":""Ellensburg"",""county"":""Kittitas"",""zip"":""98926"",""address"":""25900 Vantage Highway""}"
landfill_1653,Snipes Mountain LF,landfill,46.32084400,-120.12192800,WA,EPA_LMOP,"{""city"":""Outlook"",""county"":""Yakima"",""address"":""1150 Luther Road""}"
landfill_1627,Stevens County LF,landfill,48.58024500,-118.08478900,WA,EPA_LMOP,"{""city"":""Kettles Falls"",""county"":""Stevens"",""zip"":""99141"",""address"":""1257 Landfill Road""}"
landfill_1628,Sudbury Road LF,landfill,46.07500000,-118.41000000,WA,EPA_LMOP,"{""city"":""Walla Walla"",""county"":""Walla Walla"",""zip"":""99362"",""address"":""414 Landfill Road""}"
landfill_1609,Tacoma City Solid Waste Facility,landfill,47.23000000,-122.49900000,WA,EPA_LMOP,"{""ghgrp_id"":""1005619"",""city"":""Tacoma"",""county"":""Pierce"",""zip"":""98409"",""address"":""3510 S. Mullen Street""}"
landfill_1629,Terrace Heights LF,landfill,46.60617000,-120.40520000,WA,EPA_LMOP,"{""ghgrp_id"":""1004916"",""city"":""Yakima"",""county"":""Yakima"",""zip"":""98901"",""address"":""7151 Roza Hill Drive""}"
landfill_1615,Thurston County Waste and Recovery Center,landfill,47.06710000,-122.76460000,WA,EPA_LMOP,"{""city"":""Olympia"",""county"":""Thurston"",""zip"":""98516"",""address"":""2418 Hogum Bay Road N.E.""}"
landfill_1630,Vashon LF,landfill,47.43680000,-122.50000000,WA,EPA_LMOP,"{""city"":""Vashon Island"",""county"":""King"",""zip"":""98038"",""address"":""18910 Westside Highway SW""}"
landfill_1631,Yakima Firing Center,landfill,46.60530000,-120.47720000,WA,EPA_LMOP,"{""city"":""Yakima"",""county"":""Yakima"",""zip"":""98901""}"
landfill_1657,Adams County Resource Recovery LF,landfill,44.02489000,-89.84648000,WI,EPA_LMOP,"{""city"":""Friendship"",""county"":""Adams"",""zip"":""53934"",""address"":""1420 State Road 21""}"
landfill_1658,Brown County East LF,landfill,44.41200000,-88.01400000,WI,EPA_LMOP,"{""ghgrp_id"":""1004947"",""city"":""De Pere"",""county"":""Brown"",""zip"":""54115"",""address"":""3800 Heritage Road""}"
landfill_1659,Brown County West LF,landfill,44.51220000,-88.15450000,WI,EPA_LMOP,"{""ghgrp_id"":""1004742"",""city"":""Oneida"",""county"":""Brown"",""zip"":""54155"",""address"":""3734 Mason Street""}"
landfill_1702,Cranberry Creek Landfill LLC,landfill,44.40918000,-89.85482000,WI,EPA_LMOP,"{""ghgrp_id"":""1001845"",""city"":""Wisconsin Rapids"",""county"":""Wood"",""zip"":""54495"",""address"":""2510 Engel Road""}"
landfill_1709,Dane County LF #1-Verona,landfill,42.99280000,-89.52610000,WI,EPA_LMOP,"{""city"":""Verona"",""county"":""Dane"",""zip"":""53593"",""address"":""6718 E. Verona Avenue""}"
landfill_1660,Dane County LF #2-Rodefeld,landfill,43.04500000,-89.25400000,WI,EPA_LMOP,"{""ghgrp_id"":""1006096"",""city"":""Madison"",""county"":""Dane"",""zip"":""53718"",""address"":""7102 U.S. Highway 12 & 18""}"
landfill_1661,Deer Track Park Landfill,landfill,43.08690000,-88.75660000,WI,EPA_LMOP,"{""ghgrp_id"":""1007878"",""city"":""Watertown"",""county"":""Jefferson"",""zip"":""53094"",""address"":""N6756 Waldmann Lane""}"
landfill_1662,Door County SLF,landfill,44.84360000,-87.37480000,WI,EPA_LMOP,"{""city"":""Sturgeon Bay"",""county"":""Door"",""zip"":""54235""}"
landfill_1663,Easton Town LF,landfill,43.82140000,-89.80780000,WI,EPA_LMOP,"{""city"":""Easton"",""county"":""Adams"",""zip"":""53910"",""address"":""Evergreen Drive""}"
landfill_1712,Emerald Park Landfill LLC,landfill,42.85100000,-88.07450000,WI,EPA_LMOP,"{""ghgrp_id"":""1007212"",""city"":""Muskego"",""county"":""Waukesha"",""zip"":""53150"",""address"":""W124 S10629 S 124th Street""}"
landfill_1667,Glacier Ridge Landfill LLC,landfill,43.46500000,-88.55500000,WI,EPA_LMOP,"{""ghgrp_id"":""1007195"",""city"":""Horicon"",""county"":""Dodge"",""zip"":""53032"",""address"":""N7296 County Road V""}"
landfill_1666,Hayward Town LF,landfill,45.99600000,-91.52900000,WI,EPA_LMOP,"{""city"":""Hayward"",""county"":""Sawyer"",""zip"":""54843"",""address"":""U.S. Highway 63 & Stress Road""}"
landfill_2152,Hickory Meadows Landfill LLC,landfill,44.10500000,-88.19200000,WI,EPA_LMOP,"{""ghgrp_id"":""1001847"",""city"":""Hilbert"",""county"":""Calumet"",""zip"":""54129"",""address"":""W3105 Schneider Road""}"
landfill_21142,Highway G Sanitary LF,landfill,45.96819900,-89.41576600,WI,EPA_LMOP,"{""city"":""Eagle River"",""county"":""Vilas"",""zip"":""54521"",""address"":""7001 CR G""}"
landfill_1669,Jackson County SLF,landfill,44.29230000,-90.84890000,WI,EPA_LMOP,"{""city"":""Black River Falls"",""county"":""Jackson"",""zip"":""54615""}"
landfill_1697,Janesville City/Rock County Landfill,landfill,42.70460000,-89.02180000,WI,EPA_LMOP,"{""ghgrp_id"":""1004328"",""city"":""Janesville"",""county"":""Rock"",""zip"":""53545"",""address"":""525 Blackbridge Road""}"
landfill_1674,Kestrel Hawk Landfill,landfill,42.70740000,-87.87030000,WI,EPA_LMOP,"{""ghgrp_id"":""1003625"",""city"":""Racine"",""county"":""Racine"",""zip"":""53406"",""address"":""1989 Oakes Road""}"
landfill_1670,Kewaunee County Solid Waste Balefill,landfill,44.43230000,-87.56280000,WI,EPA_LMOP,"{""city"":""Kewaunee"",""county"":""Kewaunee"",""zip"":""54216"",""address"":""E3726 County Road L""}"
landfill_1672,La Crosse County Landfill,landfill,43.87800000,-91.15700000,WI,EPA_LMOP,"{""ghgrp_id"":""1000536"",""city"":""La Crosse"",""county"":""La Crosse"",""zip"":""54601"",""address"":""3200 Berlin Drive\n6500 State Road 16""}"
landfill_1673,Lake Area Landfill,landfill,45.68900000,-91.83100000,WI,EPA_LMOP,"{""ghgrp_id"":""1002208"",""city"":""Sarona"",""county"":""Washburn"",""zip"":""54870"",""address"":""W5987 County Hwy D""}"
landfill_1675,Lincoln County SLF,landfill,45.28520000,-89.60580000,WI,EPA_LMOP,"{""city"":""Merrill"",""county"":""Lincoln"",""zip"":""54452"",""address"":""N4570 Landfill Lane""}"
landfill_1676,Mallard Ridge Landfill Inc.,landfill,42.64412000,-88.72180000,WI,EPA_LMOP,"{""ghgrp_id"":""1002038"",""city"":""Delavan"",""county"":""Walworth"",""zip"":""53115"",""address"":""W8470 State Road 11""}"
landfill_1678,Marathon County Landfill,landfill,44.89043900,-89.38486700,WI,EPA_LMOP,"{""ghgrp_id"":""1002307"",""city"":""Ringle"",""county"":""Marathon"",""zip"":""54471"",""address"":""18500 East Highway 29""}"
landfill_1679,Marinette/Oconto County LF,landfill,45.23759100,-88.09254400,WI,EPA_LMOP,"{""city"":""Crivitz"",""county"":""Marinette"",""zip"":""54114"",""address"":""N7785 Shaffer Road""}"
landfill_1681,Metro RDF,landfill,42.84951000,-88.06500000,WI,EPA_LMOP,"{""ghgrp_id"":""1007725"",""city"":""Franklin"",""county"":""Milwaukee"",""zip"":""53132"",""address"":""10712 South 124th Street""}"
landfill_1682,Metropolitan Refuse District Incorporated LF,landfill,43.10550000,-89.50610000,WI,EPA_LMOP,"{""city"":""Middleton"",""county"":""Dane"",""zip"":""53562""}"
landfill_1701,Moccasin Mike SLF,landfill,46.67100000,-91.96650000,WI,EPA_LMOP,"{""ghgrp_id"":""1001770"",""city"":""Superior"",""county"":""Douglas"",""zip"":""54880"",""address"":""15 Moccasin Mike Road\noff Hwy 53 and 2""}"
landfill_1684,Montello City LF,landfill,43.80440000,-89.32520000,WI,EPA_LMOP,"{""city"":""Montello"",""county"":""Marquette"",""zip"":""53949"",""address"":""Fern Avenue""}"
landfill_1686,Oneida County SLF and Demolition,landfill,45.64675000,-89.54983000,WI,EPA_LMOP,"{""city"":""Rhinelander"",""county"":""Oneida"",""zip"":""54501""}"
landfill_2151,Orchard Ridge RDF,landfill,43.18800000,-88.07650000,WI,EPA_LMOP,"{""ghgrp_id"":""1006876"",""city"":""Menomonee Falls"",""county"":""Waukesha"",""zip"":""53051"",""address"":""W124 N9355 Boundary Road""}"
landfill_1687,Outagamie County LF,landfill,44.28720000,-88.34870000,WI,EPA_LMOP,"{""ghgrp_id"":""1007075"",""city"":""Appleton"",""county"":""Outagamie"",""zip"":""54911"",""address"":""1419 Holland Road""}"
landfill_1689,Pheasant Run Recycling and Disposal Facility,landfill,42.58275000,-88.04383000,WI,EPA_LMOP,"{""ghgrp_id"":""1007726"",""city"":""Bristol"",""county"":""Kenosha"",""zip"":""53104"",""address"":""19414 60th Street""}"
landfill_1691,Portage County Sanitary Landfill,landfill,44.51730000,-89.39550000,WI,EPA_LMOP,"{""city"":""Custer"",""county"":""Portage"",""zip"":""54423"",""address"":""1430 County Road QQ""}"
landfill_1693,Princeton City LF,landfill,43.79580000,-89.08380000,WI,EPA_LMOP,"{""city"":""Princeton"",""county"":""Green Lake"",""zip"":""54968"",""address"":""Highway 73""}"
landfill_1695,Ridgeview RDF,landfill,44.17250000,-87.84180000,WI,EPA_LMOP,"{""ghgrp_id"":""1007834"",""city"":""Whitelaw"",""county"":""Manitowoc"",""zip"":""54247"",""address"":""6207 Hempton Lake Road""}"
landfill_1683,Ridgeville Site I,landfill,43.87300000,-90.58300000,WI,EPA_LMOP,"{""city"":""Norwalk"",""county"":""Monroe"",""zip"":""54648"",""address"":""20448 Junco Road""}"
landfill_11561,Ridgeville Site II,landfill,43.87300000,-90.57800000,WI,EPA_LMOP,"{""city"":""Norwalk"",""county"":""Monroe"",""zip"":""56648"",""address"":""20448 Junco Road""}"
landfill_1698,Round Lake Town LF-A Site,landfill,46.01890000,-91.19950000,WI,EPA_LMOP,"{""city"":""Round Lake"",""county"":""Sawyer"",""address"":""County Highway A""}"
landfill_1699,Sauk County SLF,landfill,43.51840000,-89.87800000,WI,EPA_LMOP,"{""city"":""Baraboo"",""county"":""Sauk"",""zip"":""53913"",""address"":""E8795B Evergreen Lane""}"
landfill_1665,Seven Mile Creek Landfill,landfill,44.83750000,-91.36720000,WI,EPA_LMOP,"{""ghgrp_id"":""1006964"",""city"":""Eau Claire"",""county"":""Eau Claire"",""zip"":""54703"",""address"":""8001 Olson Drive""}"
landfill_1700,Sheboygan Falls City LF,landfill,43.74350000,-87.82090000,WI,EPA_LMOP,"{""city"":""Sheboygan Falls"",""county"":""Sheboygan"",""zip"":""53085"",""address"":""111 Hamann Drive""}"
landfill_2407,Timberline Trail Recycling & Disposal Facility,landfill,45.45417000,-91.35838000,WI,EPA_LMOP,"{""ghgrp_id"":""1007705"",""city"":""Weyerhaeuser"",""county"":""Rusk"",""zip"":""54895"",""address"":""N4581 N. Hutchinson Road""}"
landfill_1703,Troy Area Landfill,landfill,42.76634500,-88.40651000,WI,EPA_LMOP,"{""ghgrp_id"":""1004474"",""city"":""East Troy"",""county"":""Walworth"",""zip"":""53120"",""address"":""N. 7617 Highway 120""}"
landfill_1704,"Valley Meadows Landfill, LLC",landfill,42.85790000,-88.80020000,WI,EPA_LMOP,"{""city"":""Fort Atkinson"",""county"":""Jefferson"",""zip"":""53538"",""address"":""W5429 Hoge Road""}"
landfill_1705,Valley Trail Recycling & Disposal Facility,landfill,43.95983000,-88.90632000,WI,EPA_LMOP,"{""ghgrp_id"":""1007704"",""city"":""Berlin"",""county"":""Green Lake"",""zip"":""54923"",""address"":""N9101 Willard Road""}"
landfill_21143,Vernon County Solid Waste/Recycling Facility,landfill,43.59791000,-90.83991500,WI,EPA_LMOP,"{""city"":""Viroqua"",""county"":""Vernon"",""zip"":""54665"",""address"":""S3705 County Road""}"
landfill_1706,Winnebago County Snell Road Landfill,landfill,44.06000000,-88.56500000,WI,EPA_LMOP,"{""ghgrp_id"":""1007065"",""city"":""Oshkosh"",""county"":""Winnebago"",""zip"":""54904"",""address"":""3390 Walter Street\n1955 West Snell Road""}"
landfill_1707,Winnebago County Sunnyview Landfill,landfill,44.08261000,-88.54592000,WI,EPA_LMOP,"{""ghgrp_id"":""1007224"",""city"":""Oshkosh"",""county"":""Winnebago"",""zip"":""54901"",""address"":""100 W County Road Y\nOff Highway 76""}"
landfill_20862,WMWI Stone Ridge Recycling and Disposal,landfill,42.89367400,-88.18643000,WI,EPA_LMOP,"{""ghgrp_id"":""1007954"",""city"":""Muskego"",""county"":""Waukesha"",""zip"":""53150"",""address"":""S82 W21595 Wauer Lane""}"
landfill_10160,Brooke County LF (Subtitle D),landfill,40.38123000,-80.57751000,WV,EPA_LMOP,"{""city"":""Colliers"",""county"":""Brooke"",""zip"":""26035"",""address"":""1118 Petrillo Road\nHarmon Creek Road RD2 Box 410""}"
landfill_2207,City of Charleston Landfill,landfill,38.31279000,-81.61854000,WV,EPA_LMOP,"{""ghgrp_id"":""1002359"",""city"":""Charleston"",""county"":""Kanawha"",""zip"":""25304"",""address"":""741 South Park Road""}"
landfill_11961,Copper Ridge LF,landfill,37.48000000,-81.60000000,WV,EPA_LMOP,"{""city"":""Capels"",""county"":""McDowell"",""zip"":""24801"",""address"":""Route 7""}"
landfill_2205,Disposal Service Inc. Landfill,landfill,38.40500000,-82.01900000,WV,EPA_LMOP,"{""ghgrp_id"":""1003544"",""city"":""Hurricane"",""county"":""Putnam"",""zip"":""25526"",""address"":""1100 State Route 34 South""}"
landfill_2219,Elkins Landfill,landfill,38.92900000,-79.98655000,WV,EPA_LMOP,"{""city"":""Elkins"",""county"":""Randolph"",""zip"":""26241"",""address"":""Rte 151 towards Buckhannon\n2 miles from Route 33""}"
landfill_2220,Greenbrier County Landfill,landfill,37.82760000,-80.37930000,WV,EPA_LMOP,"{""city"":""Lewisburg"",""county"":""Greenbrier"",""zip"":""24901"",""address"":""Harper Road PO Box 1664""}"
landfill_2210,Ham Sanitary Landfill Inc.,landfill,37.43632000,-80.76918000,WV,EPA_LMOP,"{""city"":""Peterstown"",""county"":""Monroe"",""zip"":""24963"",""address"":""1 Bozoo Road""}"
landfill_2208,LCS Services Landfill,landfill,39.57302000,-77.98788000,WV,EPA_LMOP,"{""ghgrp_id"":""1007584"",""city"":""Hedgesville"",""county"":""Berkeley"",""zip"":""25427"",""address"":""911 Allensville Road""}"
landfill_2206,Meadowfill Landfill,landfill,39.33861000,-80.25694000,WV,EPA_LMOP,"{""ghgrp_id"":""1007667"",""city"":""Bridgeport"",""county"":""Harrison"",""zip"":""26330"",""address"":""1488 Dawson Drive""}"
landfill_2215,Mercer County Landfill,landfill,37.33199000,-81.12497000,WV,EPA_LMOP,"{""ghgrp_id"":""1000425"",""city"":""Princeton"",""county"":""Mercer"",""zip"":""24740"",""address"":""749 Frontage Road\nShelter Road""}"
landfill_2222,Nicholas County Solid Waste Authority LF,landfill,38.33850000,-80.71000000,WV,EPA_LMOP,"{""city"":""Calvin"",""county"":""Nicholas"",""zip"":""26660"",""address"":""Route 55""}"
landfill_2212,Northwestern Landfill,landfill,39.24923000,-81.49249000,WV,EPA_LMOP,"{""ghgrp_id"":""1007587"",""city"":""Parkersburg"",""county"":""Wood"",""zip"":""26104"",""address"":""510 E. Dry Run Road\noff Highway 50""}"
landfill_2218,Pocahontas County Landfill,landfill,38.27900000,-79.93650000,WV,EPA_LMOP,"{""city"":""Dunmore"",""county"":""Pocahontas"",""zip"":""24954"",""address"":""Route 28 about 5 miles from Route 39""}"
landfill_2150,Raleigh County SWA Landfill,landfill,37.81670000,-81.16310000,WV,EPA_LMOP,"{""ghgrp_id"":""1007785"",""city"":""Beckley"",""county"":""Raleigh"",""zip"":""25801"",""address"":""200 Fernandez Drive\n918 Ragland Road""}"
landfill_2209,S & S Grading Inc. Landfill,landfill,39.22057000,-80.40832000,WV,EPA_LMOP,"{""ghgrp_id"":""1007636"",""city"":""Clarksburg"",""county"":""Harrison"",""zip"":""26301"",""address"":""4439 Good Hope Pike""}"
landfill_2224,Short Creek Sanitary Landfill,landfill,40.14831000,-80.64112000,WV,EPA_LMOP,"{""ghgrp_id"":""1003104"",""city"":""Wheeling"",""county"":""Ohio"",""zip"":""26003"",""address"":""258 North Fork Road""}"
landfill_2216,Sycamore Landfill,landfill,38.39950000,-82.02500000,WV,EPA_LMOP,"{""ghgrp_id"":""1002086"",""city"":""Hurricane"",""county"":""Putnam"",""zip"":""25526"",""address"":""4301 Sycamore Ridge Road""}"
landfill_2214,Tucker County Landfill,landfill,39.14200000,-79.47000000,WV,EPA_LMOP,"{""ghgrp_id"":""1011302"",""city"":""Davis"",""county"":""Tucker"",""zip"":""26260"",""address"":""284 Landfill Road""}"
landfill_21067,Webster County Landfill,landfill,38.44313400,-80.46052500,WV,EPA_LMOP,"{""city"":""Webster Springs"",""county"":""Webster"",""address"":""Excelsior Pleasant Ridge Road""}"
landfill_2225,Wetzel County Landfill,landfill,39.60502000,-80.85639000,WV,EPA_LMOP,"{""ghgrp_id"":""1011036"",""city"":""New Martinsville"",""county"":""Wetzel"",""zip"":""26155"",""address"":""Cider Run Route 1, Box 156A""}"
landfill_20722,Campbell County Landfill No.2,landfill,44.39256000,-105.49038000,WY,EPA_LMOP,"{""ghgrp_id"":""1011229"",""city"":""Gillette"",""county"":""Campbell"",""zip"":""82716"",""address"":""4 North Landfill Road""}"
landfill_11100,Casper Balefill,landfill,42.87319200,-106.28309700,WY,EPA_LMOP,"{""ghgrp_id"":""1005225"",""city"":""Evansville"",""county"":""Natrona"",""zip"":""82636"",""address"":""1886 N. Station Road""}"
landfill_2196,Cheyenne Landfill,landfill,41.13500000,-105.00500000,WY,EPA_LMOP,"{""ghgrp_id"":""1005583"",""city"":""Cheyenne"",""county"":""Laramie"",""zip"":""82009"",""address"":""1461 Happy Jack Road""}"
landfill_21136,Eastern Laramie County SWDD,landfill,41.23085200,-104.33648800,WY,EPA_LMOP,"{""ghgrp_id"":""1013159"",""city"":""Burns"",""county"":""Laramie"",""zip"":""82053"",""address"":""4990 CR 216""}"
landfill_11140,Sheridan Existing Landfill,landfill,44.80433500,-106.92340600,WY,EPA_LMOP,"{""city"":""Sheridan"",""county"":""Sheridan"",""zip"":""82801"",""address"":""83 East Ridge Road""}"
