id,name,category,lat,lon,state,source,metadata_json
superfund_AK4170024323,ADAK NAVAL AIR STATION,superfund_npl,51.87253189,-176.64178390,AK,EPA NPL Superfund,"{""external_id"":""AK4170024323"",""geometry_fallback"":""centroid"",""layer"":""SITE_BOUNDARIES_SF""}"
superfund_AKD004904215,ALASKA BATTERY ENTERPRISES,superfund_npl,64.81987113,-147.70682141,AK,EPA NPL Superfund,"{""external_id"":""AKD004904215"",""geometry_fallback"":""centroid"",""layer"":""SITE_BOUNDARIES_SF""}"
superfund_AKD980983241,ALASKA RAILROAD ANCHORAGE YARD,superfund_npl,61.22630674,-149.87934578,AK,EPA NPL Superfund,"{""external_id"":""AKD980983241"",""geometry_fallback"":""centroid"",""layer"":""SITE_BOUNDARIES_SF""}"
superfund_AKD980988158,ARCTIC SURPLUS,superfund_npl,64.81175941,-147.56723551,AK,EPA NPL Superfund,"{""external_id"":""AKD980988158"",""geometry_fallback"":""centroid"",""layer"":""SITE_BOUNDARIES_SF""}"
superfund_AK1570028646,EIELSON AIR FORCE BASE,superfund_npl,64.68518711,-147.09097009,AK,EPA NPL Superfund,"{""combined_boundary_parts"":3,""external_id"":""AK1570028646"",""geometry_fallback"":""centroid"",""layer"":""SITE_BOUNDARIES_SF"",""representative_point"":""mean_of_boundary_part_centroids""}"
superfund_AK8570028649,ELMENDORF AIR FORCE BASE,superfund_npl,61.26460658,-149.80291005,AK,EPA NPL Superfund,"{""external_id"":""AK8570028649"",""geometry_fallback"":""centroid"",""layer"":""SITE_BOUNDARIES_SF""}"
superfund_AK6214522157,FORT RICHARDSON (USARMY),superfund_npl,61.26602156,-149.64101051,AK,EPA NPL Superfund,"{""external_id"":""AK6214522157"",""geometry_fallback"":""centroid"",""layer"":""SITE_BOUNDARIES_SF""}"
superfund_AK6210022426,FORT WAINWRIGHT,superfund_npl,64.58676226,-147.40474913,AK,EPA NPL Superfund,"{""external_id"":""AK6210022426"",""geometry_fallback"":""centroid"",""layer"":""SITE_BOUNDARIES_SF""}"
superfund_AK0001897602,SALT CHUCK MINE,superfund_npl,55.62129830,-132.55354818,AK,EPA NPL Superfund,"{""combined_boundary_parts"":2,""external_id"":""AK0001897602"",""geometry_fallback"":""centroid"",""layer"":""SITE_BOUNDARIES_SF"",""representative_point"":""mean_of_boundary_part_centroids""}"
superfund_ALN000410750,35TH AVENUE,superfund_npl,33.55938963,-86.80281246,AL,EPA NPL Superfund,"{""external_id"":""ALN000410750"",""geometry_fallback"":""centroid"",""layer"":""SITE_BOUNDARIES_SF""}"
superfund_AL6210020008,ALABAMA ARMY AMMUNITION PLANT,superfund_npl,33.33825384,-86.32681322,AL,EPA NPL Superfund,"{""external_id"":""AL6210020008"",""geometry_fallback"":""centroid"",""layer"":""SITE_BOUNDARIES_SF""}"
superfund_ALD004022448,"ALABAMA PLATING COMPANY, INC.",superfund_npl,33.39874182,-86.40422734,AL,EPA NPL Superfund,"{""external_id"":""ALD004022448"",""geometry_fallback"":""centroid"",""layer"":""SITE_BOUNDARIES_SF""}"
superfund_ALD981868466,AMERICAN BRASS INC.,superfund_npl,31.32139925,-85.40267688,AL,EPA NPL Superfund,"{""external_id"":""ALD981868466"",""geometry_fallback"":""centroid"",""layer"":""SITE_BOUNDARIES_SF""}"
superfund_AL3210020027,ANNISTON ARMY DEPOT (SOUTHEAST INDUSTRIAL AREA),superfund_npl,33.65415563,-85.96975615,AL,EPA NPL Superfund,"{""external_id"":""AL3210020027"",""geometry_fallback"":""centroid"",""layer"":""SITE_BOUNDARIES_SF""}"
superfund_ALD000400123,ANNISTON PCB SITE (MONSANTO CO),superfund_npl,33.56931176,-85.96230318,AL,EPA NPL Superfund,"{""external_id"":""ALD000400123"",""geometry_fallback"":""centroid"",""layer"":""SITE_BOUNDARIES_SF""}"
superfund_AL0001058056,CAPITOL CITY PLUME,superfund_npl,32.37921348,-86.30361353,AL,EPA NPL Superfund,"{""external_id"":""AL0001058056"",""geometry_fallback"":""centroid"",""layer"":""SITE_BOUNDARIES_SF""}"
superfund_ALD001221902,CIBA-GEIGY CORP. (MCINTOSH PLANT),superfund_npl,31.27850501,-87.99899523,AL,EPA NPL Superfund,"{""external_id"":""ALD001221902"",""geometry_fallback"":""centroid"",""layer"":""SITE_BOUNDARIES_SF""}"
superfund_ALD041906173,INTERSTATE LEAD CO. (ILCO),superfund_npl,33.53722852,-86.53296172,AL,EPA NPL Superfund,"{""external_id"":""ALD041906173"",""geometry_fallback"":""centroid"",""layer"":""SITE_BOUNDARIES_SF""}"
superfund_ALD031618069,MOWBRAY ENGINEERING CO.,superfund_npl,31.83246507,-86.61295997,AL,EPA NPL Superfund,"{""external_id"":""ALD031618069"",""geometry_fallback"":""centroid"",""layer"":""SITE_BOUNDARIES_SF""}"
superfund_ALD008188708,OLIN CORP. (MCINTOSH PLANT),superfund_npl,31.26043857,-88.00909318,AL,EPA NPL Superfund,"{""external_id"":""ALD008188708"",""geometry_fallback"":""centroid"",""layer"":""SITE_BOUNDARIES_SF""}"
superfund_ALD980728703,PERDIDO GROUND WATER CONTAMINATION,superfund_npl,31.00552713,-87.62623200,AL,EPA NPL Superfund,"{""external_id"":""ALD980728703"",""geometry_fallback"":""centroid"",""layer"":""SITE_BOUNDARIES_SF""}"
superfund_ALD980844385,"REDWING CARRIERS, INC. (SARALAND)",superfund_npl,30.80893427,-88.07339782,AL,EPA NPL Superfund,"{""external_id"":""ALD980844385"",""geometry_fallback"":""centroid"",""layer"":""SITE_BOUNDARIES_SF""}"
superfund_ALD095688875,STAUFFER CHEMICAL CO. (COLD CREEK PLANT),superfund_npl,30.97586866,-88.02008071,AL,EPA NPL Superfund,"{""external_id"":""ALD095688875"",""geometry_fallback"":""centroid"",""layer"":""SITE_BOUNDARIES_SF""}"
superfund_ALD008161176,STAUFFER CHEMICAL CO. (LEMOYNE PLANT),superfund_npl,30.97186736,-88.01109887,AL,EPA NPL Superfund,"{""external_id"":""ALD008161176"",""geometry_fallback"":""centroid"",""layer"":""SITE_BOUNDARIES_SF""}"
superfund_ALD007454085,T.H. AGRICULTURE & NUTRITION CO. (MONTGOMERY PLANT),superfund_npl,32.37592667,-86.37915482,AL,EPA NPL Superfund,"{""external_id"":""ALD007454085"",""geometry_fallback"":""centroid"",""layer"":""SITE_BOUNDARIES_SF""}"
superfund_ALD983166299,TRIANA/TENNESSEE RIVER,superfund_npl,34.61584638,-86.68086749,AL,EPA NPL Superfund,"{""external_id"":""ALD983166299"",""geometry_fallback"":""centroid"",""layer"":""SITE_BOUNDARIES_SF""}"
superfund_AL7210020742,USARMY/NASA REDSTONE ARSENAL,superfund_npl,34.63274585,-86.65746117,AL,EPA NPL Superfund,"{""external_id"":""AL7210020742"",""geometry_fallback"":""centroid"",""layer"":""SITE_BOUNDARIES_SF""}"
superfund_ARD084930148,"ARKWOOD, INC.",superfund_npl,36.44570569,-93.19775947,AR,EPA NPL Superfund,"{""external_id"":""ARD084930148"",""geometry_fallback"":""centroid"",""layer"":""SITE_BOUNDARIES_SF""}"
superfund_ARD980496186,CECIL LINDSEY,superfund_npl,35.63501764,-91.22560047,AR,EPA NPL Superfund,"{""external_id"":""ARD980496186"",""geometry_fallback"":""centroid"",""layer"":""SITE_BOUNDARIES_SF""}"
superfund_ARD990660649,CEDAR CHEMICAL CORPORATION,superfund_npl,34.51964297,-90.65315512,AR,EPA NPL Superfund,"{""external_id"":""ARD990660649"",""geometry_fallback"":""centroid"",""layer"":""SITE_BOUNDARIES_SF""}"
superfund_ARD059636456,FRIT INDUSTRIES,superfund_npl,36.11762433,-90.93443798,AR,EPA NPL Superfund,"{""external_id"":""ARD059636456"",""geometry_fallback"":""centroid"",""layer"":""SITE_BOUNDARIES_SF""}"
superfund_ARD035662469,GURLEY PIT,superfund_npl,35.12065144,-90.31163378,AR,EPA NPL Superfund,"{""external_id"":""ARD035662469"",""geometry_fallback"":""centroid"",""layer"":""SITE_BOUNDARIES_SF""}"
superfund_ARD980496368,INDUSTRIAL WASTE CONTROL,superfund_npl,35.23995293,-94.35283052,AR,EPA NPL Superfund,"{""external_id"":""ARD980496368"",""geometry_fallback"":""centroid"",""layer"":""SITE_BOUNDARIES_SF""}"
superfund_ARD980809941,JACKSONVILLE MUNICIPAL LANDFILL,superfund_npl,34.86386386,-92.07177601,AR,EPA NPL Superfund,"{""external_id"":""ARD980809941"",""geometry_fallback"":""centroid"",""layer"":""SITE_BOUNDARIES_SF""}"
superfund_ARD008049207,MACMILLAN RING FREE OIL,superfund_npl,33.30726718,-92.65530415,AR,EPA NPL Superfund,"{""external_id"":""ARD008049207"",""geometry_fallback"":""centroid"",""layer"":""SITE_BOUNDARIES_SF""}"
superfund_ARD092916188,MID-SOUTH WOOD PRODUCTS,superfund_npl,34.56999315,-94.25798874,AR,EPA NPL Superfund,"{""external_id"":""ARD092916188"",""geometry_fallback"":""centroid"",""layer"":""SITE_BOUNDARIES_SF""}"
superfund_ARD980864110,MONROE AUTO EQUIPMENT CO. (PARAGOULD PIT),superfund_npl,36.02107635,-90.57513113,AR,EPA NPL Superfund,"{""external_id"":""ARD980864110"",""geometry_fallback"":""centroid"",""layer"":""SITE_BOUNDARIES_SF""}"
superfund_ARD049658628,MOUNTAIN PINE PRESSURE TREATING,superfund_npl,34.98193667,-93.30398658,AR,EPA NPL Superfund,"{""external_id"":""ARD049658628"",""geometry_fallback"":""centroid"",""layer"":""SITE_BOUNDARIES_SF""}"
superfund_ARD980745665,OLD MIDLAND PRODUCTS,superfund_npl,35.02639463,-93.20418148,AR,EPA NPL Superfund,"{""external_id"":""ARD980745665"",""geometry_fallback"":""centroid"",""layer"":""SITE_BOUNDARIES_SF""}"
superfund_ARD042755231,OUACHITA NEVADA WOOD TREATER,superfund_npl,33.76008157,-93.10442819,AR,EPA NPL Superfund,"{""external_id"":""ARD042755231"",""geometry_fallback"":""centroid"",""layer"":""SITE_BOUNDARIES_SF""}"
superfund_ARD008052508,"POPILE, INC.",superfund_npl,33.18119083,-92.67275053,AR,EPA NPL Superfund,"{""external_id"":""ARD008052508"",""geometry_fallback"":""centroid"",""layer"":""SITE_BOUNDARIES_SF""}"
superfund_ARD981055809,ROGERS ROAD MUNICIPAL LANDFILL,superfund_npl,34.86123030,-92.07808806,AR,EPA NPL Superfund,"{""external_id"":""ARD981055809"",""geometry_fallback"":""centroid"",""layer"":""SITE_BOUNDARIES_SF""}"
superfund_ARD980496723,SOUTH 8TH STREET LANDFILL,superfund_npl,35.12601265,-90.16930064,AR,EPA NPL Superfund,"{""external_id"":""ARD980496723"",""geometry_fallback"":""centroid"",""layer"":""SITE_BOUNDARIES_SF""}"
superfund_ARD000023440,"VERTAC, INC.",superfund_npl,34.87727132,-92.13196426,AR,EPA NPL Superfund,"{""external_id"":""ARD000023440"",""geometry_fallback"":""centroid"",""layer"":""SITE_BOUNDARIES_SF""}"
superfund_ASD980637656,TAPUTIMU FARM,superfund_npl,-14.35780404,-170.77565837,AS,EPA NPL Superfund,"{""external_id"":""ASD980637656"",""geometry_fallback"":""centroid"",""layer"":""SITE_BOUNDARIES_SF""}"
superfund_AZD008399263,APACHE POWDER CO.,superfund_npl,31.88626523,-110.24301754,AZ,EPA NPL Superfund,"{""external_id"":""AZD008399263"",""geometry_fallback"":""centroid"",""layer"":""SITE_BOUNDARIES_SF""}"
superfund_AZD008397127,ASARCO HAYDEN PLANT,superfund_npl,32.99587685,-110.79714942,AZ,EPA NPL Superfund,"{""external_id"":""AZD008397127"",""geometry_fallback"":""centroid"",""layer"":""SITE_BOUNDARIES_SF""}"
superfund_AZD094524097,CYPRUS TOHONO MINE,superfund_npl,32.51126363,-111.93011533,AZ,EPA NPL Superfund,"{""external_id"":""AZD094524097"",""geometry_fallback"":""centroid"",""layer"":""SITE_BOUNDARIES_SF""}"
superfund_AZD980735666,HASSAYAMPA LANDFILL,superfund_npl,33.36934015,-112.74860752,AZ,EPA NPL Superfund,"{""external_id"":""AZD980735666"",""geometry_fallback"":""centroid"",""layer"":""SITE_BOUNDARIES_SF""}"
superfund_AZD980695969,INDIAN BEND WASH AREA,superfund_npl,33.44375774,-111.90909690,AZ,EPA NPL Superfund,"{""external_id"":""AZD980695969"",""geometry_fallback"":""centroid"",""layer"":""SITE_BOUNDARIES_SF""}"
superfund_AZ0000309013,IRON KING MINE - HUMBOLDT SMELTER,superfund_npl,34.49909532,-112.24493868,AZ,EPA NPL Superfund,"{""external_id"":""AZ0000309013"",""geometry_fallback"":""centroid"",""layer"":""SITE_BOUNDARIES_SF""}"
superfund_AZ0570024133,LUKE AIR FORCE BASE,superfund_npl,33.53625384,-112.37309313,AZ,EPA NPL Superfund,"{""external_id"":""AZ0570024133"",""geometry_fallback"":""centroid"",""layer"":""SITE_BOUNDARIES_SF""}"
superfund_AZD009004177,"MOTOROLA, INC. (52ND STREET PLANT)",superfund_npl,33.45278484,-112.02327347,AZ,EPA NPL Superfund,"{""external_id"":""AZD009004177"",""geometry_fallback"":""centroid"",""layer"":""SITE_BOUNDARIES_SF""}"
superfund_AZD980735724,MOUNTAIN VIEW MOBILE HOME ESTATES,superfund_npl,33.37424529,-110.73721216,AZ,EPA NPL Superfund,"{""external_id"":""AZD980735724"",""geometry_fallback"":""centroid"",""layer"":""SITE_BOUNDARIES_SF""}"
superfund_AZD980496780,NINETEENTH AVENUE LANDFILL,superfund_npl,33.41680865,-112.09555456,AZ,EPA NPL Superfund,"{""external_id"":""AZD980496780"",""geometry_fallback"":""centroid"",""layer"":""SITE_BOUNDARIES_SF""}"
superfund_AZD980695902,PHOENIX-GOODYEAR AIRPORT AREA,superfund_npl,33.46130255,-112.36182873,AZ,EPA NPL Superfund,"{""external_id"":""AZD980695902"",""geometry_fallback"":""centroid"",""layer"":""SITE_BOUNDARIES_SF""}"
superfund_AZD980737530,TUCSON INTERNATIONAL AIRPORT AREA,superfund_npl,32.11770509,-110.94741607,AZ,EPA NPL Superfund,"{""external_id"":""AZD980737530"",""geometry_fallback"":""centroid"",""layer"":""SITE_BOUNDARIES_SF""}"
superfund_AZ7570028582,WILLIAMS AIR FORCE BASE,superfund_npl,33.30626886,-111.66160835,AZ,EPA NPL Superfund,"{""external_id"":""AZ7570028582"",""geometry_fallback"":""centroid"",""layer"":""SITE_BOUNDARIES_SF""}"
superfund_AZ0971590062,YUMA MARINE CORPS AIR STATION,superfund_npl,32.65076968,-114.60196555,AZ,EPA NPL Superfund,"{""external_id"":""AZ0971590062"",""geometry_fallback"":""centroid"",""layer"":""SITE_BOUNDARIES_SF""}"
superfund_CAD048634059,"ADVANCED MICRO DEVICES, INC.",superfund_npl,37.38202837,-122.00863962,CA,EPA NPL Superfund,"{""external_id"":""CAD048634059"",""geometry_fallback"":""centroid"",""layer"":""SITE_BOUNDARIES_SF""}"
superfund_CAT080034234,"ADVANCED MICRO DEVICES, INC. (BUILDING 915)",superfund_npl,37.38713594,-122.00715876,CA,EPA NPL Superfund,"{""external_id"":""CAT080034234"",""geometry_fallback"":""centroid"",""layer"":""SITE_BOUNDARIES_SF""}"
superfund_CAD980358832,AEROJET GENERAL CORP.,superfund_npl,38.60069620,-121.23474057,CA,EPA NPL Superfund,"{""external_id"":""CAD980358832"",""geometry_fallback"":""centroid"",""layer"":""SITE_BOUNDARIES_SF""}"
superfund_CAN000908808,AFTERTHOUGHT MINE,superfund_npl,40.73051651,-122.07417618,CA,EPA NPL Superfund,"{""external_id"":""CAN000908808"",""geometry_fallback"":""centroid"",""layer"":""SITE_BOUNDARIES_SF""}"
superfund_CA2170023236,ALAMEDA NAVAL AIR STATION,superfund_npl,37.78388724,-122.30858230,CA,EPA NPL Superfund,"{""external_id"":""CA2170023236"",""geometry_fallback"":""centroid"",""layer"":""SITE_BOUNDARIES_SF""}"
superfund_CAD098229214,ALARK HARD CHROME,superfund_npl,33.99110942,-117.36751085,CA,EPA NPL Superfund,"{""external_id"":""CAD098229214"",""geometry_fallback"":""centroid"",""layer"":""SITE_BOUNDARIES_SF""}"
superfund_CA0001576081,AMCO CHEMICAL,superfund_npl,37.80283721,-122.29488951,CA,EPA NPL Superfund,"{""external_id"":""CA0001576081"",""geometry_fallback"":""centroid"",""layer"":""SITE_BOUNDARIES_SF""}"
superfund_CAD042728840,APPLIED MATERIALS,superfund_npl,37.37771567,-121.97862775,CA,EPA NPL Superfund,"{""external_id"":""CAD042728840"",""geometry_fallback"":""centroid"",""layer"":""SITE_BOUNDARIES_SF""}"
superfund_CAD980496863,ATLAS ASBESTOS MINE,superfund_npl,36.28717455,-120.54536749,CA,EPA NPL Superfund,"{""external_id"":""CAD980496863"",""geometry_fallback"":""centroid"",""layer"":""SITE_BOUNDARIES_SF""}"
superfund_CA8170024261,BARSTOW MARINE CORPS LOGISTICS BASE,superfund_npl,34.87372849,-116.90834347,CA,EPA NPL Superfund,"{""external_id"":""CA8170024261"",""geometry_fallback"":""centroid"",""layer"":""SITE_BOUNDARIES_SF""}"
superfund_CAD048645444,BECKMAN INSTRUMENTS (PORTERVILLE PLANT),superfund_npl,36.04902764,-119.03442965,CA,EPA NPL Superfund,"{""external_id"":""CAD048645444"",""geometry_fallback"":""centroid"",""layer"":""SITE_BOUNDARIES_SF""}"
superfund_CAN000906063,BLUE LEDGE MINE,superfund_npl,41.96894785,-123.11198720,CA,EPA NPL Superfund,"{""external_id"":""CAN000906063"",""geometry_fallback"":""centroid"",""layer"":""SITE_BOUNDARIES_SF""}"
superfund_CAD052384021,"BROWN & BRYANT, INC. (ARVIN PLANT)",superfund_npl,35.20023122,-118.82209623,CA,EPA NPL Superfund,"{""external_id"":""CAD052384021"",""geometry_fallback"":""centroid"",""layer"":""SITE_BOUNDARIES_SF""}"
superfund_CA2170023533,CAMP PENDLETON MARINE CORPS BASE,superfund_npl,33.36063848,-117.42039694,CA,EPA NPL Superfund,"{""external_id"":""CA2170023533"",""geometry_fallback"":""centroid"",""layer"":""SITE_BOUNDARIES_SF""}"
superfund_CAD020748125,CASMALIA RESOURCES,superfund_npl,34.86299578,-120.54501678,CA,EPA NPL Superfund,"{""external_id"":""CAD020748125"",""geometry_fallback"":""centroid"",""layer"":""SITE_BOUNDARIES_SF""}"
superfund_CA3570024551,CASTLE AIR FORCE BASE (6 AREAS),superfund_npl,37.37570313,-120.56876756,CA,EPA NPL Superfund,"{""external_id"":""CA3570024551"",""geometry_fallback"":""centroid"",""layer"":""SITE_BOUNDARIES_SF""}"
superfund_CAD980638860,CELTOR CHEMICAL WORKS,superfund_npl,41.10249857,-123.69074015,CA,EPA NPL Superfund,"{""external_id"":""CAD980638860"",""geometry_fallback"":""centroid"",""layer"":""SITE_BOUNDARIES_SF""}"
superfund_CAD980817217,COALINGA ASBESTOS MINE,superfund_npl,36.27795045,-120.50006751,CA,EPA NPL Superfund,"{""external_id"":""CAD980817217"",""geometry_fallback"":""centroid"",""layer"":""SITE_BOUNDARIES_SF""}"
superfund_CAD063015887,COAST WOOD PRESERVING,superfund_npl,39.11096145,-123.19443229,CA,EPA NPL Superfund,"{""external_id"":""CAD063015887"",""geometry_fallback"":""centroid"",""layer"":""SITE_BOUNDARIES_SF""}"
superfund_CA7170024528,CONCORD NAVAL WEAPONS STATION,superfund_npl,38.02306838,-122.00210122,CA,EPA NPL Superfund,"{""external_id"":""CA7170024528"",""geometry_fallback"":""centroid"",""layer"":""SITE_BOUNDARIES_SF""}"
superfund_CAD055753370,COOPER DRUM CO.,superfund_npl,33.94762991,-118.17989020,CA,EPA NPL Superfund,"{""external_id"":""CAD055753370"",""geometry_fallback"":""centroid"",""layer"":""SITE_BOUNDARIES_SF""}"
superfund_CAD980638225,COPPER BLUFF MINE,superfund_npl,41.10993806,-123.68690580,CA,EPA NPL Superfund,"{""external_id"":""CAD980638225"",""geometry_fallback"":""centroid"",""layer"":""SITE_BOUNDARIES_SF""}"
superfund_CAD980498455,CRAZY HORSE SANITARY LANDFILL,superfund_npl,36.80206868,-121.61953711,CA,EPA NPL Superfund,"{""external_id"":""CAD980498455"",""geometry_fallback"":""centroid"",""layer"":""SITE_BOUNDARIES_SF""}"
superfund_CAD009212838,"CTS PRINTEX, INC.",superfund_npl,37.41786806,-122.08939299,CA,EPA NPL Superfund,"{""external_id"":""CAD009212838"",""geometry_fallback"":""centroid"",""layer"":""SITE_BOUNDARIES_SF""}"
superfund_CAD029544731,DEL AMO,superfund_npl,33.85156669,-118.29209801,CA,EPA NPL Superfund,"{""external_id"":""CAD029544731"",""geometry_fallback"":""centroid"",""layer"":""SITE_BOUNDARIES_SF""}"
superfund_CAD000626176,DEL NORTE PESTICIDE STORAGE,superfund_npl,41.77308073,-124.23237419,CA,EPA NPL Superfund,"{""external_id"":""CAD000626176"",""geometry_fallback"":""centroid"",""layer"":""SITE_BOUNDARIES_SF""}"
superfund_CA1570024504,EDWARDS AIR FORCE BASE,superfund_npl,34.88985872,-117.84850443,CA,EPA NPL Superfund,"{""external_id"":""CA1570024504"",""geometry_fallback"":""centroid"",""layer"":""SITE_BOUNDARIES_SF""}"
superfund_CA6170023208,EL TORO MARINE CORPS AIR STATION,superfund_npl,33.67589953,-117.71908021,CA,EPA NPL Superfund,"{""external_id"":""CA6170023208"",""geometry_fallback"":""centroid"",""layer"":""SITE_BOUNDARIES_SF""}"
superfund_CAD095989778,FAIRCHILD SEMICONDUCTOR CORP. (MOUNTAIN VIEW PLANT),superfund_npl,37.40645292,-122.05611922,CA,EPA NPL Superfund,"{""external_id"":""CAD095989778"",""geometry_fallback"":""centroid"",""layer"":""SITE_BOUNDARIES_SF""}"
superfund_CAD097012298,FAIRCHILD SEMICONDUCTOR CORP. (SOUTH SAN JOSE PLANT),superfund_npl,37.23182374,-121.77480824,CA,EPA NPL Superfund,"{""external_id"":""CAD097012298"",""geometry_fallback"":""centroid"",""layer"":""SITE_BOUNDARIES_SF""}"
superfund_CAD990793887,FIRESTONE TIRE & RUBBER CO. (SALINAS PLANT),superfund_npl,36.62517982,-121.59111726,CA,EPA NPL Superfund,"{""external_id"":""CAD990793887"",""geometry_fallback"":""centroid"",""layer"":""SITE_BOUNDARIES_SF""}"
superfund_CA7210020676,FORT ORD,superfund_npl,36.62672054,-121.76984746,CA,EPA NPL Superfund,"{""external_id"":""CA7210020676"",""geometry_fallback"":""centroid"",""layer"":""SITE_BOUNDARIES_SF""}"
superfund_CAD980636914,FRESNO MUNICIPAL SANITARY LANDFILL,superfund_npl,36.69860009,-119.83071771,CA,EPA NPL Superfund,"{""external_id"":""CAD980636914"",""geometry_fallback"":""centroid"",""layer"":""SITE_BOUNDARIES_SF""}"
superfund_CAD071530380,FRONTIER FERTILIZER,superfund_npl,38.55264888,-121.70183140,CA,EPA NPL Superfund,"{""external_id"":""CAD071530380"",""geometry_fallback"":""centroid"",""layer"":""SITE_BOUNDARIES_SF""}"
superfund_CA2570024453,GEORGE AIR FORCE BASE,superfund_npl,34.58484768,-117.37251554,CA,EPA NPL Superfund,"{""external_id"":""CA2570024453"",""geometry_fallback"":""centroid"",""layer"":""SITE_BOUNDARIES_SF""}"
superfund_CAD009688052,HALACO ENGINEERING COMPANY,superfund_npl,34.13794742,-119.17999020,CA,EPA NPL Superfund,"{""external_id"":""CAD009688052"",""geometry_fallback"":""centroid"",""layer"":""SITE_BOUNDARIES_SF""}"
superfund_CAD980884209,HEWLETT-PACKARD (620-640 PAGE MILL ROAD),superfund_npl,37.42217398,-122.14091123,CA,EPA NPL Superfund,"{""external_id"":""CAD980884209"",""geometry_fallback"":""centroid"",""layer"":""SITE_BOUNDARIES_SF""}"
superfund_CA1170090087,HUNTERS POINT NAVAL SHIPYARD,superfund_npl,37.72202187,-122.36659807,CA,EPA NPL Superfund,"{""external_id"":""CA1170090087"",""geometry_fallback"":""centroid"",""layer"":""SITE_BOUNDARIES_SF""}"
superfund_CAD980736284,INDUSTRIAL WASTE PROCESSING,superfund_npl,36.84246882,-119.81027093,CA,EPA NPL Superfund,"{""external_id"":""CAD980736284"",""geometry_fallback"":""centroid"",""layer"":""SITE_BOUNDARIES_SF""}"
superfund_CAD061620217,INTEL CORP. (MOUNTAIN VIEW PLANT),superfund_npl,37.40645292,-122.05611922,CA,EPA NPL Superfund,"{""external_id"":""CAD061620217"",""geometry_fallback"":""centroid"",""layer"":""SITE_BOUNDARIES_SF""}"
superfund_CAT000612184,INTEL CORP. (SANTA CLARA III),superfund_npl,37.37360238,-121.97339938,CA,EPA NPL Superfund,"{""external_id"":""CAT000612184"",""geometry_fallback"":""centroid"",""layer"":""SITE_BOUNDARIES_SF""}"
superfund_CAD092212497,INTEL MAGNETICS,superfund_npl,37.37548592,-121.98124114,CA,EPA NPL Superfund,"{""external_id"":""CAD092212497"",""geometry_fallback"":""centroid"",""layer"":""SITE_BOUNDARIES_SF""}"
superfund_CAD041472341,INTERSIL INC./SIEMENS COMPONENTS,superfund_npl,37.33859976,-122.00488558,CA,EPA NPL Superfund,"{""external_id"":""CAD041472341"",""geometry_fallback"":""centroid"",""layer"":""SITE_BOUNDARIES_SF""}"
superfund_CAD980498612,IRON MOUNTAIN MINE,superfund_npl,40.65642066,-122.49295198,CA,EPA NPL Superfund,"{""external_id"":""CAD980498612"",""geometry_fallback"":""centroid"",""layer"":""SITE_BOUNDARIES_SF""}"
superfund_CAD000625731,J.H. BAXTER & CO.,superfund_npl,41.43580268,-122.37400862,CA,EPA NPL Superfund,"{""external_id"":""CAD000625731"",""geometry_fallback"":""centroid"",""layer"":""SITE_BOUNDARIES_SF""}"
superfund_CAD009103318,JASCO CHEMICAL CORP.,superfund_npl,37.40035349,-122.08802652,CA,EPA NPL Superfund,"{""external_id"":""CAD009103318"",""geometry_fallback"":""centroid"",""layer"":""SITE_BOUNDARIES_SF""}"
superfund_CAD008339467,JERVIS B. WEBB CO.,superfund_npl,33.94989540,-118.17791450,CA,EPA NPL Superfund,"{""external_id"":""CAD008339467"",""geometry_fallback"":""centroid"",""layer"":""SITE_BOUNDARIES_SF""}"
superfund_CA9800013030,JET PROPULSION LABORATORY (NASA),superfund_npl,34.20095756,-118.17070635,CA,EPA NPL Superfund,"{""external_id"":""CA9800013030"",""geometry_fallback"":""centroid"",""layer"":""SITE_BOUNDARIES_SF""}"
superfund_CAD980737613,JIBBOOM JUNKYARD,superfund_npl,38.59259520,-121.50487885,CA,EPA NPL Superfund,"{""external_id"":""CAD980737613"",""geometry_fallback"":""centroid"",""layer"":""SITE_BOUNDARIES_SF""}"
superfund_CA1141190578,KLAU/BUENA VISTA MINE,superfund_npl,35.73138036,-120.94836355,CA,EPA NPL Superfund,"{""external_id"":""CA1141190578"",""geometry_fallback"":""centroid"",""layer"":""SITE_BOUNDARIES_SF""}"
superfund_CAD009112087,"KOPPERS CO., INC. (OROVILLE PLANT)",superfund_npl,39.47147940,-121.56442232,CA,EPA NPL Superfund,"{""external_id"":""CAD009112087"",""geometry_fallback"":""centroid"",""layer"":""SITE_BOUNDARIES_SF""}"
superfund_CA2890190000,LABORATORY FOR ENERGY-RELATED HEALTH RESEARCH/OLD CAMPUS LANDFILL (USDOE),superfund_npl,38.51898508,-121.75227255,CA,EPA NPL Superfund,"{""external_id"":""CA2890190000"",""geometry_fallback"":""centroid"",""layer"":""SITE_BOUNDARIES_SF""}"
superfund_CAD983618893,LAVA CAP MINE,superfund_npl,39.22206627,-120.96974655,CA,EPA NPL Superfund,"{""external_id"":""CAD983618893"",""geometry_fallback"":""centroid"",""layer"":""SITE_BOUNDARIES_SF""}"
superfund_CA2890090002,LAWRENCE LIVERMORE NATL LAB (SITE 300) (USDOE),superfund_npl,37.65394775,-121.53539301,CA,EPA NPL Superfund,"{""external_id"":""CA2890090002"",""geometry_fallback"":""centroid"",""layer"":""SITE_BOUNDARIES_SF""}"
superfund_CA2890012584,"LAWRENCE LIVERMORE NATL LAB, MAIN SITE (USDOE)",superfund_npl,37.68773194,-121.70755478,CA,EPA NPL Superfund,"{""external_id"":""CA2890012584"",""geometry_fallback"":""centroid"",""layer"":""SITE_BOUNDARIES_SF""}"
superfund_CAD980673685,LEVIATHAN MINE,superfund_npl,38.71911604,-119.65626601,CA,EPA NPL Superfund,"{""external_id"":""CAD980673685"",""geometry_fallback"":""centroid"",""layer"":""SITE_BOUNDARIES_SF""}"
superfund_CAT000646208,LIQUID GOLD OIL CORP.,superfund_npl,37.90925740,-122.32401505,CA,EPA NPL Superfund,"{""external_id"":""CAT000646208"",""geometry_fallback"":""centroid"",""layer"":""SITE_BOUNDARIES_SF""}"
superfund_CAD029295706,LORENTZ BARREL & DRUM CO.,superfund_npl,37.32313729,-121.86754187,CA,EPA NPL Superfund,"{""external_id"":""CAD029295706"",""geometry_fallback"":""centroid"",""layer"":""SITE_BOUNDARIES_SF""}"
superfund_CAD065021594,LOUISIANA-PACIFIC CORP.,superfund_npl,39.47042950,-121.56410055,CA,EPA NPL Superfund,"{""external_id"":""CAD065021594"",""geometry_fallback"":""centroid"",""layer"":""SITE_BOUNDARIES_SF""}"
superfund_CA4570024527,MARCH AIR FORCE BASE,superfund_npl,33.88970437,-117.27992786,CA,EPA NPL Superfund,"{""external_id"":""CA4570024527"",""geometry_fallback"":""centroid"",""layer"":""SITE_BOUNDARIES_SF""}"
superfund_CA8570024143,MATHER AIR FORCE BASE (AC&W DISPOSAL SITE),superfund_npl,38.55050740,-121.27980398,CA,EPA NPL Superfund,"{""external_id"":""CA8570024143"",""geometry_fallback"":""centroid"",""layer"":""SITE_BOUNDARIES_SF""}"
superfund_CA4570024337,MCCLELLAN AIR FORCE BASE (GROUND WATER CONTAMINATION),superfund_npl,38.66234836,-121.40180034,CA,EPA NPL Superfund,"{""external_id"":""CA4570024337"",""geometry_fallback"":""centroid"",""layer"":""SITE_BOUNDARIES_SF""}"
superfund_CAD980498695,MCCOLL,superfund_npl,33.89409559,-117.97274269,CA,EPA NPL Superfund,"{""external_id"":""CAD980498695"",""geometry_fallback"":""centroid"",""layer"":""SITE_BOUNDARIES_SF""}"
superfund_CAD009106527,MCCORMICK & BAXTER CREOSOTING CO.,superfund_npl,37.94897166,-121.30881522,CA,EPA NPL Superfund,"{""external_id"":""CAD009106527"",""geometry_fallback"":""centroid"",""layer"":""SITE_BOUNDARIES_SF""}"
superfund_CAD000074120,MGM BRAKES,superfund_npl,38.78254778,-123.01264964,CA,EPA NPL Superfund,"{""external_id"":""CAD000074120"",""geometry_fallback"":""centroid"",""layer"":""SITE_BOUNDARIES_SF""}"
superfund_CAD981997752,MODESTO GROUND WATER CONTAMINATION,superfund_npl,37.65309394,-120.99509079,CA,EPA NPL Superfund,"{""external_id"":""CAD981997752"",""geometry_fallback"":""centroid"",""layer"":""SITE_BOUNDARIES_SF""}"
superfund_CA2170090078,MOFFETT FIELD NAVAL AIR STATION,superfund_npl,37.41642056,-122.04969107,CA,EPA NPL Superfund,"{""external_id"":""CA2170090078"",""geometry_fallback"":""centroid"",""layer"":""SITE_BOUNDARIES_SF""}"
superfund_CAD049236201,MONOLITHIC MEMORIES,superfund_npl,37.38618529,-121.99439304,CA,EPA NPL Superfund,"{""external_id"":""CAD049236201"",""geometry_fallback"":""centroid"",""layer"":""SITE_BOUNDARIES_SF""}"
superfund_CAD008242711,MONTROSE CHEMICAL CORP.,superfund_npl,33.83805154,-118.29308678,CA,EPA NPL Superfund,"{""external_id"":""CAD008242711"",""geometry_fallback"":""centroid"",""layer"":""SITE_BOUNDARIES_SF""}"
superfund_CAD041472986,NATIONAL SEMICONDUCTOR CORP.,superfund_npl,37.38258625,-121.99856663,CA,EPA NPL Superfund,"{""external_id"":""CAD041472986"",""geometry_fallback"":""centroid"",""layer"":""SITE_BOUNDARIES_SF""}"
superfund_CAD981434517,NEWMARK GROUND WATER CONTAMINATION,superfund_npl,34.15293963,-117.31570731,CA,EPA NPL Superfund,"{""external_id"":""CAD981434517"",""geometry_fallback"":""centroid"",""layer"":""SITE_BOUNDARIES_SF""}"
superfund_CA4570024345,NORTON AIR FORCE BASE (LNDFLL #2),superfund_npl,34.09810722,-117.24033974,CA,EPA NPL Superfund,"{""external_id"":""CA4570024345"",""geometry_fallback"":""centroid"",""layer"":""SITE_BOUNDARIES_SF""}"
superfund_CAD042245001,OMEGA CHEMICAL CORPORATION,superfund_npl,33.95170952,-118.06508974,CA,EPA NPL Superfund,"{""external_id"":""CAD042245001"",""geometry_fallback"":""centroid"",""layer"":""SITE_BOUNDARIES_SF""}"
superfund_CAT080012024,"OPERATING INDUSTRIES, INC., LANDFILL",superfund_npl,34.03325738,-118.10523969,CA,EPA NPL Superfund,"{""external_id"":""CAT080012024"",""geometry_fallback"":""centroid"",""layer"":""SITE_BOUNDARIES_SF""}"
superfund_CAN000900251,ORANGE COUNTY NORTH BASIN,superfund_npl,33.85548044,-117.92143941,CA,EPA NPL Superfund,"{""external_id"":""CAN000900251"",""geometry_fallback"":""centroid"",""layer"":""SITE_BOUNDARIES_SF""}"
superfund_CAD980636781,PACIFIC COAST PIPELINE,superfund_npl,34.40279048,-118.90419794,CA,EPA NPL Superfund,"{""external_id"":""CAD980636781"",""geometry_fallback"":""centroid"",""layer"":""SITE_BOUNDARIES_SF""}"
superfund_CAD980737092,PEMACO MAYWOOD,superfund_npl,33.98554377,-118.17217977,CA,EPA NPL Superfund,"{""external_id"":""CAD980737092"",""geometry_fallback"":""centroid"",""layer"":""SITE_BOUNDARIES_SF""}"
superfund_CAD980736151,"PURITY OIL SALES, INC.",superfund_npl,36.68818630,-119.74877940,CA,EPA NPL Superfund,"{""external_id"":""CAD980736151"",""geometry_fallback"":""centroid"",""layer"":""SITE_BOUNDARIES_SF""}"
superfund_CAD981995947,RALPH GRAY TRUCKING CO.,superfund_npl,33.74890290,-118.00499674,CA,EPA NPL Superfund,"{""external_id"":""CAD981995947"",""geometry_fallback"":""centroid"",""layer"":""SITE_BOUNDARIES_SF""}"
superfund_CAD009205097,RAYTHEON CORP.,superfund_npl,37.40645292,-122.05611922,CA,EPA NPL Superfund,"{""external_id"":""CAD009205097"",""geometry_fallback"":""centroid"",""layer"":""SITE_BOUNDARIES_SF""}"
superfund_CA7210020759,RIVERBANK ARMY AMMUNITION PLANT,superfund_npl,37.71965223,-120.91935013,CA,EPA NPL Superfund,"{""external_id"":""CA7210020759"",""geometry_fallback"":""centroid"",""layer"":""SITE_BOUNDARIES_SF""}"
superfund_CAN000905945,"ROCKETS, FIREWORKS, AND FLARES SITE",superfund_npl,34.11835484,-117.37539772,CA,EPA NPL Superfund,"{""external_id"":""CAN000905945"",""geometry_fallback"":""centroid"",""layer"":""SITE_BOUNDARIES_SF""}"
superfund_CA0210020780,SACRAMENTO ARMY DEPOT,superfund_npl,38.51824353,-121.39761422,CA,EPA NPL Superfund,"{""external_id"":""CA0210020780"",""geometry_fallback"":""centroid"",""layer"":""SITE_BOUNDARIES_SF""}"
superfund_CAD980894893,SAN FERNANDO VALLEY (AREA 1),superfund_npl,34.19718228,-118.36716288,CA,EPA NPL Superfund,"{""external_id"":""CAD980894893"",""geometry_fallback"":""centroid"",""layer"":""SITE_BOUNDARIES_SF""}"
superfund_CAD980894901,SAN FERNANDO VALLEY (AREA 2),superfund_npl,34.16453260,-118.31221553,CA,EPA NPL Superfund,"{""external_id"":""CAD980894901"",""geometry_fallback"":""centroid"",""layer"":""SITE_BOUNDARIES_SF""}"
superfund_CAD980894984,SAN FERNANDO VALLEY (AREA 3),superfund_npl,34.19049130,-118.22878574,CA,EPA NPL Superfund,"{""external_id"":""CAD980894984"",""geometry_fallback"":""centroid"",""layer"":""SITE_BOUNDARIES_SF""}"
superfund_CAD980894976,SAN FERNANDO VALLEY (AREA 4),superfund_npl,34.11495964,-118.25636344,CA,EPA NPL Superfund,"{""external_id"":""CAD980894976"",""geometry_fallback"":""centroid"",""layer"":""SITE_BOUNDARIES_SF""}"
superfund_CAD980677355,SAN GABRIEL VALLEY (AREA 1),superfund_npl,34.06238907,-118.05946071,CA,EPA NPL Superfund,"{""external_id"":""CAD980677355"",""geometry_fallback"":""centroid"",""layer"":""SITE_BOUNDARIES_SF""}"
superfund_CAD980818512,SAN GABRIEL VALLEY (AREA 2),superfund_npl,34.08246266,-117.97051659,CA,EPA NPL Superfund,"{""external_id"":""CAD980818512"",""geometry_fallback"":""centroid"",""layer"":""SITE_BOUNDARIES_SF""}"
superfund_CAD980818579,SAN GABRIEL VALLEY (AREA 3),superfund_npl,34.09227412,-118.12433684,CA,EPA NPL Superfund,"{""external_id"":""CAD980818579"",""geometry_fallback"":""centroid"",""layer"":""SITE_BOUNDARIES_SF""}"
superfund_CAD980817985,SAN GABRIEL VALLEY (AREA 4),superfund_npl,34.02465109,-117.95554693,CA,EPA NPL Superfund,"{""external_id"":""CAD980817985"",""geometry_fallback"":""centroid"",""layer"":""SITE_BOUNDARIES_SF""}"
superfund_CAD029452141,SELMA PRESSURE TREATING COMPANY,superfund_npl,36.55585609,-119.60392769,CA,EPA NPL Superfund,"{""external_id"":""CAD029452141"",""geometry_fallback"":""centroid"",""layer"":""SITE_BOUNDARIES_SF""}"
superfund_CA8210020832,SHARPE ARMY DEPOT,superfund_npl,37.84080070,-121.26955368,CA,EPA NPL Superfund,"{""external_id"":""CA8210020832"",""geometry_fallback"":""centroid"",""layer"":""SITE_BOUNDARIES_SF""}"
superfund_CAD070466479,"SIGNETICS, INC.",superfund_npl,37.38335166,-122.01144103,CA,EPA NPL Superfund,"{""external_id"":""CAD070466479"",""geometry_fallback"":""centroid"",""layer"":""SITE_BOUNDARIES_SF""}"
superfund_CAD981171523,"SOLA OPTICAL USA, INC.",superfund_npl,38.23331298,-122.59406334,CA,EPA NPL Superfund,"{""external_id"":""CAD981171523"",""geometry_fallback"":""centroid"",""layer"":""SITE_BOUNDARIES_SF""}"
superfund_CAD980894885,SOUTH BAY ASBESTOS AREA,superfund_npl,37.42484900,-121.97349915,CA,EPA NPL Superfund,"{""external_id"":""CAD980894885"",""geometry_fallback"":""centroid"",""layer"":""SITE_BOUNDARIES_SF""}"
superfund_CAN000905902,SOUTHERN AVENUE INDUSTRIAL AREA,superfund_npl,33.94624690,-118.17772806,CA,EPA NPL Superfund,"{""external_id"":""CAN000905902"",""geometry_fallback"":""centroid"",""layer"":""SITE_BOUNDARIES_SF""}"
superfund_CAD980816466,SOUTHERN CALIFORNIA EDISON CO. (VISALIA POLEYARD),superfund_npl,36.33316682,-119.27754853,CA,EPA NPL Superfund,"{""external_id"":""CAD980816466"",""geometry_fallback"":""centroid"",""layer"":""SITE_BOUNDARIES_SF""}"
superfund_CAD009138488,"SPECTRA-PHYSICS, INC.",superfund_npl,37.41718263,-122.08183764,CA,EPA NPL Superfund,"{""external_id"":""CAD009138488"",""geometry_fallback"":""centroid"",""layer"":""SITE_BOUNDARIES_SF""}"
superfund_CAD066635442,STOKER CHEMICAL,superfund_npl,32.89472409,-115.53240045,CA,EPA NPL Superfund,"{""external_id"":""CAD066635442"",""geometry_fallback"":""centroid"",""layer"":""SITE_BOUNDARIES_SF""}"
superfund_CAT080012826,STRINGFELLOW,superfund_npl,33.99515142,-117.47536313,CA,EPA NPL Superfund,"{""external_id"":""CAT080012826"",""geometry_fallback"":""centroid"",""layer"":""SITE_BOUNDARIES_SF""}"
superfund_CAD980893275,SULPHUR BANK MERCURY MINE,superfund_npl,39.04079274,-122.79894357,CA,EPA NPL Superfund,"{""external_id"":""CAD980893275"",""geometry_fallback"":""centroid"",""layer"":""SITE_BOUNDARIES_SF""}"
superfund_CAD990832735,"SYNERTEK, INC. (BUILDING 1)",superfund_npl,37.37863159,-121.97283195,CA,EPA NPL Superfund,"{""external_id"":""CAD990832735"",""geometry_fallback"":""centroid"",""layer"":""SITE_BOUNDARIES_SF""}"
superfund_CAD009106220,T.H. AGRICULTURE & NUTRITION CO.,superfund_npl,36.76417382,-119.65986704,CA,EPA NPL Superfund,"{""external_id"":""CAD009106220"",""geometry_fallback"":""centroid"",""layer"":""SITE_BOUNDARIES_SF""}"
superfund_CAD009111444,TELEDYNE SEMICONDUCTOR,superfund_npl,37.41801061,-122.08187686,CA,EPA NPL Superfund,"{""external_id"":""CAD009111444"",""geometry_fallback"":""centroid"",""layer"":""SITE_BOUNDARIES_SF""}"
superfund_CA4971520834,TRACY DEFENSE DEPOT (USARMY),superfund_npl,37.72255461,-121.38842804,CA,EPA NPL Superfund,"{""external_id"":""CA4971520834"",""geometry_fallback"":""centroid"",""layer"":""SITE_BOUNDARIES_SF""}"
superfund_CA5570024575,TRAVIS AIR FORCE BASE,superfund_npl,38.26434223,-121.94230344,CA,EPA NPL Superfund,"{""external_id"":""CA5570024575"",""geometry_fallback"":""centroid"",""layer"":""SITE_BOUNDARIES_SF""}"
superfund_CAN000900265,TRIPLE SITE,superfund_npl,37.38970616,-122.00957074,CA,EPA NPL Superfund,"{""combined_boundary_parts"":2,""external_id"":""CAN000900265"",""geometry_fallback"":""centroid"",""layer"":""SITE_BOUNDARIES_SF"",""representative_point"":""mean_of_boundary_part_centroids""}"
superfund_CAD009159088,"TRW MICROWAVE, INC (BUILDING 825)",superfund_npl,37.38468467,-122.00939536,CA,EPA NPL Superfund,"{""external_id"":""CAD009159088"",""geometry_fallback"":""centroid"",""layer"":""SITE_BOUNDARIES_SF""}"
superfund_CAD981436363,UNITED HECKATHORN CO.,superfund_npl,37.92183290,-122.36627485,CA,EPA NPL Superfund,"{""external_id"":""CAD981436363"",""geometry_fallback"":""centroid"",""layer"":""SITE_BOUNDARIES_SF""}"
superfund_CAD063020143,"VALLEY WOOD PRESERVING, INC.",superfund_npl,37.47135895,-120.82679544,CA,EPA NPL Superfund,"{""external_id"":""CAD063020143"",""geometry_fallback"":""centroid"",""layer"":""SITE_BOUNDARIES_SF""}"
superfund_CAD980884357,"WASTE DISPOSAL, INC.",superfund_npl,33.94953535,-118.05676653,CA,EPA NPL Superfund,"{""external_id"":""CAD980884357"",""geometry_fallback"":""centroid"",""layer"":""SITE_BOUNDARIES_SF""}"
superfund_CAD980893234,WATKINS-JOHNSON CO. (STEWART DIVISION PLANT),superfund_npl,37.05224289,-122.02978525,CA,EPA NPL Superfund,"{""external_id"":""CAD980893234"",""geometry_fallback"":""centroid"",""layer"":""SITE_BOUNDARIES_SF""}"
superfund_CAD980894679,WESTERN PACIFIC RAILROAD CO.,superfund_npl,39.48484586,-121.55574339,CA,EPA NPL Superfund,"{""external_id"":""CAD980894679"",""geometry_fallback"":""centroid"",""layer"":""SITE_BOUNDARIES_SF""}"
superfund_CAD001864081,WESTINGHOUSE ELECTRIC CORP. (SUNNYVALE PLANT),superfund_npl,37.37868295,-122.02305448,CA,EPA NPL Superfund,"{""external_id"":""CAD001864081"",""geometry_fallback"":""centroid"",""layer"":""SITE_BOUNDARIES_SF""}"
superfund_CO7570090038,AIR FORCE PLANT PJKS,superfund_npl,39.50868608,-105.12896531,CO,EPA NPL Superfund,"{""external_id"":""CO7570090038"",""geometry_fallback"":""centroid"",""layer"":""SITE_BOUNDARIES_SF""}"
superfund_COD007063530,"ASARCO, INC. (GLOBE PLANT)",superfund_npl,39.79213907,-104.97925398,CO,EPA NPL Superfund,"{""external_id"":""COD007063530"",""geometry_fallback"":""centroid"",""layer"":""SITE_BOUNDARIES_SF""}"
superfund_CON000802497,BONITA PEAK MINING DISTRICT,superfund_npl,37.90403700,-107.61663000,CO,EPA NPL Superfund,"{""external_id"":""CON000802497"",""geometry_fallback"":""centroid"",""layer"":""SITE_BOUNDARIES_SF""}"
superfund_COD000110254,BRODERICK WOOD PRODUCTS,superfund_npl,39.80368393,-104.99855400,CO,EPA NPL Superfund,"{""external_id"":""COD000110254"",""geometry_fallback"":""centroid"",""layer"":""SITE_BOUNDARIES_SF""}"
superfund_COD980717938,CALIFORNIA GULCH,superfund_npl,39.23129564,-106.29551660,CO,EPA NPL Superfund,"{""external_id"":""COD980717938"",""geometry_fallback"":""centroid"",""layer"":""SITE_BOUNDARIES_SF""}"
superfund_COD981551427,CAPTAIN JACK MILL,superfund_npl,40.06069131,-105.50818156,CO,EPA NPL Superfund,"{""external_id"":""COD981551427"",""geometry_fallback"":""centroid"",""layer"":""SITE_BOUNDARIES_SF""}"
superfund_COD980717557,"CENTRAL CITY, CLEAR CREEK",superfund_npl,39.73829818,-105.61347316,CO,EPA NPL Superfund,"{""external_id"":""COD980717557"",""geometry_fallback"":""centroid"",""layer"":""SITE_BOUNDARIES_SF""}"
superfund_COD007431620,CHEMICAL SALES CO.,superfund_npl,39.82389929,-104.91180745,CO,EPA NPL Superfund,"{""external_id"":""COD007431620"",""geometry_fallback"":""centroid"",""layer"":""SITE_BOUNDARIES_SF""}"
superfund_CON000802700,COLORADO SMELTER,superfund_npl,38.25017880,-104.60903580,CO,EPA NPL Superfund,"{""external_id"":""CON000802700"",""geometry_fallback"":""centroid"",""layer"":""SITE_BOUNDARIES_SF""}"
superfund_COD980716955,DENVER RADIUM SITE,superfund_npl,39.72290339,-105.00439422,CO,EPA NPL Superfund,"{""external_id"":""COD980716955"",""geometry_fallback"":""centroid"",""layer"":""SITE_BOUNDARIES_SF""}"
superfund_COD081961518,EAGLE MINE,superfund_npl,39.54900939,-106.40286423,CO,EPA NPL Superfund,"{""external_id"":""COD081961518"",""geometry_fallback"":""centroid"",""layer"":""SITE_BOUNDARIES_SF""}"
superfund_COD042167858,LINCOLN PARK,superfund_npl,38.40586692,-105.21937777,CO,EPA NPL Superfund,"{""external_id"":""COD042167858"",""geometry_fallback"":""centroid"",""layer"":""SITE_BOUNDARIES_SF""}"
superfund_COD980499248,LOWRY LANDFILL,superfund_npl,39.64634223,-104.70911159,CO,EPA NPL Superfund,"{""external_id"":""COD980499248"",""geometry_fallback"":""centroid"",""layer"":""SITE_BOUNDARIES_SF""}"
superfund_COD980499255,MARSHALL LANDFILL,superfund_npl,39.95030479,-105.20126000,CO,EPA NPL Superfund,"{""external_id"":""COD980499255"",""geometry_fallback"":""centroid"",""layer"":""SITE_BOUNDARIES_SF""}"
superfund_CON000802630,NELSON TUNNEL/COMMODORE WASTE ROCK,superfund_npl,37.87843374,-106.93606704,CO,EPA NPL Superfund,"{""external_id"":""CON000802630"",""geometry_fallback"":""centroid"",""layer"":""SITE_BOUNDARIES_SF""}"
superfund_CO7890010526,ROCKY FLATS PLANT (USDOE),superfund_npl,39.89286648,-105.19964045,CO,EPA NPL Superfund,"{""external_id"":""CO7890010526"",""geometry_fallback"":""centroid"",""layer"":""SITE_BOUNDARIES_SF""}"
superfund_CO5210020769,ROCKY MOUNTAIN ARSENAL (USARMY),superfund_npl,39.83335533,-104.84230921,CO,EPA NPL Superfund,"{""external_id"":""CO5210020769"",""geometry_fallback"":""centroid"",""layer"":""SITE_BOUNDARIES_SF""}"
superfund_COD980717953,SAND CREEK INDUSTRIAL,superfund_npl,39.79015652,-104.92919711,CO,EPA NPL Superfund,"{""external_id"":""COD980717953"",""geometry_fallback"":""centroid"",""layer"":""SITE_BOUNDARIES_SF""}"
superfund_COD983769738,SMELTERTOWN SITE,superfund_npl,38.55421262,-106.02875384,CO,EPA NPL Superfund,"{""external_id"":""COD983769738"",""geometry_fallback"":""centroid"",""layer"":""SITE_BOUNDARIES_SF""}"
superfund_COD980806277,SMUGGLER MOUNTAIN,superfund_npl,39.19369321,-106.80984013,CO,EPA NPL Superfund,"{""external_id"":""COD980806277"",""geometry_fallback"":""centroid"",""layer"":""SITE_BOUNDARIES_SF""}"
superfund_CO0002378230,STANDARD MINE,superfund_npl,38.88089443,-107.07212870,CO,EPA NPL Superfund,"{""external_id"":""CO0002378230"",""geometry_fallback"":""centroid"",""layer"":""SITE_BOUNDARIES_SF""}"
superfund_COD983778432,SUMMITVILLE MINE,superfund_npl,37.42413142,-106.59368582,CO,EPA NPL Superfund,"{""external_id"":""COD983778432"",""geometry_fallback"":""centroid"",""layer"":""SITE_BOUNDARIES_SF""}"
superfund_COD007063274,URAVAN URANIUM PROJECT (UNION CARBIDE CORP.),superfund_npl,38.37240572,-108.74981455,CO,EPA NPL Superfund,"{""external_id"":""COD007063274"",""geometry_fallback"":""centroid"",""layer"":""SITE_BOUNDARIES_SF""}"
superfund_CO0002259588,VASQUEZ BOULEVARD AND I-70,superfund_npl,39.77485487,-104.96243521,CO,EPA NPL Superfund,"{""external_id"":""CO0002259588"",""geometry_fallback"":""centroid"",""layer"":""SITE_BOUNDARIES_SF""}"
superfund_COD980667075,WOODBURY CHEMICAL CO.,superfund_npl,39.79502474,-104.94532570,CO,EPA NPL Superfund,"{""external_id"":""COD980667075"",""geometry_fallback"":""centroid"",""layer"":""SITE_BOUNDARIES_SF""}"
superfund_CTD980732333,BARKHAMSTED-NEW HARTFORD LANDFILL,superfund_npl,41.89260380,-72.99148908,CT,EPA NPL Superfund,"{""external_id"":""CTD980732333"",""geometry_fallback"":""centroid"",""layer"":""SITE_BOUNDARIES_SF""}"
superfund_CTD072122062,BEACON HEIGHTS LANDFILL,superfund_npl,41.43218686,-73.03494677,CT,EPA NPL Superfund,"{""external_id"":""CTD072122062"",""geometry_fallback"":""centroid"",""layer"":""SITE_BOUNDARIES_SF""}"
superfund_CTD981067317,CHESHIRE GROUND WATER CONTAMINATION,superfund_npl,41.55054162,-72.91887861,CT,EPA NPL Superfund,"{""external_id"":""CTD981067317"",""geometry_fallback"":""centroid"",""layer"":""SITE_BOUNDARIES_SF""}"
superfund_CTD001452093,DURHAM MEADOWS,superfund_npl,41.47701336,-72.68083447,CT,EPA NPL Superfund,"{""external_id"":""CTD001452093"",""geometry_fallback"":""centroid"",""layer"":""SITE_BOUNDARIES_SF""}"
superfund_CTD108960972,GALLUP'S QUARRY,superfund_npl,41.66607088,-71.92547216,CT,EPA NPL Superfund,"{""external_id"":""CTD108960972"",""geometry_fallback"":""centroid"",""layer"":""SITE_BOUNDARIES_SF""}"
superfund_CTD980670814,KELLOGG-DEERING WELL FIELD,superfund_npl,41.13231816,-73.42688111,CT,EPA NPL Superfund,"{""external_id"":""CTD980670814"",""geometry_fallback"":""centroid"",""layer"":""SITE_BOUNDARIES_SF""}"
superfund_CTD980521165,"LAUREL PARK, INC.",superfund_npl,41.47693503,-73.07108701,CT,EPA NPL Superfund,"{""external_id"":""CTD980521165"",""geometry_fallback"":""centroid"",""layer"":""SITE_BOUNDARIES_SF""}"
superfund_CTD001153923,LINEMASTER SWITCH CORP.,superfund_npl,41.93993280,-71.96648750,CT,EPA NPL Superfund,"{""external_id"":""CTD001153923"",""geometry_fallback"":""centroid"",""layer"":""SITE_BOUNDARIES_SF""}"
superfund_CTD980906515,NEW LONDON SUBMARINE BASE,superfund_npl,41.39953820,-72.08614459,CT,EPA NPL Superfund,"{""external_id"":""CTD980906515"",""geometry_fallback"":""centroid"",""layer"":""SITE_BOUNDARIES_SF""}"
superfund_CTD980669261,NUTMEG VALLEY ROAD,superfund_npl,41.57551773,-72.99818314,CT,EPA NPL Superfund,"{""external_id"":""CTD980669261"",""geometry_fallback"":""centroid"",""layer"":""SITE_BOUNDARIES_SF""}"
superfund_CTD980670806,OLD SOUTHINGTON LANDFILL,superfund_npl,41.58136156,-72.88369240,CT,EPA NPL Superfund,"{""external_id"":""CTD980670806"",""geometry_fallback"":""centroid"",""layer"":""SITE_BOUNDARIES_SF""}"
superfund_CTD051316313,PRECISION PLATING CORP.,superfund_npl,41.84795655,-72.44868018,CT,EPA NPL Superfund,"{""external_id"":""CTD051316313"",""geometry_fallback"":""centroid"",""layer"":""SITE_BOUNDARIES_SF""}"
superfund_CTD001186618,"RAYMARK INDUSTRIES, INC.",superfund_npl,41.18589216,-73.11920713,CT,EPA NPL Superfund,"{""external_id"":""CTD001186618"",""geometry_fallback"":""centroid"",""layer"":""SITE_BOUNDARIES_SF""}"
superfund_CTD004532610,REVERE TEXTILE PRINTS CORP.,superfund_npl,41.70793989,-71.82822523,CT,EPA NPL Superfund,"{""external_id"":""CTD004532610"",""geometry_fallback"":""centroid"",""layer"":""SITE_BOUNDARIES_SF""}"
superfund_CT0002265551,SCOVILL INDUSTRIAL LANDFILL,superfund_npl,41.55239777,-73.01062977,CT,EPA NPL Superfund,"{""external_id"":""CT0002265551"",""geometry_fallback"":""centroid"",""layer"":""SITE_BOUNDARIES_SF""}"
superfund_CTD009717604,SOLVENTS RECOVERY SERVICE OF NEW ENGLAND,superfund_npl,41.61783484,-72.87567403,CT,EPA NPL Superfund,"{""external_id"":""CTD009717604"",""geometry_fallback"":""centroid"",""layer"":""SITE_BOUNDARIES_SF""}"
superfund_CTD009774969,YAWORSKI WASTE LAGOON,superfund_npl,41.66882248,-71.96455389,CT,EPA NPL Superfund,"{""external_id"":""CTD009774969"",""geometry_fallback"":""centroid"",""layer"":""SITE_BOUNDARIES_SF""}"
superfund_DC9170024310,WASHINGTON NAVY YARD,superfund_npl,38.87405693,-76.99494435,DC,EPA NPL Superfund,"{""external_id"":""DC9170024310"",""geometry_fallback"":""centroid"",""layer"":""SITE_BOUNDARIES_SF""}"
superfund_DED980494496,ARMY CREEK LANDFILL,superfund_npl,39.65266038,-75.61136152,DE,EPA NPL Superfund,"{""external_id"":""DED980494496"",""geometry_fallback"":""centroid"",""layer"":""SITE_BOUNDARIES_SF""}"
superfund_DEN000304203,BLADES GROUNDWATER,superfund_npl,38.63257307,-75.60857290,DE,EPA NPL Superfund,"{""external_id"":""DEN000304203"",""geometry_fallback"":""centroid"",""layer"":""SITE_BOUNDARIES_SF""}"
superfund_DED980714141,"CHEM-SOLV, INC.",superfund_npl,39.22164337,-75.57642056,DE,EPA NPL Superfund,"{""external_id"":""DED980714141"",""geometry_fallback"":""centroid"",""layer"":""SITE_BOUNDARIES_SF""}"
superfund_DED980704860,COKER'S SANITATION SERVICE LANDFILLS,superfund_npl,39.22488904,-75.61143686,DE,EPA NPL Superfund,"{""external_id"":""DED980704860"",""geometry_fallback"":""centroid"",""layer"":""SITE_BOUNDARIES_SF""}"
superfund_DED980551667,DELAWARE CITY PVC PLANT,superfund_npl,39.58490714,-75.65250578,DE,EPA NPL Superfund,"{""external_id"":""DED980551667"",""geometry_fallback"":""centroid"",""layer"":""SITE_BOUNDARIES_SF""}"
superfund_DED000605972,DELAWARE SAND & GRAVEL LANDFILL,superfund_npl,39.64702371,-75.60502928,DE,EPA NPL Superfund,"{""external_id"":""DED000605972"",""geometry_fallback"":""centroid"",""layer"":""SITE_BOUNDARIES_SF""}"
superfund_DE8570024010,DOVER AIR FORCE BASE,superfund_npl,39.12525129,-75.46784827,DE,EPA NPL Superfund,"{""external_id"":""DE8570024010"",""geometry_fallback"":""centroid"",""layer"":""SITE_BOUNDARIES_SF""}"
superfund_DED980693550,DOVER GAS LIGHT CO.,superfund_npl,39.15573804,-75.52678194,DE,EPA NPL Superfund,"{""external_id"":""DED980693550"",""geometry_fallback"":""centroid"",""layer"":""SITE_BOUNDARIES_SF""}"
superfund_DED980555122,"E.I. DU PONT DE NEMOURS & CO., INC. (NEWPORT PIGMENT PLANT LANDFILL)",superfund_npl,39.70838197,-75.61270932,DE,EPA NPL Superfund,"{""external_id"":""DED980555122"",""geometry_fallback"":""centroid"",""layer"":""SITE_BOUNDARIES_SF""}"
superfund_DEN000304044,EAST BASIN ROAD GROUNDWATER,superfund_npl,39.67933174,-75.58888001,DE,EPA NPL Superfund,"{""external_id"":""DEN000304044"",""geometry_fallback"":""centroid"",""layer"":""SITE_BOUNDARIES_SF""}"
superfund_DEN000304167,GEORGETOWN NORTH GROUNDWATER,superfund_npl,38.69339900,-75.38398500,DE,EPA NPL Superfund,"{""external_id"":""DEN000304167"",""geometry_fallback"":""centroid"",""layer"":""SITE_BOUNDARIES_SF""}"
superfund_DED980830954,HALBY CHEMICAL CO.,superfund_npl,39.71999538,-75.53763929,DE,EPA NPL Superfund,"{""external_id"":""DED980830954"",""geometry_fallback"":""centroid"",""layer"":""SITE_BOUNDARIES_SF""}"
superfund_DEN000303920,HOCKESSIN GROUNDWATER,superfund_npl,39.78537077,-75.69678749,DE,EPA NPL Superfund,"{""external_id"":""DEN000303920"",""geometry_fallback"":""centroid"",""layer"":""SITE_BOUNDARIES_SF""}"
superfund_DED980552244,"KOPPERS CO., INC. (NEWPORT PLANT)",superfund_npl,39.70468357,-75.62463463,DE,EPA NPL Superfund,"{""external_id"":""DED980552244"",""geometry_fallback"":""centroid"",""layer"":""SITE_BOUNDARIES_SF""}"
superfund_DEN000306645,MILLSBORO TCE,superfund_npl,38.59096435,-75.29569848,DE,EPA NPL Superfund,"{""external_id"":""DEN000306645"",""geometry_fallback"":""centroid"",""layer"":""SITE_BOUNDARIES_SF""}"
superfund_DED043958388,NCR CORP. (MILLSBORO PLANT),superfund_npl,38.57727221,-75.27915396,DE,EPA NPL Superfund,"{""external_id"":""DED043958388"",""geometry_fallback"":""centroid"",""layer"":""SITE_BOUNDARIES_SF""}"
superfund_DED058980442,NEW CASTLE SPILL,superfund_npl,39.67027300,-75.56205151,DE,EPA NPL Superfund,"{""external_id"":""DED058980442"",""geometry_fallback"":""centroid"",""layer"":""SITE_BOUNDARIES_SF""}"
superfund_DED980705255,NEW CASTLE STEEL,superfund_npl,39.66016716,-75.57442860,DE,EPA NPL Superfund,"{""external_id"":""DED980705255"",""geometry_fallback"":""centroid"",""layer"":""SITE_BOUNDARIES_SF""}"
superfund_DEN000306877,NEWARK SOUTH GROUND WATER PLUME,superfund_npl,39.65273718,-75.73776117,DE,EPA NPL Superfund,"{""external_id"":""DEN000306877"",""geometry_fallback"":""centroid"",""layer"":""SITE_BOUNDARIES_SF""}"
superfund_DED981035520,SEALAND LIMITED,superfund_npl,39.51267695,-75.70979001,DE,EPA NPL Superfund,"{""external_id"":""DED981035520"",""geometry_fallback"":""centroid"",""layer"":""SITE_BOUNDARIES_SF""}"
superfund_DED041212473,"STANDARD CHLORINE OF DELAWARE, INC.",superfund_npl,39.60218815,-75.63434696,DE,EPA NPL Superfund,"{""external_id"":""DED041212473"",""geometry_fallback"":""centroid"",""layer"":""SITE_BOUNDARIES_SF""}"
superfund_DED980494637,SUSSEX COUNTY LANDFILL NO. 5,superfund_npl,38.53546199,-75.61347485,DE,EPA NPL Superfund,"{""external_id"":""DED980494637"",""geometry_fallback"":""centroid"",""layer"":""SITE_BOUNDARIES_SF""}"
superfund_DED000606079,TYBOUTS CORNER LANDFILL,superfund_npl,39.61101662,-75.65218705,DE,EPA NPL Superfund,"{""external_id"":""DED000606079"",""geometry_fallback"":""centroid"",""layer"":""SITE_BOUNDARIES_SF""}"
superfund_DED980705545,TYLER REFRIGERATION PIT,superfund_npl,39.29673521,-75.61740637,DE,EPA NPL Superfund,"{""external_id"":""DED980705545"",""geometry_fallback"":""centroid"",""layer"":""SITE_BOUNDARIES_SF""}"
superfund_DED980704951,WILDCAT LANDFILL,superfund_npl,39.12116592,-75.49738119,DE,EPA NPL Superfund,"{""external_id"":""DED980704951"",""geometry_fallback"":""centroid"",""layer"":""SITE_BOUNDARIES_SF""}"
superfund_FLD980221857,AGRICO CHEMICAL CO.,superfund_npl,30.45227045,-87.22500289,FL,EPA NPL Superfund,"{""external_id"":""FLD980221857"",""geometry_fallback"":""centroid"",""layer"":""SITE_BOUNDARIES_SF""}"
superfund_FLD004145140,AIRCO PLATING CO.,superfund_npl,25.81554200,-80.25547163,FL,EPA NPL Superfund,"{""external_id"":""FLD004145140"",""geometry_fallback"":""centroid"",""layer"":""SITE_BOUNDARIES_SF""}"
superfund_FLD012978862,ALARIC AREA GW PLUME,superfund_npl,27.96397694,-82.37548452,FL,EPA NPL Superfund,"{""external_id"":""FLD012978862"",""geometry_fallback"":""centroid"",""layer"":""SITE_BOUNDARIES_SF""}"
superfund_FLD041495441,ALPHA CHEMICAL CORP.,superfund_npl,28.10123535,-82.00860029,FL,EPA NPL Superfund,"{""external_id"":""FLD041495441"",""geometry_fallback"":""centroid"",""layer"":""SITE_BOUNDARIES_SF""}"
superfund_FLD008161994,"AMERICAN CREOSOTE WORKS, INC. (PENSACOLA PLANT)",superfund_npl,30.40305635,-87.23684613,FL,EPA NPL Superfund,"{""external_id"":""FLD008161994"",""geometry_fallback"":""centroid"",""layer"":""SITE_BOUNDARIES_SF""}"
superfund_FLD020536538,ANACONDA ALUMINUM CO./MILGO ELECTRONICS CORP.,superfund_npl,25.84344087,-80.25666647,FL,EPA NPL Superfund,"{""external_id"":""FLD020536538"",""geometry_fallback"":""centroid"",""layer"":""SITE_BOUNDARIES_SF""}"
superfund_FLD981014368,"ANODYNE, INC.",superfund_npl,25.92399358,-80.22061538,FL,EPA NPL Superfund,"{""external_id"":""FLD981014368"",""geometry_fallback"":""centroid"",""layer"":""SITE_BOUNDARIES_SF""}"
superfund_FLSFN0406909,ARKLA TERRA PROPERTY,superfund_npl,28.05885202,-82.31752967,FL,EPA NPL Superfund,"{""external_id"":""FLSFN0406909"",""geometry_fallback"":""centroid"",""layer"":""SITE_BOUNDARIES_SF""}"
superfund_FLD004574190,"B&B CHEMICAL CO., INC.",superfund_npl,25.84036857,-80.29916750,FL,EPA NPL Superfund,"{""external_id"":""FLD004574190"",""geometry_fallback"":""centroid"",""layer"":""SITE_BOUNDARIES_SF""}"
superfund_FLD980494660,BEULAH LANDFILL,superfund_npl,30.51633342,-87.34480477,FL,EPA NPL Superfund,"{""external_id"":""FLD980494660"",""geometry_fallback"":""centroid"",""layer"":""SITE_BOUNDARIES_SF""}"
superfund_FLD052172954,BMI-TEXTRON,superfund_npl,26.79402407,-80.07359092,FL,EPA NPL Superfund,"{""external_id"":""FLD052172954"",""geometry_fallback"":""centroid"",""layer"":""SITE_BOUNDARIES_SF""}"
superfund_FLD980728935,BROWN WOOD PRESERVING,superfund_npl,30.30181523,-83.01089795,FL,EPA NPL Superfund,"{""external_id"":""FLD980728935"",""geometry_fallback"":""centroid"",""layer"":""SITE_BOUNDARIES_SF""}"
superfund_FLD980847016,BROWN'S DUMP,superfund_npl,30.36640213,-81.68645586,FL,EPA NPL Superfund,"{""external_id"":""FLD980847016"",""geometry_fallback"":""centroid"",""layer"":""SITE_BOUNDARIES_SF""}"
superfund_FLD980709356,CABOT/KOPPERS,superfund_npl,29.67916679,-82.32383086,FL,EPA NPL Superfund,"{""external_id"":""FLD980709356"",""geometry_fallback"":""centroid"",""layer"":""SITE_BOUNDARIES_SF""}"
superfund_FLD094590916,CALLAWAY & SON DRUM SERVICE,superfund_npl,28.09781453,-81.71594477,FL,EPA NPL Superfund,"{""external_id"":""FLD094590916"",""geometry_fallback"":""centroid"",""layer"":""SITE_BOUNDARIES_SF""}"
superfund_FLD981931959,CASCADE PARK GASIFICATION PLANT,superfund_npl,30.43348907,-84.27945040,FL,EPA NPL Superfund,"{""external_id"":""FLD981931959"",""geometry_fallback"":""centroid"",""layer"":""SITE_BOUNDARIES_SF""}"
superfund_FLD080174402,"CHEMFORM, INC.",superfund_npl,26.21866447,-80.14492756,FL,EPA NPL Superfund,"{""external_id"":""FLD080174402"",""geometry_fallback"":""centroid"",""layer"":""SITE_BOUNDARIES_SF""}"
superfund_FLD004064242,CHEVRON CHEMICAL CO. (ORTHO DIVISION),superfund_npl,28.57951468,-81.40834259,FL,EPA NPL Superfund,"{""external_id"":""FLD004064242"",""geometry_fallback"":""centroid"",""layer"":""SITE_BOUNDARIES_SF""}"
superfund_FLD055945653,"CITY INDUSTRIES, INC.",superfund_npl,28.60120703,-81.29964231,FL,EPA NPL Superfund,"{""external_id"":""FLD055945653"",""geometry_fallback"":""centroid"",""layer"":""SITE_BOUNDARIES_SF""}"
superfund_FLD991279894,COLEMAN-EVANS WOOD PRESERVING CO.,superfund_npl,30.31297961,-81.84261230,FL,EPA NPL Superfund,"{""external_id"":""FLD991279894"",""geometry_fallback"":""centroid"",""layer"":""SITE_BOUNDARIES_SF""}"
superfund_FLD982130098,CONTINENTAL CLEANERS,superfund_npl,25.83194979,-80.21028332,FL,EPA NPL Superfund,"{""external_id"":""FLD982130098"",""geometry_fallback"":""centroid"",""layer"":""SITE_BOUNDARIES_SF""}"
superfund_FLD001704741,CORONET INDUSTRIES,superfund_npl,27.99699862,-82.08101747,FL,EPA NPL Superfund,"{""external_id"":""FLD001704741"",""geometry_fallback"":""centroid"",""layer"":""SITE_BOUNDARIES_SF""}"
superfund_FLD980602288,DAVIE LANDFILL,superfund_npl,26.06995211,-80.34239379,FL,EPA NPL Superfund,"{""external_id"":""FLD980602288"",""geometry_fallback"":""centroid"",""layer"":""SITE_BOUNDARIES_SF""}"
superfund_FLD000833368,DUBOSE OIL PRODUCTS CO.,superfund_npl,30.61777890,-87.37721979,FL,EPA NPL Superfund,"{""external_id"":""FLD000833368"",""geometry_fallback"":""centroid"",""layer"":""SITE_BOUNDARIES_SF""}"
superfund_FLD008168346,ESCAMBIA WOOD - PENSACOLA,superfund_npl,30.45513289,-87.23382526,FL,EPA NPL Superfund,"{""external_id"":""FLD008168346"",""geometry_fallback"":""centroid"",""layer"":""SITE_BOUNDARIES_SF""}"
superfund_FLD000623041,FAIRFAX ST. WOOD TREATERS,superfund_npl,30.35350513,-81.68735722,FL,EPA NPL Superfund,"{""external_id"":""FLD000623041"",""geometry_fallback"":""centroid"",""layer"":""SITE_BOUNDARIES_SF""}"
superfund_FLD083111005,FLASH CLEANERS,superfund_npl,26.28238228,-80.09685520,FL,EPA NPL Superfund,"{""external_id"":""FLD083111005"",""geometry_fallback"":""centroid"",""layer"":""SITE_BOUNDARIES_SF""}"
superfund_FLD984184127,FLORIDA PETROLEUM REPROCESSORS,superfund_npl,26.08260972,-80.21527901,FL,EPA NPL Superfund,"{""external_id"":""FLD984184127"",""geometry_fallback"":""centroid"",""layer"":""SITE_BOUNDARIES_SF""}"
superfund_FLD050432251,FLORIDA STEEL CORP.,superfund_npl,27.04179089,-80.50677806,FL,EPA NPL Superfund,"{""external_id"":""FLD050432251"",""geometry_fallback"":""centroid"",""layer"":""SITE_BOUNDARIES_SF""}"
superfund_FL0002264810,FORMER SPELLMAN ENGINEERING,superfund_npl,28.56291052,-81.36722686,FL,EPA NPL Superfund,"{""external_id"":""FL0002264810"",""geometry_fallback"":""centroid"",""layer"":""SITE_BOUNDARIES_SF""}"
superfund_FLR000091322,GENERAL DYNAMICS LONGWOOD,superfund_npl,28.71701143,-81.32099344,FL,EPA NPL Superfund,"{""external_id"":""FLR000091322"",""geometry_fallback"":""centroid"",""layer"":""SITE_BOUNDARIES_SF""}"
superfund_FLD071307680,GOLD COAST OIL CORP.,superfund_npl,25.74370850,-80.31090663,FL,EPA NPL Superfund,"{""external_id"":""FLD071307680"",""geometry_fallback"":""centroid"",""layer"":""SITE_BOUNDARIES_SF""}"
superfund_FLD000602334,HARRIS CORP. (PALM BAY PLANT),superfund_npl,28.03352721,-80.60127276,FL,EPA NPL Superfund,"{""external_id"":""FLD000602334"",""geometry_fallback"":""centroid"",""layer"":""SITE_BOUNDARIES_SF""}"
superfund_FLD053502696,HELENA CHEMICAL CO. (TAMPA PLANT),superfund_npl,27.96401839,-82.37456610,FL,EPA NPL Superfund,"{""external_id"":""FLD053502696"",""geometry_fallback"":""centroid"",""layer"":""SITE_BOUNDARIES_SF""}"
superfund_FLD980709802,HIPPS ROAD LANDFILL,superfund_npl,30.21678454,-81.80513633,FL,EPA NPL Superfund,"{""external_id"":""FLD980709802"",""geometry_fallback"":""centroid"",""layer"":""SITE_BOUNDARIES_SF""}"
superfund_FLD004119681,HOLLINGSWORTH SOLDERLESS TERMINAL,superfund_npl,26.19898507,-80.15231266,FL,EPA NPL Superfund,"{""external_id"":""FLD004119681"",""geometry_fallback"":""centroid"",""layer"":""SITE_BOUNDARIES_SF""}"
superfund_FL7570024037,HOMESTEAD AIR FORCE BASE,superfund_npl,25.49283200,-80.39205508,FL,EPA NPL Superfund,"{""external_id"":""FL7570024037"",""geometry_fallback"":""centroid"",""layer"":""SITE_BOUNDARIES_SF""}"
superfund_FLD043047653,"ITT-THOMPSON INDUSTRIES, INC",superfund_npl,30.47200112,-83.40526726,FL,EPA NPL Superfund,"{""external_id"":""FLD043047653"",""geometry_fallback"":""centroid"",""layer"":""SITE_BOUNDARIES_SF""}"
superfund_FLSFN0407002,JACKSONVILLE ASH SITE,superfund_npl,30.34232751,-81.66654870,FL,EPA NPL Superfund,"{""external_id"":""FLSFN0407002"",""geometry_fallback"":""centroid"",""layer"":""SITE_BOUNDARIES_SF""}"
superfund_FL6170024412,JACKSONVILLE NAVAL AIR STATION,superfund_npl,30.22056263,-81.68662005,FL,EPA NPL Superfund,"{""external_id"":""FL6170024412"",""geometry_fallback"":""centroid"",""layer"":""SITE_BOUNDARIES_SF""}"
superfund_FLN000410232,JJ SEIFERT MACHINE,superfund_npl,27.67881634,-82.47777580,FL,EPA NPL Superfund,"{""external_id"":""FLN000410232"",""geometry_fallback"":""centroid"",""layer"":""SITE_BOUNDARIES_SF""}"
superfund_FLD980727820,KASSAUF-KIMERLING BATTERY DISPOSAL,superfund_npl,27.96944803,-82.38880122,FL,EPA NPL Superfund,"{""external_id"":""FLD980727820"",""geometry_fallback"":""centroid"",""layer"":""SITE_BOUNDARIES_SF""}"
superfund_FLD039049101,KERR-MCGEE CHEMICAL CORP - JACKSONVILLE,superfund_npl,30.34312036,-81.62554038,FL,EPA NPL Superfund,"{""external_id"":""FLD039049101"",""geometry_fallback"":""centroid"",""layer"":""SITE_BOUNDARIES_SF""}"
superfund_FLD042110841,LANDIA CHEMICAL COMPANY,superfund_npl,28.03998005,-81.97951020,FL,EPA NPL Superfund,"{""external_id"":""FLD042110841"",""geometry_fallback"":""centroid"",""layer"":""SITE_BOUNDARIES_SF""}"
superfund_FLD981019235,MADISON COUNTY SANITARY LANDFILL,superfund_npl,30.50280112,-83.39161506,FL,EPA NPL Superfund,"{""external_id"":""FLD981019235"",""geometry_fallback"":""centroid"",""layer"":""SITE_BOUNDARIES_SF""}"
superfund_FLD076027820,MIAMI DRUM SERVICES,superfund_npl,25.83742203,-80.31279825,FL,EPA NPL Superfund,"{""external_id"":""FLD076027820"",""geometry_fallback"":""centroid"",""layer"":""SITE_BOUNDARIES_SF""}"
superfund_FLD088787585,MRI CORP (TAMPA),superfund_npl,27.96030023,-82.35592451,FL,EPA NPL Superfund,"{""external_id"":""FLD088787585"",""geometry_fallback"":""centroid"",""layer"":""SITE_BOUNDARIES_SF""}"
superfund_FLD084535442,MUNISPORT LANDFILL,superfund_npl,25.90864119,-80.15221758,FL,EPA NPL Superfund,"{""external_id"":""FLD084535442"",""geometry_fallback"":""centroid"",""layer"":""SITE_BOUNDARIES_SF""}"
superfund_FLD980709398,NOCATEE HULL CREOSOTE,superfund_npl,27.11874040,-81.94765093,FL,EPA NPL Superfund,"{""external_id"":""FLD980709398"",""geometry_fallback"":""centroid"",""layer"":""SITE_BOUNDARIES_SF""}"
superfund_FLD984229773,NORMANDY PARK APARTMENTS,superfund_npl,28.04905863,-82.39476945,FL,EPA NPL Superfund,"{""external_id"":""FLD984229773"",""geometry_fallback"":""centroid"",""layer"":""SITE_BOUNDARIES_SF""}"
superfund_FLD980602643,NORTHWEST 58TH STREET LANDFILL,superfund_npl,25.83350596,-80.34567161,FL,EPA NPL Superfund,"{""external_id"":""FLD980602643"",""geometry_fallback"":""centroid"",""layer"":""SITE_BOUNDARIES_SF""}"
superfund_FLD984169235,ORLANDO GASIFICATION PLANT,superfund_npl,28.54555733,-81.38633065,FL,EPA NPL Superfund,"{""external_id"":""FLD984169235"",""geometry_fallback"":""centroid"",""layer"":""SITE_BOUNDARIES_SF""}"
superfund_FLD041140344,PARRAMORE SURPLUS,superfund_npl,30.66056301,-84.69192006,FL,EPA NPL Superfund,"{""external_id"":""FLD041140344"",""geometry_fallback"":""centroid"",""layer"":""SITE_BOUNDARIES_SF""}"
superfund_FLD004091807,PEAK OIL CO./BAY DRUM CO.,superfund_npl,27.97074939,-82.34081006,FL,EPA NPL Superfund,"{""external_id"":""FLD004091807"",""geometry_fallback"":""centroid"",""layer"":""SITE_BOUNDARIES_SF""}"
superfund_FL9170024567,PENSACOLA NAVAL AIR STATION,superfund_npl,30.35317636,-87.30438410,FL,EPA NPL Superfund,"{""external_id"":""FL9170024567"",""geometry_fallback"":""centroid"",""layer"":""SITE_BOUNDARIES_SF""}"
superfund_FLD032544587,"PEPPER STEEL & ALLOYS, INC.",superfund_npl,25.87395707,-80.35351588,FL,EPA NPL Superfund,"{""external_id"":""FLD032544587"",""geometry_fallback"":""centroid"",""layer"":""SITE_BOUNDARIES_SF""}"
superfund_FLD980798698,PETROLEUM PRODUCTS CORP.,superfund_npl,25.99406514,-80.16988028,FL,EPA NPL Superfund,"{""external_id"":""FLD980798698"",""geometry_fallback"":""centroid"",""layer"":""SITE_BOUNDARIES_SF""}"
superfund_FLD980556351,PICKETTVILLE ROAD LANDFILL,superfund_npl,30.36863855,-81.73800941,FL,EPA NPL Superfund,"{""external_id"":""FLD980556351"",""geometry_fallback"":""centroid"",""layer"":""SITE_BOUNDARIES_SF""}"
superfund_FLD056116965,PIONEER SAND CO.,superfund_npl,30.45931249,-87.32790371,FL,EPA NPL Superfund,"{""external_id"":""FLD056116965"",""geometry_fallback"":""centroid"",""layer"":""SITE_BOUNDARIES_SF""}"
superfund_FLD004054284,PIPER AIRCRAFT CORP./VERO BEACH WATER & SEWER DEPARTMENT,superfund_npl,27.64834609,-80.41267258,FL,EPA NPL Superfund,"{""external_id"":""FLD004054284"",""geometry_fallback"":""centroid"",""layer"":""SITE_BOUNDARIES_SF""}"
superfund_FLD004061925,POST AND LUMBER PRESERVING CO INC,superfund_npl,30.59303589,-84.51004925,FL,EPA NPL Superfund,"{""external_id"":""FLD004061925"",""geometry_fallback"":""centroid"",""layer"":""SITE_BOUNDARIES_SF""}"
superfund_FLD984227249,RALEIGH STREET DUMP,superfund_npl,27.91525094,-82.41068593,FL,EPA NPL Superfund,"{""external_id"":""FLD984227249"",""geometry_fallback"":""centroid"",""layer"":""SITE_BOUNDARIES_SF""}"
superfund_FLD000824896,REEVES SOUTHEASTERN GALVANIZING CORP.,superfund_npl,27.97217319,-82.33966095,FL,EPA NPL Superfund,"{""external_id"":""FLD000824896"",""geometry_fallback"":""centroid"",""layer"":""SITE_BOUNDARIES_SF""}"
superfund_FLD032728032,SANFORD DRY CLEANERS,superfund_npl,28.81125498,-81.26565199,FL,EPA NPL Superfund,"{""external_id"":""FLD032728032"",""geometry_fallback"":""centroid"",""layer"":""SITE_BOUNDARIES_SF""}"
superfund_FLD984169193,SANFORD GASIFICATION PLANT,superfund_npl,28.81126235,-81.27663520,FL,EPA NPL Superfund,"{""external_id"":""FLD984169193"",""geometry_fallback"":""centroid"",""layer"":""SITE_BOUNDARIES_SF""}"
superfund_FLD980602882,SAPP BATTERY SALVAGE,superfund_npl,30.72830728,-85.39229475,FL,EPA NPL Superfund,"{""external_id"":""FLD980602882"",""geometry_fallback"":""centroid"",""layer"":""SITE_BOUNDARIES_SF""}"
superfund_FLD062794003,SCHUYLKILL METALS CORP.,superfund_npl,28.01007627,-82.14362523,FL,EPA NPL Superfund,"{""external_id"":""FLD062794003"",""geometry_fallback"":""centroid"",""layer"":""SITE_BOUNDARIES_SF""}"
superfund_FLD043861392,SHERWOOD MEDICAL INDUSTRIES,superfund_npl,29.06027494,-81.26424390,FL,EPA NPL Superfund,"{""external_id"":""FLD043861392"",""geometry_fallback"":""centroid"",""layer"":""SITE_BOUNDARIES_SF""}"
superfund_FLD980728877,SIXTY-SECOND STREET DUMP,superfund_npl,27.96916433,-82.38590667,FL,EPA NPL Superfund,"{""external_id"":""FLD980728877"",""geometry_fallback"":""centroid"",""layer"":""SITE_BOUNDARIES_SF""}"
superfund_FLD032845778,SOLITRON DEVICES INC,superfund_npl,26.77981286,-80.07287083,FL,EPA NPL Superfund,"{""external_id"":""FLD032845778"",""geometry_fallback"":""centroid"",""layer"":""SITE_BOUNDARIES_SF""}"
superfund_FLD045459526,SOLITRON MICROWAVE,superfund_npl,27.13546773,-80.19883568,FL,EPA NPL Superfund,"{""external_id"":""FLD045459526"",""geometry_fallback"":""centroid"",""layer"":""SITE_BOUNDARIES_SF""}"
superfund_FL0001209840,"SOUTHERN SOLVENTS, INC.",superfund_npl,28.04050132,-82.50995150,FL,EPA NPL Superfund,"{""external_id"":""FL0001209840"",""geometry_fallback"":""centroid"",""layer"":""SITE_BOUNDARIES_SF""}"
superfund_FLD004072658,SPRAGUE ELECTRIC COMPANY,superfund_npl,28.71588681,-81.32130058,FL,EPA NPL Superfund,"{""external_id"":""FLD004072658"",""geometry_fallback"":""centroid"",""layer"":""SITE_BOUNDARIES_SF""}"
superfund_FLD004126520,STANDARD AUTO BUMPER CORP.,superfund_npl,25.82468713,-80.28207264,FL,EPA NPL Superfund,"{""external_id"":""FLD004126520"",""geometry_fallback"":""centroid"",""layer"":""SITE_BOUNDARIES_SF""}"
superfund_FLD004092532,STAUFFER CHEMICAL CO (TAMPA),superfund_npl,27.96299000,-82.37076257,FL,EPA NPL Superfund,"{""external_id"":""FLD004092532"",""geometry_fallback"":""centroid"",""layer"":""SITE_BOUNDARIES_SF""}"
superfund_FLD010596013,STAUFFER CHEMICAL CO. (TARPON SPRINGS),superfund_npl,28.16976310,-82.77425723,FL,EPA NPL Superfund,"{""external_id"":""FLD010596013"",""geometry_fallback"":""centroid"",""layer"":""SITE_BOUNDARIES_SF""}"
superfund_FLD000648055,SYDNEY MINE SLUDGE PONDS,superfund_npl,27.93100718,-82.20075471,FL,EPA NPL Superfund,"{""external_id"":""FLD000648055"",""geometry_fallback"":""centroid"",""layer"":""SITE_BOUNDARIES_SF""}"
superfund_FLD980494959,TAYLOR ROAD LANDFILL,superfund_npl,28.01290613,-82.29623738,FL,EPA NPL Superfund,"{""external_id"":""FLD980494959"",""geometry_fallback"":""centroid"",""layer"":""SITE_BOUNDARIES_SF""}"
superfund_FLD004065546,TOWER CHEMICAL CO.,superfund_npl,28.55196575,-81.68441996,FL,EPA NPL Superfund,"{""external_id"":""FLD004065546"",""geometry_fallback"":""centroid"",""layer"":""SITE_BOUNDARIES_SF""}"
superfund_FLD091471904,"TRANS CIRCUITS, INC.",superfund_npl,26.79520674,-80.07369330,FL,EPA NPL Superfund,"{""external_id"":""FLD091471904"",""geometry_fallback"":""centroid"",""layer"":""SITE_BOUNDARIES_SF""}"
superfund_FLD070864541,"TRI-CITY OIL CONSERVATIONIST, INC",superfund_npl,28.03188031,-82.40126076,FL,EPA NPL Superfund,"{""external_id"":""FLD070864541"",""geometry_fallback"":""centroid"",""layer"":""SITE_BOUNDARIES_SF""}"
superfund_FL1570024124,TYNDALL AIR FORCE BASE,superfund_npl,30.04517064,-85.54949632,FL,EPA NPL Superfund,"{""external_id"":""FL1570024124"",""geometry_fallback"":""centroid"",""layer"":""SITE_BOUNDARIES_SF""}"
superfund_FLD098924038,"UNITED METALS, INC.",superfund_npl,30.68676191,-85.16934301,FL,EPA NPL Superfund,"{""external_id"":""FLD098924038"",""geometry_fallback"":""centroid"",""layer"":""SITE_BOUNDARIES_SF""}"
superfund_FL5170022474,USN AIR STATION CECIL FIELD,superfund_npl,30.25311149,-81.89012713,FL,EPA NPL Superfund,"{""external_id"":""FL5170022474"",""geometry_fallback"":""centroid"",""layer"":""SITE_BOUNDARIES_SF""}"
superfund_FLD980602346,VARSOL SPILL,superfund_npl,25.80508097,-80.27700662,FL,EPA NPL Superfund,"{""external_id"":""FLD980602346"",""geometry_fallback"":""centroid"",""layer"":""SITE_BOUNDARIES_SF""}"
superfund_FLD982119729,WEST FLORIDA NATURAL GAS COMPANY,superfund_npl,29.19467763,-82.13428446,FL,EPA NPL Superfund,"{""external_id"":""FLD982119729"",""geometry_fallback"":""centroid"",""layer"":""SITE_BOUNDARIES_SF""}"
superfund_FLD980602767,WHITEHOUSE OIL PITS,superfund_npl,30.32033399,-81.85146018,FL,EPA NPL Superfund,"{""external_id"":""FLD980602767"",""geometry_fallback"":""centroid"",""layer"":""SITE_BOUNDARIES_SF""}"
superfund_FL2170023244,WHITING FIELD NAVAL AIR STATION,superfund_npl,30.71137433,-87.02000304,FL,EPA NPL Superfund,"{""external_id"":""FL2170023244"",""geometry_fallback"":""centroid"",""layer"":""SITE_BOUNDARIES_SF""}"
superfund_FLD041184383,"WILSON CONCEPTS OF FLORIDA, INC.",superfund_npl,26.21864498,-80.14322254,FL,EPA NPL Superfund,"{""external_id"":""FLD041184383"",""geometry_fallback"":""centroid"",""layer"":""SITE_BOUNDARIES_SF""}"
superfund_FLD981021470,WINGATE ROAD MUNICIPAL INCINERATOR DUMP,superfund_npl,26.14443393,-80.18458153,FL,EPA NPL Superfund,"{""external_id"":""FLD981021470"",""geometry_fallback"":""centroid"",""layer"":""SITE_BOUNDARIES_SF""}"
superfund_FLD004146346,WOODBURY CHEMICAL CO. (PRINCETON PLANT),superfund_npl,25.53528674,-80.41329653,FL,EPA NPL Superfund,"{""external_id"":""FLD004146346"",""geometry_fallback"":""centroid"",""layer"":""SITE_BOUNDARIES_SF""}"
superfund_FLD980844179,YELLOW WATER ROAD,superfund_npl,30.28159333,-81.96521102,FL,EPA NPL Superfund,"{""external_id"":""FLD980844179"",""geometry_fallback"":""centroid"",""layer"":""SITE_BOUNDARIES_SF""}"
superfund_FLD049985302,ZELLWOOD GROUND WATER CONTAMINATION,superfund_npl,28.73140504,-81.61506576,FL,EPA NPL Superfund,"{""external_id"":""FLD049985302"",""geometry_fallback"":""centroid"",""layer"":""SITE_BOUNDARIES_SF""}"
superfund_GAD033582461,ALTERNATE ENERGY RESOURCES INC,superfund_npl,33.45435796,-82.03696570,GA,EPA NPL Superfund,"{""external_id"":""GAD033582461"",""geometry_fallback"":""centroid"",""layer"":""SITE_BOUNDARIES_SF""}"
superfund_GAN000410033,ARMSTRONG WORLD INDUSTRIES,superfund_npl,32.77346713,-83.65116922,GA,EPA NPL Superfund,"{""external_id"":""GAN000410033"",""geometry_fallback"":""centroid"",""layer"":""SITE_BOUNDARIES_SF""}"
superfund_GAD981024466,BRUNSWICK WOOD PRESERVING,superfund_npl,31.24303552,-81.52875263,GA,EPA NPL Superfund,"{""external_id"":""GAD981024466"",""geometry_fallback"":""centroid"",""layer"":""SITE_BOUNDARIES_SF""}"
superfund_GAD008212409,CAMILLA WOOD PRESERVING COMPANY,superfund_npl,31.22129677,-84.20441818,GA,EPA NPL Superfund,"{""external_id"":""GAD008212409"",""geometry_fallback"":""centroid"",""layer"":""SITE_BOUNDARIES_SF""}"
superfund_GAD095840674,"CEDARTOWN INDUSTRIES, INC.",superfund_npl,34.00827411,-85.26357598,GA,EPA NPL Superfund,"{""external_id"":""GAD095840674"",""geometry_fallback"":""centroid"",""layer"":""SITE_BOUNDARIES_SF""}"
superfund_GAD980495402,CEDARTOWN MUNICIPAL LANDFILL,superfund_npl,34.01524703,-85.28554423,GA,EPA NPL Superfund,"{""external_id"":""GAD980495402"",""geometry_fallback"":""centroid"",""layer"":""SITE_BOUNDARIES_SF""}"
superfund_GAD990741092,DIAMOND SHAMROCK CORP. LANDFILL,superfund_npl,34.02001772,-85.27145552,GA,EPA NPL Superfund,"{""external_id"":""GAD990741092"",""geometry_fallback"":""centroid"",""layer"":""SITE_BOUNDARIES_SF""}"
superfund_GAD990855074,FIRESTONE TIRE & RUBBER CO. (ALBANY PLANT),superfund_npl,31.56585493,-84.05677672,GA,EPA NPL Superfund,"{""external_id"":""GAD990855074"",""geometry_fallback"":""centroid"",""layer"":""SITE_BOUNDARIES_SF""}"
superfund_GAD980556906,HERCULES 009 LANDFILL,superfund_npl,31.20875767,-81.48752234,GA,EPA NPL Superfund,"{""external_id"":""GAD980556906"",""geometry_fallback"":""centroid"",""layer"":""SITE_BOUNDARIES_SF""}"
superfund_GAD099303182,LCP CHEMICALS GEORGIA,superfund_npl,31.18916562,-81.51573542,GA,EPA NPL Superfund,"{""external_id"":""GAD099303182"",""geometry_fallback"":""centroid"",""layer"":""SITE_BOUNDARIES_SF""}"
superfund_GAD990855819,"LUMINOUS PROCESSES, INC.",superfund_npl,33.94023482,-83.47163946,GA,EPA NPL Superfund,"{""external_id"":""GAD990855819"",""geometry_fallback"":""centroid"",""layer"":""SITE_BOUNDARIES_SF""}"
superfund_GAD003302676,MACON NAVAL ORDNANCE PLANT,superfund_npl,32.77642099,-83.64390691,GA,EPA NPL Superfund,"{""external_id"":""GAD003302676"",""geometry_fallback"":""centroid"",""layer"":""SITE_BOUNDARIES_SF""}"
superfund_GA7170023694,MARINE CORPS LOGISTICS BASE,superfund_npl,31.55103708,-84.05026643,GA,EPA NPL Superfund,"{""external_id"":""GA7170023694"",""geometry_fallback"":""centroid"",""layer"":""SITE_BOUNDARIES_SF""}"
superfund_GAD991275686,MARZONE INC./CHEVRON CHEMICAL CO.,superfund_npl,31.42867210,-83.50089613,GA,EPA NPL Superfund,"{""external_id"":""GAD991275686"",""geometry_fallback"":""centroid"",""layer"":""SITE_BOUNDARIES_SF""}"
superfund_GAD980838619,MATHIS BROTHERS LANDFILL (SOUTH MARBLE TOP ROAD),superfund_npl,34.79679806,-85.37728382,GA,EPA NPL Superfund,"{""external_id"":""GAD980838619"",""geometry_fallback"":""centroid"",""layer"":""SITE_BOUNDARIES_SF""}"
superfund_GAD001700699,MONSANTO CORP. (AUGUSTA PLANT),superfund_npl,33.39155342,-81.99192786,GA,EPA NPL Superfund,"{""external_id"":""GAD001700699"",""geometry_fallback"":""centroid"",""layer"":""SITE_BOUNDARIES_SF""}"
superfund_GAN000407449,PEACH ORCHARD RD PCE GROUNDWATER PLUME SITE,superfund_npl,33.41996915,-82.02185176,GA,EPA NPL Superfund,"{""external_id"":""GAN000407449"",""geometry_fallback"":""centroid"",""layer"":""SITE_BOUNDARIES_SF""}"
superfund_GAD980496954,POWERSVILLE SITE,superfund_npl,32.60974742,-83.79346610,GA,EPA NPL Superfund,"{""external_id"":""GAD980496954"",""geometry_fallback"":""centroid"",""layer"":""SITE_BOUNDARIES_SF""}"
superfund_GA1570024330,ROBINS AIR FORCE BASE (LANDFILL #4/SLUDGE LAGOON),superfund_npl,32.61686827,-83.58113840,GA,EPA NPL Superfund,"{""external_id"":""GA1570024330"",""geometry_fallback"":""centroid"",""layer"":""SITE_BOUNDARIES_SF""}"
superfund_GAD042101261,T.H. AGRICULTURE & NUTRITION CO. (ALBANY PLANT),superfund_npl,31.61795054,-84.18115830,GA,EPA NPL Superfund,"{""external_id"":""GAD042101261"",""geometry_fallback"":""centroid"",""layer"":""SITE_BOUNDARIES_SF""}"
superfund_GAD982112658,TERRY CREEK DREDGE SPOIL AREAS/HERCULES OUTFALL,superfund_npl,31.16748630,-81.46556090,GA,EPA NPL Superfund,"{""external_id"":""GAD982112658"",""geometry_fallback"":""centroid"",""layer"":""SITE_BOUNDARIES_SF""}"
superfund_GAN000407160,WESTSIDE LEAD,superfund_npl,33.76374648,-84.41076505,GA,EPA NPL Superfund,"{""external_id"":""GAN000407160"",""geometry_fallback"":""centroid"",""layer"":""SITE_BOUNDARIES_SF""}"
superfund_GAD003269578,"WOOLFOLK CHEMICAL WORKS, INC.",superfund_npl,32.54954164,-83.88469560,GA,EPA NPL Superfund,"{""external_id"":""GAD003269578"",""geometry_fallback"":""centroid"",""layer"":""SITE_BOUNDARIES_SF""}"
superfund_GU6571999519,ANDERSEN AIR FORCE BASE,superfund_npl,13.58775016,144.88918767,GU,EPA NPL Superfund,"{""external_id"":""GU6571999519"",""geometry_fallback"":""centroid"",""layer"":""SITE_BOUNDARIES_SF""}"
superfund_GUD980637649,ORDOT LANDFILL,superfund_npl,13.43860130,144.74999667,GU,EPA NPL Superfund,"{""external_id"":""GUD980637649"",""geometry_fallback"":""centroid"",""layer"":""SITE_BOUNDARIES_SF""}"
superfund_HID980637631,DEL MONTE CORP. (OAHU PLANTATION),superfund_npl,21.44075265,-158.06085722,HI,EPA NPL Superfund,"{""external_id"":""HID980637631"",""geometry_fallback"":""centroid"",""layer"":""SITE_BOUNDARIES_SF""}"
superfund_HI0170090054,NAVAL COMPUTER AND TELECOMMUNICATIONS AREA MASTER STATION EASTERN PACIFIC,superfund_npl,21.45460988,-158.11086656,HI,EPA NPL Superfund,"{""external_id"":""HI0170090054"",""geometry_fallback"":""centroid"",""layer"":""SITE_BOUNDARIES_SF""}"
superfund_HI4170090076,PEARL HARBOR NAVAL COMPLEX,superfund_npl,21.35168435,-157.97467317,HI,EPA NPL Superfund,"{""external_id"":""HI4170090076"",""geometry_fallback"":""centroid"",""layer"":""SITE_BOUNDARIES_SF""}"
superfund_HI7210090026,SCHOFIELD BARRACKS (USARMY),superfund_npl,21.49534794,-158.04439563,HI,EPA NPL Superfund,"{""external_id"":""HI7210090026"",""geometry_fallback"":""centroid"",""layer"":""SITE_BOUNDARIES_SF""}"
superfund_IAD042581256,AIDEX CORP.,superfund_npl,41.14369442,-95.81366107,IA,EPA NPL Superfund,"{""external_id"":""IAD042581256"",""geometry_fallback"":""centroid"",""layer"":""SITE_BOUNDARIES_SF""}"
superfund_IAD980687933,DES MOINES TCE,superfund_npl,41.57942108,-93.64052933,IA,EPA NPL Superfund,"{""external_id"":""IAD980687933"",""geometry_fallback"":""centroid"",""layer"":""SITE_BOUNDARIES_SF""}"
superfund_IAD980685804,"E.I. DU PONT DE NEMOURS & CO., INC. (COUNTY ROAD X23)",superfund_npl,40.65962066,-91.43984253,IA,EPA NPL Superfund,"{""external_id"":""IAD980685804"",""geometry_fallback"":""centroid"",""layer"":""SITE_BOUNDARIES_SF""}"
superfund_IAD005279039,"ELECTRO-COATINGS, INC.",superfund_npl,41.99137168,-91.66847060,IA,EPA NPL Superfund,"{""external_id"":""IAD005279039"",""geometry_fallback"":""centroid"",""layer"":""SITE_BOUNDARIES_SF""}"
superfund_IAD981124167,FAIRFIELD COAL GASIFICATION PLANT,superfund_npl,41.00577712,-91.97219968,IA,EPA NPL Superfund,"{""external_id"":""IAD981124167"",""geometry_fallback"":""centroid"",""layer"":""SITE_BOUNDARIES_SF""}"
superfund_IAD022193577,FARMERS' MUTUAL COOPERATIVE,superfund_npl,43.07473838,-95.90607553,IA,EPA NPL Superfund,"{""external_id"":""IAD022193577"",""geometry_fallback"":""centroid"",""layer"":""SITE_BOUNDARIES_SF""}"
superfund_IAN000706042,HIGHWAY 3 PCE,superfund_npl,42.79506606,-96.17107073,IA,EPA NPL Superfund,"{""external_id"":""IAN000706042"",""geometry_fallback"":""centroid"",""layer"":""SITE_BOUNDARIES_SF""}"
superfund_IA7213820445,IOWA ARMY AMMUNITION PLANT,superfund_npl,40.79036281,-91.24064751,IA,EPA NPL Superfund,"{""external_id"":""IA7213820445"",""geometry_fallback"":""centroid"",""layer"":""SITE_BOUNDARIES_SF""}"
superfund_IAD984591172,IOWA CITY FMGP,superfund_npl,41.65543323,-91.53066694,IA,EPA NPL Superfund,"{""external_id"":""IAD984591172"",""geometry_fallback"":""centroid"",""layer"":""SITE_BOUNDARIES_SF""}"
superfund_IAD005291182,JOHN DEERE (OTTUMWA WORKS LANDFILLS),superfund_npl,41.00168910,-92.40894560,IA,EPA NPL Superfund,"{""external_id"":""IAD005291182"",""geometry_fallback"":""centroid"",""layer"":""SITE_BOUNDARIES_SF""}"
superfund_IAD980631063,LABOUNTY,superfund_npl,43.05746762,-92.66873675,IA,EPA NPL Superfund,"{""external_id"":""IAD980631063"",""geometry_fallback"":""centroid"",""layer"":""SITE_BOUNDARIES_SF""}"
superfund_IAD000606038,LAWRENCE TODTZ FARM,superfund_npl,41.78769625,-90.29272258,IA,EPA NPL Superfund,"{""external_id"":""IAD000606038"",""geometry_fallback"":""centroid"",""layer"":""SITE_BOUNDARIES_SF""}"
superfund_IAN000705485,LOT 46 VALLEY GARDENS TCE,superfund_npl,41.56533661,-93.65103473,IA,EPA NPL Superfund,"{""external_id"":""IAN000705485"",""geometry_fallback"":""centroid"",""layer"":""SITE_BOUNDARIES_SF""}"
superfund_IAD980969190,MASON CITY COAL GASIFICATION PLANT,superfund_npl,43.14749055,-93.19902836,IA,EPA NPL Superfund,"{""external_id"":""IAD980969190"",""geometry_fallback"":""centroid"",""layer"":""SITE_BOUNDARIES_SF""}"
superfund_IAD085824688,MID-AMERICA TANNING CO.,superfund_npl,42.33818630,-96.35617068,IA,EPA NPL Superfund,"{""external_id"":""IAD085824688"",""geometry_fallback"":""centroid"",""layer"":""SITE_BOUNDARIES_SF""}"
superfund_IAD069625655,MIDWEST MANUFACTURING/NORTH FARM,superfund_npl,41.71720427,-92.90718532,IA,EPA NPL Superfund,"{""external_id"":""IAD069625655"",""geometry_fallback"":""centroid"",""layer"":""SITE_BOUNDARIES_SF""}"
superfund_IAD980852461,NORTHWESTERN STATES PORTLAND CEMENT CO.,superfund_npl,43.17336420,-93.21410533,IA,EPA NPL Superfund,"{""external_id"":""IAD980852461"",""geometry_fallback"":""centroid"",""layer"":""SITE_BOUNDARIES_SF""}"
superfund_IAD039954300,PCE FORMER DRY CLEANER,superfund_npl,41.40714188,-94.99733519,IA,EPA NPL Superfund,"{""external_id"":""IAD039954300"",""geometry_fallback"":""centroid"",""layer"":""SITE_BOUNDARIES_SF""}"
superfund_IAD980852578,PEOPLES NATURAL GAS CO.,superfund_npl,42.50538091,-90.65878289,IA,EPA NPL Superfund,"{""external_id"":""IAD980852578"",""geometry_fallback"":""centroid"",""layer"":""SITE_BOUNDARIES_SF""}"
superfund_IA0001610963,RAILROAD AVENUE GROUNDWATER CONTAMINATION,superfund_npl,41.56420806,-93.72012903,IA,EPA NPL Superfund,"{""external_id"":""IA0001610963"",""geometry_fallback"":""centroid"",""layer"":""SITE_BOUNDARIES_SF""}"
superfund_IAD980632509,RED OAK CITY LANDFILL,superfund_npl,41.03626379,-95.24928310,IA,EPA NPL Superfund,"{""external_id"":""IAD980632509"",""geometry_fallback"":""centroid"",""layer"":""SITE_BOUNDARIES_SF""}"
superfund_IAD980630560,SHAW AVENUE DUMP,superfund_npl,43.05445535,-92.66401040,IA,EPA NPL Superfund,"{""external_id"":""IAD980630560"",""geometry_fallback"":""centroid"",""layer"":""SITE_BOUNDARIES_SF""}"
superfund_IAD980630750,SHELLER-GLOBE CORP. DISPOSAL,superfund_npl,40.46733219,-91.41440766,IA,EPA NPL Superfund,"{""external_id"":""IAD980630750"",""geometry_fallback"":""centroid"",""layer"":""SITE_BOUNDARIES_SF""}"
superfund_IAD980630487,VOGEL PAINT & WAX CO.,superfund_npl,42.93480439,-96.19236624,IA,EPA NPL Superfund,"{""external_id"":""IAD980630487"",""geometry_fallback"":""centroid"",""layer"":""SITE_BOUNDARIES_SF""}"
superfund_IAD984566356,WATERLOO COAL GASIFICATION PLANT,superfund_npl,42.49137786,-92.32553050,IA,EPA NPL Superfund,"{""external_id"":""IAD984566356"",""geometry_fallback"":""centroid"",""layer"":""SITE_BOUNDARIES_SF""}"
superfund_IAD065210734,WHITE FARM EQUIPMENT CO. DUMP,superfund_npl,43.08467880,-92.68129525,IA,EPA NPL Superfund,"{""external_id"":""IAD065210734"",""geometry_fallback"":""centroid"",""layer"":""SITE_BOUNDARIES_SF""}"
superfund_IDD000800961,ARRCOM (DREXLER ENTERPRISES),superfund_npl,47.78268721,-116.94903782,ID,EPA NPL Superfund,"{""external_id"":""IDD000800961"",""geometry_fallback"":""centroid"",""layer"":""SITE_BOUNDARIES_SF""}"
superfund_IDN001002859,BALLARD MINE,superfund_npl,42.82511097,-111.49275507,ID,EPA NPL Superfund,"{""external_id"":""IDN001002859"",""geometry_fallback"":""centroid"",""layer"":""SITE_BOUNDARIES_SF""}"
superfund_IDD980725832,BLACKBIRD MINE,superfund_npl,45.12485628,-114.34685043,ID,EPA NPL Superfund,"{""external_id"":""IDD980725832"",""geometry_fallback"":""centroid"",""layer"":""SITE_BOUNDARIES_SF""}"
superfund_IDD048340921,BUNKER HILL MINING & METALLURGICAL COMPLEX,superfund_npl,47.54958700,-116.40974578,ID,EPA NPL Superfund,"{""combined_boundary_parts"":5,""external_id"":""IDD048340921"",""geometry_fallback"":""centroid"",""layer"":""SITE_BOUNDARIES_SF"",""representative_point"":""mean_of_boundary_part_centroids""}"
superfund_IDD984666610,EASTERN MICHAUD FLATS CONTAMINATION,superfund_npl,42.90179515,-112.53399470,ID,EPA NPL Superfund,"{""combined_boundary_parts"":2,""external_id"":""IDD984666610"",""geometry_fallback"":""centroid"",""layer"":""SITE_BOUNDARIES_SF"",""representative_point"":""mean_of_boundary_part_centroids""}"
superfund_ID4890008952,IDAHO NATIONAL ENGINEERING LABORATORY (USDOE),superfund_npl,43.67820291,-112.78596820,ID,EPA NPL Superfund,"{""external_id"":""ID4890008952"",""geometry_fallback"":""centroid"",""layer"":""SITE_BOUNDARIES_SF""}"
superfund_IDD041310707,KERR-MCGEE CHEMICAL CORP. (SODA SPRINGS PLANT),superfund_npl,42.68369637,-111.57280965,ID,EPA NPL Superfund,"{""external_id"":""IDD041310707"",""geometry_fallback"":""centroid"",""layer"":""SITE_BOUNDARIES_SF""}"
superfund_IDD081830994,MONSANTO CHEMICAL CO. (SODA SPRINGS PLANT),superfund_npl,42.68702989,-111.59378859,ID,EPA NPL Superfund,"{""external_id"":""IDD081830994"",""geometry_fallback"":""centroid"",""layer"":""SITE_BOUNDARIES_SF""}"
superfund_ID3572124557,MOUNTAIN HOME AIR FORCE BASE,superfund_npl,43.04826718,-115.86604813,ID,EPA NPL Superfund,"{""external_id"":""ID3572124557"",""geometry_fallback"":""centroid"",""layer"":""SITE_BOUNDARIES_SF""}"
superfund_IDD098812878,PACIFIC HIDE & FUR RECYCLING CO.,superfund_npl,42.89484486,-112.48555940,ID,EPA NPL Superfund,"{""external_id"":""IDD098812878"",""geometry_fallback"":""centroid"",""layer"":""SITE_BOUNDARIES_SF""}"
superfund_IDSFN1002095,ST. MARIES CREOSOTE,superfund_npl,47.32189142,-116.57870372,ID,EPA NPL Superfund,"{""external_id"":""IDSFN1002095"",""geometry_fallback"":""centroid"",""layer"":""SITE_BOUNDARIES_SF""}"
superfund_IDD980665459,STIBNITE/YELLOW PINE MINING AREA,superfund_npl,44.91256785,-115.33474268,ID,EPA NPL Superfund,"{""external_id"":""IDD980665459"",""geometry_fallback"":""centroid"",""layer"":""SITE_BOUNDARIES_SF""}"
superfund_IDD055030852,UNION PACIFIC RAILROAD CO.,superfund_npl,42.89485461,-112.48727868,ID,EPA NPL Superfund,"{""external_id"":""IDD055030852"",""geometry_fallback"":""centroid"",""layer"":""SITE_BOUNDARIES_SF""}"
superfund_ILD980397079,"A & F MATERIAL RECLAIMING, INC.",superfund_npl,39.24427884,-88.17369509,IL,EPA NPL Superfund,"{""external_id"":""ILD980397079"",""geometry_fallback"":""centroid"",""layer"":""SITE_BOUNDARIES_SF""}"
superfund_ILD053219259,"ACME SOLVENT RECLAIMING, INC. (MORRISTOWN PLANT)",superfund_npl,42.15771911,-89.04615254,IL,EPA NPL Superfund,"{""external_id"":""ILD053219259"",""geometry_fallback"":""centroid"",""layer"":""SITE_BOUNDARIES_SF""}"
superfund_ILN000509241,ACME STEEL COKE PLANT,superfund_npl,41.68960852,-87.56210684,IL,EPA NPL Superfund,"{""external_id"":""ILN000509241"",""geometry_fallback"":""centroid"",""layer"":""SITE_BOUNDARIES_SF""}"
superfund_ILD980607055,ADAMS COUNTY QUINCY LANDFILLS 2&3,superfund_npl,39.92588244,-91.26641004,IL,EPA NPL Superfund,"{""external_id"":""ILD980607055"",""geometry_fallback"":""centroid"",""layer"":""SITE_BOUNDARIES_SF""}"
superfund_ILSFN0508010,ALCOA PROPERTIES,superfund_npl,38.60234743,-90.12130427,IL,EPA NPL Superfund,"{""external_id"":""ILSFN0508010"",""geometry_fallback"":""centroid"",""layer"":""SITE_BOUNDARIES_SF""}"
superfund_ILD002994259,AMOCO CHEMICALS (JOLIET LANDFILL),superfund_npl,41.44357797,-88.17630431,IL,EPA NPL Superfund,"{""external_id"":""ILD002994259"",""geometry_fallback"":""centroid"",""layer"":""SITE_BOUNDARIES_SF""}"
superfund_ILN000508170,ASARCO TAYLOR SPRINGS,superfund_npl,39.12915619,-89.49968875,IL,EPA NPL Superfund,"{""external_id"":""ILN000508170"",""geometry_fallback"":""centroid"",""layer"":""SITE_BOUNDARIES_SF""}"
superfund_ILN000510407,BAUTSCH-GRAY MINE,superfund_npl,42.35678389,-90.39905096,IL,EPA NPL Superfund,"{""external_id"":""ILN000510407"",""geometry_fallback"":""centroid"",""layer"":""SITE_BOUNDARIES_SF""}"
superfund_ILD021440375,BELOIT CORP.,superfund_npl,42.46829301,-89.06825111,IL,EPA NPL Superfund,"{""external_id"":""ILD021440375"",""geometry_fallback"":""centroid"",""layer"":""SITE_BOUNDARIES_SF""}"
superfund_ILD980497663,BELVIDERE MUNICIPAL LANDFILL,superfund_npl,42.26367525,-88.87100412,IL,EPA NPL Superfund,"{""external_id"":""ILD980497663"",""geometry_fallback"":""centroid"",""layer"":""SITE_BOUNDARIES_SF""}"
superfund_ILD010236230,BYRON SALVAGE YARD,superfund_npl,42.08926104,-89.30511960,IL,EPA NPL Superfund,"{""external_id"":""ILD010236230"",""geometry_fallback"":""centroid"",""layer"":""SITE_BOUNDARIES_SF""}"
superfund_ILD981781065,CENTRAL ILLINOIS PUBLIC SERVICE CO.,superfund_npl,39.54044795,-89.29765145,IL,EPA NPL Superfund,"{""external_id"":""ILD981781065"",""geometry_fallback"":""centroid"",""layer"":""SITE_BOUNDARIES_SF""}"
superfund_ILD048843809,CHEMETCO,superfund_npl,38.79579322,-90.09660492,IL,EPA NPL Superfund,"{""external_id"":""ILD048843809"",""geometry_fallback"":""centroid"",""layer"":""SITE_BOUNDARIES_SF""}"
superfund_ILD050231976,CIRCLE SMELTING CORP.,superfund_npl,38.60695120,-89.43167521,IL,EPA NPL Superfund,"{""external_id"":""ILD050231976"",""geometry_fallback"":""centroid"",""layer"":""SITE_BOUNDARIES_SF""}"
superfund_ILD980792303,CROSS BROTHERS PAIL RECYCLING (PEMBROKE),superfund_npl,41.09196582,-87.58860531,IL,EPA NPL Superfund,"{""external_id"":""ILD980792303"",""geometry_fallback"":""centroid"",""layer"":""SITE_BOUNDARIES_SF""}"
superfund_ILD062340641,DEPUE/NEW JERSEY ZINC/MOBIL CHEMICAL CORP.,superfund_npl,41.32883599,-89.30456877,IL,EPA NPL Superfund,"{""external_id"":""ILD062340641"",""geometry_fallback"":""centroid"",""layer"":""SITE_BOUNDARIES_SF""}"
superfund_ILD980606305,DUPAGE COUNTY LANDFILL/BLACKWELL FOREST PRESERVE,superfund_npl,41.83249837,-88.17914819,IL,EPA NPL Superfund,"{""external_id"":""ILD980606305"",""geometry_fallback"":""centroid"",""layer"":""SITE_BOUNDARIES_SF""}"
superfund_ILD980606941,EAGLE ZINC CO DIV T L DIAMOND,superfund_npl,39.16185579,-89.47706950,IL,EPA NPL Superfund,"{""external_id"":""ILD980606941"",""geometry_fallback"":""centroid"",""layer"":""SITE_BOUNDARIES_SF""}"
superfund_ILN000508246,ELLSWORTH INDUSTRIAL PARK,superfund_npl,41.78395382,-88.03726455,IL,EPA NPL Superfund,"{""external_id"":""ILN000508246"",""geometry_fallback"":""centroid"",""layer"":""SITE_BOUNDARIES_SF""}"
superfund_ILD099213498,ESTECH GENERAL CHEMICAL COMPANY,superfund_npl,41.62933596,-87.52871759,IL,EPA NPL Superfund,"{""external_id"":""ILD099213498"",""geometry_fallback"":""centroid"",""layer"":""SITE_BOUNDARIES_SF""}"
superfund_ILD984836734,EVERGREEN MANOR GROUND WATER CONTAMINATION,superfund_npl,42.44222315,-89.02432284,IL,EPA NPL Superfund,"{""external_id"":""ILD984836734"",""geometry_fallback"":""centroid"",""layer"":""SITE_BOUNDARIES_SF""}"
superfund_ILD990817991,GALESBURG/KOPPERS CO.,superfund_npl,40.89786222,-90.39532921,IL,EPA NPL Superfund,"{""external_id"":""ILD990817991"",""geometry_fallback"":""centroid"",""layer"":""SITE_BOUNDARIES_SF""}"
superfund_ILD980605836,H.O.D. LANDFILL,superfund_npl,42.47581136,-88.08339110,IL,EPA NPL Superfund,"{""external_id"":""ILD980605836"",""geometry_fallback"":""centroid"",""layer"":""SITE_BOUNDARIES_SF""}"
superfund_ILN000508134,HEGELER ZINC,superfund_npl,40.07563042,-87.64851625,IL,EPA NPL Superfund,"{""external_id"":""ILN000508134"",""geometry_fallback"":""centroid"",""layer"":""SITE_BOUNDARIES_SF""}"
superfund_ILD980996789,ILADA ENERGY CO.,superfund_npl,37.25855563,-89.46351581,IL,EPA NPL Superfund,"{""external_id"":""ILD980996789"",""geometry_fallback"":""centroid"",""layer"":""SITE_BOUNDARIES_SF""}"
superfund_ILD042671248,INDIAN REFINERY-TEXACO LAWRENCEVILLE,superfund_npl,38.71071989,-87.68240487,IL,EPA NPL Superfund,"{""external_id"":""ILD042671248"",""geometry_fallback"":""centroid"",""layer"":""SITE_BOUNDARIES_SF""}"
superfund_ILT180011975,"INTERSTATE POLLUTION CONTROL, INC.",superfund_npl,42.24100096,-89.09782965,IL,EPA NPL Superfund,"{""external_id"":""ILT180011975"",""geometry_fallback"":""centroid"",""layer"":""SITE_BOUNDARIES_SF""}"
superfund_ILD006282479,JENNISON-WRIGHT CORPORATION,superfund_npl,38.70959313,-90.15241704,IL,EPA NPL Superfund,"{""external_id"":""ILD006282479"",""geometry_fallback"":""centroid"",""layer"":""SITE_BOUNDARIES_SF""}"
superfund_ILD005443544,JOHNS-MANVILLE CORP.,superfund_npl,42.38922208,-87.81419930,IL,EPA NPL Superfund,"{""external_id"":""ILD005443544"",""geometry_fallback"":""centroid"",""layer"":""SITE_BOUNDARIES_SF""}"
superfund_IL0210090049,JOLIET ARMY AMMUNITION PLANT (LOAD-ASSEMBLY-PACKING AREA),superfund_npl,41.36622038,-88.07720477,IL,EPA NPL Superfund,"{""external_id"":""IL0210090049"",""geometry_fallback"":""centroid"",""layer"":""SITE_BOUNDARIES_SF""}"
superfund_IL7213820460,JOLIET ARMY AMMUNITION PLANT (MANUFACTURING AREA),superfund_npl,41.37621463,-88.15640534,IL,EPA NPL Superfund,"{""external_id"":""IL7213820460"",""geometry_fallback"":""centroid"",""layer"":""SITE_BOUNDARIES_SF""}"
superfund_ILD980823991,KERR-MCGEE (KRESS CREEK/WEST BRANCH OF DUPAGE RIVER),superfund_npl,41.83560297,-88.19316774,IL,EPA NPL Superfund,"{""external_id"":""ILD980823991"",""geometry_fallback"":""centroid"",""layer"":""SITE_BOUNDARIES_SF""}"
superfund_ILD980824007,KERR-MCGEE (REED-KEPPLER PARK),superfund_npl,41.89401815,-88.20933438,IL,EPA NPL Superfund,"{""external_id"":""ILD980824007"",""geometry_fallback"":""centroid"",""layer"":""SITE_BOUNDARIES_SF""}"
superfund_ILD980824015,KERR-MCGEE (RESIDENTIAL AREAS),superfund_npl,41.87760171,-88.20468517,IL,EPA NPL Superfund,"{""external_id"":""ILD980824015"",""geometry_fallback"":""centroid"",""layer"":""SITE_BOUNDARIES_SF""}"
superfund_ILD980824031,KERR-MCGEE (SEWAGE TREATMENT PLANT),superfund_npl,41.86232158,-88.19299775,IL,EPA NPL Superfund,"{""external_id"":""ILD980824031"",""geometry_fallback"":""centroid"",""layer"":""SITE_BOUNDARIES_SF""}"
superfund_ILD000716852,LAKE CALUMET CLUSTER,superfund_npl,41.67653392,-87.56735034,IL,EPA NPL Superfund,"{""external_id"":""ILD000716852"",""geometry_fallback"":""centroid"",""layer"":""SITE_BOUNDARIES_SF""}"
superfund_ILD980794333,LASALLE ELECTRIC UTILITIES,superfund_npl,41.35420380,-89.09809006,IL,EPA NPL Superfund,"{""external_id"":""ILD980794333"",""geometry_fallback"":""centroid"",""layer"":""SITE_BOUNDARIES_SF""}"
superfund_ILD005451711,"LENZ OIL SERVICE, INC.",superfund_npl,41.70652070,-87.94181545,IL,EPA NPL Superfund,"{""external_id"":""ILD005451711"",""geometry_fallback"":""centroid"",""layer"":""SITE_BOUNDARIES_SF""}"
superfund_IL0000064782,MATTHIESSEN AND HEGELER ZINC COMPANY,superfund_npl,41.34098448,-89.09810111,IL,EPA NPL Superfund,"{""external_id"":""IL0000064782"",""geometry_fallback"":""centroid"",""layer"":""SITE_BOUNDARIES_SF""}"
superfund_ILD980497788,MIG/DEWANE LANDFILL,superfund_npl,42.25454398,-88.80854181,IL,EPA NPL Superfund,"{""external_id"":""ILD980497788"",""geometry_fallback"":""centroid"",""layer"":""SITE_BOUNDARIES_SF""}"
superfund_ILD096731468,NL INDUSTRIES/TARACORP LEAD SMELTER,superfund_npl,38.69040924,-90.15569633,IL,EPA NPL Superfund,"{""external_id"":""ILD096731468"",""geometry_fallback"":""centroid"",""layer"":""SITE_BOUNDARIES_SF""}"
superfund_ILD984807990,NORTH SHORE GAS (NSG) NORTH PLANT,superfund_npl,42.37320923,-87.82452118,IL,EPA NPL Superfund,"{""external_id"":""ILD984807990"",""geometry_fallback"":""centroid"",""layer"":""SITE_BOUNDARIES_SF""}"
superfund_ILD984809228,NORTH SHORE GAS SOUTH PLANT,superfund_npl,42.35847390,-87.82556533,IL,EPA NPL Superfund,"{""external_id"":""ILD984809228"",""geometry_fallback"":""centroid"",""layer"":""SITE_BOUNDARIES_SF""}"
superfund_IL0000034355,OLD AMERICAN ZINC PLANT,superfund_npl,38.64845566,-90.09650744,IL,EPA NPL Superfund,"{""external_id"":""IL0000034355"",""geometry_fallback"":""centroid"",""layer"":""SITE_BOUNDARIES_SF""}"
superfund_ILD980606750,OTTAWA RADIATION AREAS,superfund_npl,41.35229326,-88.82875904,IL,EPA NPL Superfund,"{""external_id"":""ILD980606750"",""geometry_fallback"":""centroid"",""layer"":""SITE_BOUNDARIES_SF""}"
superfund_ILD005468616,OTTAWA TOWNSHIP FLAT GLASS SITE,superfund_npl,41.33029902,-88.87232790,IL,EPA NPL Superfund,"{""external_id"":""ILD005468616"",""geometry_fallback"":""centroid"",""layer"":""SITE_BOUNDARIES_SF""}"
superfund_ILD000802827,OUTBOARD MARINE CORP.,superfund_npl,42.36749111,-87.81847263,IL,EPA NPL Superfund,"{""external_id"":""ILD000802827"",""geometry_fallback"":""centroid"",""layer"":""SITE_BOUNDARIES_SF""}"
superfund_ILD980606685,PAGEL'S PIT,superfund_npl,42.15755925,-89.06051177,IL,EPA NPL Superfund,"{""external_id"":""ILD980606685"",""geometry_fallback"":""centroid"",""layer"":""SITE_BOUNDARIES_SF""}"
superfund_ILD005252432,PARSONS CASKET HARDWARE CO.,superfund_npl,42.26922382,-88.83624256,IL,EPA NPL Superfund,"{""external_id"":""ILD005252432"",""geometry_fallback"":""centroid"",""layer"":""SITE_BOUNDARIES_SF""}"
superfund_ILN000510192,PEOPLES GAS CRAWFORD STATION FORMER MGP,superfund_npl,41.82764100,-87.73258630,IL,EPA NPL Superfund,"{""external_id"":""ILN000510192"",""geometry_fallback"":""centroid"",""layer"":""SITE_BOUNDARIES_SF""}"
superfund_ILD982074767,PEOPLES GAS LIGHT & COKE - 22ND ST,superfund_npl,41.85031160,-87.65676722,IL,EPA NPL Superfund,"{""external_id"":""ILD982074767"",""geometry_fallback"":""centroid"",""layer"":""SITE_BOUNDARIES_SF""}"
superfund_ILD982074783,PEOPLES GAS LIGHT & COKE - DIVISION ST,superfund_npl,41.90196908,-87.65738569,IL,EPA NPL Superfund,"{""external_id"":""ILD982074783"",""geometry_fallback"":""centroid"",""layer"":""SITE_BOUNDARIES_SF""}"
superfund_ILD982074775,PEOPLES GAS LIGHT & COKE NORTH STA,superfund_npl,41.90208686,-87.64673475,IL,EPA NPL Superfund,"{""external_id"":""ILD982074775"",""geometry_fallback"":""centroid"",""layer"":""SITE_BOUNDARIES_SF""}"
superfund_ILD982074759,PEOPLES GAS LIGHT & COKE WILLOW ST STATION,superfund_npl,41.91221685,-87.65692215,IL,EPA NPL Superfund,"{""external_id"":""ILD982074759"",""geometry_fallback"":""centroid"",""layer"":""SITE_BOUNDARIES_SF""}"
superfund_ILN000510193,PEOPLES GAS NORTH SHORE AVENUE STATION FORMER MGP,superfund_npl,42.00260467,-87.71069531,IL,EPA NPL Superfund,"{""external_id"":""ILN000510193"",""geometry_fallback"":""centroid"",""layer"":""SITE_BOUNDARIES_SF""}"
superfund_ILN000510191,PEOPLES GAS SOUTH STATION FORMER MGP,superfund_npl,41.84414209,-87.66221973,IL,EPA NPL Superfund,"{""external_id"":""ILN000510191"",""geometry_fallback"":""centroid"",""layer"":""SITE_BOUNDARIES_SF""}"
superfund_ILN000510194,PEOPLES GAS THROOP STREET FORMER MGP,superfund_npl,41.84663277,-87.65776660,IL,EPA NPL Superfund,"{""external_id"":""ILN000510194"",""geometry_fallback"":""centroid"",""layer"":""SITE_BOUNDARIES_SF""}"
superfund_ILD003817137,PETERSEN SAND & GRAVEL,superfund_npl,42.31491150,-87.95084126,IL,EPA NPL Superfund,"{""external_id"":""ILD003817137"",""geometry_fallback"":""centroid"",""layer"":""SITE_BOUNDARIES_SF""}"
superfund_ILD053980454,SANDOVAL ZINC COMPANY,superfund_npl,38.61401603,-89.12085018,IL,EPA NPL Superfund,"{""external_id"":""ILD053980454"",""geometry_fallback"":""centroid"",""layer"":""SITE_BOUNDARIES_SF""}"
superfund_IL8143609487,SANGAMO ELECTRIC DUMP/CRAB ORCHARD NATIONAL WILDLIFE REFUGE (USDOI),superfund_npl,37.69314702,-89.02795146,IL,EPA NPL Superfund,"{""external_id"":""IL8143609487"",""geometry_fallback"":""centroid"",""layer"":""SITE_BOUNDARIES_SF""}"
superfund_ILD980792006,SAUGET AREA 1,superfund_npl,38.58112009,-90.18225595,IL,EPA NPL Superfund,"{""external_id"":""ILD980792006"",""geometry_fallback"":""centroid"",""layer"":""SITE_BOUNDARIES_SF""}"
superfund_ILD000605790,SAUGET AREA 2,superfund_npl,38.59179760,-90.18940076,IL,EPA NPL Superfund,"{""external_id"":""ILD000605790"",""geometry_fallback"":""centroid"",""layer"":""SITE_BOUNDARIES_SF""}"
superfund_IL3210020803,SAVANNA ARMY DEPOT ACTIVITY,superfund_npl,42.22847073,-90.34271071,IL,EPA NPL Superfund,"{""external_id"":""IL3210020803"",""geometry_fallback"":""centroid"",""layer"":""SITE_BOUNDARIES_SF""}"
superfund_ILN000505540,SCHROUD PROPERTY,superfund_npl,41.66244616,-87.54363435,IL,EPA NPL Superfund,"{""external_id"":""ILN000505540"",""geometry_fallback"":""centroid"",""layer"":""SITE_BOUNDARIES_SF""}"
superfund_ILD981000417,SOUTHEAST ROCKFORD GROUND WATER CONTAMINATION,superfund_npl,42.23830367,-89.05064223,IL,EPA NPL Superfund,"{""external_id"":""ILD981000417"",""geometry_fallback"":""centroid"",""layer"":""SITE_BOUNDARIES_SF""}"
superfund_ILD048306138,"TRI-COUNTY LANDFILL CO./WASTE MANAGEMENT OF ILLINOIS, INC.",superfund_npl,41.98320642,-88.27116950,IL,EPA NPL Superfund,"{""external_id"":""ILD048306138"",""geometry_fallback"":""centroid"",""layer"":""SITE_BOUNDARIES_SF""}"
superfund_ILD000814673,VELSICOL CHEMICAL CORP. (MARSHALL PLANT),superfund_npl,39.41095866,-87.69980793,IL,EPA NPL Superfund,"{""external_id"":""ILD000814673"",""geometry_fallback"":""centroid"",""layer"":""SITE_BOUNDARIES_SF""}"
superfund_ILD047019732,WAUCONDA SAND & GRAVEL,superfund_npl,42.28161969,-88.13756429,IL,EPA NPL Superfund,"{""external_id"":""ILD047019732"",""geometry_fallback"":""centroid"",""layer"":""SITE_BOUNDARIES_SF""}"
superfund_ILD980605943,WOODSTOCK MUNICIPAL LANDFILL,superfund_npl,42.29231736,-88.44032976,IL,EPA NPL Superfund,"{""external_id"":""ILD980605943"",""geometry_fallback"":""centroid"",""layer"":""SITE_BOUNDARIES_SF""}"
superfund_ILD980500102,YEOMAN CREEK LANDFILL,superfund_npl,42.38646002,-87.85087461,IL,EPA NPL Superfund,"{""external_id"":""ILD980500102"",""geometry_fallback"":""centroid"",""layer"":""SITE_BOUNDARIES_SF""}"
superfund_IND016360265,"AMERICAN CHEMICAL SERVICE, INC.",superfund_npl,41.51507921,-87.41820261,IN,EPA NPL Superfund,"{""external_id"":""IND016360265"",""geometry_fallback"":""centroid"",""layer"":""SITE_BOUNDARIES_SF""}"
superfund_IND980904379,BECK'S LAKE,superfund_npl,41.67689641,-86.29343700,IN,EPA NPL Superfund,"{""external_id"":""IND980904379"",""geometry_fallback"":""centroid"",""layer"":""SITE_BOUNDARIES_SF""}"
superfund_IND006418651,BENNETT STONE QUARRY,superfund_npl,39.19053303,-86.56137206,IN,EPA NPL Superfund,"{""external_id"":""IND006418651"",""geometry_fallback"":""centroid"",""layer"":""SITE_BOUNDARIES_SF""}"
superfund_INN000510915,BROADWAY STREET CORRIDOR GROUNDWATER CONTAMINATION,superfund_npl,40.11823806,-85.67893579,IN,EPA NPL Superfund,"{""external_id"":""INN000510915"",""geometry_fallback"":""centroid"",""layer"":""SITE_BOUNDARIES_SF""}"
superfund_IND005480462,CAM-OR INC.,superfund_npl,41.54285272,-86.90719202,IN,EPA NPL Superfund,"{""external_id"":""IND005480462"",""geometry_fallback"":""centroid"",""layer"":""SITE_BOUNDARIES_SF""}"
superfund_IND016395899,CARTER LEE LUMBER CO.,superfund_npl,39.76460800,-86.19110985,IN,EPA NPL Superfund,"{""external_id"":""IND016395899"",""geometry_fallback"":""centroid"",""layer"":""SITE_BOUNDARIES_SF""}"
superfund_INN000510272,CLIFF DRIVE GROUNDWATER CONTAMINATION,superfund_npl,40.74555889,-86.40267833,IN,EPA NPL Superfund,"{""external_id"":""INN000510272"",""geometry_fallback"":""centroid"",""layer"":""SITE_BOUNDARIES_SF""}"
superfund_IND980607626,COLUMBUS OLD MUNICIPAL LANDFILL #1,superfund_npl,39.19734312,-85.92608674,IN,EPA NPL Superfund,"{""external_id"":""IND980607626"",""geometry_fallback"":""centroid"",""layer"":""SITE_BOUNDARIES_SF""}"
superfund_IND000715490,CONRAIL RAIL YARD (ELKHART),superfund_npl,41.66833668,-86.03605670,IN,EPA NPL Superfund,"{""external_id"":""IND000715490"",""geometry_fallback"":""centroid"",""layer"":""SITE_BOUNDARIES_SF""}"
superfund_IND001213503,CONTINENTAL STEEL CORP.,superfund_npl,40.47393126,-86.14989792,IN,EPA NPL Superfund,"{""external_id"":""IND001213503"",""geometry_fallback"":""centroid"",""layer"":""SITE_BOUNDARIES_SF""}"
superfund_IND980607881,"DOUGLAS ROAD/UNIROYAL, INC., LANDFILL",superfund_npl,41.71304539,-86.19329946,IN,EPA NPL Superfund,"{""external_id"":""IND980607881"",""geometry_fallback"":""centroid"",""layer"":""SITE_BOUNDARIES_SF""}"
superfund_INN000509938,ELM STREET GROUND WATER CONTAMINATION,superfund_npl,39.47645615,-87.41540796,IN,EPA NPL Superfund,"{""external_id"":""INN000509938"",""geometry_fallback"":""centroid"",""layer"":""SITE_BOUNDARIES_SF""}"
superfund_IND084259951,ENVIROCHEM CORP.,superfund_npl,40.02877450,-86.27704536,IN,EPA NPL Superfund,"{""external_id"":""IND084259951"",""geometry_fallback"":""centroid"",""layer"":""SITE_BOUNDARIES_SF""}"
superfund_IND005444104,FEDERATED METALS CORP WHITING,superfund_npl,41.67643091,-87.49539606,IN,EPA NPL Superfund,"{""external_id"":""IND005444104"",""geometry_fallback"":""centroid"",""layer"":""SITE_BOUNDARIES_SF""}"
superfund_IND074315896,FISHER-CALO,superfund_npl,41.50994168,-86.66421073,IN,EPA NPL Superfund,"{""external_id"":""IND074315896"",""geometry_fallback"":""centroid"",""layer"":""SITE_BOUNDARIES_SF""}"
superfund_IND980679542,FORT WAYNE REDUCTION DUMP,superfund_npl,41.07573536,-85.06954976,IN,EPA NPL Superfund,"{""external_id"":""IND980679542"",""geometry_fallback"":""centroid"",""layer"":""SITE_BOUNDARIES_SF""}"
superfund_INN000510959,FRANKLIN STREET GROUNDWATER CONTAMINATION,superfund_npl,39.28593516,-86.76563995,IN,EPA NPL Superfund,"{""external_id"":""INN000510959"",""geometry_fallback"":""centroid"",""layer"":""SITE_BOUNDARIES_SF""}"
superfund_IND980999635,GALEN MYERS DUMP/DRUM SALVAGE,superfund_npl,41.68601469,-86.08767914,IN,EPA NPL Superfund,"{""external_id"":""IND980999635"",""geometry_fallback"":""centroid"",""layer"":""SITE_BOUNDARIES_SF""}"
superfund_INN000508642,GARDEN CITY GROUND WATER PLUME,superfund_npl,39.18706660,-85.92999814,IN,EPA NPL Superfund,"{""external_id"":""INN000508642"",""geometry_fallback"":""centroid"",""layer"":""SITE_BOUNDARIES_SF""}"
superfund_IND077005916,GARY DEVELOPMENT LANDFILL,superfund_npl,41.61422854,-87.42622766,IN,EPA NPL Superfund,"{""external_id"":""IND077005916"",""geometry_fallback"":""centroid"",""layer"":""SITE_BOUNDARIES_SF""}"
superfund_IND980500292,HIMCO DUMP,superfund_npl,41.70741007,-86.00817613,IN,EPA NPL Superfund,"{""external_id"":""IND980500292"",""geometry_fallback"":""centroid"",""layer"":""SITE_BOUNDARIES_SF""}"
superfund_INT190010876,INTERNATIONAL MINERALS (E. PLANT),superfund_npl,39.43832428,-87.39109919,IN,EPA NPL Superfund,"{""external_id"":""INT190010876"",""geometry_fallback"":""centroid"",""layer"":""SITE_BOUNDARIES_SF""}"
superfund_INN000508142,JACOBSVILLE NEIGHBORHOOD SOIL CONTAMINATION,superfund_npl,37.97633812,-87.56525703,IN,EPA NPL Superfund,"{""external_id"":""INN000508142"",""geometry_fallback"":""centroid"",""layer"":""SITE_BOUNDARIES_SF""}"
superfund_INN000510399,KEYSTONE CORRIDOR GROUND WATER CONTAMINATION,superfund_npl,39.83232960,-86.12310349,IN,EPA NPL Superfund,"{""external_id"":""INN000510399"",""geometry_fallback"":""centroid"",""layer"":""SITE_BOUNDARIES_SF""}"
superfund_INN000510479,KOKOMO CONTAMINATED GROUND WATER PLUME,superfund_npl,40.48603915,-86.10010157,IN,EPA NPL Superfund,"{""external_id"":""INN000510479"",""geometry_fallback"":""centroid"",""layer"":""SITE_BOUNDARIES_SF""}"
superfund_IND980500524,LAKE SANDY JO (M&M LANDFILL),superfund_npl,41.57076628,-87.38160304,IN,EPA NPL Superfund,"{""external_id"":""IND980500524"",""geometry_fallback"":""centroid"",""layer"":""SITE_BOUNDARIES_SF""}"
superfund_IND064703200,"LAKELAND DISPOSAL SERVICE, INC.",superfund_npl,41.14791569,-85.91730494,IN,EPA NPL Superfund,"{""external_id"":""IND064703200"",""geometry_fallback"":""centroid"",""layer"":""SITE_BOUNDARIES_SF""}"
superfund_INN000510229,LANE STREET GROUND WATER CONTAMINATION,superfund_npl,41.71792562,-85.92011278,IN,EPA NPL Superfund,"{""external_id"":""INN000510229"",""geometry_fallback"":""centroid"",""layer"":""SITE_BOUNDARIES_SF""}"
superfund_IND980794341,LEMON LANE LANDFILL,superfund_npl,39.17094427,-86.55799283,IN,EPA NPL Superfund,"{""external_id"":""IND980794341"",""geometry_fallback"":""centroid"",""layer"":""SITE_BOUNDARIES_SF""}"
superfund_IND982073785,LUSHER STREET GROUND WATER CONTAMINATION,superfund_npl,41.67009956,-85.99426243,IN,EPA NPL Superfund,"{""external_id"":""IND982073785"",""geometry_fallback"":""centroid"",""layer"":""SITE_BOUNDARIES_SF""}"
superfund_IND980794358,MAIN STREET WELL FIELD,superfund_npl,41.69556464,-85.98050418,IN,EPA NPL Superfund,"{""external_id"":""IND980794358"",""geometry_fallback"":""centroid"",""layer"":""SITE_BOUNDARIES_SF""}"
superfund_IND980794366,MARION (BRAGG) DUMP,superfund_npl,40.53961070,-85.63552712,IN,EPA NPL Superfund,"{""external_id"":""IND980794366"",""geometry_fallback"":""centroid"",""layer"":""SITE_BOUNDARIES_SF""}"
superfund_IND980615421,MIDCO I,superfund_npl,41.59020074,-87.42769839,IN,EPA NPL Superfund,"{""external_id"":""IND980615421"",""geometry_fallback"":""centroid"",""layer"":""SITE_BOUNDARIES_SF""}"
superfund_IND980679559,MIDCO II,superfund_npl,41.62141468,-87.40849490,IN,EPA NPL Superfund,"{""external_id"":""IND980679559"",""geometry_fallback"":""centroid"",""layer"":""SITE_BOUNDARIES_SF""}"
superfund_IND980794549,NEAL'S DUMP (SPENCER),superfund_npl,39.23783605,-86.79685604,IN,EPA NPL Superfund,"{""external_id"":""IND980794549"",""geometry_fallback"":""centroid"",""layer"":""SITE_BOUNDARIES_SF""}"
superfund_IND980614556,NEAL'S LANDFILL (BLOOMINGTON),superfund_npl,39.16674972,-86.64048476,IN,EPA NPL Superfund,"{""external_id"":""IND980614556"",""geometry_fallback"":""centroid"",""layer"":""SITE_BOUNDARIES_SF""}"
superfund_IND980794432,NINTH AVENUE DUMP,superfund_npl,41.59324671,-87.42856161,IN,EPA NPL Superfund,"{""external_id"":""IND980794432"",""geometry_fallback"":""centroid"",""layer"":""SITE_BOUNDARIES_SF""}"
superfund_INN000510667,NORTH 5TH STREET GROUNDWATER CONTAMINATION,superfund_npl,41.59033079,-85.83384246,IN,EPA NPL Superfund,"{""external_id"":""INN000510667"",""geometry_fallback"":""centroid"",""layer"":""SITE_BOUNDARIES_SF""}"
superfund_INSFN0507828,NORTH SHORE DRIVE,superfund_npl,41.68550155,-86.05420553,IN,EPA NPL Superfund,"{""external_id"":""INSFN0507828"",""geometry_fallback"":""centroid"",""layer"":""SITE_BOUNDARIES_SF""}"
superfund_IND050530872,"NORTHSIDE SANITARY LANDFILL, INC",superfund_npl,40.02882170,-86.27197592,IN,EPA NPL Superfund,"{""external_id"":""IND050530872"",""geometry_fallback"":""centroid"",""layer"":""SITE_BOUNDARIES_SF""}"
superfund_INN000508678,PIKE AND MULBERRY STREETS PCE PLUME,superfund_npl,39.42795577,-86.42982323,IN,EPA NPL Superfund,"{""external_id"":""INN000508678"",""geometry_fallback"":""centroid"",""layer"":""SITE_BOUNDARIES_SF""}"
superfund_IND980684583,POER FARM,superfund_npl,39.84495979,-85.60466750,IN,EPA NPL Superfund,"{""external_id"":""IND980684583"",""geometry_fallback"":""centroid"",""layer"":""SITE_BOUNDARIES_SF""}"
superfund_IND006377048,PRESTOLITE BATTERY DIVISION,superfund_npl,38.69277113,-87.50049572,IN,EPA NPL Superfund,"{""external_id"":""IND006377048"",""geometry_fallback"":""centroid"",""layer"":""SITE_BOUNDARIES_SF""}"
superfund_IND000807107,REILLY TAR & CHEMICAL CORP. (INDIANAPOLIS PLANT),superfund_npl,39.74108713,-86.21827070,IN,EPA NPL Superfund,"{""external_id"":""IND000807107"",""geometry_fallback"":""centroid"",""layer"":""SITE_BOUNDARIES_SF""}"
superfund_INN000510936,RIVERSIDE GROUND WATER CONTAMINATION,superfund_npl,39.78629967,-86.17689973,IN,EPA NPL Superfund,"{""external_id"":""INN000510936"",""geometry_fallback"":""centroid"",""layer"":""SITE_BOUNDARIES_SF""}"
superfund_IND040313017,SEYMOUR RECYCLING CORP.,superfund_npl,38.93467081,-85.92117168,IN,EPA NPL Superfund,"{""external_id"":""IND040313017"",""geometry_fallback"":""centroid"",""layer"":""SITE_BOUNDARIES_SF""}"
superfund_IND980607360,SOUTHSIDE SANITARY LANDFILL,superfund_npl,39.71520481,-86.20532493,IN,EPA NPL Superfund,"{""external_id"":""IND980607360"",""geometry_fallback"":""centroid"",""layer"":""SITE_BOUNDARIES_SF""}"
superfund_IND980997639,"TIPPECANOE SANITARY LANDFILL, INC.",superfund_npl,40.45631599,-86.87108294,IN,EPA NPL Superfund,"{""external_id"":""IND980997639"",""geometry_fallback"":""centroid"",""layer"":""SITE_BOUNDARIES_SF""}"
superfund_INN000508071,TOWN OF PINES GROUNDWATER PLUME,superfund_npl,41.68451546,-86.95033886,IN,EPA NPL Superfund,"{""external_id"":""INN000508071"",""geometry_fallback"":""centroid"",""layer"":""SITE_BOUNDARIES_SF""}"
superfund_IND006038764,TRI-STATE PLATING,superfund_npl,39.21653077,-85.90050500,IN,EPA NPL Superfund,"{""external_id"":""IND006038764"",""geometry_fallback"":""centroid"",""layer"":""SITE_BOUNDARIES_SF""}"
superfund_IND047030226,"U.S. SMELTER AND LEAD REFINERY, INC.",superfund_npl,41.62346878,-87.46280510,IN,EPA NPL Superfund,"{""external_id"":""IND047030226"",""geometry_fallback"":""centroid"",""layer"":""SITE_BOUNDARIES_SF""}"
superfund_IND980504005,"WASTE, INC., LANDFILL",superfund_npl,41.72181301,-86.88014868,IN,EPA NPL Superfund,"{""external_id"":""IND980504005"",""geometry_fallback"":""centroid"",""layer"":""SITE_BOUNDARIES_SF""}"
superfund_IND048989479,WAYNE WASTE OIL,superfund_npl,41.15335542,-85.47739898,IN,EPA NPL Superfund,"{""external_id"":""IND048989479"",""geometry_fallback"":""centroid"",""layer"":""SITE_BOUNDARIES_SF""}"
superfund_IND980794374,"WEDZEB ENTERPRISES, INC.",superfund_npl,40.04516919,-86.47280132,IN,EPA NPL Superfund,"{""external_id"":""IND980794374"",""geometry_fallback"":""centroid"",""layer"":""SITE_BOUNDARIES_SF""}"
superfund_IND980999791,WHITEFORD SALES & SERVICE INC./NATIONALEASE,superfund_npl,41.66396041,-86.28049577,IN,EPA NPL Superfund,"{""external_id"":""IND980999791"",""geometry_fallback"":""centroid"",""layer"":""SITE_BOUNDARIES_SF""}"
superfund_KSD007241656,29TH & MEAD GROUND WATER CONTAMINATION,superfund_npl,37.73937855,-97.32931641,KS,EPA NPL Superfund,"{""external_id"":""KSD007241656"",""geometry_fallback"":""centroid"",""layer"":""SITE_BOUNDARIES_SF""}"
superfund_KSD981710247,57TH AND NORTH BROADWAY STREETS SITE,superfund_npl,37.77714411,-97.34353154,KS,EPA NPL Superfund,"{""external_id"":""KSD981710247"",""geometry_fallback"":""centroid"",""layer"":""SITE_BOUNDARIES_SF""}"
superfund_KSD046746731,ACE SERVICES,superfund_npl,39.39419654,-101.03011340,KS,EPA NPL Superfund,"{""external_id"":""KSD046746731"",""geometry_fallback"":""centroid"",""layer"":""SITE_BOUNDARIES_SF""}"
superfund_KSD980500789,ARKANSAS CITY DUMP,superfund_npl,37.05146563,-97.05244864,KS,EPA NPL Superfund,"{""external_id"":""KSD980500789"",""geometry_fallback"":""centroid"",""layer"":""SITE_BOUNDARIES_SF""}"
superfund_KSD980686174,BIG RIVER SAND CO.,superfund_npl,37.72653778,-97.39876879,KS,EPA NPL Superfund,"{""external_id"":""KSD980686174"",""geometry_fallback"":""centroid"",""layer"":""SITE_BOUNDARIES_SF""}"
superfund_KSN000703396,CANEY RESIDENTIAL YARDS,superfund_npl,37.01155406,-95.92901109,KS,EPA NPL Superfund,"{""external_id"":""KSN000703396"",""geometry_fallback"":""centroid"",""layer"":""SITE_BOUNDARIES_SF""}"
superfund_KSD031349624,"CHEMICAL COMMODITIES, INC.",superfund_npl,38.87763404,-94.80753246,KS,EPA NPL Superfund,"{""external_id"":""KSD031349624"",""geometry_fallback"":""centroid"",""layer"":""SITE_BOUNDARIES_SF""}"
superfund_KSD980741862,CHEROKEE COUNTY,superfund_npl,37.09006543,-94.71755245,KS,EPA NPL Superfund,"{""external_id"":""KSD980741862"",""geometry_fallback"":""centroid"",""layer"":""SITE_BOUNDARIES_SF""}"
superfund_KSN000706550,CHEROKEE ZINC - WEIR SMELTER,superfund_npl,37.30946934,-94.77412008,KS,EPA NPL Superfund,"{""external_id"":""KSN000706550"",""geometry_fallback"":""centroid"",""layer"":""SITE_BOUNDARIES_SF""}"
superfund_KSD980632301,DOEPKE DISPOSAL (HOLLIDAY),superfund_npl,39.03891162,-94.79418811,KS,EPA NPL Superfund,"{""external_id"":""KSD980632301"",""geometry_fallback"":""centroid"",""layer"":""SITE_BOUNDARIES_SF""}"
superfund_KSN000705026,FORMER UNITED ZINC & ASSOCIATED SMELTERS,superfund_npl,37.92742586,-95.40056421,KS,EPA NPL Superfund,"{""external_id"":""KSN000705026"",""geometry_fallback"":""centroid"",""layer"":""SITE_BOUNDARIES_SF""}"
superfund_KS6214020756,FORT RILEY,superfund_npl,39.18557336,-96.81712980,KS,EPA NPL Superfund,"{""external_id"":""KS6214020756"",""geometry_fallback"":""centroid"",""layer"":""SITE_BOUNDARIES_SF""}"
superfund_KSD007135429,HYDRO-FLEX INC.,superfund_npl,39.08760389,-95.72518891,KS,EPA NPL Superfund,"{""external_id"":""KSD007135429"",""geometry_fallback"":""centroid"",""layer"":""SITE_BOUNDARIES_SF""}"
superfund_KSD980631980,JOHNS' SLUDGE POND,superfund_npl,37.73703134,-97.31640113,KS,EPA NPL Superfund,"{""external_id"":""KSD980631980"",""geometry_fallback"":""centroid"",""layer"":""SITE_BOUNDARIES_SF""}"
superfund_KSD980631766,OBEE ROAD,superfund_npl,38.05944148,-97.85762119,KS,EPA NPL Superfund,"{""external_id"":""KSD980631766"",""geometry_fallback"":""centroid"",""layer"":""SITE_BOUNDARIES_SF""}"
superfund_KSD000829846,PESTER REFINERY CO.,superfund_npl,37.84042999,-96.85918505,KS,EPA NPL Superfund,"{""external_id"":""KSD000829846"",""geometry_fallback"":""centroid"",""layer"":""SITE_BOUNDARIES_SF""}"
superfund_KSD065735912,"PLATING, INC.",superfund_npl,38.34624658,-98.84962161,KS,EPA NPL Superfund,"{""external_id"":""KSD065735912"",""geometry_fallback"":""centroid"",""layer"":""SITE_BOUNDARIES_SF""}"
superfund_KSD980862726,STROTHER FIELD INDUSTRIAL PARK,superfund_npl,37.16936000,-97.02900099,KS,EPA NPL Superfund,"{""external_id"":""KSD980862726"",""geometry_fallback"":""centroid"",""layer"":""SITE_BOUNDARIES_SF""}"
superfund_KS0001402320,TRI-COUNTY PUBLIC AIRPORT,superfund_npl,38.71653207,-96.82425912,KS,EPA NPL Superfund,"{""external_id"":""KS0001402320"",""geometry_fallback"":""centroid"",""layer"":""SITE_BOUNDARIES_SF""}"
superfund_KSD984985929,WRIGHT GROUND WATER CONTAMINATION,superfund_npl,37.78069154,-99.89164229,KS,EPA NPL Superfund,"{""external_id"":""KSD984985929"",""geometry_fallback"":""centroid"",""layer"":""SITE_BOUNDARIES_SF""}"
superfund_KYD980500961,A.L. TAYLOR (VALLEY OF DRUMS),superfund_npl,38.08236695,-85.72339072,KY,EPA NPL Superfund,"{""external_id"":""KYD980500961"",""geometry_fallback"":""centroid"",""layer"":""SITE_BOUNDARIES_SF""}"
superfund_KYD041981010,AIRCO,superfund_npl,37.04965848,-88.32218559,KY,EPA NPL Superfund,"{""external_id"":""KYD041981010"",""geometry_fallback"":""centroid"",""layer"":""SITE_BOUNDARIES_SF""}"
superfund_KYD006370167,B.F. GOODRICH,superfund_npl,37.05210323,-88.32976828,KY,EPA NPL Superfund,"{""external_id"":""KYD006370167"",""geometry_fallback"":""centroid"",""layer"":""SITE_BOUNDARIES_SF""}"
superfund_KYD980501019,BRANTLEY LANDFILL,superfund_npl,37.44434160,-87.15498397,KY,EPA NPL Superfund,"{""external_id"":""KYD980501019"",""geometry_fallback"":""centroid"",""layer"":""SITE_BOUNDARIES_SF""}"
superfund_KYD045738291,"CALDWELL LACE LEATHER CO., INC.",superfund_npl,36.87340461,-86.75194528,KY,EPA NPL Superfund,"{""external_id"":""KYD045738291"",""geometry_fallback"":""centroid"",""layer"":""SITE_BOUNDARIES_SF""}"
superfund_KYD980602155,DISTLER BRICKYARD,superfund_npl,37.98980645,-85.95050581,KY,EPA NPL Superfund,"{""external_id"":""KYD980602155"",""geometry_fallback"":""centroid"",""layer"":""SITE_BOUNDARIES_SF""}"
superfund_KYD980601975,DISTLER FARM,superfund_npl,38.00835354,-85.93006887,KY,EPA NPL Superfund,"{""external_id"":""KYD980601975"",""geometry_fallback"":""centroid"",""layer"":""SITE_BOUNDARIES_SF""}"
superfund_KYD980844625,FORT HARTFORD COAL CO. STONE QUARRY,superfund_npl,37.53846101,-86.70465108,KY,EPA NPL Superfund,"{""external_id"":""KYD980844625"",""geometry_fallback"":""centroid"",""layer"":""SITE_BOUNDARIES_SF""}"
superfund_KYD006371074,GENERAL TIRE & RUBBER CO. (MAYFIELD LANDFILL),superfund_npl,36.79104979,-88.63595581,KY,EPA NPL Superfund,"{""external_id"":""KYD006371074"",""geometry_fallback"":""centroid"",""layer"":""SITE_BOUNDARIES_SF""}"
superfund_KYD980501076,"GREEN RIVER DISPOSAL, INC.",superfund_npl,37.88917283,-86.97525078,KY,EPA NPL Superfund,"{""external_id"":""KYD980501076"",""geometry_fallback"":""centroid"",""layer"":""SITE_BOUNDARIES_SF""}"
superfund_KYD980501191,HOWE VALLEY LANDFILL,superfund_npl,37.66853852,-86.12412917,KY,EPA NPL Superfund,"{""external_id"":""KYD980501191"",""geometry_fallback"":""centroid"",""layer"":""SITE_BOUNDARIES_SF""}"
superfund_KYD980557052,LEE'S LANE LANDFILL,superfund_npl,38.19113635,-85.88282144,KY,EPA NPL Superfund,"{""external_id"":""KYD980557052"",""geometry_fallback"":""centroid"",""layer"":""SITE_BOUNDARIES_SF""}"
superfund_KYD980729107,MAXEY FLATS NUCLEAR DISPOSAL,superfund_npl,38.25752310,-83.57284338,KY,EPA NPL Superfund,"{""external_id"":""KYD980729107"",""geometry_fallback"":""centroid"",""layer"":""SITE_BOUNDARIES_SF""}"
superfund_KYD985069954,NATIONAL ELECTRIC COIL CO./COOPER INDUSTRIES,superfund_npl,36.84427297,-83.37143794,KY,EPA NPL Superfund,"{""external_id"":""KYD985069954"",""geometry_fallback"":""centroid"",""layer"":""SITE_BOUNDARIES_SF""}"
superfund_KYD049062375,NATIONAL SOUTHWIRE ALUMINUM CO.,superfund_npl,37.94490968,-86.79444622,KY,EPA NPL Superfund,"{""external_id"":""KYD049062375"",""geometry_fallback"":""centroid"",""layer"":""SITE_BOUNDARIES_SF""}"
superfund_KYD985066380,NEWPORT DUMP,superfund_npl,39.02976697,-84.48641939,KY,EPA NPL Superfund,"{""external_id"":""KYD985066380"",""geometry_fallback"":""centroid"",""layer"":""SITE_BOUNDARIES_SF""}"
superfund_KY8890008982,PADUCAH GASEOUS DIFFUSION PLANT (USDOE),superfund_npl,37.11485233,-88.80851910,KY,EPA NPL Superfund,"{""external_id"":""KY8890008982"",""geometry_fallback"":""centroid"",""layer"":""SITE_BOUNDARIES_SF""}"
superfund_KYD981469794,RED PENN SANITATION CO. LANDFILL,superfund_npl,38.28815762,-85.46537593,KY,EPA NPL Superfund,"{""external_id"":""KYD981469794"",""geometry_fallback"":""centroid"",""layer"":""SITE_BOUNDARIES_SF""}"
superfund_KYD097267413,SMITH'S FARM,superfund_npl,38.04492245,-85.73372480,KY,EPA NPL Superfund,"{""external_id"":""KYD097267413"",""geometry_fallback"":""centroid"",""layer"":""SITE_BOUNDARIES_SF""}"
superfund_KYD981028350,TRI-CITY DISPOSAL CO.,superfund_npl,38.04750696,-85.76821382,KY,EPA NPL Superfund,"{""external_id"":""KYD981028350"",""geometry_fallback"":""centroid"",""layer"":""SITE_BOUNDARIES_SF""}"
superfund_LAD981056997,AGRICULTURE STREET LANDFILL,superfund_npl,29.98888583,-90.04117643,LA,EPA NPL Superfund,"{""external_id"":""LAD981056997"",""geometry_fallback"":""centroid"",""layer"":""SITE_BOUNDARIES_SF""}"
superfund_LAN000604293,AMERICAN CREOSOTE DERIDDER,superfund_npl,30.83062649,-93.27634402,LA,EPA NPL Superfund,"{""external_id"":""LAN000604293"",""geometry_fallback"":""centroid"",""layer"":""SITE_BOUNDARIES_SF""}"
superfund_LAD000239814,"AMERICAN CREOSOTE WORKS, INC. (WINNFIELD PLANT)",superfund_npl,31.91785303,-92.63412615,LA,EPA NPL Superfund,"{""external_id"":""LAD000239814"",""geometry_fallback"":""centroid"",""layer"":""SITE_BOUNDARIES_SF""}"
superfund_LAD980745632,BAYOU BONFOUCA,superfund_npl,30.28251527,-89.78474704,LA,EPA NPL Superfund,"{""external_id"":""LAD980745632"",""geometry_fallback"":""centroid"",""layer"":""SITE_BOUNDARIES_SF""}"
superfund_LAD980745541,BAYOU SORREL,superfund_npl,30.22301840,-91.40988575,LA,EPA NPL Superfund,"{""external_id"":""LAD980745541"",""geometry_fallback"":""centroid"",""layer"":""SITE_BOUNDARIES_SF""}"
superfund_LAD980869440,CAPITOL LAKES,superfund_npl,30.46052233,-91.18422215,LA,EPA NPL Superfund,"{""external_id"":""LAD980869440"",""geometry_fallback"":""centroid"",""layer"":""SITE_BOUNDARIES_SF""}"
superfund_LAD008187940,CENTRAL WOOD PRESERVING CO.,superfund_npl,30.75858514,-91.01044310,LA,EPA NPL Superfund,"{""external_id"":""LAD008187940"",""geometry_fallback"":""centroid"",""layer"":""SITE_BOUNDARIES_SF""}"
superfund_LAD980501456,CLEVE REBER,superfund_npl,30.15458078,-90.87248191,LA,EPA NPL Superfund,"{""external_id"":""LAD980501456"",""geometry_fallback"":""centroid"",""layer"":""SITE_BOUNDARIES_SF""}"
superfund_LAN000607134,COLONIAL CREOSOTE,superfund_npl,30.76482194,-89.86624889,LA,EPA NPL Superfund,"{""external_id"":""LAN000607134"",""geometry_fallback"":""centroid"",""layer"":""SITE_BOUNDARIES_SF""}"
superfund_LAD072606627,"COMBUSTION, INC.",superfund_npl,30.50976896,-90.89846176,LA,EPA NPL Superfund,"{""external_id"":""LAD072606627"",""geometry_fallback"":""centroid"",""layer"":""SITE_BOUNDARIES_SF""}"
superfund_LAD981058019,"D.L. MUD, INC.",superfund_npl,29.95583504,-92.18658117,LA,EPA NPL Superfund,"{""external_id"":""LAD981058019"",""geometry_fallback"":""centroid"",""layer"":""SITE_BOUNDARIES_SF""}"
superfund_LAD052510344,DELATTE METALS,superfund_npl,30.42292309,-90.41068313,LA,EPA NPL Superfund,"{""external_id"":""LAD052510344"",""geometry_fallback"":""centroid"",""layer"":""SITE_BOUNDARIES_SF""}"
superfund_LAD058475419,DELTA SHIPYARD,superfund_npl,29.56571108,-90.70535615,LA,EPA NPL Superfund,"{""external_id"":""LAD058475419"",""geometry_fallback"":""centroid"",""layer"":""SITE_BOUNDARIES_SF""}"
superfund_LAD981155872,DEVIL'S SWAMP LAKE,superfund_npl,30.55953200,-91.22371302,LA,EPA NPL Superfund,"{""external_id"":""LAD981155872"",""geometry_fallback"":""centroid"",""layer"":""SITE_BOUNDARIES_SF""}"
superfund_LAD980879449,DUTCHTOWN TREATMENT PLANT,superfund_npl,30.25646058,-90.98005159,LA,EPA NPL Superfund,"{""external_id"":""LAD980879449"",""geometry_fallback"":""centroid"",""layer"":""SITE_BOUNDARIES_SF""}"
superfund_LAN000605517,EVR-WOOD TREATING/EVANGELINE REFINING COMPANY,superfund_npl,30.24838516,-92.61820326,LA,EPA NPL Superfund,"{""external_id"":""LAN000605517"",""geometry_fallback"":""centroid"",""layer"":""SITE_BOUNDARIES_SF""}"
superfund_LAD008184137,EXIDE BATON ROUGE,superfund_npl,30.58628840,-91.24579543,LA,EPA NPL Superfund,"{""external_id"":""LAD008184137"",""geometry_fallback"":""centroid"",""layer"":""SITE_BOUNDARIES_SF""}"
superfund_LAD980750137,GULF COAST VACUUM SERVICES,superfund_npl,29.95846444,-92.18588366,LA,EPA NPL Superfund,"{""external_id"":""LAD980750137"",""geometry_fallback"":""centroid"",""layer"":""SITE_BOUNDARIES_SF""}"
superfund_LAD985169317,GULF STATE UTILITIES-NORTH RYAN STREET,superfund_npl,30.24114867,-93.21779762,LA,EPA NPL Superfund,"{""external_id"":""LAD985169317"",""geometry_fallback"":""centroid"",""layer"":""SITE_BOUNDARIES_SF""}"
superfund_LAD981054075,HIGHWAY 71/72 REFINERY,superfund_npl,32.51858357,-93.71009260,LA,EPA NPL Superfund,"{""external_id"":""LAD981054075"",""geometry_fallback"":""centroid"",""layer"":""SITE_BOUNDARIES_SF""}"
superfund_LA0213820533,LOUISIANA ARMY AMMUNITION PLANT,superfund_npl,32.55881527,-93.39413101,LA,EPA NPL Superfund,"{""external_id"":""LA0213820533"",""geometry_fallback"":""centroid"",""layer"":""SITE_BOUNDARIES_SF""}"
superfund_LAD981522998,MADISONVILLE CREOSOTE WORKS,superfund_npl,30.42814515,-90.20058961,LA,EPA NPL Superfund,"{""external_id"":""LAD981522998"",""geometry_fallback"":""centroid"",""layer"":""SITE_BOUNDARIES_SF""}"
superfund_LA0000187518,MALLARD BAY LANDING BULK PLANT,superfund_npl,29.93423393,-92.65554332,LA,EPA NPL Superfund,"{""external_id"":""LA0000187518"",""geometry_fallback"":""centroid"",""layer"":""SITE_BOUNDARIES_SF""}"
superfund_LAD008473142,MARION PRESSURE TREATING,superfund_npl,32.90836217,-92.25360437,LA,EPA NPL Superfund,"{""external_id"":""LAD008473142"",""geometry_fallback"":""centroid"",""layer"":""SITE_BOUNDARIES_SF""}"
superfund_LAD980745533,OLD INGER OIL REFINERY,superfund_npl,30.16485824,-90.99551073,LA,EPA NPL Superfund,"{""external_id"":""LAD980745533"",""geometry_fallback"":""centroid"",""layer"":""SITE_BOUNDARIES_SF""}"
superfund_LAD980749139,"PAB OIL & CHEMICAL SERVICE, INC.",superfund_npl,30.01628897,-92.11602865,LA,EPA NPL Superfund,"{""external_id"":""LAD980749139"",""geometry_fallback"":""centroid"",""layer"":""SITE_BOUNDARIES_SF""}"
superfund_LAD057482713,"PETRO-PROCESSORS OF LOUISIANA, INC.",superfund_npl,30.57964675,-91.24217414,LA,EPA NPL Superfund,"{""external_id"":""LAD057482713"",""geometry_fallback"":""centroid"",""layer"":""SITE_BOUNDARIES_SF""}"
superfund_LAD985185107,RUSTON FOUNDRY,superfund_npl,31.29694076,-92.44040915,LA,EPA NPL Superfund,"{""external_id"":""LAD985185107"",""geometry_fallback"":""centroid"",""layer"":""SITE_BOUNDARIES_SF""}"
superfund_LAD008434185,SBA SHIPYARD,superfund_npl,30.16085942,-92.61167369,LA,EPA NPL Superfund,"{""external_id"":""LAD008434185"",""geometry_fallback"":""centroid"",""layer"":""SITE_BOUNDARIES_SF""}"
superfund_LAD008149015,SOUTHERN SHIPBUILDING,superfund_npl,30.27075708,-89.79834159,LA,EPA NPL Superfund,"{""external_id"":""LAD008149015"",""geometry_fallback"":""centroid"",""layer"":""SITE_BOUNDARIES_SF""}"
superfund_MAD001026319,ATLAS TACK CORP.,superfund_npl,41.63390305,-70.89302325,MA,EPA NPL Superfund,"{""external_id"":""MAD001026319"",""geometry_fallback"":""centroid"",""layer"":""SITE_BOUNDARIES_SF""}"
superfund_MAD001041987,BAIRD & MCGUIRE,superfund_npl,42.14968818,-71.02629355,MA,EPA NPL Superfund,"{""external_id"":""MAD001041987"",""geometry_fallback"":""centroid"",""layer"":""SITE_BOUNDARIES_SF""}"
superfund_MAN000106144,BJAT LLC,superfund_npl,42.07517852,-71.41052080,MA,EPA NPL Superfund,"{""external_id"":""MAN000106144"",""geometry_fallback"":""centroid"",""layer"":""SITE_BOUNDARIES_SF""}"
superfund_MAD982191363,BLACKBURN & UNION PRIVILEGES,superfund_npl,42.13981833,-71.25262483,MA,EPA NPL Superfund,"{""external_id"":""MAD982191363"",""geometry_fallback"":""centroid"",""layer"":""SITE_BOUNDARIES_SF""}"
superfund_MAD079510780,CANNON ENGINEERING CORP. (CEC),superfund_npl,41.97222316,-71.02484948,MA,EPA NPL Superfund,"{""external_id"":""MAD079510780"",""geometry_fallback"":""centroid"",""layer"":""SITE_BOUNDARIES_SF""}"
superfund_MAD003809266,CHARLES GEORGE RECLAMATION TRUST LANDFILL,superfund_npl,42.66928520,-71.44386969,MA,EPA NPL Superfund,"{""external_id"":""MAD003809266"",""geometry_fallback"":""centroid"",""layer"":""SITE_BOUNDARIES_SF""}"
superfund_MAD001031574,CREESE & COOK TANNERY (FORMER),superfund_npl,42.55368533,-70.92849109,MA,EPA NPL Superfund,"{""external_id"":""MAD001031574"",""geometry_fallback"":""centroid"",""layer"":""SITE_BOUNDARIES_SF""}"
superfund_MA7210025154,FORT DEVENS,superfund_npl,42.51850457,-71.63713571,MA,EPA NPL Superfund,"{""external_id"":""MA7210025154"",""geometry_fallback"":""centroid"",""layer"":""SITE_BOUNDARIES_SF""}"
superfund_MAD980520670,FORT DEVENS-SUDBURY TRAINING ANNEX,superfund_npl,42.40641005,-71.47395397,MA,EPA NPL Superfund,"{""external_id"":""MAD980520670"",""geometry_fallback"":""centroid"",""layer"":""SITE_BOUNDARIES_SF""}"
superfund_MAD002084093,GE - HOUSATONIC RIVER,superfund_npl,41.85800525,-73.29438397,MA,EPA NPL Superfund,"{""external_id"":""MAD002084093"",""geometry_fallback"":""centroid"",""layer"":""SITE_BOUNDARIES_SF""}"
superfund_MAD980732317,GROVELAND WELLS,superfund_npl,42.74532866,-71.04065072,MA,EPA NPL Superfund,"{""external_id"":""MAD980732317"",""geometry_fallback"":""centroid"",""layer"":""SITE_BOUNDARIES_SF""}"
superfund_MA8570024424,HANSCOM FIELD/HANSCOM AIR FORCE BASE,superfund_npl,42.47107126,-71.28718024,MA,EPA NPL Superfund,"{""external_id"":""MA8570024424"",""geometry_fallback"":""centroid"",""layer"":""SITE_BOUNDARIES_SF""}"
superfund_MAD001060805,HATHEWAY & PATTERSON,superfund_npl,42.03718449,-71.22221870,MA,EPA NPL Superfund,"{""external_id"":""MAD001060805"",""geometry_fallback"":""centroid"",""layer"":""SITE_BOUNDARIES_SF""}"
superfund_MAD980523336,HAVERHILL MUNICIPAL LANDFILL,superfund_npl,42.75331562,-71.04665272,MA,EPA NPL Superfund,"{""external_id"":""MAD980523336"",""geometry_fallback"":""centroid"",""layer"":""SITE_BOUNDARIES_SF""}"
superfund_MAD980732341,HOCOMONCO POND,superfund_npl,42.27251339,-71.64606517,MA,EPA NPL Superfund,"{""external_id"":""MAD980732341"",""geometry_fallback"":""centroid"",""layer"":""SITE_BOUNDARIES_SF""}"
superfund_MAD076580950,INDUSTRI-PLEX,superfund_npl,42.51100086,-71.13751807,MA,EPA NPL Superfund,"{""external_id"":""MAD076580950"",""geometry_fallback"":""centroid"",""layer"":""SITE_BOUNDARIES_SF""}"
superfund_MAD051787323,IRON HORSE PARK,superfund_npl,42.58348298,-71.25888586,MA,EPA NPL Superfund,"{""external_id"":""MAD051787323"",""geometry_fallback"":""centroid"",""layer"":""SITE_BOUNDARIES_SF""}"
superfund_MAN000102204,LOWER NEPONSET RIVER,superfund_npl,42.26579919,-71.09073561,MA,EPA NPL Superfund,"{""external_id"":""MAN000102204"",""geometry_fallback"":""centroid"",""layer"":""SITE_BOUNDARIES_SF""}"
superfund_MA0213820939,MATERIALS TECHNOLOGY LABORATORY (USARMY),superfund_npl,42.36189070,-71.16535552,MA,EPA NPL Superfund,"{""external_id"":""MA0213820939"",""geometry_fallback"":""centroid"",""layer"":""SITE_BOUNDARIES_SF""}"
superfund_MAD001409408,MICROFAB INC (FORMER),superfund_npl,42.84191693,-70.95905114,MA,EPA NPL Superfund,"{""external_id"":""MAD001409408"",""geometry_fallback"":""centroid"",""layer"":""SITE_BOUNDARIES_SF""}"
superfund_MA1210020631,"NATICK LABORATORY ARMY RESEARCH, DEVELOPMENT, AND ENGINEERING CENTER",superfund_npl,42.28993050,-71.36242869,MA,EPA NPL Superfund,"{""external_id"":""MA1210020631"",""geometry_fallback"":""centroid"",""layer"":""SITE_BOUNDARIES_SF""}"
superfund_MA6170023570,NAVAL WEAPONS INDUSTRIAL RESERVE PLANT,superfund_npl,42.47728003,-71.28917924,MA,EPA NPL Superfund,"{""external_id"":""MA6170023570"",""geometry_fallback"":""centroid"",""layer"":""SITE_BOUNDARIES_SF""}"
superfund_MAD980731335,NEW BEDFORD,superfund_npl,41.57553915,-70.89573937,MA,EPA NPL Superfund,"{""external_id"":""MAD980731335"",""geometry_fallback"":""centroid"",""layer"":""SITE_BOUNDARIES_SF""}"
superfund_MAD980670566,NORWOOD PCBS,superfund_npl,42.18077910,-71.19130833,MA,EPA NPL Superfund,"{""external_id"":""MAD980670566"",""geometry_fallback"":""centroid"",""layer"":""SITE_BOUNDARIES_SF""}"
superfund_MAD062166335,"NUCLEAR METALS, INC.",superfund_npl,42.44175462,-71.42065096,MA,EPA NPL Superfund,"{""external_id"":""MAD062166335"",""geometry_fallback"":""centroid"",""layer"":""SITE_BOUNDARIES_SF""}"
superfund_MAD990685422,Nyanza Chemical Waste Dump,superfund_npl,42.26119214,-71.47114762,MA,EPA NPL Superfund,"{""external_id"":""MAD990685422"",""geometry_fallback"":""centroid"",""layer"":""SITE_BOUNDARIES_SF""}"
superfund_MAD001403104,OLIN CHEMICAL,superfund_npl,42.52818641,-71.16327687,MA,EPA NPL Superfund,"{""external_id"":""MAD001403104"",""geometry_fallback"":""centroid"",""layer"":""SITE_BOUNDARIES_SF""}"
superfund_MA2570024487,OTIS AIR NATIONAL GUARD BASE/CAMP EDWARDS,superfund_npl,41.70037244,-70.54483864,MA,EPA NPL Superfund,"{""external_id"":""MA2570024487"",""geometry_fallback"":""centroid"",""layer"":""SITE_BOUNDARIES_SF""}"
superfund_MAD980525232,PLYMOUTH HARBOR/CANNON ENGINEERING CORP.,superfund_npl,41.97971366,-70.68421945,MA,EPA NPL Superfund,"{""external_id"":""MAD980525232"",""geometry_fallback"":""centroid"",""layer"":""SITE_BOUNDARIES_SF""}"
superfund_MAD980731483,PSC RESOURCES,superfund_npl,42.15350956,-72.32979819,MA,EPA NPL Superfund,"{""external_id"":""MAD980731483"",""geometry_fallback"":""centroid"",""layer"":""SITE_BOUNDARIES_SF""}"
superfund_MAD980520621,"RE-SOLVE, INC.",superfund_npl,41.68819070,-71.03257679,MA,EPA NPL Superfund,"{""external_id"":""MAD980520621"",""geometry_fallback"":""centroid"",""layer"":""SITE_BOUNDARIES_SF""}"
superfund_MAD980524169,ROSE DISPOSAL PIT,superfund_npl,42.50661548,-73.26892440,MA,EPA NPL Superfund,"{""external_id"":""MAD980524169"",""geometry_fallback"":""centroid"",""layer"":""SITE_BOUNDARIES_SF""}"
superfund_MAD980525240,SALEM ACRES,superfund_npl,42.50320010,-70.93020613,MA,EPA NPL Superfund,"{""external_id"":""MAD980525240"",""geometry_fallback"":""centroid"",""layer"":""SITE_BOUNDARIES_SF""}"
superfund_MAD980503973,SHPACK LANDFILL,superfund_npl,41.94314402,-71.23439101,MA,EPA NPL Superfund,"{""external_id"":""MAD980503973"",""geometry_fallback"":""centroid"",""layer"":""SITE_BOUNDARIES_SF""}"
superfund_MAD000192393,SILRESIM CHEMICAL CORP.,superfund_npl,42.62922042,-71.31333227,MA,EPA NPL Superfund,"{""external_id"":""MAD000192393"",""geometry_fallback"":""centroid"",""layer"":""SITE_BOUNDARIES_SF""}"
superfund_MA2170022022,SOUTH WEYMOUTH NAVAL AIR STATION,superfund_npl,42.15280630,-70.93807024,MA,EPA NPL Superfund,"{""external_id"":""MA2170022022"",""geometry_fallback"":""centroid"",""layer"":""SITE_BOUNDARIES_SF""}"
superfund_MAD980731343,SULLIVAN'S LEDGE,superfund_npl,41.65913444,-70.95647595,MA,EPA NPL Superfund,"{""external_id"":""MAD980731343"",""geometry_fallback"":""centroid"",""layer"":""SITE_BOUNDARIES_SF""}"
superfund_MAD980520696,SUTTON BROOK DISPOSAL AREA,superfund_npl,42.59424602,-71.17804601,MA,EPA NPL Superfund,"{""external_id"":""MAD980520696"",""geometry_fallback"":""centroid"",""layer"":""SITE_BOUNDARIES_SF""}"
superfund_MAD001002252,"W.R. GRACE & CO., INC. (ACTON PLANT)",superfund_npl,42.45598448,-71.42177530,MA,EPA NPL Superfund,"{""external_id"":""MAD001002252"",""geometry_fallback"":""centroid"",""layer"":""SITE_BOUNDARIES_SF""}"
superfund_MAD001197755,WALTON & LONSBURY INC.,superfund_npl,41.95740549,-71.29709889,MA,EPA NPL Superfund,"{""external_id"":""MAD001197755"",""geometry_fallback"":""centroid"",""layer"":""SITE_BOUNDARIES_SF""}"
superfund_MAD980732168,WELLS G&H,superfund_npl,42.49754638,-71.12884750,MA,EPA NPL Superfund,"{""external_id"":""MAD980732168"",""geometry_fallback"":""centroid"",""layer"":""SITE_BOUNDARIES_SF""}"
superfund_MDD980918387,68TH STREET DUMP/INDUSTRIAL ENTERPRISES,superfund_npl,39.30648769,-76.52016474,MD,EPA NPL Superfund,"{""external_id"":""MDD980918387"",""geometry_fallback"":""centroid"",""layer"":""SITE_BOUNDARIES_SF""}"
superfund_MD2210020036,ABERDEEN PROVING GROUND (EDGEWOOD AREA),superfund_npl,39.36710597,-76.29376095,MD,EPA NPL Superfund,"{""external_id"":""MD2210020036"",""geometry_fallback"":""centroid"",""layer"":""SITE_BOUNDARIES_SF""}"
superfund_MD3210021355,ABERDEEN PROVING GROUND (MICHAELSVILLE LANDFILL),superfund_npl,39.43361248,-76.16745326,MD,EPA NPL Superfund,"{""external_id"":""MD3210021355"",""geometry_fallback"":""centroid"",""layer"":""SITE_BOUNDARIES_SF""}"
superfund_MD0570024000,ANDREWS AIR FORCE BASE,superfund_npl,38.80520025,-76.87454698,MD,EPA NPL Superfund,"{""external_id"":""MD0570024000"",""geometry_fallback"":""centroid"",""layer"":""SITE_BOUNDARIES_SF""}"
superfund_MDN000305762,BEAR CREEK SEDIMENTS,superfund_npl,39.22837896,-76.49506888,MD,EPA NPL Superfund,"{""external_id"":""MDN000305762"",""geometry_fallback"":""centroid"",""layer"":""SITE_BOUNDARIES_SF""}"
superfund_MD0120508940,BELTSVILLE AGRICULTURAL RESEARCH CENTER (USDA),superfund_npl,39.02434596,-76.87566086,MD,EPA NPL Superfund,"{""external_id"":""MD0120508940"",""geometry_fallback"":""centroid"",""layer"":""SITE_BOUNDARIES_SF""}"
superfund_MD9570024803,BRANDYWINE DRMO,superfund_npl,38.69881748,-76.84467524,MD,EPA NPL Superfund,"{""external_id"":""MD9570024803"",""geometry_fallback"":""centroid"",""layer"":""SITE_BOUNDARIES_SF""}"
superfund_MDD980504195,BUSH VALLEY LANDFILL,superfund_npl,39.46814465,-76.26152945,MD,EPA NPL Superfund,"{""external_id"":""MDD980504195"",""geometry_fallback"":""centroid"",""layer"":""SITE_BOUNDARIES_SF""}"
superfund_MDD003061447,CENTRAL CHEMICAL (HAGERSTOWN),superfund_npl,39.65667455,-77.72396010,MD,EPA NPL Superfund,"{""external_id"":""MDD003061447"",""geometry_fallback"":""centroid"",""layer"":""SITE_BOUNDARIES_SF""}"
superfund_MDD980555478,"CHEMICAL METALS INDUSTRIES, INC.",superfund_npl,39.26571555,-76.63199223,MD,EPA NPL Superfund,"{""external_id"":""MDD980555478"",""geometry_fallback"":""centroid"",""layer"":""SITE_BOUNDARIES_SF""}"
superfund_MD4690307844,CURTIS BAY COAST GUARD YARD,superfund_npl,39.19952629,-76.56887242,MD,EPA NPL Superfund,"{""external_id"":""MD4690307844"",""geometry_fallback"":""centroid"",""layer"":""SITE_BOUNDARIES_SF""}"
superfund_MDD985366756,DWYER PROPERTY GROUND WATER PLUME,superfund_npl,39.61640629,-75.84590211,MD,EPA NPL Superfund,"{""external_id"":""MDD985366756"",""geometry_fallback"":""centroid"",""layer"":""SITE_BOUNDARIES_SF""}"
superfund_MDD985397249,FORT DETRICK AREA B GROUND WATER,superfund_npl,39.43544862,-77.45108689,MD,EPA NPL Superfund,"{""external_id"":""MDD985397249"",""geometry_fallback"":""centroid"",""layer"":""SITE_BOUNDARIES_SF""}"
superfund_MD9210020567,FORT GEORGE G. MEADE,superfund_npl,39.08250869,-76.76037989,MD,EPA NPL Superfund,"{""external_id"":""MD9210020567"",""geometry_fallback"":""centroid"",""layer"":""SITE_BOUNDARIES_SF""}"
superfund_MD7170024684,INDIAN HEAD NAVAL SURFACE WARFARE CENTER,superfund_npl,38.57198102,-77.19391108,MD,EPA NPL Superfund,"{""external_id"":""MD7170024684"",""geometry_fallback"":""centroid"",""layer"":""SITE_BOUNDARIES_SF""}"
superfund_MDD980923783,KANE & LOMBARD STREET DRUMS,superfund_npl,39.29629652,-76.53439080,MD,EPA NPL Superfund,"{""external_id"":""MDD980923783"",""geometry_fallback"":""centroid"",""layer"":""SITE_BOUNDARIES_SF""}"
superfund_MDD980691588,LIMESTONE ROAD,superfund_npl,39.62546943,-78.72473857,MD,EPA NPL Superfund,"{""external_id"":""MDD980691588"",""geometry_fallback"":""centroid"",""layer"":""SITE_BOUNDARIES_SF""}"
superfund_MDD064882889,"MID-ATLANTIC WOOD PRESERVERS, INC.",superfund_npl,39.16162911,-76.69863909,MD,EPA NPL Superfund,"{""external_id"":""MDD064882889"",""geometry_fallback"":""centroid"",""layer"":""SITE_BOUNDARIES_SF""}"
superfund_MDD980705099,MIDDLETOWN ROAD DUMP,superfund_npl,39.02959258,-76.46277390,MD,EPA NPL Superfund,"{""external_id"":""MDD980705099"",""geometry_fallback"":""centroid"",""layer"":""SITE_BOUNDARIES_SF""}"
superfund_MDD982364341,"ORDNANCE PRODUCTS, INC.",superfund_npl,39.62943267,-75.92322993,MD,EPA NPL Superfund,"{""external_id"":""MDD982364341"",""geometry_fallback"":""centroid"",""layer"":""SITE_BOUNDARIES_SF""}"
superfund_MD7170024536,PATUXENT RIVER NAVAL AIR STATION,superfund_npl,38.28113566,-76.42093590,MD,EPA NPL Superfund,"{""external_id"":""MD7170024536"",""geometry_fallback"":""centroid"",""layer"":""SITE_BOUNDARIES_SF""}"
superfund_MDD980705164,"SAND, GRAVEL AND STONE",superfund_npl,39.61656213,-75.89599327,MD,EPA NPL Superfund,"{""external_id"":""MDD980705164"",""geometry_fallback"":""centroid"",""layer"":""SITE_BOUNDARIES_SF""}"
superfund_MDD981038334,SAUER DUMP,superfund_npl,39.27054392,-76.45264307,MD,EPA NPL Superfund,"{""external_id"":""MDD981038334"",""geometry_fallback"":""centroid"",""layer"":""SITE_BOUNDARIES_SF""}"
superfund_MDD980704852,SOUTHERN MARYLAND WOOD TREATING,superfund_npl,38.35897670,-76.58783383,MD,EPA NPL Superfund,"{""external_id"":""MDD980704852"",""geometry_fallback"":""centroid"",""layer"":""SITE_BOUNDARIES_SF""}"
superfund_MDD000218008,"SPECTRON, INC.",superfund_npl,39.69058110,-75.87641960,MD,EPA NPL Superfund,"{""external_id"":""MDD000218008"",""geometry_fallback"":""centroid"",""layer"":""SITE_BOUNDARIES_SF""}"
superfund_MDD980504344,WOODLAWN COUNTY LANDFILL,superfund_npl,39.64188192,-76.08805856,MD,EPA NPL Superfund,"{""external_id"":""MDD980504344"",""geometry_fallback"":""centroid"",""layer"":""SITE_BOUNDARIES_SF""}"
superfund_ME8170022018,BRUNSWICK NAVAL AIR STATION,superfund_npl,43.88622327,-69.93253348,ME,EPA NPL Superfund,"{""external_id"":""ME8170022018"",""geometry_fallback"":""centroid"",""layer"":""SITE_BOUNDARIES_SF""}"
superfund_MED980524128,CALLAHAN MINING CORP,superfund_npl,44.34678268,-68.80685148,ME,EPA NPL Superfund,"{""external_id"":""MED980524128"",""geometry_fallback"":""centroid"",""layer"":""SITE_BOUNDARIES_SF""}"
superfund_MED981073711,EASTERN SURPLUS,superfund_npl,45.03936677,-67.35783843,ME,EPA NPL Superfund,"{""external_id"":""MED981073711"",""geometry_fallback"":""centroid"",""layer"":""SITE_BOUNDARIES_SF""}"
superfund_MED980915474,EASTLAND WOOLEN MILL,superfund_npl,44.92200142,-69.26080536,ME,EPA NPL Superfund,"{""external_id"":""MED980915474"",""geometry_fallback"":""centroid"",""layer"":""SITE_BOUNDARIES_SF""}"
superfund_MEN000106078,KEDDY MILL,superfund_npl,43.73439262,-70.42327017,ME,EPA NPL Superfund,"{""external_id"":""MEN000106078"",""geometry_fallback"":""centroid"",""layer"":""SITE_BOUNDARIES_SF""}"
superfund_MEN000103584,LEEDS METAL,superfund_npl,44.23716459,-70.08087586,ME,EPA NPL Superfund,"{""external_id"":""MEN000103584"",""geometry_fallback"":""centroid"",""layer"":""SITE_BOUNDARIES_SF""}"
superfund_ME9570024522,LORING AIR FORCE BASE,superfund_npl,46.94932897,-67.89230923,ME,EPA NPL Superfund,"{""external_id"":""ME9570024522"",""geometry_fallback"":""centroid"",""layer"":""SITE_BOUNDARIES_SF""}"
superfund_MED980524078,MCKIN CO.,superfund_npl,43.88803660,-70.28816882,ME,EPA NPL Superfund,"{""external_id"":""MED980524078"",""geometry_fallback"":""centroid"",""layer"":""SITE_BOUNDARIES_SF""}"
superfund_MED980731475,O'CONNOR CO.,superfund_npl,44.30335661,-69.73727821,ME,EPA NPL Superfund,"{""external_id"":""MED980731475"",""geometry_fallback"":""centroid"",""layer"":""SITE_BOUNDARIES_SF""}"
superfund_MED980732291,PINETTE'S SALVAGE YARD,superfund_npl,46.77823094,-68.16960034,ME,EPA NPL Superfund,"{""external_id"":""MED980732291"",""geometry_fallback"":""centroid"",""layer"":""SITE_BOUNDARIES_SF""}"
superfund_ME7170022019,PORTSMOUTH NAVAL SHIPYARD,superfund_npl,43.08009595,-70.73425243,ME,EPA NPL Superfund,"{""external_id"":""ME7170022019"",""geometry_fallback"":""centroid"",""layer"":""SITE_BOUNDARIES_SF""}"
superfund_MED980504393,SACO MUNICIPAL LANDFILL,superfund_npl,43.53011281,-70.48144421,ME,EPA NPL Superfund,"{""external_id"":""MED980504393"",""geometry_fallback"":""centroid"",""layer"":""SITE_BOUNDARIES_SF""}"
superfund_MED980520241,SACO TANNERY WASTE PITS,superfund_npl,43.56217601,-70.42249578,ME,EPA NPL Superfund,"{""external_id"":""MED980520241"",""geometry_fallback"":""centroid"",""layer"":""SITE_BOUNDARIES_SF""}"
superfund_MED042143883,"UNION CHEMICAL CO., INC.",superfund_npl,44.21431113,-69.19645775,ME,EPA NPL Superfund,"{""external_id"":""MED042143883"",""geometry_fallback"":""centroid"",""layer"":""SITE_BOUNDARIES_SF""}"
superfund_MED985466168,WEST SITE/HOWS CORNERS,superfund_npl,44.74162946,-69.17999587,ME,EPA NPL Superfund,"{""external_id"":""MED985466168"",""geometry_fallback"":""centroid"",""layer"":""SITE_BOUNDARIES_SF""}"
superfund_MED980504435,WINTHROP LANDFILL,superfund_npl,44.27687250,-69.98719740,ME,EPA NPL Superfund,"{""external_id"":""MED980504435"",""geometry_fallback"":""centroid"",""layer"":""SITE_BOUNDARIES_SF""}"
superfund_MID006522791,ADAM'S PLATING,superfund_npl,42.73944005,-84.58809584,MI,EPA NPL Superfund,"{""external_id"":""MID006522791"",""geometry_fallback"":""centroid"",""layer"":""SITE_BOUNDARIES_SF""}"
superfund_MI0001119106,AIRCRAFT COMPONENTS (D & L SALES),superfund_npl,42.12641414,-86.45389270,MI,EPA NPL Superfund,"{""external_id"":""MI0001119106"",""geometry_fallback"":""centroid"",""layer"":""SITE_BOUNDARIES_SF""}"
superfund_MID980504450,ALBION-SHERIDAN TOWNSHIP LANDFILL,superfund_npl,42.25041284,-84.71926918,MI,EPA NPL Superfund,"{""external_id"":""MID980504450"",""geometry_fallback"":""centroid"",""layer"":""SITE_BOUNDARIES_SF""}"
superfund_MID006007306,"ALLIED PAPER, INC./PORTAGE CREEK/KALAMAZOO RIVER",superfund_npl,42.53855199,-85.91357981,MI,EPA NPL Superfund,"{""external_id"":""MID006007306"",""geometry_fallback"":""centroid"",""layer"":""SITE_BOUNDARIES_SF""}"
superfund_MID006029102,"AMERICAN ANODCO, INC.",superfund_npl,42.98792619,-85.02777081,MI,EPA NPL Superfund,"{""external_id"":""MID006029102"",""geometry_fallback"":""centroid"",""layer"":""SITE_BOUNDARIES_SF""}"
superfund_MID002931228,ANDERSON DEVELOPMENT CO.,superfund_npl,41.89428716,-84.01745109,MI,EPA NPL Superfund,"{""external_id"":""MID002931228"",""geometry_fallback"":""centroid"",""layer"":""SITE_BOUNDARIES_SF""}"
superfund_MID980794382,"AUTO ION CHEMICALS, INC.",superfund_npl,42.29391463,-85.56708015,MI,EPA NPL Superfund,"{""external_id"":""MID980794382"",""geometry_fallback"":""centroid"",""layer"":""SITE_BOUNDARIES_SF""}"
superfund_MID980791461,"AVENUE ""E"" GROUND WATER CONTAMINATION",superfund_npl,44.74860225,-85.57787396,MI,EPA NPL Superfund,"{""external_id"":""MID980791461"",""geometry_fallback"":""centroid"",""layer"":""SITE_BOUNDARIES_SF""}"
superfund_MID017188673,"BARRELS, INC.",superfund_npl,42.74893991,-84.54360695,MI,EPA NPL Superfund,"{""external_id"":""MID017188673"",""geometry_fallback"":""centroid"",""layer"":""SITE_BOUNDARIES_SF""}"
superfund_MID981092935,BAY CITY MIDDLEGROUNDS,superfund_npl,43.56956211,-83.90783129,MI,EPA NPL Superfund,"{""external_id"":""MID981092935"",""geometry_fallback"":""centroid"",""layer"":""SITE_BOUNDARIES_SF""}"
superfund_MID005107222,BENDIX CORP./ALLIED AUTOMOTIVE,superfund_npl,42.05171089,-86.51290413,MI,EPA NPL Superfund,"{""external_id"":""MID005107222"",""geometry_fallback"":""centroid"",""layer"":""SITE_BOUNDARIES_SF""}"
superfund_MID000605717,BERLIN & FARRO,superfund_npl,42.90467828,-83.83507457,MI,EPA NPL Superfund,"{""external_id"":""MID000605717"",""geometry_fallback"":""centroid"",""layer"":""SITE_BOUNDARIES_SF""}"
superfund_MID006030373,"BOFORS NOBEL, INC.",superfund_npl,43.21030873,-86.11643563,MI,EPA NPL Superfund,"{""external_id"":""MID006030373"",""geometry_fallback"":""centroid"",""layer"":""SITE_BOUNDARIES_SF""}"
superfund_MID980410617,BURROWS SANITATION,superfund_npl,42.22331494,-86.14988425,MI,EPA NPL Superfund,"{""external_id"":""MID980410617"",""geometry_fallback"":""centroid"",""layer"":""SITE_BOUNDARIES_SF""}"
superfund_MID062222997,BUTTERWORTH #2 LANDFILL,superfund_npl,42.95293671,-85.69955948,MI,EPA NPL Superfund,"{""external_id"":""MID062222997"",""geometry_fallback"":""centroid"",""layer"":""SITE_BOUNDARIES_SF""}"
superfund_MID980678627,"CANNELTON INDUSTRIES, INC.",superfund_npl,46.49002046,-84.39260640,MI,EPA NPL Superfund,"{""external_id"":""MID980678627"",""geometry_fallback"":""centroid"",""layer"":""SITE_BOUNDARIES_SF""}"
superfund_MID980274179,"CARTER INDUSTRIALS, INC.",superfund_npl,42.34585065,-83.09197965,MI,EPA NPL Superfund,"{""external_id"":""MID980274179"",""geometry_fallback"":""centroid"",""layer"":""SITE_BOUNDARIES_SF""}"
superfund_MID980794663,CEMETERY DUMP,superfund_npl,42.72492384,-83.61040194,MI,EPA NPL Superfund,"{""external_id"":""MID980794663"",""geometry_fallback"":""centroid"",""layer"":""SITE_BOUNDARIES_SF""}"
superfund_MID980794390,CHARLEVOIX MUNICIPAL WELL,superfund_npl,45.31413412,-85.26193892,MI,EPA NPL Superfund,"{""external_id"":""MID980794390"",""geometry_fallback"":""centroid"",""layer"":""SITE_BOUNDARIES_SF""}"
superfund_MID980477079,CHEM CENTRAL,superfund_npl,42.91270607,-85.67448777,MI,EPA NPL Superfund,"{""external_id"":""MID980477079"",""geometry_fallback"":""centroid"",""layer"":""SITE_BOUNDARIES_SF""}"
superfund_MID980002273,CLARE WATER SUPPLY,superfund_npl,43.81901175,-84.77547207,MI,EPA NPL Superfund,"{""external_id"":""MID980002273"",""geometry_fallback"":""centroid"",""layer"":""SITE_BOUNDARIES_SF""}"
superfund_MID980608970,CLIFF/DOW DUMP,superfund_npl,46.57451682,-87.41663623,MI,EPA NPL Superfund,"{""external_id"":""MID980608970"",""geometry_fallback"":""centroid"",""layer"":""SITE_BOUNDARIES_SF""}"
superfund_MIN000510362,DSC MCLOUTH STEEL GIBRALTAR PLANT,superfund_npl,42.10250480,-83.20970271,MI,EPA NPL Superfund,"{""external_id"":""MIN000510362"",""geometry_fallback"":""centroid"",""layer"":""SITE_BOUNDARIES_SF""}"
superfund_MID980504716,DUELL & GARDNER LANDFILL,superfund_npl,43.32065209,-86.20960240,MI,EPA NPL Superfund,"{""external_id"":""MID980504716"",""geometry_fallback"":""centroid"",""layer"":""SITE_BOUNDARIES_SF""}"
superfund_MID005068143,ELECTROVOICE,superfund_npl,41.82087305,-86.35506760,MI,EPA NPL Superfund,"{""external_id"":""MID005068143"",""geometry_fallback"":""centroid"",""layer"":""SITE_BOUNDARIES_SF""}"
superfund_MID980609366,FOLKERTSMA REFUSE,superfund_npl,43.00175001,-85.70392369,MI,EPA NPL Superfund,"{""external_id"":""MID980609366"",""geometry_fallback"":""centroid"",""layer"":""SITE_BOUNDARIES_SF""}"
superfund_MID980410740,FOREST WASTE PRODUCTS,superfund_npl,43.20097944,-83.54444358,MI,EPA NPL Superfund,"{""external_id"":""MID980410740"",""geometry_fallback"":""centroid"",""layer"":""SITE_BOUNDARIES_SF""}"
superfund_MID980410823,G&H LANDFILL,superfund_npl,42.66420945,-83.07885442,MI,EPA NPL Superfund,"{""external_id"":""MID980410823"",""geometry_fallback"":""centroid"",""layer"":""SITE_BOUNDARIES_SF""}"
superfund_MID017418559,GRAND TRAVERSE OVERALL SUPPLY CO.,superfund_npl,44.79391281,-85.63669750,MI,EPA NPL Superfund,"{""external_id"":""MID017418559"",""geometry_fallback"":""centroid"",""layer"":""SITE_BOUNDARIES_SF""}"
superfund_MID980794531,GRATIOT COUNTY GOLF COURSE,superfund_npl,43.41559635,-84.62345498,MI,EPA NPL Superfund,"{""external_id"":""MID980794531"",""geometry_fallback"":""centroid"",""layer"":""SITE_BOUNDARIES_SF""}"
superfund_MID980506281,GRATIOT COUNTY LANDFILL,superfund_npl,43.39520487,-84.59431645,MI,EPA NPL Superfund,"{""external_id"":""MID980506281"",""geometry_fallback"":""centroid"",""layer"":""SITE_BOUNDARIES_SF""}"
superfund_MI0001271535,H & K SALES,superfund_npl,43.09857922,-85.22828206,MI,EPA NPL Superfund,"{""external_id"":""MI0001271535"",""geometry_fallback"":""centroid"",""layer"":""SITE_BOUNDARIES_SF""}"
superfund_MID017075136,"H. BROWN CO., INC.",superfund_npl,43.00375147,-85.67759322,MI,EPA NPL Superfund,"{""external_id"":""MID017075136"",""geometry_fallback"":""centroid"",""layer"":""SITE_BOUNDARIES_SF""}"
superfund_MID980794408,HEDBLUM INDUSTRIES,superfund_npl,44.41145615,-83.34493940,MI,EPA NPL Superfund,"{""external_id"":""MID980794408"",""geometry_fallback"":""centroid"",""layer"":""SITE_BOUNDARIES_SF""}"
superfund_MID005341714,HI-MILL MANUFACTURING CO.,superfund_npl,42.65011832,-83.59215321,MI,EPA NPL Superfund,"{""external_id"":""MID005341714"",""geometry_fallback"":""centroid"",""layer"":""SITE_BOUNDARIES_SF""}"
superfund_MID980794416,IONIA CITY LANDFILL,superfund_npl,42.97734500,-85.04677667,MI,EPA NPL Superfund,"{""external_id"":""MID980794416"",""geometry_fallback"":""centroid"",""layer"":""SITE_BOUNDARIES_SF""}"
superfund_MID980609440,J & L LANDFILL,superfund_npl,42.65588435,-83.09514852,MI,EPA NPL Superfund,"{""external_id"":""MID980609440"",""geometry_fallback"":""centroid"",""layer"":""SITE_BOUNDARIES_SF""}"
superfund_MID980506463,K&L AVENUE LANDFILL,superfund_npl,42.29315725,-85.74762997,MI,EPA NPL Superfund,"{""external_id"":""MID980506463"",""geometry_fallback"":""centroid"",""layer"":""SITE_BOUNDARIES_SF""}"
superfund_MID006016703,KAYDON CORP.,superfund_npl,43.20069373,-86.29084626,MI,EPA NPL Superfund,"{""external_id"":""MID006016703"",""geometry_fallback"":""centroid"",""layer"":""SITE_BOUNDARIES_SF""}"
superfund_MID981089915,KENT CITY MOBILE HOME PARK,superfund_npl,43.21671741,-85.75354630,MI,EPA NPL Superfund,"{""external_id"":""MID981089915"",""geometry_fallback"":""centroid"",""layer"":""SITE_BOUNDARIES_SF""}"
superfund_MID000260281,KENTWOOD LANDFILL,superfund_npl,42.87377374,-85.59062855,MI,EPA NPL Superfund,"{""external_id"":""MID000260281"",""geometry_fallback"":""centroid"",""layer"":""SITE_BOUNDARIES_SF""}"
superfund_MID043681840,KYSOR INDUSTRIAL CORP.,superfund_npl,44.26291163,-85.41790703,MI,EPA NPL Superfund,"{""external_id"":""MID043681840"",""geometry_fallback"":""centroid"",""layer"":""SITE_BOUNDARIES_SF""}"
superfund_MID067340711,"LIQUID DISPOSAL, INC.",superfund_npl,42.65340580,-83.07413491,MI,EPA NPL Superfund,"{""external_id"":""MID067340711"",""geometry_fallback"":""centroid"",""layer"":""SITE_BOUNDARIES_SF""}"
superfund_MID985574227,LOWER ECORSE CREEK DUMP,superfund_npl,42.23327656,-83.15732421,MI,EPA NPL Superfund,"{""external_id"":""MID985574227"",""geometry_fallback"":""centroid"",""layer"":""SITE_BOUNDARIES_SF""}"
superfund_MID980794465,MASON COUNTY LANDFILL,superfund_npl,43.91617252,-86.42918215,MI,EPA NPL Superfund,"{""external_id"":""MID980794465"",""geometry_fallback"":""centroid"",""layer"":""SITE_BOUNDARIES_SF""}"
superfund_MID005339676,MCGRAW EDISON CORP.,superfund_npl,42.25228552,-84.73378076,MI,EPA NPL Superfund,"{""external_id"":""MID005339676"",""geometry_fallback"":""centroid"",""layer"":""SITE_BOUNDARIES_SF""}"
superfund_MID017422304,MCLOUTH STEEL CORP,superfund_npl,42.16165190,-83.16999124,MI,EPA NPL Superfund,"{""external_id"":""MID017422304"",""geometry_fallback"":""centroid"",""layer"":""SITE_BOUNDARIES_SF""}"
superfund_MID980992952,METAL WORKING SHOP,superfund_npl,44.72943458,-85.85792720,MI,EPA NPL Superfund,"{""external_id"":""MID980992952"",""geometry_fallback"":""centroid"",""layer"":""SITE_BOUNDARIES_SF""}"
superfund_MID980506562,METAMORA LANDFILL,superfund_npl,42.94825915,-83.27316094,MI,EPA NPL Superfund,"{""external_id"":""MID980506562"",""geometry_fallback"":""centroid"",""layer"":""SITE_BOUNDARIES_SF""}"
superfund_MID000775957,MICHIGAN DISPOSAL SERVICE (CORK STREET LANDFILL),superfund_npl,42.25458342,-85.54322819,MI,EPA NPL Superfund,"{""external_id"":""MID000775957"",""geometry_fallback"":""centroid"",""layer"":""SITE_BOUNDARIES_SF""}"
superfund_MIN000505842,MICHNER PLATING - MECHANIC STREET,superfund_npl,42.25314066,-84.40675227,MI,EPA NPL Superfund,"{""external_id"":""MIN000505842"",""geometry_fallback"":""centroid"",""layer"":""SITE_BOUNDARIES_SF""}"
superfund_MID980702989,"MOTOR WHEEL, INC.",superfund_npl,42.76168918,-84.53470079,MI,EPA NPL Superfund,"{""external_id"":""MID980702989"",""geometry_fallback"":""centroid"",""layer"":""SITE_BOUNDARIES_SF""}"
superfund_MID072569510,MUSKEGON CHEMICAL CO.,superfund_npl,43.38580977,-86.34086835,MI,EPA NPL Superfund,"{""external_id"":""MID072569510"",""geometry_fallback"":""centroid"",""layer"":""SITE_BOUNDARIES_SF""}"
superfund_MID005480900,NORTH BRONSON INDUSTRIAL AREA,superfund_npl,41.87846653,-85.19743654,MI,EPA NPL Superfund,"{""external_id"":""MID005480900"",""geometry_fallback"":""centroid"",""layer"":""SITE_BOUNDARIES_SF""}"
superfund_MID020883609,NORTHERNAIRE PLATING,superfund_npl,44.26109975,-85.42069790,MI,EPA NPL Superfund,"{""external_id"":""MID020883609"",""geometry_fallback"":""centroid"",""layer"":""SITE_BOUNDARIES_SF""}"
superfund_MID084566900,NOVACO INDUSTRIES,superfund_npl,41.78556944,-83.64510263,MI,EPA NPL Superfund,"{""external_id"":""MID084566900"",""geometry_fallback"":""centroid"",""layer"":""SITE_BOUNDARIES_SF""}"
superfund_MID990858003,"ORGANIC CHEMICALS, INC.",superfund_npl,42.91773155,-85.74746154,MI,EPA NPL Superfund,"{""external_id"":""MID990858003"",""geometry_fallback"":""centroid"",""layer"":""SITE_BOUNDARIES_SF""}"
superfund_MID980794440,OSSINEKE GROUND WATER CONTAMINATION,superfund_npl,44.90413027,-83.44243831,MI,EPA NPL Superfund,"{""external_id"":""MID980794440"",""geometry_fallback"":""centroid"",""layer"":""SITE_BOUNDARIES_SF""}"
superfund_MID060174240,OTT/STORY/CORDOVA CHEMICAL CO.,superfund_npl,43.30004877,-86.25082589,MI,EPA NPL Superfund,"{""external_id"":""MID060174240"",""geometry_fallback"":""centroid"",""layer"":""SITE_BOUNDARIES_SF""}"
superfund_MID980794747,PACKAGING CORP. OF AMERICA,superfund_npl,44.22653690,-86.27375856,MI,EPA NPL Superfund,"{""external_id"":""MID980794747"",""geometry_fallback"":""centroid"",""layer"":""SITE_BOUNDARIES_SF""}"
superfund_MID980476907,"PARSONS CHEMICAL WORKS, INC.",superfund_npl,42.75479930,-84.76784372,MI,EPA NPL Superfund,"{""external_id"":""MID980476907"",""geometry_fallback"":""centroid"",""layer"":""SITE_BOUNDARIES_SF""}"
superfund_MID006031348,PEERLESS PLATING CO.,superfund_npl,43.20563021,-86.22395106,MI,EPA NPL Superfund,"{""external_id"":""MID006031348"",""geometry_fallback"":""centroid"",""layer"":""SITE_BOUNDARIES_SF""}"
superfund_MID006013049,PMC GROUNDWATER,superfund_npl,45.37560592,-84.96370577,MI,EPA NPL Superfund,"{""external_id"":""MID006013049"",""geometry_fallback"":""centroid"",""layer"":""SITE_BOUNDARIES_SF""}"
superfund_MID095402210,RASMUSSEN'S DUMP,superfund_npl,42.45488261,-83.76880759,MI,EPA NPL Superfund,"{""external_id"":""MID095402210"",""geometry_fallback"":""centroid"",""layer"":""SITE_BOUNDARIES_SF""}"
superfund_MID006028062,ROCKWELL INTERNATIONAL CORP. (ALLEGAN PLANT),superfund_npl,42.53647101,-85.85143754,MI,EPA NPL Superfund,"{""external_id"":""MID006028062"",""geometry_fallback"":""centroid"",""layer"":""SITE_BOUNDARIES_SF""}"
superfund_MID980499842,ROSE TOWNSHIP DUMP,superfund_npl,42.72171897,-83.63288654,MI,EPA NPL Superfund,"{""external_id"":""MID980499842"",""geometry_fallback"":""centroid"",""layer"":""SITE_BOUNDARIES_SF""}"
superfund_MID005340088,"ROTO-FINISH CO., INC.",superfund_npl,42.22935124,-85.54426020,MI,EPA NPL Superfund,"{""external_id"":""MID005340088"",""geometry_fallback"":""centroid"",""layer"":""SITE_BOUNDARIES_SF""}"
superfund_MID000724930,SCA INDEPENDENT LANDFILL,superfund_npl,43.20190219,-86.14040266,MI,EPA NPL Superfund,"{""external_id"":""MID000724930"",""geometry_fallback"":""centroid"",""layer"":""SITE_BOUNDARIES_SF""}"
superfund_MID980794473,SHIAWASSEE RIVER,superfund_npl,42.65038774,-83.96906158,MI,EPA NPL Superfund,"{""external_id"":""MID980794473"",""geometry_fallback"":""centroid"",""layer"":""SITE_BOUNDARIES_SF""}"
superfund_MID069826170,SOUTH MACOMB DISPOSAL AUTHORITY (LANDFILLS #9 AND #9A),superfund_npl,42.68403299,-82.90852026,MI,EPA NPL Superfund,"{""external_id"":""MID069826170"",""geometry_fallback"":""centroid"",""layer"":""SITE_BOUNDARIES_SF""}"
superfund_MID980608780,SOUTHWEST OTTAWA COUNTY LANDFILL,superfund_npl,42.82058647,-86.18473920,MI,EPA NPL Superfund,"{""external_id"":""MID980608780"",""geometry_fallback"":""centroid"",""layer"":""SITE_BOUNDARIES_SF""}"
superfund_MID000268136,SPARTA LANDFILL,superfund_npl,43.15170634,-85.68257295,MI,EPA NPL Superfund,"{""external_id"":""MID000268136"",""geometry_fallback"":""centroid"",""layer"":""SITE_BOUNDARIES_SF""}"
superfund_MID079300125,SPARTAN CHEMICAL CO.,superfund_npl,42.91647585,-85.72778025,MI,EPA NPL Superfund,"{""external_id"":""MID079300125"",""geometry_fallback"":""centroid"",""layer"":""SITE_BOUNDARIES_SF""}"
superfund_MID980794481,SPIEGELBERG LANDFILL,superfund_npl,42.45273180,-83.77202346,MI,EPA NPL Superfund,"{""external_id"":""MID980794481"",""geometry_fallback"":""centroid"",""layer"":""SITE_BOUNDARIES_SF""}"
superfund_MID980499966,SPRINGFIELD TOWNSHIP DUMP,superfund_npl,42.70522442,-83.54171067,MI,EPA NPL Superfund,"{""external_id"":""MID980499966"",""geometry_fallback"":""centroid"",""layer"":""SITE_BOUNDARIES_SF""}"
superfund_MID980609341,"STATE DISPOSAL LANDFILL, INC.",superfund_npl,43.03362643,-85.58643425,MI,EPA NPL Superfund,"{""external_id"":""MID980609341"",""geometry_fallback"":""centroid"",""layer"":""SITE_BOUNDARIES_SF""}"
superfund_MID980703011,STURGIS MUNICIPAL WELLS,superfund_npl,41.80390669,-85.41514743,MI,EPA NPL Superfund,"{""external_id"":""MID980703011"",""geometry_fallback"":""centroid"",""layer"":""SITE_BOUNDARIES_SF""}"
superfund_MID980794655,TAR LAKE,superfund_npl,44.88437850,-85.06925667,MI,EPA NPL Superfund,"{""external_id"":""MID980794655"",""geometry_fallback"":""centroid"",""layer"":""SITE_BOUNDARIES_SF""}"
superfund_MIN000510063,TEN-MILE DRAIN,superfund_npl,42.48186366,-82.89224047,MI,EPA NPL Superfund,"{""external_id"":""MIN000510063"",""geometry_fallback"":""centroid"",""layer"":""SITE_BOUNDARIES_SF""}"
superfund_MID044567162,"THERMO-CHEM, INC.",superfund_npl,43.21078259,-86.13685944,MI,EPA NPL Superfund,"{""external_id"":""MID044567162"",""geometry_fallback"":""centroid"",""layer"":""SITE_BOUNDARIES_SF""}"
superfund_MID980994354,"TITTABAWASSEE RIVER, SAGINAW RIVER & BAY",superfund_npl,43.96006069,-83.51021619,MI,EPA NPL Superfund,"{""external_id"":""MID980994354"",""geometry_fallback"":""centroid"",""layer"":""SITE_BOUNDARIES_SF""}"
superfund_MID980901946,TORCH LAKE,superfund_npl,47.12226876,-88.48617628,MI,EPA NPL Superfund,"{""external_id"":""MID980901946"",""geometry_fallback"":""centroid"",""layer"":""SITE_BOUNDARIES_SF""}"
superfund_MID980794556,U.S. AVIEX,superfund_npl,41.83560231,-86.22534138,MI,EPA NPL Superfund,"{""external_id"":""MID980794556"",""geometry_fallback"":""centroid"",""layer"":""SITE_BOUNDARIES_SF""}"
superfund_MIN000510389,VELSICOL BURN PIT,superfund_npl,43.41560217,-84.62345197,MI,EPA NPL Superfund,"{""external_id"":""MIN000510389"",""geometry_fallback"":""centroid"",""layer"":""SITE_BOUNDARIES_SF""}"
superfund_MID000722439,VELSICOL CHEMICAL CORP. (MICHIGAN),superfund_npl,43.48628880,-84.50135703,MI,EPA NPL Superfund,"{""external_id"":""MID000722439"",""geometry_fallback"":""centroid"",""layer"":""SITE_BOUNDARIES_SF""}"
superfund_MID980793806,VERONA WELL FIELD,superfund_npl,42.34018647,-85.14515121,MI,EPA NPL Superfund,"{""external_id"":""MID980793806"",""geometry_fallback"":""centroid"",""layer"":""SITE_BOUNDARIES_SF""}"
superfund_MID980701247,WASH KING LAUNDRY,superfund_npl,43.85556344,-85.85248103,MI,EPA NPL Superfund,"{""external_id"":""MID980701247"",""geometry_fallback"":""centroid"",""layer"":""SITE_BOUNDARIES_SF""}"
superfund_MID060179587,WASTE MANAGEMENT OF MICHIGAN (HOLLAND LAGOONS),superfund_npl,42.81707834,-86.19244436,MI,EPA NPL Superfund,"{""external_id"":""MID060179587"",""geometry_fallback"":""centroid"",""layer"":""SITE_BOUNDARIES_SF""}"
superfund_MID980701254,WHITEHALL MUNICIPAL WELLS,superfund_npl,43.41268468,-86.33465934,MI,EPA NPL Superfund,"{""external_id"":""MID980701254"",""geometry_fallback"":""centroid"",""layer"":""SITE_BOUNDARIES_SF""}"
superfund_MI5570024278,WURTSMITH AIR FORCE BASE,superfund_npl,44.45629630,-83.38720981,MI,EPA NPL Superfund,"{""external_id"":""MI5570024278"",""geometry_fallback"":""centroid"",""layer"":""SITE_BOUNDARIES_SF""}"
superfund_MND980904023,ADRIAN MUNICIPAL WELL FIELD,superfund_npl,43.63931035,-95.93503528,MN,EPA NPL Superfund,"{""external_id"":""MND980904023"",""geometry_fallback"":""centroid"",""layer"":""SITE_BOUNDARIES_SF""}"
superfund_MND980898068,AGATE LAKE SCRAPYARD,superfund_npl,46.45361367,-94.37601526,MN,EPA NPL Superfund,"{""external_id"":""MND980898068"",""geometry_fallback"":""centroid"",""layer"":""SITE_BOUNDARIES_SF""}"
superfund_MND980823975,ARROWHEAD REFINERY CO.,superfund_npl,46.83963082,-92.24089899,MN,EPA NPL Superfund,"{""external_id"":""MND980823975"",""geometry_fallback"":""centroid"",""layer"":""SITE_BOUNDARIES_SF""}"
superfund_MND982425209,BAYTOWN TOWNSHIP GROUND WATER PLUME,superfund_npl,44.99906464,-92.81967388,MN,EPA NPL Superfund,"{""external_id"":""MND982425209"",""geometry_fallback"":""centroid"",""layer"":""SITE_BOUNDARIES_SF""}"
superfund_MND053417515,"BOISE CASCADE/ONAN CORP./MEDTRONICS, INC.",superfund_npl,45.09662258,-93.23415167,MN,EPA NPL Superfund,"{""external_id"":""MND053417515"",""geometry_fallback"":""centroid"",""layer"":""SITE_BOUNDARIES_SF""}"
superfund_MND000686196,BURLINGTON NORTHERN (BRAINERD/BAXTER PLANT),superfund_npl,46.35254443,-94.22888193,MN,EPA NPL Superfund,"{""external_id"":""MND000686196"",""geometry_fallback"":""centroid"",""layer"":""SITE_BOUNDARIES_SF""}"
superfund_MND981191570,DAKHUE SANITARY LANDFILL,superfund_npl,44.56466169,-92.92430737,MN,EPA NPL Superfund,"{""external_id"":""MND981191570"",""geometry_fallback"":""centroid"",""layer"":""SITE_BOUNDARIES_SF""}"
superfund_MND981088180,EAST BETHEL DEMOLITION LANDFILL,superfund_npl,45.36486112,-93.22491087,MN,EPA NPL Superfund,"{""external_id"":""MND981088180"",""geometry_fallback"":""centroid"",""layer"":""SITE_BOUNDARIES_SF""}"
superfund_MND006481543,FMC CORP. (FRIDLEY PLANT),superfund_npl,45.04858997,-93.27607363,MN,EPA NPL Superfund,"{""external_id"":""MND006481543"",""geometry_fallback"":""centroid"",""layer"":""SITE_BOUNDARIES_SF""}"
superfund_MND038384004,FREEWAY SANITARY LANDFILL,superfund_npl,44.79390396,-93.29423226,MN,EPA NPL Superfund,"{""external_id"":""MND038384004"",""geometry_fallback"":""centroid"",""layer"":""SITE_BOUNDARIES_SF""}"
superfund_MND985701309,FRIDLEY COMMONS PARK WELL FIELD,superfund_npl,45.08105906,-93.25504477,MN,EPA NPL Superfund,"{""external_id"":""MND985701309"",""geometry_fallback"":""centroid"",""layer"":""SITE_BOUNDARIES_SF""}"
superfund_MND051441731,GENERAL MILLS/HENKEL CORP.,superfund_npl,44.99074087,-93.22404139,MN,EPA NPL Superfund,"{""external_id"":""MND051441731"",""geometry_fallback"":""centroid"",""layer"":""SITE_BOUNDARIES_SF""}"
superfund_MNN000506121,HIGHWAY 100 AND COUNTY ROAD 3 GROUNDWATER PLUME,superfund_npl,44.93026836,-93.35000956,MN,EPA NPL Superfund,"{""external_id"":""MNN000506121"",""geometry_fallback"":""centroid"",""layer"":""SITE_BOUNDARIES_SF""}"
superfund_MND044799856,JOSLYN MANUFACTURING & SUPPLY CO.,superfund_npl,45.04543833,-93.33583210,MN,EPA NPL Superfund,"{""external_id"":""MND044799856"",""geometry_fallback"":""centroid"",""layer"":""SITE_BOUNDARIES_SF""}"
superfund_MND000686071,KOCH REFINING CO./N-REN CORP.,superfund_npl,44.76741397,-93.03989986,MN,EPA NPL Superfund,"{""external_id"":""MND000686071"",""geometry_fallback"":""centroid"",""layer"":""SITE_BOUNDARIES_SF""}"
superfund_MND000819359,KOPPERS COKE,superfund_npl,44.96907467,-93.15226397,MN,EPA NPL Superfund,"{""external_id"":""MND000819359"",""geometry_fallback"":""centroid"",""layer"":""SITE_BOUNDARIES_SF""}"
superfund_MND980904049,KUMMER SANITARY LANDFILL,superfund_npl,47.50742616,-94.88953613,MN,EPA NPL Superfund,"{""external_id"":""MND980904049"",""geometry_fallback"":""centroid"",""layer"":""SITE_BOUNDARIES_SF""}"
superfund_MND059680165,KURT MANUFACTURING CO.,superfund_npl,45.06406854,-93.26955862,MN,EPA NPL Superfund,"{""external_id"":""MND059680165"",""geometry_fallback"":""centroid"",""layer"":""SITE_BOUNDARIES_SF""}"
superfund_MND981090483,LAGRAND SANITARY LANDFILL,superfund_npl,45.89926955,-95.49584717,MN,EPA NPL Superfund,"{""external_id"":""MND981090483"",""geometry_fallback"":""centroid"",""layer"":""SITE_BOUNDARIES_SF""}"
superfund_MND980792469,LEHILLIER/MANKATO,superfund_npl,44.15546281,-94.03804893,MN,EPA NPL Superfund,"{""external_id"":""MND980792469"",""geometry_fallback"":""centroid"",""layer"":""SITE_BOUNDARIES_SF""}"
superfund_MND980904072,LONG PRAIRIE GROUND WATER CONTAMINATION,superfund_npl,45.97872257,-94.85654306,MN,EPA NPL Superfund,"{""external_id"":""MND980904072"",""geometry_fallback"":""centroid"",""layer"":""SITE_BOUNDARIES_SF""}"
superfund_MND006192694,MACGILLIS & GIBBS CO./BELL LUMBER & POLE CO.,superfund_npl,45.05404587,-93.19523183,MN,EPA NPL Superfund,"{""external_id"":""MND006192694"",""geometry_fallback"":""centroid"",""layer"":""SITE_BOUNDARIES_SF""}"
superfund_MND980792287,MORRIS ARSENIC DUMP,superfund_npl,45.60660017,-95.88487169,MN,EPA NPL Superfund,"{""external_id"":""MND980792287"",""geometry_fallback"":""centroid"",""layer"":""SITE_BOUNDARIES_SF""}"
superfund_MN3170022914,NAVAL INDUSTRIAL RESERVE ORDNANCE PLANT,superfund_npl,45.05598485,-93.27684790,MN,EPA NPL Superfund,"{""external_id"":""MN3170022914"",""geometry_fallback"":""centroid"",""layer"":""SITE_BOUNDARIES_SF""}"
superfund_MN7213820908,NEW BRIGHTON/ARDEN HILLS/TCAAP (USARMY),superfund_npl,45.06415101,-93.19807447,MN,EPA NPL Superfund,"{""external_id"":""MN7213820908"",""geometry_fallback"":""centroid"",""layer"":""SITE_BOUNDARIES_SF""}"
superfund_MND097891634,NL INDUSTRIES/TARACORP/GOLDEN AUTO,superfund_npl,44.93690547,-93.36473364,MN,EPA NPL Superfund,"{""external_id"":""MND097891634"",""geometry_fallback"":""centroid"",""layer"":""SITE_BOUNDARIES_SF""}"
superfund_MND006154017,NUTTING TRUCK & CASTER CO.,superfund_npl,44.28892871,-93.28664032,MN,EPA NPL Superfund,"{""external_id"":""MND006154017"",""geometry_fallback"":""centroid"",""layer"":""SITE_BOUNDARIES_SF""}"
superfund_MND980904056,OAK GROVE SANITARY LANDFILL,superfund_npl,45.31599664,-93.33179886,MN,EPA NPL Superfund,"{""external_id"":""MND980904056"",""geometry_fallback"":""centroid"",""layer"":""SITE_BOUNDARIES_SF""}"
superfund_MND980609515,OAKDALE DUMP,superfund_npl,44.99622014,-92.97081206,MN,EPA NPL Superfund,"{""external_id"":""MND980609515"",""geometry_fallback"":""centroid"",""layer"":""SITE_BOUNDARIES_SF""}"
superfund_MND000874354,OLMSTED COUNTY SANITARY LANDFILL,superfund_npl,44.13042147,-92.49944136,MN,EPA NPL Superfund,"{""external_id"":""MND000874354"",""geometry_fallback"":""centroid"",""layer"":""SITE_BOUNDARIES_SF""}"
superfund_MND980609572,PERHAM ARSENIC SITE,superfund_npl,46.58727658,-95.57337408,MN,EPA NPL Superfund,"{""external_id"":""MND980609572"",""geometry_fallback"":""centroid"",""layer"":""SITE_BOUNDARIES_SF""}"
superfund_MND000245795,PINE BEND SANITARY LANDFILL,superfund_npl,44.78538890,-93.05348823,MN,EPA NPL Superfund,"{""external_id"":""MND000245795"",""geometry_fallback"":""centroid"",""layer"":""SITE_BOUNDARIES_SF""}"
superfund_MND980609804,REILLY TAR & CHEMICAL CORP. (ST. LOUIS PARK PLANT),superfund_npl,44.94230298,-93.36602708,MN,EPA NPL Superfund,"{""external_id"":""MND980609804"",""geometry_fallback"":""centroid"",""layer"":""SITE_BOUNDARIES_SF""}"
superfund_MND980904064,RITARI POST & POLE,superfund_npl,46.65987086,-95.02985744,MN,EPA NPL Superfund,"{""external_id"":""MND980904064"",""geometry_fallback"":""centroid"",""layer"":""SITE_BOUNDARIES_SF""}"
superfund_MND980609614,SOUTH ANDOVER SITE,superfund_npl,45.21780232,-93.31819322,MN,EPA NPL Superfund,"{""external_id"":""MND980609614"",""geometry_fallback"":""centroid"",""layer"":""SITE_BOUNDARIES_SF""}"
superfund_MNN000509136,SOUTH MINNEAPOLIS RESIDENTIAL SOIL CONTAMINATION,superfund_npl,44.95328222,-93.24290018,MN,EPA NPL Superfund,"{""external_id"":""MNN000509136"",""geometry_fallback"":""centroid"",""layer"":""SITE_BOUNDARIES_SF""}"
superfund_MNN000506043,SOUTHEAST HENNEPIN AREA GROUNDWATER AND VAPOR,superfund_npl,44.99519434,-93.21747462,MN,EPA NPL Superfund,"{""external_id"":""MNN000506043"",""geometry_fallback"":""centroid"",""layer"":""SITE_BOUNDARIES_SF""}"
superfund_MNN000502963,SPRING PARK MUNICIPAL WELL FIELD,superfund_npl,44.93595956,-93.63332492,MN,EPA NPL Superfund,"{""external_id"":""MNN000502963"",""geometry_fallback"":""centroid"",""layer"":""SITE_BOUNDARIES_SF""}"
superfund_MND981002256,ST. AUGUSTA SANITARY LANDFILL/ENGEN DUMP,superfund_npl,45.48204287,-94.13402395,MN,EPA NPL Superfund,"{""external_id"":""MND981002256"",""geometry_fallback"":""centroid"",""layer"":""SITE_BOUNDARIES_SF""}"
superfund_MND039045430,ST. LOUIS RIVER SITE,superfund_npl,46.69084932,-92.19648192,MN,EPA NPL Superfund,"{""external_id"":""MND039045430"",""geometry_fallback"":""centroid"",""layer"":""SITE_BOUNDARIES_SF""}"
superfund_MND057597940,ST. REGIS PAPER CO.,superfund_npl,47.37371083,-94.60220798,MN,EPA NPL Superfund,"{""external_id"":""MND057597940"",""geometry_fallback"":""centroid"",""layer"":""SITE_BOUNDARIES_SF""}"
superfund_MN8570024275,TWIN CITIES AIR FORCE RESERVE BASE (SMALL ARMS RANGE LANDFILL),superfund_npl,44.86335774,-93.20417379,MN,EPA NPL Superfund,"{""external_id"":""MN8570024275"",""geometry_fallback"":""centroid"",""layer"":""SITE_BOUNDARIES_SF""}"
superfund_MND022949192,UNION SCRAP IRON & METAL CO.,superfund_npl,44.99550523,-93.28106792,MN,EPA NPL Superfund,"{""external_id"":""MND022949192"",""geometry_fallback"":""centroid"",""layer"":""SITE_BOUNDARIES_SF""}"
superfund_MND980613780,UNIVERSITY OF MINNESOTA (ROSEMOUNT RESEARCH CENTER),superfund_npl,44.71082083,-93.07381755,MN,EPA NPL Superfund,"{""external_id"":""MND980613780"",""geometry_fallback"":""centroid"",""layer"":""SITE_BOUNDARIES_SF""}"
superfund_MND981002249,WAITE PARK WELLS,superfund_npl,45.56150471,-94.22377522,MN,EPA NPL Superfund,"{""external_id"":""MND981002249"",""geometry_fallback"":""centroid"",""layer"":""SITE_BOUNDARIES_SF""}"
superfund_MND980704738,WASHINGTON COUNTY LANDFILL,superfund_npl,44.99984821,-92.90901694,MN,EPA NPL Superfund,"{""external_id"":""MND980704738"",""geometry_fallback"":""centroid"",""layer"":""SITE_BOUNDARIES_SF""}"
superfund_MND980609119,WASTE DISPOSAL ENGINEERING,superfund_npl,45.22946188,-93.31340454,MN,EPA NPL Superfund,"{""external_id"":""MND980609119"",""geometry_fallback"":""centroid"",""layer"":""SITE_BOUNDARIES_SF""}"
superfund_MND006252233,WHITTAKER CORP.,superfund_npl,45.02605852,-93.27098159,MN,EPA NPL Superfund,"{""external_id"":""MND006252233"",""geometry_fallback"":""centroid"",""layer"":""SITE_BOUNDARIES_SF""}"
superfund_MND980034516,WINDOM DUMP,superfund_npl,43.86807229,-95.10248681,MN,EPA NPL Superfund,"{""external_id"":""MND980034516"",""geometry_fallback"":""centroid"",""layer"":""SITE_BOUNDARIES_SF""}"
superfund_MO0000958611,ANNAPOLIS LEAD MINE,superfund_npl,37.33897465,-90.65966816,MO,EPA NPL Superfund,"{""external_id"":""MO0000958611"",""geometry_fallback"":""centroid"",""layer"":""SITE_BOUNDARIES_SF""}"
superfund_MOD046750253,ARMOUR ROAD,superfund_npl,39.14510841,-94.55598666,MO,EPA NPL Superfund,"{""external_id"":""MOD046750253"",""geometry_fallback"":""centroid"",""layer"":""SITE_BOUNDARIES_SF""}"
superfund_MOD980860522,BEE CEE MANUFACTURING CO.,superfund_npl,36.60232161,-89.97944132,MO,EPA NPL Superfund,"{""external_id"":""MOD980860522"",""geometry_fallback"":""centroid"",""layer"":""SITE_BOUNDARIES_SF""}"
superfund_MOD981126899,BIG RIVER MINE TAILINGS/ST. JOE MINERALS CORP.,superfund_npl,37.81518362,-90.47762979,MO,EPA NPL Superfund,"{""external_id"":""MOD981126899"",""geometry_fallback"":""centroid"",""layer"":""SITE_BOUNDARIES_SF""}"
superfund_MON000706143,COMPASS PLAZA WELL TCE,superfund_npl,37.10921913,-93.08451729,MO,EPA NPL Superfund,"{""external_id"":""MON000706143"",""geometry_fallback"":""centroid"",""layer"":""SITE_BOUNDARIES_SF""}"
superfund_MOD000829705,CONSERVATION CHEMICAL CO.,superfund_npl,39.12898631,-94.47206481,MO,EPA NPL Superfund,"{""external_id"":""MOD000829705"",""geometry_fallback"":""centroid"",""layer"":""SITE_BOUNDARIES_SF""}"
superfund_MOD980633010,ELLISVILLE SITE,superfund_npl,38.60029690,-90.60300790,MO,EPA NPL Superfund,"{""external_id"":""MOD980633010"",""geometry_fallback"":""centroid"",""layer"":""SITE_BOUNDARIES_SF""}"
superfund_MOD980631139,FULBRIGHT LANDFILL,superfund_npl,37.28400848,-93.32681590,MO,EPA NPL Superfund,"{""external_id"":""MOD980631139"",""geometry_fallback"":""centroid"",""layer"":""SITE_BOUNDARIES_SF""}"
superfund_MOD980631113,KEM-PEST LABORATORIES,superfund_npl,37.33975044,-89.48920100,MO,EPA NPL Superfund,"{""external_id"":""MOD980631113"",""geometry_fallback"":""centroid"",""layer"":""SITE_BOUNDARIES_SF""}"
superfund_MO3213890012,LAKE CITY ARMY AMMUNITION PLANT (NORTHWEST LAGOON),superfund_npl,39.09681292,-94.25018039,MO,EPA NPL Superfund,"{""external_id"":""MO3213890012"",""geometry_fallback"":""centroid"",""layer"":""SITE_BOUNDARIES_SF""}"
superfund_MOD980853519,LEE CHEMICAL,superfund_npl,39.20109062,-94.39236371,MO,EPA NPL Superfund,"{""external_id"":""MOD980853519"",""geometry_fallback"":""centroid"",""layer"":""SITE_BOUNDARIES_SF""}"
superfund_MOD098633415,MADISON COUNTY MINES,superfund_npl,37.48289832,-90.34383869,MO,EPA NPL Superfund,"{""external_id"":""MOD098633415"",""geometry_fallback"":""centroid"",""layer"":""SITE_BOUNDARIES_SF""}"
superfund_MOD980741912,MINKER/STOUT/ROMAINE CREEK,superfund_npl,38.44424836,-90.47849851,MO,EPA NPL Superfund,"{""external_id"":""MOD980741912"",""geometry_fallback"":""centroid"",""layer"":""SITE_BOUNDARIES_SF""}"
superfund_MOD980965982,MISSOURI ELECTRIC WORKS,superfund_npl,37.28611300,-89.55427660,MO,EPA NPL Superfund,"{""external_id"":""MOD980965982"",""geometry_fallback"":""centroid"",""layer"":""SITE_BOUNDARIES_SF""}"
superfund_MOD981507585,NEWTON COUNTY MINE TAILINGS,superfund_npl,36.90524981,-94.33889447,MO,EPA NPL Superfund,"{""external_id"":""MOD981507585"",""geometry_fallback"":""centroid"",""layer"":""SITE_BOUNDARIES_SF""}"
superfund_MOD985798339,NEWTON COUNTY WELLS,superfund_npl,37.03807778,-94.46812955,MO,EPA NPL Superfund,"{""external_id"":""MOD985798339"",""geometry_fallback"":""centroid"",""layer"":""SITE_BOUNDARIES_SF""}"
superfund_MOD007163108,NORTH-U DRIVE WELL CONTAMINATION,superfund_npl,37.26929403,-93.31726588,MO,EPA NPL Superfund,"{""external_id"":""MOD007163108"",""geometry_fallback"":""centroid"",""layer"":""SITE_BOUNDARIES_SF""}"
superfund_MOD981717036,OAK GROVE VILLAGE WELL,superfund_npl,38.22310521,-91.15125584,MO,EPA NPL Superfund,"{""external_id"":""MOD981717036"",""geometry_fallback"":""centroid"",""layer"":""SITE_BOUNDARIES_SF""}"
superfund_MOD980686281,ORONOGO-DUENWEG MINING BELT,superfund_npl,37.20298161,-94.34110183,MO,EPA NPL Superfund,"{""external_id"":""MOD980686281"",""geometry_fallback"":""centroid"",""layer"":""SITE_BOUNDARIES_SF""}"
superfund_MO0000958835,POOLS PRAIRIE,superfund_npl,36.82400852,-94.37037715,MO,EPA NPL Superfund,"{""external_id"":""MO0000958835"",""geometry_fallback"":""centroid"",""layer"":""SITE_BOUNDARIES_SF""}"
superfund_MOD980860555,QUALITY PLATING,superfund_npl,36.96250941,-89.55704199,MO,EPA NPL Superfund,"{""external_id"":""MOD980860555"",""geometry_fallback"":""centroid"",""layer"":""SITE_BOUNDARIES_SF""}"
superfund_MOD981720246,RIVERFRONT,superfund_npl,38.59675009,-91.22019756,MO,EPA NPL Superfund,"{""external_id"":""MOD981720246"",""geometry_fallback"":""centroid"",""layer"":""SITE_BOUNDARIES_SF""}"
superfund_MOD980685838,SHENANDOAH STABLES,superfund_npl,38.92448591,-90.92699959,MO,EPA NPL Superfund,"{""external_id"":""MOD980685838"",""geometry_fallback"":""centroid"",""layer"":""SITE_BOUNDARIES_SF""}"
superfund_MOD980854111,"SOLID STATE CIRCUITS, INC.",superfund_npl,37.11582508,-93.47999674,MO,EPA NPL Superfund,"{""external_id"":""MOD980854111"",""geometry_fallback"":""centroid"",""layer"":""SITE_BOUNDARIES_SF""}"
superfund_MON000705443,SOUTHWEST JEFFERSON COUNTY MINING,superfund_npl,38.26130974,-90.53849498,MO,EPA NPL Superfund,"{""external_id"":""MON000705443"",""geometry_fallback"":""centroid"",""layer"":""SITE_BOUNDARIES_SF""}"
superfund_MON000703541,SPORLAN VALVE PLANT #1,superfund_npl,38.55198980,-91.00689749,MO,EPA NPL Superfund,"{""external_id"":""MON000703541"",""geometry_fallback"":""centroid"",""layer"":""SITE_BOUNDARIES_SF""}"
superfund_MOD980633176,ST. LOUIS AIRPORT/HAZELWOOD INTERIM STORAGE/FUTURA COATINGS CO.,superfund_npl,38.74588395,-90.32190931,MO,EPA NPL Superfund,"{""external_id"":""MOD980633176"",""geometry_fallback"":""centroid"",""layer"":""SITE_BOUNDARIES_SF""}"
superfund_MOD007452154,SYNTEX FACILITY,superfund_npl,36.96654799,-93.80124301,MO,EPA NPL Superfund,"{""external_id"":""MOD007452154"",""geometry_fallback"":""centroid"",""layer"":""SITE_BOUNDARIES_SF""}"
superfund_MOD980685226,TIMES BEACH,superfund_npl,38.50725858,-90.60338689,MO,EPA NPL Superfund,"{""external_id"":""MOD980685226"",""geometry_fallback"":""centroid"",""layer"":""SITE_BOUNDARIES_SF""}"
superfund_MOD980968341,VALLEY PARK TCE,superfund_npl,38.55143653,-90.48550247,MO,EPA NPL Superfund,"{""external_id"":""MOD980968341"",""geometry_fallback"":""centroid"",""layer"":""SITE_BOUNDARIES_SF""}"
superfund_MON000705803,VIENNA WELLS,superfund_npl,38.18947570,-91.94268365,MO,EPA NPL Superfund,"{""external_id"":""MON000705803"",""geometry_fallback"":""centroid"",""layer"":""SITE_BOUNDARIES_SF""}"
superfund_MON000705842,WASHINGTON COUNTY LEAD DISTRICT - FURNACE CREEK,superfund_npl,37.92585228,-90.92274259,MO,EPA NPL Superfund,"{""external_id"":""MON000705842"",""geometry_fallback"":""centroid"",""layer"":""SITE_BOUNDARIES_SF""}"
superfund_MON000705027,WASHINGTON COUNTY LEAD DISTRICT - OLD MINES,superfund_npl,38.05630151,-90.78233219,MO,EPA NPL Superfund,"{""external_id"":""MON000705027"",""geometry_fallback"":""centroid"",""layer"":""SITE_BOUNDARIES_SF""}"
superfund_MON000705023,WASHINGTON COUNTY LEAD DISTRICT - POTOSI,superfund_npl,37.95080415,-90.72026735,MO,EPA NPL Superfund,"{""external_id"":""MON000705023"",""geometry_fallback"":""centroid"",""layer"":""SITE_BOUNDARIES_SF""}"
superfund_MON000705032,WASHINGTON COUNTY LEAD DISTRICT - RICHWOODS,superfund_npl,38.15446311,-90.81625704,MO,EPA NPL Superfund,"{""external_id"":""MON000705032"",""geometry_fallback"":""centroid"",""layer"":""SITE_BOUNDARIES_SF""}"
superfund_MO5210021288,WELDON SPRING FORMER ARMY ORDNANCE WORKS,superfund_npl,38.70396108,-90.75784963,MO,EPA NPL Superfund,"{""external_id"":""MO5210021288"",""geometry_fallback"":""centroid"",""layer"":""SITE_BOUNDARIES_SF""}"
superfund_MO3210090004,WELDON SPRING QUARRY/PLANT/PITS (USDOE/ARMY),superfund_npl,38.69849275,-90.73183761,MO,EPA NPL Superfund,"{""external_id"":""MO3210090004"",""geometry_fallback"":""centroid"",""layer"":""SITE_BOUNDARIES_SF""}"
superfund_MOD079900932,WESTLAKE LANDFILL,superfund_npl,38.76821062,-90.44464636,MO,EPA NPL Superfund,"{""external_id"":""MOD079900932"",""geometry_fallback"":""centroid"",""layer"":""SITE_BOUNDARIES_SF""}"
superfund_MOD000830554,"WHEELING DISPOSAL SERVICE CO., INC., LANDFILL",superfund_npl,39.87522034,-94.87046646,MO,EPA NPL Superfund,"{""external_id"":""MOD000830554"",""geometry_fallback"":""centroid"",""layer"":""SITE_BOUNDARIES_SF""}"
superfund_MPD980798318,PCB WAREHOUSE,superfund_npl,15.21625928,145.72859808,MP,EPA NPL Superfund,"{""external_id"":""MPD980798318"",""geometry_fallback"":""centroid"",""layer"":""SITE_BOUNDARIES_SF""}"
superfund_MSD004006995,AMERICAN CREOSOTE WORKS INC (LOUISVILLE),superfund_npl,33.10897932,-89.05950048,MS,EPA NPL Superfund,"{""external_id"":""MSD004006995"",""geometry_fallback"":""centroid"",""layer"":""SITE_BOUNDARIES_SF""}"
superfund_MSD008154486,"CHEMFAX, INC.",superfund_npl,30.42964418,-89.08936813,MS,EPA NPL Superfund,"{""external_id"":""MSD008154486"",""geometry_fallback"":""centroid"",""layer"":""SITE_BOUNDARIES_SF""}"
superfund_MSD046497012,DAVIS TIMBER COMPANY,superfund_npl,31.34521836,-89.40121006,MS,EPA NPL Superfund,"{""external_id"":""MSD046497012"",""geometry_fallback"":""centroid"",""layer"":""SITE_BOUNDARIES_SF""}"
superfund_MSD980710941,FLOWOOD SITE,superfund_npl,32.30088990,-90.14462491,MS,EPA NPL Superfund,"{""external_id"":""MSD980710941"",""geometry_fallback"":""centroid"",""layer"":""SITE_BOUNDARIES_SF""}"
superfund_MSD990866329,KERR-MCGEE CHEMICAL CORP - COLUMBUS,superfund_npl,33.51033449,-88.40541813,MS,EPA NPL Superfund,"{""external_id"":""MSD990866329"",""geometry_fallback"":""centroid"",""layer"":""SITE_BOUNDARIES_SF""}"
superfund_MSN000403508,MISSISSIPPI PHOSPHATES CORPORATION,superfund_npl,30.36910551,-88.49556583,MS,EPA NPL Superfund,"{""external_id"":""MSN000403508"",""geometry_fallback"":""centroid"",""layer"":""SITE_BOUNDARIES_SF""}"
superfund_MSD980840045,"NEWSOM BROTHERS/OLD REICHHOLD CHEMICALS, INC.",superfund_npl,31.24478414,-89.82680210,MS,EPA NPL Superfund,"{""external_id"":""MSD980840045"",""geometry_fallback"":""centroid"",""layer"":""SITE_BOUNDARIES_SF""}"
superfund_MSD065490930,PICAYUNE WOOD TREATING SITE,superfund_npl,30.52394639,-89.68875809,MS,EPA NPL Superfund,"{""external_id"":""MSD065490930"",""geometry_fallback"":""centroid"",""layer"":""SITE_BOUNDARIES_SF""}"
superfund_MSD056029648,POTTER CO.,superfund_npl,31.70955131,-90.39297368,MS,EPA NPL Superfund,"{""external_id"":""MSD056029648"",""geometry_fallback"":""centroid"",""layer"":""SITE_BOUNDARIES_SF""}"
superfund_MSD000272385,RED PANTHER CHEMICAL COMPANY,superfund_npl,34.18733622,-90.56204234,MS,EPA NPL Superfund,"{""external_id"":""MSD000272385"",""geometry_fallback"":""centroid"",""layer"":""SITE_BOUNDARIES_SF""}"
superfund_MSD007037278,ROCKWELL INTERNATIONAL WHEEL & TRIM,superfund_npl,33.80325920,-89.80324051,MS,EPA NPL Superfund,"{""external_id"":""MSD007037278"",""geometry_fallback"":""centroid"",""layer"":""SITE_BOUNDARIES_SF""}"
superfund_MSD086556388,SONFORD PRODUCTS,superfund_npl,32.29277663,-90.14331922,MS,EPA NPL Superfund,"{""external_id"":""MSD086556388"",""geometry_fallback"":""centroid"",""layer"":""SITE_BOUNDARIES_SF""}"
superfund_MSD000828558,SOUTHEASTERN WOOD PRESERVING,superfund_npl,32.61788236,-90.01688140,MS,EPA NPL Superfund,"{""external_id"":""MSD000828558"",""geometry_fallback"":""centroid"",""layer"":""SITE_BOUNDARIES_SF""}"
superfund_MSD980601736,WALCOTTE CHEMICAL CO. WAREHOUSES,superfund_npl,33.41108863,-91.05397269,MS,EPA NPL Superfund,"{""external_id"":""MSD980601736"",""geometry_fallback"":""centroid"",""layer"":""SITE_BOUNDARIES_SF""}"
superfund_MTD093291599,ACM SMELTER AND REFINERY,superfund_npl,47.52880141,-111.25885584,MT,EPA NPL Superfund,"{""external_id"":""MTD093291599"",""geometry_fallback"":""centroid"",""layer"":""SITE_BOUNDARIES_SF""}"
superfund_MTD057561763,ANACONDA ALUMINUM CO COLUMBIA FALLS REDUCTION PLANT,superfund_npl,48.39487238,-114.13999570,MT,EPA NPL Superfund,"{""external_id"":""MTD057561763"",""geometry_fallback"":""centroid"",""layer"":""SITE_BOUNDARIES_SF""}"
superfund_MTD093291656,ANACONDA CO. SMELTER,superfund_npl,46.13391094,-112.91023901,MT,EPA NPL Superfund,"{""external_id"":""MTD093291656"",""geometry_fallback"":""centroid"",""layer"":""SITE_BOUNDARIES_SF""}"
superfund_MT6122307485,BARKER HUGHESVILLE MINING DISTRICT,superfund_npl,47.07169174,-110.64378620,MT,EPA NPL Superfund,"{""external_id"":""MT6122307485"",""geometry_fallback"":""centroid"",""layer"":""SITE_BOUNDARIES_SF""}"
superfund_MTD982572562,BASIN MINING AREA,superfund_npl,46.34552121,-112.27209047,MT,EPA NPL Superfund,"{""external_id"":""MTD982572562"",""geometry_fallback"":""centroid"",""layer"":""SITE_BOUNDARIES_SF""}"
superfund_MTD986073252,BILLINGS PCE,superfund_npl,45.77474136,-108.52273496,MT,EPA NPL Superfund,"{""external_id"":""MTD986073252"",""geometry_fallback"":""centroid"",""layer"":""SITE_BOUNDARIES_SF""}"
superfund_MTD986066025,BURLINGTON NORTHERN LIVINGSTON SHOP COMPLEX,superfund_npl,45.66786749,-110.55399916,MT,EPA NPL Superfund,"{""external_id"":""MTD986066025"",""geometry_fallback"":""centroid"",""layer"":""SITE_BOUNDARIES_SF""}"
superfund_MT0001096353,CARPENTER SNOW CREEK MINING DISTRICT,superfund_npl,46.95632365,-110.70979800,MT,EPA NPL Superfund,"{""external_id"":""MT0001096353"",""geometry_fallback"":""centroid"",""layer"":""SITE_BOUNDARIES_SF""}"
superfund_MTD006230346,EAST HELENA SITE,superfund_npl,46.59318519,-111.91248958,MT,EPA NPL Superfund,"{""external_id"":""MTD006230346"",""geometry_fallback"":""centroid"",""layer"":""SITE_BOUNDARIES_SF""}"
superfund_MT0012694970,FLAT CREEK IMM,superfund_npl,47.24002646,-114.84718020,MT,EPA NPL Superfund,"{""external_id"":""MT0012694970"",""geometry_fallback"":""centroid"",""layer"":""SITE_BOUNDARIES_SF""}"
superfund_MTD006232276,IDAHO POLE CO.,superfund_npl,45.69134955,-111.02159207,MT,EPA NPL Superfund,"{""external_id"":""MTD006232276"",""geometry_fallback"":""centroid"",""layer"":""SITE_BOUNDARIES_SF""}"
superfund_MT0009083840,LIBBY ASBESTOS SITE,superfund_npl,48.38925948,-115.53017846,MT,EPA NPL Superfund,"{""external_id"":""MT0009083840"",""geometry_fallback"":""centroid"",""layer"":""SITE_BOUNDARIES_SF""}"
superfund_MTD980502736,LIBBY GROUND WATER CONTAMINATION,superfund_npl,48.38303950,-115.54155101,MT,EPA NPL Superfund,"{""external_id"":""MTD980502736"",""geometry_fallback"":""centroid"",""layer"":""SITE_BOUNDARIES_SF""}"
superfund_MT0007623052,LOCKWOOD SOLVENT GROUND WATER PLUME,superfund_npl,45.80112683,-108.45684161,MT,EPA NPL Superfund,"{""external_id"":""MT0007623052"",""geometry_fallback"":""centroid"",""layer"":""SITE_BOUNDARIES_SF""}"
superfund_MTD980717565,MILLTOWN RESERVOIR SEDIMENTS,superfund_npl,46.54576529,-113.07549321,MT,EPA NPL Superfund,"{""external_id"":""MTD980717565"",""geometry_fallback"":""centroid"",""layer"":""SITE_BOUNDARIES_SF""}"
superfund_MTD006230635,MONTANA POLE AND TREATING,superfund_npl,45.99106712,-112.54815167,MT,EPA NPL Superfund,"{""external_id"":""MTD006230635"",""geometry_fallback"":""centroid"",""layer"":""SITE_BOUNDARIES_SF""}"
superfund_MTD021997689,MOUAT INDUSTRIES,superfund_npl,45.63361178,-109.24567816,MT,EPA NPL Superfund,"{""external_id"":""MTD021997689"",""geometry_fallback"":""centroid"",""layer"":""SITE_BOUNDARIES_SF""}"
superfund_MTD980502777,SILVER BOW CREEK/BUTTE AREA,superfund_npl,46.05005625,-112.57499273,MT,EPA NPL Superfund,"{""external_id"":""MTD980502777"",""geometry_fallback"":""centroid"",""layer"":""SITE_BOUNDARIES_SF""}"
superfund_MTN000802850,SMURFIT-STONE MILL FRENCHTOWN,superfund_npl,46.96716871,-114.20889056,MT,EPA NPL Superfund,"{""external_id"":""MTN000802850"",""geometry_fallback"":""centroid"",""layer"":""SITE_BOUNDARIES_SF""}"
superfund_MTSFN7578012,UPPER TENMILE CREEK MINING AREA,superfund_npl,46.48246083,-112.25332208,MT,EPA NPL Superfund,"{""external_id"":""MTSFN7578012"",""geometry_fallback"":""centroid"",""layer"":""SITE_BOUNDARIES_SF""}"
superfund_NCD024644494,ABC ONE HOUR CLEANERS,superfund_npl,34.74134318,-77.36625609,NC,EPA NPL Superfund,"{""external_id"":""NCD024644494"",""geometry_fallback"":""centroid"",""layer"":""SITE_BOUNDARIES_SF""}"
superfund_NCN000407447,ABERDEEN CONTAMINATED GROUND WATER,superfund_npl,35.11880169,-79.41156393,NC,EPA NPL Superfund,"{""external_id"":""NCN000407447"",""geometry_fallback"":""centroid"",""layer"":""SITE_BOUNDARIES_SF""}"
superfund_NCD980843346,ABERDEEN PESTICIDE DUMPS,superfund_npl,35.13836553,-79.44371402,NC,EPA NPL Superfund,"{""external_id"":""NCD980843346"",""geometry_fallback"":""centroid"",""layer"":""SITE_BOUNDARIES_SF""}"
superfund_NCSFN0406989,BARBER ORCHARD,superfund_npl,35.44707869,-83.05373288,NC,EPA NPL Superfund,"{""external_id"":""NCSFN0406989"",""geometry_fallback"":""centroid"",""layer"":""SITE_BOUNDARIES_SF""}"
superfund_NCD000648402,BATTERY TECH (DURACELL-LEXINGTON),superfund_npl,35.83168592,-80.23173094,NC,EPA NPL Superfund,"{""external_id"":""NCD000648402"",""geometry_fallback"":""centroid"",""layer"":""SITE_BOUNDARIES_SF""}"
superfund_NCD981026479,"BENFIELD INDUSTRIES, INC.",superfund_npl,35.47661324,-83.00385128,NC,EPA NPL Superfund,"{""external_id"":""NCD981026479"",""geometry_fallback"":""centroid"",""layer"":""SITE_BOUNDARIES_SF""}"
superfund_NCD044447589,BLUE RIDGE PLATING COMPANY,superfund_npl,35.46188879,-82.52855522,NC,EPA NPL Superfund,"{""external_id"":""NCD044447589"",""geometry_fallback"":""centroid"",""layer"":""SITE_BOUNDARIES_SF""}"
superfund_NCD044440303,BYPASS 601 GROUND WATER CONTAMINATION,superfund_npl,35.40970416,-80.60910230,NC,EPA NPL Superfund,"{""external_id"":""NCD044440303"",""geometry_fallback"":""centroid"",""layer"":""SITE_BOUNDARIES_SF""}"
superfund_NC6170022580,CAMP LEJEUNE MILITARY RES. (USNAVY),superfund_npl,34.64671221,-77.35439036,NC,EPA NPL Superfund,"{""external_id"":""NC6170022580"",""geometry_fallback"":""centroid"",""layer"":""SITE_BOUNDARIES_SF""}"
superfund_NCD003188828,CAPE FEAR WOOD PRESERVING,superfund_npl,35.05492933,-79.01852706,NC,EPA NPL Superfund,"{""external_id"":""NCD003188828"",""geometry_fallback"":""centroid"",""layer"":""SITE_BOUNDARIES_SF""}"
superfund_NCD003188844,CAROLINA TRANSFORMER CO.,superfund_npl,35.06321761,-78.84538010,NC,EPA NPL Superfund,"{""external_id"":""NCD003188844"",""geometry_fallback"":""centroid"",""layer"":""SITE_BOUNDARIES_SF""}"
superfund_NCD003446721,CELANESE CORP. (SHELBY FIBER OPERATIONS),superfund_npl,35.20895296,-81.52358674,NC,EPA NPL Superfund,"{""external_id"":""NCD003446721"",""geometry_fallback"":""centroid"",""layer"":""SITE_BOUNDARIES_SF""}"
superfund_NCD980840409,CHARLES MACON LAGOON AND DRUM STORAGE,superfund_npl,34.89213289,-79.83975590,NC,EPA NPL Superfund,"{""external_id"":""NCD980840409"",""geometry_fallback"":""centroid"",""layer"":""SITE_BOUNDARIES_SF""}"
superfund_NCD095459392,"CHEMTRONICS, INC.",superfund_npl,35.63066736,-82.43477348,NC,EPA NPL Superfund,"{""external_id"":""NCD095459392"",""geometry_fallback"":""centroid"",""layer"":""SITE_BOUNDARIES_SF""}"
superfund_NC1170027261,CHERRY POINT MARINE CORPS AIR STATION,superfund_npl,34.91787889,-76.89059465,NC,EPA NPL Superfund,"{""external_id"":""NC1170027261"",""geometry_fallback"":""centroid"",""layer"":""SITE_BOUNDARIES_SF""}"
superfund_NC0001606250,CRISTEX DRUM,superfund_npl,36.29716164,-78.60699492,NC,EPA NPL Superfund,"{""external_id"":""NC0001606250"",""geometry_fallback"":""centroid"",""layer"":""SITE_BOUNDARIES_SF""}"
superfund_NCD003149556,"CTS OF ASHEVILLE, INC.",superfund_npl,35.49290624,-82.50656300,NC,EPA NPL Superfund,"{""external_id"":""NCD003149556"",""geometry_fallback"":""centroid"",""layer"":""SITE_BOUNDARIES_SF""}"
superfund_NCD986175644,DAVIS PARK ROAD TCE,superfund_npl,35.23226933,-81.21896158,NC,EPA NPL Superfund,"{""external_id"":""NCD986175644"",""geometry_fallback"":""centroid"",""layer"":""SITE_BOUNDARIES_SF""}"
superfund_NCD003166675,ECUSTA MILL,superfund_npl,35.26298701,-82.69633922,NC,EPA NPL Superfund,"{""external_id"":""NCD003166675"",""geometry_fallback"":""centroid"",""layer"":""SITE_BOUNDARIES_SF""}"
superfund_NCD095458527,"FCX, INC. (STATESVILLE PLANT)",superfund_npl,35.78853973,-80.91597968,NC,EPA NPL Superfund,"{""external_id"":""NCD095458527"",""geometry_fallback"":""centroid"",""layer"":""SITE_BOUNDARIES_SF""}"
superfund_NCD981475932,"FCX, INC. (WASHINGTON PLANT)",superfund_npl,35.56044655,-77.07476845,NC,EPA NPL Superfund,"{""external_id"":""NCD981475932"",""geometry_fallback"":""centroid"",""layer"":""SITE_BOUNDARIES_SF""}"
superfund_NCD045922986,FLANDERS FILTERS INC,superfund_npl,35.58564477,-77.10481531,NC,EPA NPL Superfund,"{""external_id"":""NCD045922986"",""geometry_fallback"":""centroid"",""layer"":""SITE_BOUNDARIES_SF""}"
superfund_NCD981927502,GEIGY CHEMICAL CORP. (ABERDEEN PLANT),superfund_npl,35.12616951,-79.40645508,NC,EPA NPL Superfund,"{""external_id"":""NCD981927502"",""geometry_fallback"":""centroid"",""layer"":""SITE_BOUNDARIES_SF""}"
superfund_NCD079044426,GENERAL ELECTRIC CO/SHEPHERD FARM,superfund_npl,35.27358775,-82.41153464,NC,EPA NPL Superfund,"{""external_id"":""NCD079044426"",""geometry_fallback"":""centroid"",""layer"":""SITE_BOUNDARIES_SF""}"
superfund_NCN000410161,GMH ELECTRONICS,superfund_npl,36.41658084,-78.94153285,NC,EPA NPL Superfund,"{""external_id"":""NCN000410161"",""geometry_fallback"":""centroid"",""layer"":""SITE_BOUNDARIES_SF""}"
superfund_NCD986172526,GURLEY PESTICIDE BURIAL,superfund_npl,35.52818471,-78.27909246,NC,EPA NPL Superfund,"{""external_id"":""NCD986172526"",""geometry_fallback"":""centroid"",""layer"":""SITE_BOUNDARIES_SF""}"
superfund_NC0002374445,HEMPHILL ROAD TCE,superfund_npl,35.19704786,-81.18807919,NC,EPA NPL Superfund,"{""external_id"":""NC0002374445"",""geometry_fallback"":""centroid"",""layer"":""SITE_BOUNDARIES_SF""}"
superfund_NCD024900987,HOLCOMB CREOSOTE CO,superfund_npl,36.15731032,-80.67161033,NC,EPA NPL Superfund,"{""external_id"":""NCD024900987"",""geometry_fallback"":""centroid"",""layer"":""SITE_BOUNDARIES_SF""}"
superfund_NCD991278631,HOLTRA CHEM/HONEYWELL INC.,superfund_npl,34.35432957,-78.20771704,NC,EPA NPL Superfund,"{""external_id"":""NCD991278631"",""geometry_fallback"":""centroid"",""layer"":""SITE_BOUNDARIES_SF""}"
superfund_NCN000407480,HORTON IRON AND METAL,superfund_npl,34.26692985,-77.95525688,NC,EPA NPL Superfund,"{""external_id"":""NCN000407480"",""geometry_fallback"":""centroid"",""layer"":""SITE_BOUNDARIES_SF""}"
superfund_NCD980729602,JADCO-HUGHES FACILITY,superfund_npl,35.27535201,-81.04114040,NC,EPA NPL Superfund,"{""external_id"":""NCD980729602"",""geometry_fallback"":""centroid"",""layer"":""SITE_BOUNDARIES_SF""}"
superfund_NCD122263825,JFD ELECTRONICS/CHANNEL MASTER,superfund_npl,36.29983018,-78.60613214,NC,EPA NPL Superfund,"{""external_id"":""NCD122263825"",""geometry_fallback"":""centroid"",""layer"":""SITE_BOUNDARIES_SF""}"
superfund_NCD980557805,KERR-MCGEE CHEMICAL CORP - NAVASSA,superfund_npl,34.24975800,-77.99685761,NC,EPA NPL Superfund,"{""external_id"":""NCD980557805"",""geometry_fallback"":""centroid"",""layer"":""SITE_BOUNDARIES_SF""}"
superfund_NCD003200383,"KOPPERS CO., INC. (MORRISVILLE PLANT)",superfund_npl,35.84616705,-78.84016506,NC,EPA NPL Superfund,"{""external_id"":""NCD003200383"",""geometry_fallback"":""centroid"",""layer"":""SITE_BOUNDARIES_SF""}"
superfund_NCD001810365,"MARTIN-MARIETTA, SODYECO, INC.",superfund_npl,35.28649899,-81.00055878,NC,EPA NPL Superfund,"{""external_id"":""NCD001810365"",""geometry_fallback"":""centroid"",""layer"":""SITE_BOUNDARIES_SF""}"
superfund_NCD991278953,NATIONAL STARCH & CHEMICAL CORP.,superfund_npl,35.63232397,-80.54129994,NC,EPA NPL Superfund,"{""external_id"":""NCD991278953"",""geometry_fallback"":""centroid"",""layer"":""SITE_BOUNDARIES_SF""}"
superfund_NCD981021157,NEW HANOVER CNTY AIRPORT BURN PIT,superfund_npl,34.27517875,-77.91507091,NC,EPA NPL Superfund,"{""external_id"":""NCD981021157"",""geometry_fallback"":""centroid"",""layer"":""SITE_BOUNDARIES_SF""}"
superfund_NCD986187128,NORTH BELMONT PCE,superfund_npl,35.27366361,-81.05139800,NC,EPA NPL Superfund,"{""external_id"":""NCD986187128"",""geometry_fallback"":""centroid"",""layer"":""SITE_BOUNDARIES_SF""}"
superfund_NCD980557656,"NORTH CAROLINA STATE UNIVERSITY (LOT 86, FARM UNIT #1)",superfund_npl,35.80428689,-78.71726281,NC,EPA NPL Superfund,"{""external_id"":""NCD980557656"",""geometry_fallback"":""centroid"",""layer"":""SITE_BOUNDARIES_SF""}"
superfund_NCN000409895,ORE KNOB MINE,superfund_npl,36.40677087,-81.32455562,NC,EPA NPL Superfund,"{""external_id"":""NCN000409895"",""geometry_fallback"":""centroid"",""layer"":""SITE_BOUNDARIES_SF""}"
superfund_NCD981023260,POTTER'S SEPTIC TANK SERVICE PITS,superfund_npl,34.28431917,-78.15346490,NC,EPA NPL Superfund,"{""external_id"":""NCD981023260"",""geometry_fallback"":""centroid"",""layer"":""SITE_BOUNDARIES_SF""}"
superfund_NCD982096653,RAM LEATHER CARE SITE,superfund_npl,35.23188783,-80.60206258,NC,EPA NPL Superfund,"{""external_id"":""NCD982096653"",""geometry_fallback"":""centroid"",""layer"":""SITE_BOUNDARIES_SF""}"
superfund_NCD986187094,REASOR CHEMICAL COMPANY,superfund_npl,34.34397628,-77.89134702,NC,EPA NPL Superfund,"{""external_id"":""NCD986187094"",""geometry_fallback"":""centroid"",""layer"":""SITE_BOUNDARIES_SF""}"
superfund_NCD980602163,ROADSIDE PCB SPILL,superfund_npl,36.33794841,-78.16622170,NC,EPA NPL Superfund,"{""external_id"":""NCD980602163"",""geometry_fallback"":""centroid"",""layer"":""SITE_BOUNDARIES_SF""}"
superfund_NCD062555792,SIGMON'S SEPTIC TANK SERVICE,superfund_npl,35.71854536,-80.96833420,NC,EPA NPL Superfund,"{""external_id"":""NCD062555792"",""geometry_fallback"":""centroid"",""layer"":""SITE_BOUNDARIES_SF""}"
superfund_NCD087336335,TRIANGLE PACIFIC CORP IXL DIVISION,superfund_npl,36.22754803,-76.13677778,NC,EPA NPL Superfund,"{""external_id"":""NCD087336335"",""geometry_fallback"":""centroid"",""layer"":""SITE_BOUNDARIES_SF""}"
superfund_NCD003202603,WARD TRANSFORMER,superfund_npl,35.90190013,-78.77354826,NC,EPA NPL Superfund,"{""external_id"":""NCD003202603"",""geometry_fallback"":""centroid"",""layer"":""SITE_BOUNDARIES_SF""}"
superfund_NCD991278540,WEYERHAEUSER CO PLYMOUTH WOOD TRTNG PT,superfund_npl,35.85636083,-76.79005625,NC,EPA NPL Superfund,"{""external_id"":""NCD991278540"",""geometry_fallback"":""centroid"",""layer"":""SITE_BOUNDARIES_SF""}"
superfund_NCD024766719,WRIGHT CHEMICAL CORPORATION,superfund_npl,34.32757546,-78.20173380,NC,EPA NPL Superfund,"{""external_id"":""NCD024766719"",""geometry_fallback"":""centroid"",""layer"":""SITE_BOUNDARIES_SF""}"
superfund_NDD980716963,ARSENIC TRIOXIDE SITE,superfund_npl,46.12575771,-97.25080315,ND,EPA NPL Superfund,"{""external_id"":""NDD980716963"",""geometry_fallback"":""centroid"",""layer"":""SITE_BOUNDARIES_SF""}"
superfund_NDD980959548,MINOT LANDFILL,superfund_npl,48.21764808,-101.32628935,ND,EPA NPL Superfund,"{""external_id"":""NDD980959548"",""geometry_fallback"":""centroid"",""layer"":""SITE_BOUNDARIES_SF""}"
superfund_NED981713837,10TH STREET SITE,superfund_npl,41.43106872,-97.35545885,NE,EPA NPL Superfund,"{""external_id"":""NED981713837"",""geometry_fallback"":""centroid"",""layer"":""SITE_BOUNDARIES_SF""}"
superfund_NED981713829,BRUNO CO-OP ASSOCIATION/ASSOCIATED PROPERTIES,superfund_npl,41.28524801,-96.95962586,NE,EPA NPL Superfund,"{""external_id"":""NED981713829"",""geometry_fallback"":""centroid"",""layer"":""SITE_BOUNDARIES_SF""}"
superfund_NED981499312,CLEBURN STREET WELL,superfund_npl,40.92228463,-98.35278438,NE,EPA NPL Superfund,"{""external_id"":""NED981499312"",""geometry_fallback"":""centroid"",""layer"":""SITE_BOUNDARIES_SF""}"
superfund_NE2213820234,CORNHUSKER ARMY AMMUNITION PLANT,superfund_npl,40.92477009,-98.47291074,NE,EPA NPL Superfund,"{""external_id"":""NE2213820234"",""geometry_fallback"":""centroid"",""layer"":""SITE_BOUNDARIES_SF""}"
superfund_NEN000704351,GARVEY ELEVATOR,superfund_npl,40.55821622,-98.36369631,NE,EPA NPL Superfund,"{""external_id"":""NEN000704351"",""geometry_fallback"":""centroid"",""layer"":""SITE_BOUNDARIES_SF""}"
superfund_NED980862668,HASTINGS GROUND WATER CONTAMINATION,superfund_npl,40.53574484,-98.21590728,NE,EPA NPL Superfund,"{""external_id"":""NED980862668"",""geometry_fallback"":""centroid"",""layer"":""SITE_BOUNDARIES_SF""}"
superfund_NED986373678,IOWA-NEBRASKA LIGHT & POWER CO,superfund_npl,42.03181352,-97.41596247,NE,EPA NPL Superfund,"{""external_id"":""NED986373678"",""geometry_fallback"":""centroid"",""layer"":""SITE_BOUNDARIES_SF""}"
superfund_NED068645696,LINDSAY MANUFACTURING CO.,superfund_npl,41.67967123,-97.67713650,NE,EPA NPL Superfund,"{""external_id"":""NED068645696"",""geometry_fallback"":""centroid"",""layer"":""SITE_BOUNDARIES_SF""}"
superfund_NE6211890011,NEBRASKA ORDNANCE PLANT (FORMER),superfund_npl,41.17007156,-96.45527642,NE,EPA NPL Superfund,"{""external_id"":""NE6211890011"",""geometry_fallback"":""centroid"",""layer"":""SITE_BOUNDARIES_SF""}"
superfund_NED986369247,OGALLALA GROUND WATER CONTAMINATION,superfund_npl,41.12561606,-101.71897821,NE,EPA NPL Superfund,"{""external_id"":""NED986369247"",""geometry_fallback"":""centroid"",""layer"":""SITE_BOUNDARIES_SF""}"
superfund_NEN000704272,OLD HWY 275 AND N 288TH STREET,superfund_npl,41.33086068,-96.36957644,NE,EPA NPL Superfund,"{""external_id"":""NEN000704272"",""geometry_fallback"":""centroid"",""layer"":""SITE_BOUNDARIES_SF""}"
superfund_NESFN0703481,OMAHA LEAD,superfund_npl,41.25017763,-95.95355564,NE,EPA NPL Superfund,"{""external_id"":""NESFN0703481"",""geometry_fallback"":""centroid"",""layer"":""SITE_BOUNDARIES_SF""}"
superfund_NEN000704456,PARKVIEW WELL,superfund_npl,40.89440024,-98.38905373,NE,EPA NPL Superfund,"{""external_id"":""NEN000704456"",""geometry_fallback"":""centroid"",""layer"":""SITE_BOUNDARIES_SF""}"
superfund_NEN000710226,PCE - CARRIAGE CLEANERS,superfund_npl,41.13772100,-95.89408200,NE,EPA NPL Superfund,"{""external_id"":""NEN000710226"",""geometry_fallback"":""centroid"",""layer"":""SITE_BOUNDARIES_SF""}"
superfund_NEN000706200,PCE SOUTHEAST CONTAMINATION,superfund_npl,40.85735391,-97.56898861,NE,EPA NPL Superfund,"{""external_id"":""NEN000706200"",""geometry_fallback"":""centroid"",""layer"":""SITE_BOUNDARIES_SF""}"
superfund_NEN000706105,PCE/TCE NORTHEAST CONTAMINATION,superfund_npl,40.87788994,-97.56407660,NE,EPA NPL Superfund,"{""external_id"":""NEN000706105"",""geometry_fallback"":""centroid"",""layer"":""SITE_BOUNDARIES_SF""}"
superfund_NED084626100,SHERWOOD MEDICAL CO.,superfund_npl,41.99184037,-97.42309373,NE,EPA NPL Superfund,"{""external_id"":""NED084626100"",""geometry_fallback"":""centroid"",""layer"":""SITE_BOUNDARIES_SF""}"
superfund_NED980862718,WAVERLY GROUND WATER CONTAMINATION,superfund_npl,40.92098184,-96.53168738,NE,EPA NPL Superfund,"{""external_id"":""NED980862718"",""geometry_fallback"":""centroid"",""layer"":""SITE_BOUNDARIES_SF""}"
superfund_NEN000704738,WEST HIGHWAY 6 & HIGHWAY 281,superfund_npl,40.56856791,-98.38923260,NE,EPA NPL Superfund,"{""external_id"":""NEN000704738"",""geometry_fallback"":""centroid"",""layer"":""SITE_BOUNDARIES_SF""}"
superfund_NHD980524086,AUBURN ROAD LANDFILL,superfund_npl,42.93435075,-71.35230270,NH,EPA NPL Superfund,"{""external_id"":""NHD980524086"",""geometry_fallback"":""centroid"",""layer"":""SITE_BOUNDARIES_SF""}"
superfund_NHD018958140,BEEDE WASTE OIL,superfund_npl,42.85507293,-71.10376209,NH,EPA NPL Superfund,"{""external_id"":""NHD018958140"",""geometry_fallback"":""centroid"",""layer"":""SITE_BOUNDARIES_SF""}"
superfund_NHN000103313,CHLOR-ALKALI FACILITY (FORMER),superfund_npl,44.47770975,-71.16608940,NH,EPA NPL Superfund,"{""external_id"":""NHN000103313"",""geometry_fallback"":""centroid"",""layer"":""SITE_BOUNDARIES_SF""}"
superfund_NHD064424153,COAKLEY LANDFILL,superfund_npl,42.99920571,-70.82029978,NH,EPA NPL Superfund,"{""external_id"":""NHD064424153"",""geometry_fallback"":""centroid"",""layer"":""SITE_BOUNDARIES_SF""}"
superfund_NHN000105928,COLLINS & AIKMAN PLANT (FORMER),superfund_npl,43.37443741,-71.05442071,NH,EPA NPL Superfund,"{""external_id"":""NHN000105928"",""geometry_fallback"":""centroid"",""layer"":""SITE_BOUNDARIES_SF""}"
superfund_NHD980520191,DOVER MUNICIPAL LANDFILL,superfund_npl,43.21178190,-70.95177219,NH,EPA NPL Superfund,"{""external_id"":""NHD980520191"",""geometry_fallback"":""centroid"",""layer"":""SITE_BOUNDARIES_SF""}"
superfund_NHD001079649,FLETCHER'S PAINT WORKS & STORAGE,superfund_npl,42.83625934,-71.65662896,NH,EPA NPL Superfund,"{""external_id"":""NHD001079649"",""geometry_fallback"":""centroid"",""layer"":""SITE_BOUNDARIES_SF""}"
superfund_NHD062002001,KEARSARGE METALLURGICAL CORP.,superfund_npl,43.97259940,-71.12809512,NH,EPA NPL Superfund,"{""external_id"":""NHD062002001"",""geometry_fallback"":""centroid"",""layer"":""SITE_BOUNDARIES_SF""}"
superfund_NHD092059112,KEEFE ENVIRONMENTAL SERVICES (KES),superfund_npl,43.02389169,-71.03409572,NH,EPA NPL Superfund,"{""external_id"":""NHD092059112"",""geometry_fallback"":""centroid"",""layer"":""SITE_BOUNDARIES_SF""}"
superfund_NHD981889629,MOHAWK TANNERY,superfund_npl,42.76442933,-71.48605569,NH,EPA NPL Superfund,"{""external_id"":""NHD981889629"",""geometry_fallback"":""centroid"",""layer"":""SITE_BOUNDARIES_SF""}"
superfund_NHD980503361,MOTTOLO PIG FARM,superfund_npl,42.98944722,-71.17427313,NH,EPA NPL Superfund,"{""external_id"":""NHD980503361"",""geometry_fallback"":""centroid"",""layer"":""SITE_BOUNDARIES_SF""}"
superfund_NHD001091453,NEW HAMPSHIRE PLATING CO.,superfund_npl,42.85329135,-71.48674420,NH,EPA NPL Superfund,"{""external_id"":""NHD001091453"",""geometry_fallback"":""centroid"",""layer"":""SITE_BOUNDARIES_SF""}"
superfund_NHD990717647,OTTATI & GOSS/KINGSTON STEEL DRUM,superfund_npl,42.89586499,-71.07635452,NH,EPA NPL Superfund,"{""external_id"":""NHD990717647"",""geometry_fallback"":""centroid"",""layer"":""SITE_BOUNDARIES_SF""}"
superfund_NH7570024847,PEASE AIR FORCE BASE,superfund_npl,43.08174116,-70.82250274,NH,EPA NPL Superfund,"{""external_id"":""NH7570024847"",""geometry_fallback"":""centroid"",""layer"":""SITE_BOUNDARIES_SF""}"
superfund_NHD980671002,SAVAGE MUNICIPAL WATER SUPPLY,superfund_npl,42.84381932,-71.68978348,NH,EPA NPL Superfund,"{""external_id"":""NHD980671002"",""geometry_fallback"":""centroid"",""layer"":""SITE_BOUNDARIES_SF""}"
superfund_NHD980520225,SOMERSWORTH SANITARY LANDFILL,superfund_npl,43.24823724,-70.88665075,NH,EPA NPL Superfund,"{""external_id"":""NHD980520225"",""geometry_fallback"":""centroid"",""layer"":""SITE_BOUNDARIES_SF""}"
superfund_NHD980671069,SOUTH MUNICIPAL WATER SUPPLY WELL,superfund_npl,42.85148718,-71.96507589,NH,EPA NPL Superfund,"{""external_id"":""NHD980671069"",""geometry_fallback"":""centroid"",""layer"":""SITE_BOUNDARIES_SF""}"
superfund_NHD099363541,SYLVESTER,superfund_npl,42.72035326,-71.52424078,NH,EPA NPL Superfund,"{""external_id"":""NHD099363541"",""geometry_fallback"":""centroid"",""layer"":""SITE_BOUNDARIES_SF""}"
superfund_NHD989090469,TIBBETTS ROAD,superfund_npl,43.17963402,-71.03380552,NH,EPA NPL Superfund,"{""external_id"":""NHD989090469"",""geometry_fallback"":""centroid"",""layer"":""SITE_BOUNDARIES_SF""}"
superfund_NHD062004569,TINKHAM GARAGE,superfund_npl,42.85748628,-71.34869491,NH,EPA NPL Superfund,"{""external_id"":""NHD062004569"",""geometry_fallback"":""centroid"",""layer"":""SITE_BOUNDARIES_SF""}"
superfund_NHD981063860,TOWN GARAGE/RADIO BEACON,superfund_npl,42.86156495,-71.39097018,NH,EPA NPL Superfund,"{""external_id"":""NHD981063860"",""geometry_fallback"":""centroid"",""layer"":""SITE_BOUNDARIES_SF""}"
superfund_NHD980520217,TROY MILLS LANDFILL,superfund_npl,42.80265818,-72.18671463,NH,EPA NPL Superfund,"{""external_id"":""NHD980520217"",""geometry_fallback"":""centroid"",""layer"":""SITE_BOUNDARIES_SF""}"
superfund_NJD030253355,A. O. POLYMER,superfund_npl,41.04829360,-74.62893198,NJ,EPA NPL Superfund,"{""external_id"":""NJD030253355"",""geometry_fallback"":""centroid"",""layer"":""SITE_BOUNDARIES_SF""}"
superfund_NJD002173276,AMERICAN CYANAMID CO,superfund_npl,40.55478192,-74.55867476,NJ,EPA NPL Superfund,"{""external_id"":""NJD002173276"",""geometry_fallback"":""centroid"",""layer"":""SITE_BOUNDARIES_SF""}"
superfund_NJD980654149,ASBESTOS DUMP,superfund_npl,40.69378888,-74.48277438,NJ,EPA NPL Superfund,"{""external_id"":""NJD980654149"",""geometry_fallback"":""centroid"",""layer"":""SITE_BOUNDARIES_SF""}"
superfund_NJD981558430,ATLANTIC RESOURCES,superfund_npl,40.48743666,-74.32016968,NJ,EPA NPL Superfund,"{""external_id"":""NJD981558430"",""geometry_fallback"":""centroid"",""layer"":""SITE_BOUNDARIES_SF""}"
superfund_NJD980654123,BEACHWOOD/BERKELEY WELLS,superfund_npl,39.92426532,-74.19693861,NJ,EPA NPL Superfund,"{""external_id"":""NJD980654123"",""geometry_fallback"":""centroid"",""layer"":""SITE_BOUNDARIES_SF""}"
superfund_NJD063157150,BOG CREEK FARM,superfund_npl,40.15133438,-74.16011863,NJ,EPA NPL Superfund,"{""external_id"":""NJD063157150"",""geometry_fallback"":""centroid"",""layer"":""SITE_BOUNDARIES_SF""}"
superfund_NJD980505176,BRICK TOWNSHIP LANDFILL,superfund_npl,40.10821982,-74.12684377,NJ,EPA NPL Superfund,"{""external_id"":""NJD980505176"",""geometry_fallback"":""centroid"",""layer"":""SITE_BOUNDARIES_SF""}"
superfund_NJD053292652,BRIDGEPORT RENTAL & OIL SERVICES,superfund_npl,39.79775445,-75.31677160,NJ,EPA NPL Superfund,"{""external_id"":""NJD053292652"",""geometry_fallback"":""centroid"",""layer"":""SITE_BOUNDARIES_SF""}"
superfund_NJD078251675,BROOK INDUSTRIAL PARK,superfund_npl,40.55987937,-74.53659551,NJ,EPA NPL Superfund,"{""external_id"":""NJD078251675"",""geometry_fallback"":""centroid"",""layer"":""SITE_BOUNDARIES_SF""}"
superfund_NJD980504997,BURNT FLY BOG,superfund_npl,40.37462370,-74.28586294,NJ,EPA NPL Superfund,"{""external_id"":""NJD980504997"",""geometry_fallback"":""centroid"",""layer"":""SITE_BOUNDARIES_SF""}"
superfund_NJD048798953,CALDWELL TRUCKING CO.,superfund_npl,40.88374477,-74.26986488,NJ,EPA NPL Superfund,"{""external_id"":""NJD048798953"",""geometry_fallback"":""centroid"",""layer"":""SITE_BOUNDARIES_SF""}"
superfund_NJD000607481,CHEMICAL CONTROL,superfund_npl,40.64337614,-74.19307898,NJ,EPA NPL Superfund,"{""external_id"":""NJD000607481"",""geometry_fallback"":""centroid"",""layer"":""SITE_BOUNDARIES_SF""}"
superfund_NJD980484653,CHEMICAL INSECTICIDE CORP.,superfund_npl,40.52754417,-74.36698121,NJ,EPA NPL Superfund,"{""external_id"":""NJD980484653"",""geometry_fallback"":""centroid"",""layer"":""SITE_BOUNDARIES_SF""}"
superfund_NJD047321443,"CHEMICAL LEAMAN TANK LINES, INC.",superfund_npl,39.79900278,-75.33071187,NJ,EPA NPL Superfund,"{""external_id"":""NJD047321443"",""geometry_fallback"":""centroid"",""layer"":""SITE_BOUNDARIES_SF""}"
superfund_NJD980528889,"CHEMSOL, INC.",superfund_npl,40.56826948,-74.44022931,NJ,EPA NPL Superfund,"{""external_id"":""NJD980528889"",""geometry_fallback"":""centroid"",""layer"":""SITE_BOUNDARIES_SF""}"
superfund_NJD001502517,CIBA-GEIGY CORP.,superfund_npl,39.98621665,-74.23949486,NJ,EPA NPL Superfund,"{""external_id"":""NJD001502517"",""geometry_fallback"":""centroid"",""layer"":""SITE_BOUNDARIES_SF""}"
superfund_NJD980785638,CINNAMINSON TOWNSHIP (BLOCK 702) GROUND WATER CONTAMINATION,superfund_npl,40.00290601,-74.98216727,NJ,EPA NPL Superfund,"{""external_id"":""NJD980785638"",""geometry_fallback"":""centroid"",""layer"":""SITE_BOUNDARIES_SF""}"
superfund_NJD980530596,COMBE FILL NORTH LANDFILL,superfund_npl,40.88329478,-74.71374080,NJ,EPA NPL Superfund,"{""external_id"":""NJD980530596"",""geometry_fallback"":""centroid"",""layer"":""SITE_BOUNDARIES_SF""}"
superfund_NJD094966611,COMBE FILL SOUTH LANDFILL,superfund_npl,40.77204430,-74.73853697,NJ,EPA NPL Superfund,"{""external_id"":""NJD094966611"",""geometry_fallback"":""centroid"",""layer"":""SITE_BOUNDARIES_SF""}"
superfund_NJD980761381,COOPER ROAD,superfund_npl,39.84792159,-74.94509337,NJ,EPA NPL Superfund,"{""external_id"":""NJD980761381"",""geometry_fallback"":""centroid"",""layer"":""SITE_BOUNDARIES_SF""}"
superfund_NJD981557879,CORNELL DUBILIER ELECTRONICS INC.,superfund_npl,40.58156808,-74.41765735,NJ,EPA NPL Superfund,"{""external_id"":""NJD981557879"",""geometry_fallback"":""centroid"",""layer"":""SITE_BOUNDARIES_SF""}"
superfund_NJD000565531,COSDEN CHEMICAL COATINGS CORP.,superfund_npl,40.05839007,-74.92588652,NJ,EPA NPL Superfund,"{""external_id"":""NJD000565531"",""geometry_fallback"":""centroid"",""layer"":""SITE_BOUNDARIES_SF""}"
superfund_NJD002141190,CPS/MADISON INDUSTRIES,superfund_npl,40.43052195,-74.33035626,NJ,EPA NPL Superfund,"{""external_id"":""NJD002141190"",""geometry_fallback"":""centroid"",""layer"":""SITE_BOUNDARIES_SF""}"
superfund_NJN000204492,CROWN VANTAGE LANDFILL,superfund_npl,40.55178696,-75.07944655,NJ,EPA NPL Superfund,"{""external_id"":""NJN000204492"",""geometry_fallback"":""centroid"",""layer"":""SITE_BOUNDARIES_SF""}"
superfund_NJD011717584,"CURCIO SCRAP METAL, INC.",superfund_npl,40.89090977,-74.10308600,NJ,EPA NPL Superfund,"{""external_id"":""NJD011717584"",""geometry_fallback"":""centroid"",""layer"":""SITE_BOUNDARIES_SF""}"
superfund_NJD057143984,"CURTIS SPECIALTY PAPERS, INC",superfund_npl,40.55829774,-75.08443717,NJ,EPA NPL Superfund,"{""external_id"":""NJD057143984"",""geometry_fallback"":""centroid"",""layer"":""SITE_BOUNDARIES_SF""}"
superfund_NJD980529416,D'IMPERIO PROPERTY,superfund_npl,39.45037340,-74.67037978,NJ,EPA NPL Superfund,"{""external_id"":""NJD980529416"",""geometry_fallback"":""centroid"",""layer"":""SITE_BOUNDARIES_SF""}"
superfund_NJD002168748,DAYCO CORP./L.E CARPENTER CO.,superfund_npl,40.90436204,-74.57659640,NJ,EPA NPL Superfund,"{""external_id"":""NJD002168748"",""geometry_fallback"":""centroid"",""layer"":""SITE_BOUNDARIES_SF""}"
superfund_NJD980761373,DE REWAL CHEMICAL CO.,superfund_npl,40.51629359,-75.06317467,NJ,EPA NPL Superfund,"{""external_id"":""NJD980761373"",""geometry_fallback"":""centroid"",""layer"":""SITE_BOUNDARIES_SF""}"
superfund_NJD980529002,DELILAH ROAD,superfund_npl,39.41659208,-74.54566889,NJ,EPA NPL Superfund,"{""external_id"":""NJD980529002"",""geometry_fallback"":""centroid"",""layer"":""SITE_BOUNDARIES_SF""}"
superfund_NJD046644407,DENZER & SCHAFER X-RAY CO.,superfund_npl,39.90956634,-74.16968182,NJ,EPA NPL Superfund,"{""external_id"":""NJD046644407"",""geometry_fallback"":""centroid"",""layer"":""SITE_BOUNDARIES_SF""}"
superfund_NJD980528996,DIAMOND ALKALI CO.,superfund_npl,40.69161032,-74.13730255,NJ,EPA NPL Superfund,"{""external_id"":""NJD980528996"",""geometry_fallback"":""centroid"",""layer"":""SITE_BOUNDARIES_SF""}"
superfund_NJD092226000,DIAMOND HEAD OIL REFINERY DIV.,superfund_npl,40.74871173,-74.13078452,NJ,EPA NPL Superfund,"{""external_id"":""NJD092226000"",""geometry_fallback"":""centroid"",""layer"":""SITE_BOUNDARIES_SF""}"
superfund_NJD980654131,DOVER MUNICIPAL WELL 4,superfund_npl,40.88537487,-74.54067479,NJ,EPA NPL Superfund,"{""external_id"":""NJD980654131"",""geometry_fallback"":""centroid"",""layer"":""SITE_BOUNDARIES_SF""}"
superfund_NJD980529085,ELLIS PROPERTY,superfund_npl,39.90493753,-74.86326604,NJ,EPA NPL Superfund,"{""external_id"":""NJD980529085"",""geometry_fallback"":""centroid"",""layer"":""SITE_BOUNDARIES_SF""}"
superfund_NJD980772727,EMMELL'S SEPTIC LANDFILL,superfund_npl,39.50347566,-74.52932181,NJ,EPA NPL Superfund,"{""external_id"":""NJD980772727"",""geometry_fallback"":""centroid"",""layer"":""SITE_BOUNDARIES_SF""}"
superfund_NJD980654222,EVOR PHILLIPS LEASING,superfund_npl,40.43805345,-74.32466437,NJ,EPA NPL Superfund,"{""external_id"":""NJD980654222"",""geometry_fallback"":""centroid"",""layer"":""SITE_BOUNDARIES_SF""}"
superfund_NJD980761365,EWAN PROPERTY,superfund_npl,39.80189132,-74.71998772,NJ,EPA NPL Superfund,"{""external_id"":""NJD980761365"",""geometry_fallback"":""centroid"",""layer"":""SITE_BOUNDARIES_SF""}"
superfund_NJD980654107,FAIR LAWN WELL FIELD,superfund_npl,40.94371860,-74.13095561,NJ,EPA NPL Superfund,"{""external_id"":""NJD980654107"",""geometry_fallback"":""centroid"",""layer"":""SITE_BOUNDARIES_SF""}"
superfund_NJ9690510020,FEDERAL AVIATION ADMINISTRATION TECHNICAL CENTER (USDOT),superfund_npl,39.45174636,-74.57512786,NJ,EPA NPL Superfund,"{""external_id"":""NJ9690510020"",""geometry_fallback"":""centroid"",""layer"":""SITE_BOUNDARIES_SF""}"
superfund_NJ0001900281,FEDERAL CREOSOTE,superfund_npl,40.54439266,-74.58252388,NJ,EPA NPL Superfund,"{""external_id"":""NJ0001900281"",""geometry_fallback"":""centroid"",""layer"":""SITE_BOUNDARIES_SF""}"
superfund_NJD980529143,"FLORENCE LAND RECONTOURING, INC., LANDFILL",superfund_npl,40.06873220,-74.77289976,NJ,EPA NPL Superfund,"{""external_id"":""NJD980529143"",""geometry_fallback"":""centroid"",""layer"":""SITE_BOUNDARIES_SF""}"
superfund_NJN000200874,FORMER KIL-TONE COMPANY,superfund_npl,39.46750212,-75.04768012,NJ,EPA NPL Superfund,"{""external_id"":""NJN000200874"",""geometry_fallback"":""centroid"",""layer"":""SITE_BOUNDARIES_SF""}"
superfund_NJ2210020275,FORT DIX (LANDFILL SITE),superfund_npl,39.97719486,-74.62300467,NJ,EPA NPL Superfund,"{""external_id"":""NJ2210020275"",""geometry_fallback"":""centroid"",""layer"":""SITE_BOUNDARIES_SF""}"
superfund_NJD986570992,FRANKLIN BURN,superfund_npl,39.59747199,-75.02288450,NJ,EPA NPL Superfund,"{""external_id"":""NJD986570992"",""geometry_fallback"":""centroid"",""layer"":""SITE_BOUNDARIES_SF""}"
superfund_NJD041828906,FRIED INDUSTRIES,superfund_npl,40.44267983,-74.44042326,NJ,EPA NPL Superfund,"{""external_id"":""NJD041828906"",""geometry_fallback"":""centroid"",""layer"":""SITE_BOUNDARIES_SF""}"
superfund_NJD980532832,FRIEDMAN PROPERTY,superfund_npl,40.10505001,-74.50693293,NJ,EPA NPL Superfund,"{""external_id"":""NJD980532832"",""geometry_fallback"":""centroid"",""layer"":""SITE_BOUNDARIES_SF""}"
superfund_NJD053280160,GARDEN STATE CLEANERS CO.,superfund_npl,39.51194770,-74.94808495,NJ,EPA NPL Superfund,"{""external_id"":""NJD053280160"",""geometry_fallback"":""centroid"",""layer"":""SITE_BOUNDARIES_SF""}"
superfund_NJN000206317,GARFIELD GROUND WATER CONTAMINATION,superfund_npl,40.87079198,-74.10761294,NJ,EPA NPL Superfund,"{""external_id"":""NJN000206317"",""geometry_fallback"":""centroid"",""layer"":""SITE_BOUNDARIES_SF""}"
superfund_NJD980529192,GEMS LANDFILL,superfund_npl,39.78197421,-75.02092119,NJ,EPA NPL Superfund,"{""external_id"":""NJD980529192"",""geometry_fallback"":""centroid"",""layer"":""SITE_BOUNDARIES_SF""}"
superfund_NJD980785646,GLEN RIDGE RADIUM SITE,superfund_npl,40.78806880,-74.21254096,NJ,EPA NPL Superfund,"{""external_id"":""NJD980785646"",""geometry_fallback"":""centroid"",""layer"":""SITE_BOUNDARIES_SF""}"
superfund_NJD063160667,GLOBAL SANITARY LANDFILL,superfund_npl,40.44324965,-74.28134503,NJ,EPA NPL Superfund,"{""external_id"":""NJD063160667"",""geometry_fallback"":""centroid"",""layer"":""SITE_BOUNDARIES_SF""}"
superfund_NJD980530109,GOOSE FARM,superfund_npl,40.09597301,-74.49465664,NJ,EPA NPL Superfund,"{""external_id"":""NJD980530109"",""geometry_fallback"":""centroid"",""layer"":""SITE_BOUNDARIES_SF""}"
superfund_NJ0001327733,GRAND STREET MERCURY,superfund_npl,40.74676979,-74.03433972,NJ,EPA NPL Superfund,"{""external_id"":""NJ0001327733"",""geometry_fallback"":""centroid"",""layer"":""SITE_BOUNDARIES_SF""}"
superfund_NJD980505366,HELEN KRAMER LANDFILL,superfund_npl,39.78049666,-75.19939243,NJ,EPA NPL Superfund,"{""external_id"":""NJD980505366"",""geometry_fallback"":""centroid"",""layer"":""SITE_BOUNDARIES_SF""}"
superfund_NJD002349058,"HERCULES, INC. (GIBBSTOWN PLANT)",superfund_npl,39.83236354,-75.27412454,NJ,EPA NPL Superfund,"{""external_id"":""NJD002349058"",""geometry_fallback"":""centroid"",""layer"":""SITE_BOUNDARIES_SF""}"
superfund_NJD053102232,HIGGINS DISPOSAL,superfund_npl,40.38664066,-74.61485955,NJ,EPA NPL Superfund,"{""external_id"":""NJD053102232"",""geometry_fallback"":""centroid"",""layer"":""SITE_BOUNDARIES_SF""}"
superfund_NJD981490261,HIGGINS FARM,superfund_npl,40.40492462,-74.60185963,NJ,EPA NPL Superfund,"{""external_id"":""NJD981490261"",""geometry_fallback"":""centroid"",""layer"":""SITE_BOUNDARIES_SF""}"
superfund_NJN000203535,HISTORIC POTTERIES,superfund_npl,40.23164917,-74.74541150,NJ,EPA NPL Superfund,"{""external_id"":""NJN000203535"",""geometry_fallback"":""centroid"",""layer"":""SITE_BOUNDARIES_SF""}"
superfund_NJD980532840,HOPKINS FARM,superfund_npl,40.09162371,-74.48425469,NJ,EPA NPL Superfund,"{""external_id"":""NJD980532840"",""geometry_fallback"":""centroid"",""layer"":""SITE_BOUNDARIES_SF""}"
superfund_NJD980663678,HORSESHOE ROAD,superfund_npl,40.48629149,-74.32043899,NJ,EPA NPL Superfund,"{""external_id"":""NJD980663678"",""geometry_fallback"":""centroid"",""layer"":""SITE_BOUNDARIES_SF""}"
superfund_NJ0001360882,ICELAND COIN LAUNDRY AREA GW PLUME,superfund_npl,39.45548692,-75.05320190,NJ,EPA NPL Superfund,"{""external_id"":""NJ0001360882"",""geometry_fallback"":""centroid"",""layer"":""SITE_BOUNDARIES_SF""}"
superfund_NJD980654099,"IMPERIAL OIL CO., INC./CHAMPION CHEMICALS",superfund_npl,40.38632422,-74.24564712,NJ,EPA NPL Superfund,"{""external_id"":""NJD980654099"",""geometry_fallback"":""centroid"",""layer"":""SITE_BOUNDARIES_SF""}"
superfund_NJD981178411,INDUSTRIAL LATEX CORP.,superfund_npl,40.85372802,-74.09864875,NJ,EPA NPL Superfund,"{""external_id"":""NJD981178411"",""geometry_fallback"":""centroid"",""layer"":""SITE_BOUNDARIES_SF""}"
superfund_NJD980505283,JACKSON TOWNSHIP LANDFILL,superfund_npl,40.06389734,-74.34760880,NJ,EPA NPL Superfund,"{""external_id"":""NJD980505283"",""geometry_fallback"":""centroid"",""layer"":""SITE_BOUNDARIES_SF""}"
superfund_NJD097400998,JIS LANDFILL,superfund_npl,40.36399084,-74.45460534,NJ,EPA NPL Superfund,"{""external_id"":""NJD097400998"",""geometry_fallback"":""centroid"",""layer"":""SITE_BOUNDARIES_SF""}"
superfund_NJD002300051,JOHNSON & TOWERS,superfund_npl,39.96575553,-74.89941522,NJ,EPA NPL Superfund,"{""external_id"":""NJD002300051"",""geometry_fallback"":""centroid"",""layer"":""SITE_BOUNDARIES_SF""}"
superfund_NJD002493054,"KAUFFMAN & MINTEER, INC.",superfund_npl,40.03490445,-74.69361260,NJ,EPA NPL Superfund,"{""external_id"":""NJD002493054"",""geometry_fallback"":""centroid"",""layer"":""SITE_BOUNDARIES_SF""}"
superfund_NJD049860836,KIN-BUC LANDFILL,superfund_npl,40.48792232,-74.37888781,NJ,EPA NPL Superfund,"{""external_id"":""NJD049860836"",""geometry_fallback"":""centroid"",""layer"":""SITE_BOUNDARIES_SF""}"
superfund_NJD980505341,KING OF PRUSSIA,superfund_npl,39.62584129,-74.89098705,NJ,EPA NPL Superfund,"{""external_id"":""NJD980505341"",""geometry_fallback"":""centroid"",""layer"":""SITE_BOUNDARIES_SF""}"
superfund_NJD980529838,KRYSOWATY FARM,superfund_npl,40.49988171,-74.77953367,NJ,EPA NPL Superfund,"{""external_id"":""NJD980529838"",""geometry_fallback"":""centroid"",""layer"":""SITE_BOUNDARIES_SF""}"
superfund_NJD048044325,LANDFILL & DEVELOPMENT CO.,superfund_npl,39.98514679,-74.77099623,NJ,EPA NPL Superfund,"{""external_id"":""NJD048044325"",""geometry_fallback"":""centroid"",""layer"":""SITE_BOUNDARIES_SF""}"
superfund_NJD980505382,LANG PROPERTY,superfund_npl,39.93048383,-74.49518632,NJ,EPA NPL Superfund,"{""external_id"":""NJD980505382"",""geometry_fallback"":""centroid"",""layer"":""SITE_BOUNDARIES_SF""}"
superfund_NJD079303020,LCP CHEMICALS INC.,superfund_npl,40.60798674,-74.21112579,NJ,EPA NPL Superfund,"{""external_id"":""NJD079303020"",""geometry_fallback"":""centroid"",""layer"":""SITE_BOUNDARIES_SF""}"
superfund_NJD014743678,LIGHTMAN DRUM COMPANY,superfund_npl,39.72480534,-74.90769466,NJ,EPA NPL Superfund,"{""external_id"":""NJD014743678"",""geometry_fallback"":""centroid"",""layer"":""SITE_BOUNDARIES_SF""}"
superfund_NJD980505416,LIPARI LANDFILL,superfund_npl,39.72003906,-75.14046343,NJ,EPA NPL Superfund,"{""external_id"":""NJD980505416"",""geometry_fallback"":""centroid"",""layer"":""SITE_BOUNDARIES_SF""}"
superfund_NJD980769301,LODI MUNICIPAL WELL,superfund_npl,40.87121140,-74.08940497,NJ,EPA NPL Superfund,"{""external_id"":""NJD980769301"",""geometry_fallback"":""centroid"",""layer"":""SITE_BOUNDARIES_SF""}"
superfund_NJD980505424,LONE PINE LANDFILL,superfund_npl,40.20340268,-74.33249271,NJ,EPA NPL Superfund,"{""external_id"":""NJD980505424"",""geometry_fallback"":""centroid"",""layer"":""SITE_BOUNDARIES_SF""}"
superfund_NJN000201845,LOWER HACKENSACK RIVER,superfund_npl,40.79678125,-74.06569775,NJ,EPA NPL Superfund,"{""external_id"":""NJN000201845"",""geometry_fallback"":""centroid"",""layer"":""SITE_BOUNDARIES_SF""}"
superfund_NJD085632164,M&T DELISA LANDFILL,superfund_npl,40.23023532,-74.04318181,NJ,EPA NPL Superfund,"{""external_id"":""NJD085632164"",""geometry_fallback"":""centroid"",""layer"":""SITE_BOUNDARIES_SF""}"
superfund_NJD980654180,MANNHEIM AVENUE DUMP,superfund_npl,39.53894138,-74.53299245,NJ,EPA NPL Superfund,"{""external_id"":""NJD980654180"",""geometry_fallback"":""centroid"",""layer"":""SITE_BOUNDARIES_SF""}"
superfund_NJN000206345,MANSFIELD TRAIL DUMP,superfund_npl,40.93065823,-74.70034718,NJ,EPA NPL Superfund,"{""external_id"":""NJN000206345"",""geometry_fallback"":""centroid"",""layer"":""SITE_BOUNDARIES_SF""}"
superfund_NJD014623854,"MARTIN AARON, INC.",superfund_npl,39.92582823,-75.11873381,NJ,EPA NPL Superfund,"{""external_id"":""NJD014623854"",""geometry_fallback"":""centroid"",""layer"":""SITE_BOUNDARIES_SF""}"
superfund_NJD043584101,"MATLACK, INC.",superfund_npl,39.76344689,-75.32345600,NJ,EPA NPL Superfund,"{""external_id"":""NJD043584101"",""geometry_fallback"":""centroid"",""layer"":""SITE_BOUNDARIES_SF""}"
superfund_NJD011770013,MATTEO & SONS INC.,superfund_npl,39.85620087,-75.17008272,NJ,EPA NPL Superfund,"{""external_id"":""NJD011770013"",""geometry_fallback"":""centroid"",""layer"":""SITE_BOUNDARIES_SF""}"
superfund_NJD980529762,MAYWOOD CHEMICAL CO.,superfund_npl,40.89500342,-74.07041777,NJ,EPA NPL Superfund,"{""external_id"":""NJD980529762"",""geometry_fallback"":""centroid"",""layer"":""SITE_BOUNDARIES_SF""}"
superfund_NJ0570024018,MCGUIRE AIR FORCE BASE #1,superfund_npl,40.02837685,-74.58872949,NJ,EPA NPL Superfund,"{""external_id"":""NJ0570024018"",""geometry_fallback"":""centroid"",""layer"":""SITE_BOUNDARIES_SF""}"
superfund_NJD002517472,METALTEC/AEROSYSTEMS,superfund_npl,41.10975963,-74.59985564,NJ,EPA NPL Superfund,"{""external_id"":""NJD002517472"",""geometry_fallback"":""centroid"",""layer"":""SITE_BOUNDARIES_SF""}"
superfund_NJ0890090012,MIDDLESEX SAMPLING PLANT (USDOE),superfund_npl,40.56973297,-74.49194324,NJ,EPA NPL Superfund,"{""external_id"":""NJ0890090012"",""geometry_fallback"":""centroid"",""layer"":""SITE_BOUNDARIES_SF""}"
superfund_NJD980529408,"MONITOR DEVICES, INC./INTERCIRCUITS, INC.",superfund_npl,40.18294452,-74.11464159,NJ,EPA NPL Superfund,"{""external_id"":""NJD980529408"",""geometry_fallback"":""centroid"",""layer"":""SITE_BOUNDARIES_SF""}"
superfund_NJD980505671,MONROE TOWNSHIP LANDFILL,superfund_npl,40.36212765,-74.39976240,NJ,EPA NPL Superfund,"{""external_id"":""NJD980505671"",""geometry_fallback"":""centroid"",""layer"":""SITE_BOUNDARIES_SF""}"
superfund_NJD980785653,MONTCLAIR/WEST ORANGE RADIUM SITE,superfund_npl,40.79565130,-74.22670044,NJ,EPA NPL Superfund,"{""external_id"":""NJD980785653"",""geometry_fallback"":""centroid"",""layer"":""SITE_BOUNDARIES_SF""}"
superfund_NJD980654164,MONTGOMERY TOWNSHIP HOUSING DEVELOPMENT,superfund_npl,40.40748065,-74.64499066,NJ,EPA NPL Superfund,"{""external_id"":""NJD980654164"",""geometry_fallback"":""centroid"",""layer"":""SITE_BOUNDARIES_SF""}"
superfund_NJD980654198,MYERS PROPERTY,superfund_npl,40.59437417,-74.93939791,NJ,EPA NPL Superfund,"{""external_id"":""NJD980654198"",""geometry_fallback"":""centroid"",""layer"":""SITE_BOUNDARIES_SF""}"
superfund_NJD002362705,NASCOLITE CORP.,superfund_npl,39.42223577,-75.03210094,NJ,EPA NPL Superfund,"{""external_id"":""NJD002362705"",""geometry_fallback"":""centroid"",""layer"":""SITE_BOUNDARIES_SF""}"
superfund_NJ7170023744,NAVAL AIR ENGINEERING CENTER,superfund_npl,40.02721128,-74.37528357,NJ,EPA NPL Superfund,"{""external_id"":""NJ7170023744"",""geometry_fallback"":""centroid"",""layer"":""SITE_BOUNDARIES_SF""}"
superfund_NJ0170022172,NAVAL WEAPONS STATION EARLE (SITE A),superfund_npl,40.26870677,-74.14509102,NJ,EPA NPL Superfund,"{""external_id"":""NJ0170022172"",""geometry_fallback"":""centroid"",""layer"":""SITE_BOUNDARIES_SF""}"
superfund_NJD061843249,NL INDUSTRIES,superfund_npl,39.75900114,-75.42509322,NJ,EPA NPL Superfund,"{""external_id"":""NJD061843249"",""geometry_fallback"":""centroid"",""layer"":""SITE_BOUNDARIES_SF""}"
superfund_NJD002148799,ORANGE VALLEY REGIONAL GROUND WATER CONTAMINATION,superfund_npl,40.77113033,-74.23286288,NJ,EPA NPL Superfund,"{""external_id"":""NJD002148799"",""geometry_fallback"":""centroid"",""layer"":""SITE_BOUNDARIES_SF""}"
superfund_NJD980529598,PEPE FIELD,superfund_npl,40.91222098,-74.41132438,NJ,EPA NPL Superfund,"{""external_id"":""NJD980529598"",""geometry_fallback"":""centroid"",""layer"":""SITE_BOUNDARIES_SF""}"
superfund_NJ3210020704,PICATINNY ARSENAL (USARMY),superfund_npl,40.95113418,-74.54395198,NJ,EPA NPL Superfund,"{""external_id"":""NJ3210020704"",""geometry_fallback"":""centroid"",""layer"":""SITE_BOUNDARIES_SF""}"
superfund_NJD002144517,PIERSON'S CREEK,superfund_npl,40.71377543,-74.14718466,NJ,EPA NPL Superfund,"{""external_id"":""NJD002144517"",""geometry_fallback"":""centroid"",""layer"":""SITE_BOUNDARIES_SF""}"
superfund_NJD980532808,PIJAK FARM,superfund_npl,40.07748166,-74.49540904,NJ,EPA NPL Superfund,"{""external_id"":""NJD980532808"",""geometry_fallback"":""centroid"",""layer"":""SITE_BOUNDARIES_SF""}"
superfund_NJD002360188,PIONEER METAL FINISHING INC,superfund_npl,39.61512259,-75.05969119,NJ,EPA NPL Superfund,"{""external_id"":""NJD002360188"",""geometry_fallback"":""centroid"",""layer"":""SITE_BOUNDARIES_SF""}"
superfund_NJD980505648,PJP LANDFILL,superfund_npl,40.73538786,-74.08644250,NJ,EPA NPL Superfund,"{""external_id"":""NJD980505648"",""geometry_fallback"":""centroid"",""layer"":""SITE_BOUNDARIES_SF""}"
superfund_NJD981179047,POHATCONG VALLEY GROUND WATER CONTAMINATION,superfund_npl,40.72954773,-75.04572977,NJ,EPA NPL Superfund,"{""external_id"":""NJD981179047"",""geometry_fallback"":""centroid"",""layer"":""SITE_BOUNDARIES_SF""}"
superfund_NJD980769350,POMONA OAKS RESIDENTIAL WELLS,superfund_npl,39.47583383,-74.56476512,NJ,EPA NPL Superfund,"{""external_id"":""NJD980769350"",""geometry_fallback"":""centroid"",""layer"":""SITE_BOUNDARIES_SF""}"
superfund_NJD070281175,PRICE LANDFILL,superfund_npl,39.41851228,-74.51875213,NJ,EPA NPL Superfund,"{""external_id"":""NJD070281175"",""geometry_fallback"":""centroid"",""layer"":""SITE_BOUNDARIES_SF""}"
superfund_NJD981084767,PUCHACK WELL FIELD,superfund_npl,39.97211406,-75.05240237,NJ,EPA NPL Superfund,"{""external_id"":""NJD981084767"",""geometry_fallback"":""centroid"",""layer"":""SITE_BOUNDARIES_SF""}"
superfund_NJD980582142,PULVERIZING SERVICES,superfund_npl,39.96510457,-74.97403656,NJ,EPA NPL Superfund,"{""external_id"":""NJD980582142"",""geometry_fallback"":""centroid"",""layer"":""SITE_BOUNDARIES_SF""}"
superfund_NJD000606442,QUANTA RESOURCES,superfund_npl,40.80475065,-73.98881638,NJ,EPA NPL Superfund,"{""external_id"":""NJD000606442"",""geometry_fallback"":""centroid"",""layer"":""SITE_BOUNDARIES_SF""}"
superfund_NJD047684451,"RADIATION TECHNOLOGY, INC.",superfund_npl,40.96775383,-74.50343843,NJ,EPA NPL Superfund,"{""external_id"":""NJD047684451"",""geometry_fallback"":""centroid"",""layer"":""SITE_BOUNDARIES_SF""}"
superfund_NJN000206276,RARITAN BAY SLAG,superfund_npl,40.45828567,-74.24455620,NJ,EPA NPL Superfund,"{""external_id"":""NJN000206276"",""geometry_fallback"":""centroid"",""layer"":""SITE_BOUNDARIES_SF""}"
superfund_NJD980529713,REICH FARMS,superfund_npl,39.99428429,-74.21044121,NJ,EPA NPL Superfund,"{""external_id"":""NJD980529713"",""geometry_fallback"":""centroid"",""layer"":""SITE_BOUNDARIES_SF""}"
superfund_NJD070415005,"RENORA, INC.",superfund_npl,40.51979104,-74.35916157,NJ,EPA NPL Superfund,"{""external_id"":""NJD070415005"",""geometry_fallback"":""centroid"",""layer"":""SITE_BOUNDARIES_SF""}"
superfund_NJD980529739,RINGWOOD MINES/LANDFILL,superfund_npl,41.14228556,-74.26855566,NJ,EPA NPL Superfund,"{""external_id"":""NJD980529739"",""geometry_fallback"":""centroid"",""layer"":""SITE_BOUNDARIES_SF""}"
superfund_NJSFN0204232,RIVERSIDE INDUSTRIAL PARK,superfund_npl,40.76630193,-74.15921684,NJ,EPA NPL Superfund,"{""external_id"":""NJSFN0204232"",""geometry_fallback"":""centroid"",""layer"":""SITE_BOUNDARIES_SF""}"
superfund_NJD980654115,ROCKAWAY BOROUGH WELL FIELD,superfund_npl,40.90171048,-74.50884447,NJ,EPA NPL Superfund,"{""external_id"":""NJD980654115"",""geometry_fallback"":""centroid"",""layer"":""SITE_BOUNDARIES_SF""}"
superfund_NJD980654214,ROCKAWAY TOWNSHIP WELLS,superfund_npl,40.91082994,-74.49704303,NJ,EPA NPL Superfund,"{""external_id"":""NJD980654214"",""geometry_fallback"":""centroid"",""layer"":""SITE_BOUNDARIES_SF""}"
superfund_NJD980654156,ROCKY HILL MUNICIPAL WELL,superfund_npl,40.40748065,-74.64499066,NJ,EPA NPL Superfund,"{""external_id"":""NJD980654156"",""geometry_fallback"":""centroid"",""layer"":""SITE_BOUNDARIES_SF""}"
superfund_NJD073732257,ROEBLING STEEL CO.,superfund_npl,40.12015173,-74.77001600,NJ,EPA NPL Superfund,"{""external_id"":""NJD073732257"",""geometry_fallback"":""centroid"",""layer"":""SITE_BOUNDARIES_SF""}"
superfund_NJD980505192,ROLLING KNOLLS LF,superfund_npl,40.72735284,-74.44536195,NJ,EPA NPL Superfund,"{""external_id"":""NJD980505192"",""geometry_fallback"":""centroid"",""layer"":""SITE_BOUNDARIES_SF""}"
superfund_NJ0000453514,ROUTE 561 DUMP,superfund_npl,39.83565266,-74.95934633,NJ,EPA NPL Superfund,"{""external_id"":""NJ0000453514"",""geometry_fallback"":""centroid"",""layer"":""SITE_BOUNDARIES_SF""}"
superfund_NJD980505754,SAYREVILLE LANDFILL,superfund_npl,40.44531240,-74.35694305,NJ,EPA NPL Superfund,"{""external_id"":""NJD980505754"",""geometry_fallback"":""centroid"",""layer"":""SITE_BOUNDARIES_SF""}"
superfund_NJD070565403,SCIENTIFIC CHEMICAL PROCESSING,superfund_npl,40.82439527,-74.07151623,NJ,EPA NPL Superfund,"{""external_id"":""NJD070565403"",""geometry_fallback"":""centroid"",""layer"":""SITE_BOUNDARIES_SF""}"
superfund_NJD980505762,SHARKEY LANDFILL,superfund_npl,40.84931582,-74.34625861,NJ,EPA NPL Superfund,"{""external_id"":""NJD980505762"",""geometry_fallback"":""centroid"",""layer"":""SITE_BOUNDARIES_SF""}"
superfund_NJD980417976,SHERWIN-WILLIAMS/HILLIARDS CREEK,superfund_npl,39.83498045,-74.97677041,NJ,EPA NPL Superfund,"{""external_id"":""NJD980417976"",""geometry_fallback"":""centroid"",""layer"":""SITE_BOUNDARIES_SF""}"
superfund_NJD002365930,SHIELDALLOY CORP.,superfund_npl,39.53267458,-75.03672797,NJ,EPA NPL Superfund,"{""external_id"":""NJD002365930"",""geometry_fallback"":""centroid"",""layer"":""SITE_BOUNDARIES_SF""}"
superfund_NJD980530679,SOUTH BRUNSWICK LANDFILL,superfund_npl,40.40283494,-74.56795915,NJ,EPA NPL Superfund,"{""external_id"":""NJD980530679"",""geometry_fallback"":""centroid"",""layer"":""SITE_BOUNDARIES_SF""}"
superfund_NJD980766828,SOUTH JERSEY CLOTHING CO.,superfund_npl,39.51194770,-74.94808495,NJ,EPA NPL Superfund,"{""external_id"":""NJD980766828"",""geometry_fallback"":""centroid"",""layer"":""SITE_BOUNDARIES_SF""}"
superfund_NJD980532816,SPENCE FARM,superfund_npl,40.08058671,-74.50639338,NJ,EPA NPL Superfund,"{""external_id"":""NJD980532816"",""geometry_fallback"":""centroid"",""layer"":""SITE_BOUNDARIES_SF""}"
superfund_NJD002175057,STANDARD CHLORINE,superfund_npl,40.74872433,-74.09824585,NJ,EPA NPL Superfund,"{""external_id"":""NJD002175057"",""geometry_fallback"":""centroid"",""layer"":""SITE_BOUNDARIES_SF""}"
superfund_NJD041743220,SWOPE OIL & CHEMICAL CO.,superfund_npl,39.98246948,-75.03399933,NJ,EPA NPL Superfund,"{""external_id"":""NJD041743220"",""geometry_fallback"":""centroid"",""layer"":""SITE_BOUNDARIES_SF""}"
superfund_NJD064263817,SYNCON RESINS,superfund_npl,40.73795492,-74.11402558,NJ,EPA NPL Superfund,"{""external_id"":""NJD064263817"",""geometry_fallback"":""centroid"",""layer"":""SITE_BOUNDARIES_SF""}"
superfund_NJD980761357,TABERNACLE DRUM DUMP,superfund_npl,39.81992073,-74.70064514,NJ,EPA NPL Superfund,"{""external_id"":""NJD980761357"",""geometry_fallback"":""centroid"",""layer"":""SITE_BOUNDARIES_SF""}"
superfund_NJD980654172,U.S. RADIUM CORP.,superfund_npl,40.78170338,-74.22718783,NJ,EPA NPL Superfund,"{""external_id"":""NJD980654172"",""geometry_fallback"":""centroid"",""layer"":""SITE_BOUNDARIES_SF""}"
superfund_NJD002164796,UNIMATIC MANUFACTURING CORPORATION,superfund_npl,40.88240791,-74.26769433,NJ,EPA NPL Superfund,"{""external_id"":""NJD002164796"",""geometry_fallback"":""centroid"",""layer"":""SITE_BOUNDARIES_SF""}"
superfund_NJ0001120799,UNITED STATES AVENUE BURN,superfund_npl,39.83307647,-74.96513641,NJ,EPA NPL Superfund,"{""external_id"":""NJ0001120799"",""geometry_fallback"":""centroid"",""layer"":""SITE_BOUNDARIES_SF""}"
superfund_NJD002005106,UNIVERSAL OIL PRODUCTS (CHEMICAL DIVISION),superfund_npl,40.82797236,-74.08798441,NJ,EPA NPL Superfund,"{""external_id"":""NJD002005106"",""geometry_fallback"":""centroid"",""layer"":""SITE_BOUNDARIES_SF""}"
superfund_NJD980761399,UPPER DEERFIELD TOWNSHIP SANITARY LANDFILL,superfund_npl,39.49440317,-75.18519512,NJ,EPA NPL Superfund,"{""external_id"":""NJD980761399"",""geometry_fallback"":""centroid"",""layer"":""SITE_BOUNDARIES_SF""}"
superfund_NJD980529879,VENTRON/VELSICOL,superfund_npl,40.81029345,-74.08558964,NJ,EPA NPL Superfund,"{""external_id"":""NJD980529879"",""geometry_fallback"":""centroid"",""layer"":""SITE_BOUNDARIES_SF""}"
superfund_NJD002385664,"VINELAND CHEMICAL CO., INC.",superfund_npl,39.43201952,-75.06315735,NJ,EPA NPL Superfund,"{""external_id"":""NJD002385664"",""geometry_fallback"":""centroid"",""layer"":""SITE_BOUNDARIES_SF""}"
superfund_NJD980529887,VINELAND STATE SCHOOL,superfund_npl,39.49033312,-74.98902502,NJ,EPA NPL Superfund,"{""external_id"":""NJD980529887"",""geometry_fallback"":""centroid"",""layer"":""SITE_BOUNDARIES_SF""}"
superfund_NJ1891837980,"W.R. GRACE & CO., INC./WAYNE INTERIM STORAGE SITE (USDOE)",superfund_npl,40.96935506,-74.27057069,NJ,EPA NPL Superfund,"{""external_id"":""NJ1891837980"",""geometry_fallback"":""centroid"",""layer"":""SITE_BOUNDARIES_SF""}"
superfund_NJD054981337,"WALDICK AEROSPACE DEVICES, INC.",superfund_npl,40.14246856,-74.05946293,NJ,EPA NPL Superfund,"{""external_id"":""NJD054981337"",""geometry_fallback"":""centroid"",""layer"":""SITE_BOUNDARIES_SF""}"
superfund_NJD986620995,WELSBACH & GENERAL GAS MANTLE (CAMDEN RADIATION),superfund_npl,39.90331408,-75.11775757,NJ,EPA NPL Superfund,"{""external_id"":""NJD986620995"",""geometry_fallback"":""centroid"",""layer"":""SITE_BOUNDARIES_SF""}"
superfund_NJD980755623,WHITE CHEMICAL CORP.,superfund_npl,40.69735379,-74.19616010,NJ,EPA NPL Superfund,"{""external_id"":""NJD980755623"",""geometry_fallback"":""centroid"",""layer"":""SITE_BOUNDARIES_SF""}"
superfund_NJSFN0204241,WHITE SWAN LAUNDRY AND CLEANER INC.,superfund_npl,40.13318707,-74.04341419,NJ,EPA NPL Superfund,"{""external_id"":""NJSFN0204241"",""geometry_fallback"":""centroid"",""layer"":""SITE_BOUNDARIES_SF""}"
superfund_NJD980529945,WILLIAMS PROPERTY,superfund_npl,39.11756233,-74.79993019,NJ,EPA NPL Superfund,"{""external_id"":""NJD980529945"",""geometry_fallback"":""centroid"",""layer"":""SITE_BOUNDARIES_SF""}"
superfund_NJD980532824,WILSON FARM,superfund_npl,40.07649898,-74.45799387,NJ,EPA NPL Superfund,"{""external_id"":""NJD980532824"",""geometry_fallback"":""centroid"",""layer"":""SITE_BOUNDARIES_SF""}"
superfund_NJD045653854,WITCO CHEMICAL CORP. (OAKLAND PLANT),superfund_npl,41.00351066,-74.24212397,NJ,EPA NPL Superfund,"{""external_id"":""NJD045653854"",""geometry_fallback"":""centroid"",""layer"":""SITE_BOUNDARIES_SF""}"
superfund_NJSFN0204260,WOODBROOK ROAD DUMP,superfund_npl,40.56216985,-74.40025366,NJ,EPA NPL Superfund,"{""external_id"":""NJSFN0204260"",""geometry_fallback"":""centroid"",""layer"":""SITE_BOUNDARIES_SF""}"
superfund_NJD980505887,WOODLAND ROUTE 532 DUMP,superfund_npl,39.82473197,-74.49974077,NJ,EPA NPL Superfund,"{""external_id"":""NJD980505887"",""geometry_fallback"":""centroid"",""layer"":""SITE_BOUNDARIES_SF""}"
superfund_NJD980505879,WOODLAND ROUTE 72 DUMP,superfund_npl,39.81598614,-74.46293017,NJ,EPA NPL Superfund,"{""external_id"":""NJD980505879"",""geometry_fallback"":""centroid"",""layer"":""SITE_BOUNDARIES_SF""}"
superfund_NJD986643153,ZSCHIEGNER REFINING,superfund_npl,40.14522553,-74.19895387,NJ,EPA NPL Superfund,"{""external_id"":""NJD986643153"",""geometry_fallback"":""centroid"",""layer"":""SITE_BOUNDARIES_SF""}"
superfund_NMD043158591,AT & SF (CLOVIS),superfund_npl,34.37896046,-103.21021496,NM,EPA NPL Superfund,"{""external_id"":""NMD043158591"",""geometry_fallback"":""centroid"",""layer"":""SITE_BOUNDARIES_SF""}"
superfund_NMD980622864,AT&SF (ALBUQUERQUE),superfund_npl,35.03732888,-106.65363798,NM,EPA NPL Superfund,"{""external_id"":""NMD980622864"",""geometry_fallback"":""centroid"",""layer"":""SITE_BOUNDARIES_SF""}"
superfund_NMD097960272,CAL WEST METALS (USSBA),superfund_npl,34.16353949,-106.92128039,NM,EPA NPL Superfund,"{""external_id"":""NMD097960272"",""geometry_fallback"":""centroid"",""layer"":""SITE_BOUNDARIES_SF""}"
superfund_NMN000622185,CARLISLE VILLAGE CLEANERS,superfund_npl,35.06380675,-106.60413678,NM,EPA NPL Superfund,"{""external_id"":""NMN000622185"",""geometry_fallback"":""centroid"",""layer"":""SITE_BOUNDARIES_SF""}"
superfund_NMD002899094,CHEVRON QUESTA MINE,superfund_npl,36.70345573,-105.55696024,NM,EPA NPL Superfund,"{""external_id"":""NMD002899094"",""geometry_fallback"":""centroid"",""layer"":""SITE_BOUNDARIES_SF""}"
superfund_NMD980749378,CIMARRON MINING CORP.,superfund_npl,33.63817527,-105.86824234,NM,EPA NPL Superfund,"{""external_id"":""NMD980749378"",""geometry_fallback"":""centroid"",""layer"":""SITE_BOUNDARIES_SF""}"
superfund_NMD981155930,CLEVELAND MILL,superfund_npl,32.86150674,-108.25820863,NM,EPA NPL Superfund,"{""external_id"":""NMD981155930"",""geometry_fallback"":""centroid"",""layer"":""SITE_BOUNDARIES_SF""}"
superfund_NMD001829506,EAGLE PICHER CAREFREE BATTERY,superfund_npl,34.09974641,-106.90382193,NM,EPA NPL Superfund,"{""external_id"":""NMD001829506"",""geometry_fallback"":""centroid"",""layer"":""SITE_BOUNDARIES_SF""}"
superfund_NMD986668911,FRUIT AVENUE PLUME,superfund_npl,35.08734026,-106.64146214,NM,EPA NPL Superfund,"{""external_id"":""NMD986668911"",""geometry_fallback"":""centroid"",""layer"":""SITE_BOUNDARIES_SF""}"
superfund_NM0007271768,GRANTS CHLORINATED SOLVENTS,superfund_npl,35.15352626,-107.84336032,NM,EPA NPL Superfund,"{""external_id"":""NM0007271768"",""geometry_fallback"":""centroid"",""layer"":""SITE_BOUNDARIES_SF""}"
superfund_NM0002271286,GRIGGS & WALNUT GROUND WATER PLUME,superfund_npl,32.32352027,-106.75213721,NM,EPA NPL Superfund,"{""external_id"":""NM0002271286"",""geometry_fallback"":""centroid"",""layer"":""SITE_BOUNDARIES_SF""}"
superfund_NMD007860935,HOMESTAKE MINING CO.,superfund_npl,35.23389371,-107.87504381,NM,EPA NPL Superfund,"{""external_id"":""NMD007860935"",""geometry_fallback"":""centroid"",""layer"":""SITE_BOUNDARIES_SF""}"
superfund_NMN000607033,JACKPILE-PAGUATE URANIUM MINE,superfund_npl,35.12320196,-107.34820395,NM,EPA NPL Superfund,"{""external_id"":""NMN000607033"",""geometry_fallback"":""centroid"",""layer"":""SITE_BOUNDARIES_SF""}"
superfund_NMN000607057,LEA AND WEST SECOND STREET,superfund_npl,33.39658771,-104.52105829,NM,EPA NPL Superfund,"{""external_id"":""NMN000607057"",""geometry_fallback"":""centroid"",""layer"":""SITE_BOUNDARIES_SF""}"
superfund_NMD980750020,LEE ACRES LANDFILL (USDOI),superfund_npl,36.71178877,-108.09170139,NM,EPA NPL Superfund,"{""external_id"":""NMD980750020"",""geometry_fallback"":""centroid"",""layer"":""SITE_BOUNDARIES_SF""}"
superfund_NM0000605386,MCGAFFEY AND MAIN GROUNDWATER PLUME,superfund_npl,33.36764714,-104.50981815,NM,EPA NPL Superfund,"{""external_id"":""NM0000605386"",""geometry_fallback"":""centroid"",""layer"":""SITE_BOUNDARIES_SF""}"
superfund_NMD986670156,NORTH RAILROAD AVENUE PLUME,superfund_npl,35.98969013,-106.08053950,NM,EPA NPL Superfund,"{""external_id"":""NMD986670156"",""geometry_fallback"":""centroid"",""layer"":""SITE_BOUNDARIES_SF""}"
superfund_NMD980749980,PAGANO SALVAGE,superfund_npl,34.78954054,-106.72126731,NM,EPA NPL Superfund,"{""external_id"":""NMD980749980"",""geometry_fallback"":""centroid"",""layer"":""SITE_BOUNDARIES_SF""}"
superfund_NMD980622773,PREWITT ABANDONED REFINERY,superfund_npl,35.36032817,-108.03391775,NM,EPA NPL Superfund,"{""external_id"":""NMD980622773"",""geometry_fallback"":""centroid"",""layer"":""SITE_BOUNDARIES_SF""}"
superfund_NMN000606847,SAN MATEO CREEK BASIN LEGACY URANIUM SITES,superfund_npl,35.29471864,-107.82644855,NM,EPA NPL Superfund,"{""external_id"":""NMN000606847"",""geometry_fallback"":""centroid"",""layer"":""SITE_BOUNDARIES_SF""}"
superfund_NMD980745558,SOUTH VALLEY,superfund_npl,35.04942254,-106.64684330,NM,EPA NPL Superfund,"{""external_id"":""NMD980745558"",""geometry_fallback"":""centroid"",""layer"":""SITE_BOUNDARIES_SF""}"
superfund_NMD030443303,UNITED NUCLEAR CORP.,superfund_npl,35.64949222,-108.49906641,NM,EPA NPL Superfund,"{""external_id"":""NMD030443303"",""geometry_fallback"":""centroid"",""layer"":""SITE_BOUNDARIES_SF""}"
superfund_NVD083917252,ANACONDA COPPER MINE,superfund_npl,39.01253955,-119.13368547,NV,EPA NPL Superfund,"{""external_id"":""NVD083917252"",""geometry_fallback"":""centroid"",""layer"":""SITE_BOUNDARIES_SF""}"
superfund_NVD980813646,CARSON RIVER MERCURY SITE,superfund_npl,39.61586907,-118.73225041,NV,EPA NPL Superfund,"{""external_id"":""NVD980813646"",""geometry_fallback"":""centroid"",""layer"":""SITE_BOUNDARIES_SF""}"
superfund_NV3141190030,RIO TINTO COPPER MINE,superfund_npl,41.81402251,-115.97808603,NV,EPA NPL Superfund,"{""external_id"":""NV3141190030"",""geometry_fallback"":""centroid"",""layer"":""SITE_BOUNDARIES_SF""}"
superfund_NYD072366453,"ACTION ANODIZING, PLATING, & POLISHING CORP.",superfund_npl,40.68493985,-73.40564142,NY,EPA NPL Superfund,"{""external_id"":""NYD072366453"",""geometry_fallback"":""centroid"",""layer"":""SITE_BOUNDARIES_SF""}"
superfund_NYD980506232,ALCOA AGGREGATION SITE,superfund_npl,44.96322878,-74.81420625,NY,EPA NPL Superfund,"{""external_id"":""NYD980506232"",""geometry_fallback"":""centroid"",""layer"":""SITE_BOUNDARIES_SF""}"
superfund_NYD002066330,AMERICAN THERMOSTAT CO.,superfund_npl,42.27014993,-73.94302335,NY,EPA NPL Superfund,"{""external_id"":""NYD002066330"",""geometry_fallback"":""centroid"",""layer"":""SITE_BOUNDARIES_SF""}"
superfund_NYD001485226,ANCHOR CHEMICALS,superfund_npl,40.76642674,-73.54611017,NY,EPA NPL Superfund,"{""external_id"":""NYD001485226"",""geometry_fallback"":""centroid"",""layer"":""SITE_BOUNDARIES_SF""}"
superfund_NYD980535652,APPLIED ENVIRONMENTAL SERVICES,superfund_npl,40.82295862,-73.64661591,NY,EPA NPL Superfund,"{""external_id"":""NYD980535652"",""geometry_fallback"":""centroid"",""layer"":""SITE_BOUNDARIES_SF""}"
superfund_NYD982531469,ARSENIC MINE,superfund_npl,41.45885431,-73.71455901,NY,EPA NPL Superfund,"{""external_id"":""NYD982531469"",""geometry_fallback"":""centroid"",""layer"":""SITE_BOUNDARIES_SF""}"
superfund_NYD980507693,BATAVIA LANDFILL,superfund_npl,43.02057475,-78.25801375,NY,EPA NPL Superfund,"{""external_id"":""NYD980507693"",""geometry_fallback"":""centroid"",""layer"":""SITE_BOUNDARIES_SF""}"
superfund_NYD980768675,BEC TRUCKING,superfund_npl,42.09784612,-75.99811959,NY,EPA NPL Superfund,"{""external_id"":""NYD980768675"",""geometry_fallback"":""centroid"",""layer"":""SITE_BOUNDARIES_SF""}"
superfund_NYD980768683,"BIOCLINICAL LABORATORIES, INC.",superfund_npl,40.78322491,-73.10911938,NY,EPA NPL Superfund,"{""external_id"":""NYD980768683"",""geometry_fallback"":""centroid"",""layer"":""SITE_BOUNDARIES_SF""}"
superfund_NYN000206296,BLACK RIVER PCBS,superfund_npl,44.00211538,-75.63651343,NY,EPA NPL Superfund,"{""external_id"":""NYN000206296"",""geometry_fallback"":""centroid"",""layer"":""SITE_BOUNDARIES_SF""}"
superfund_NYD980652275,BREWSTER WELL FIELD,superfund_npl,41.40053964,-73.59920627,NY,EPA NPL Superfund,"{""external_id"":""NYD980652275"",""geometry_fallback"":""centroid"",""layer"":""SITE_BOUNDARIES_SF""}"
superfund_NYN000203129,BRILLO LANDFILL,superfund_npl,43.17038599,-76.61638575,NY,EPA NPL Superfund,"{""external_id"":""NYN000203129"",""geometry_fallback"":""centroid"",""layer"":""SITE_BOUNDARIES_SF""}"
superfund_NY7890008975,BROOKHAVEN NATIONAL LABORATORY (USDOE),superfund_npl,40.87083263,-72.86846619,NY,EPA NPL Superfund,"{""external_id"":""NY7890008975"",""geometry_fallback"":""centroid"",""layer"":""SITE_BOUNDARIES_SF""}"
superfund_NYD980780670,BYRON BARREL & DRUM,superfund_npl,43.11928162,-78.11054701,NY,EPA NPL Superfund,"{""external_id"":""NYD980780670"",""geometry_fallback"":""centroid"",""layer"":""SITE_BOUNDARIES_SF""}"
superfund_NYD981561954,C & J DISPOSAL LEASING CO. DUMP,superfund_npl,42.86395638,-75.56748019,NY,EPA NPL Superfund,"{""external_id"":""NYD981561954"",""geometry_fallback"":""centroid"",""layer"":""SITE_BOUNDARIES_SF""}"
superfund_NYD010968014,CARROLL & DUBIES SEWAGE DISPOSAL,superfund_npl,41.39219974,-74.66793540,NY,EPA NPL Superfund,"{""external_id"":""NYD010968014"",""geometry_fallback"":""centroid"",""layer"":""SITE_BOUNDARIES_SF""}"
superfund_NYN000204289,CAYUGA GROUNDWATER CONTAMINATION SITE,superfund_npl,42.87597103,-76.64152637,NY,EPA NPL Superfund,"{""external_id"":""NYN000204289"",""geometry_fallback"":""centroid"",""layer"":""SITE_BOUNDARIES_SF""}"
superfund_NYD981184229,CIRCUITRON CORP.,superfund_npl,40.74977753,-73.41872050,NY,EPA NPL Superfund,"{""external_id"":""NYD981184229"",""geometry_fallback"":""centroid"",""layer"":""SITE_BOUNDARIES_SF""}"
superfund_NYD002044584,CLAREMONT POLYCHEMICAL,superfund_npl,40.75381653,-73.44173643,NY,EPA NPL Superfund,"{""external_id"":""NYD002044584"",""geometry_fallback"":""centroid"",""layer"":""SITE_BOUNDARIES_SF""}"
superfund_NYD000511576,CLOTHIER DISPOSAL,superfund_npl,43.24703667,-76.41230470,NY,EPA NPL Superfund,"{""external_id"":""NYD000511576"",""geometry_fallback"":""centroid"",""layer"":""SITE_BOUNDARIES_SF""}"
superfund_NYD980768691,COLESVILLE MUNICIPAL LANDFILL,superfund_npl,42.16064354,-75.58822670,NY,EPA NPL Superfund,"{""external_id"":""NYD980768691"",""geometry_fallback"":""centroid"",""layer"":""SITE_BOUNDARIES_SF""}"
superfund_NYD125499673,COMPUTER CIRCUITS,superfund_npl,40.81335744,-73.24640167,NY,EPA NPL Superfund,"{""external_id"":""NYD125499673"",""geometry_fallback"":""centroid"",""layer"":""SITE_BOUNDARIES_SF""}"
superfund_NYD981486947,CONKLIN DUMPS,superfund_npl,42.04951528,-75.81395803,NY,EPA NPL Superfund,"{""external_id"":""NYD981486947"",""geometry_fallback"":""centroid"",""layer"":""SITE_BOUNDARIES_SF""}"
superfund_NY0002455756,CONSOLIDATED IRON AND METAL,superfund_npl,41.49691824,-74.00601149,NY,EPA NPL Superfund,"{""external_id"":""NY0002455756"",""geometry_fallback"":""centroid"",""layer"":""SITE_BOUNDARIES_SF""}"
superfund_NYD980528475,CORTESE LANDFILL,superfund_npl,41.59991412,-75.06511322,NY,EPA NPL Superfund,"{""external_id"":""NYD980528475"",""geometry_fallback"":""centroid"",""layer"":""SITE_BOUNDARIES_SF""}"
superfund_NYD986965333,CROWN CLEANERS OF WATERTOWN INC.,superfund_npl,44.02301327,-75.65290804,NY,EPA NPL Superfund,"{""external_id"":""NYD986965333"",""geometry_fallback"":""centroid"",""layer"":""SITE_BOUNDARIES_SF""}"
superfund_NYD000512335,DEWEY LOEFFEL LANDFILL,superfund_npl,42.55997766,-73.56118764,NY,EPA NPL Superfund,"{""external_id"":""NYD000512335"",""geometry_fallback"":""centroid"",""layer"":""SITE_BOUNDARIES_SF""}"
superfund_NYD067532580,DIAZ CHEMICAL,superfund_npl,43.22290600,-78.02904929,NY,EPA NPL Superfund,"{""external_id"":""NYD067532580"",""geometry_fallback"":""centroid"",""layer"":""SITE_BOUNDARIES_SF""}"
superfund_NYD980532162,DUPONT /NECCO PARK,superfund_npl,43.09488073,-78.99720945,NY,EPA NPL Superfund,"{""external_id"":""NYD980532162"",""geometry_fallback"":""centroid"",""layer"":""SITE_BOUNDARIES_SF""}"
superfund_NYN000206456,EIGHTEENMILE CREEK,superfund_npl,43.27566278,-78.70875064,NY,EPA NPL Superfund,"{""external_id"":""NYN000206456"",""geometry_fallback"":""centroid"",""layer"":""SITE_BOUNDARIES_SF""}"
superfund_NYSFN0204190,ELLENVILLE SCRAP IRON AND METAL,superfund_npl,41.72385975,-74.40617650,NY,EPA NPL Superfund,"{""external_id"":""NYSFN0204190"",""geometry_fallback"":""centroid"",""layer"":""SITE_BOUNDARIES_SF""}"
superfund_NYD980780746,ENDICOTT VILLAGE WELL FIELD,superfund_npl,42.08677235,-76.08473974,NY,EPA NPL Superfund,"{""external_id"":""NYD980780746"",""geometry_fallback"":""centroid"",""layer"":""SITE_BOUNDARIES_SF""}"
superfund_NYD073675514,"FACET ENTERPRISES, INC.",superfund_npl,42.12726072,-76.81998045,NY,EPA NPL Superfund,"{""external_id"":""NYD073675514"",""geometry_fallback"":""centroid"",""layer"":""SITE_BOUNDARIES_SF""}"
superfund_NYD000511857,FMC CORP. (DUBLIN ROAD LANDFILL),superfund_npl,43.21728347,-78.44141972,NY,EPA NPL Superfund,"{""external_id"":""NYD000511857"",""geometry_fallback"":""centroid"",""layer"":""SITE_BOUNDARIES_SF""}"
superfund_NYD981560923,FOREST GLEN MOBILE HOME SUBDIVISION,superfund_npl,43.11347415,-79.00152200,NY,EPA NPL Superfund,"{""external_id"":""NYD981560923"",""geometry_fallback"":""centroid"",""layer"":""SITE_BOUNDARIES_SF""}"
superfund_NY0000110247,FULTON AVENUE,superfund_npl,40.72901980,-73.65793424,NY,EPA NPL Superfund,"{""external_id"":""NY0000110247"",""geometry_fallback"":""centroid"",""layer"":""SITE_BOUNDARIES_SF""}"
superfund_NYD980593099,FULTON TERMINALS,superfund_npl,43.33248450,-76.41630685,NY,EPA NPL Superfund,"{""external_id"":""NYD980593099"",""geometry_fallback"":""centroid"",""layer"":""SITE_BOUNDARIES_SF""}"
superfund_NYD981566417,GCL TIE AND TREATING INC.,superfund_npl,42.30123793,-75.41104764,NY,EPA NPL Superfund,"{""external_id"":""NYD981566417"",""geometry_fallback"":""centroid"",""layer"":""SITE_BOUNDARIES_SF""}"
superfund_NYD980528335,GE MOREAU,superfund_npl,43.27659419,-73.62489770,NY,EPA NPL Superfund,"{""external_id"":""NYD980528335"",""geometry_fallback"":""centroid"",""layer"":""SITE_BOUNDARIES_SF""}"
superfund_NYD091972554,GENERAL MOTORS (CENTRAL FOUNDRY DIVISION),superfund_npl,44.98451877,-74.72800255,NY,EPA NPL Superfund,"{""external_id"":""NYD091972554"",""geometry_fallback"":""centroid"",""layer"":""SITE_BOUNDARIES_SF""}"
superfund_NYD002050110,GENZALE PLATING CO.,superfund_npl,40.71528537,-73.67709086,NY,EPA NPL Superfund,"{""external_id"":""NYD002050110"",""geometry_fallback"":""centroid"",""layer"":""SITE_BOUNDARIES_SF""}"
superfund_NYD980768717,"GOLDISC RECORDINGS, INC.",superfund_npl,40.77458011,-73.06425917,NY,EPA NPL Superfund,"{""external_id"":""NYD980768717"",""geometry_fallback"":""centroid"",""layer"":""SITE_BOUNDARIES_SF""}"
superfund_NYN000206222,GOWANUS CANAL,superfund_npl,40.67207420,-73.99665224,NY,EPA NPL Superfund,"{""external_id"":""NYN000206222"",""geometry_fallback"":""centroid"",""layer"":""SITE_BOUNDARIES_SF""}"
superfund_NY4571924451,GRIFFISS AIR FORCE BASE (11 AREAS),superfund_npl,43.22755168,-75.40984873,NY,EPA NPL Superfund,"{""external_id"":""NY4571924451"",""geometry_fallback"":""centroid"",""layer"":""SITE_BOUNDARIES_SF""}"
superfund_NYD980785661,HAVILAND COMPLEX,superfund_npl,41.77103635,-73.90682201,NY,EPA NPL Superfund,"{""external_id"":""NYD980785661"",""geometry_fallback"":""centroid"",""layer"":""SITE_BOUNDARIES_SF""}"
superfund_NYD980780779,HERTEL LANDFILL,superfund_npl,41.68730466,-74.03789979,NY,EPA NPL Superfund,"{""external_id"":""NYD980780779"",""geometry_fallback"":""centroid"",""layer"":""SITE_BOUNDARIES_SF""}"
superfund_NYD981560915,HITEMAN LEATHER,superfund_npl,42.88356076,-75.19516790,NY,EPA NPL Superfund,"{""external_id"":""NYD981560915"",""geometry_fallback"":""centroid"",""layer"":""SITE_BOUNDARIES_SF""}"
superfund_NYD980506810,HOOKER (102ND STREET),superfund_npl,43.07335120,-78.94848556,NY,EPA NPL Superfund,"{""external_id"":""NYD980506810"",""geometry_fallback"":""centroid"",""layer"":""SITE_BOUNDARIES_SF""}"
superfund_NYD000831644,HOOKER (HYDE PARK),superfund_npl,43.13114629,-79.03515003,NY,EPA NPL Superfund,"{""external_id"":""NYD000831644"",""geometry_fallback"":""centroid"",""layer"":""SITE_BOUNDARIES_SF""}"
superfund_NYD980651087,HOOKER (S AREA),superfund_npl,43.07489472,-79.00412256,NY,EPA NPL Superfund,"{""external_id"":""NYD980651087"",""geometry_fallback"":""centroid"",""layer"":""SITE_BOUNDARIES_SF""}"
superfund_NYD002920312,HOOKER CHEMICAL & PLASTICS CORP./RUCO POLYMER CORP.,superfund_npl,40.75298595,-73.50180720,NY,EPA NPL Superfund,"{""external_id"":""NYD002920312"",""geometry_fallback"":""centroid"",""layer"":""SITE_BOUNDARIES_SF""}"
superfund_NYD066813064,HOPEWELL PRECISION,superfund_npl,41.60236600,-73.79537753,NY,EPA NPL Superfund,"{""external_id"":""NYD066813064"",""geometry_fallback"":""centroid"",""layer"":""SITE_BOUNDARIES_SF""}"
superfund_NYD980763841,HUDSON RIVER PCBS,superfund_npl,41.66933995,-73.88296451,NY,EPA NPL Superfund,"{""external_id"":""NYD980763841"",""geometry_fallback"":""centroid"",""layer"":""SITE_BOUNDARIES_SF""}"
superfund_NYD980506901,ISLIP MUNICIPAL SANITARY LANDFILL,superfund_npl,40.81777871,-73.18262678,NY,EPA NPL Superfund,"{""external_id"":""NYD980506901"",""geometry_fallback"":""centroid"",""layer"":""SITE_BOUNDARIES_SF""}"
superfund_NYD001344456,JACKSON STEEL,superfund_npl,40.73855049,-73.65161130,NY,EPA NPL Superfund,"{""external_id"":""NYD001344456"",""geometry_fallback"":""centroid"",""layer"":""SITE_BOUNDARIES_SF""}"
superfund_NYD980506927,JOHNSTOWN CITY LANDFILL,superfund_npl,43.04330393,-74.39289902,NY,EPA NPL Superfund,"{""external_id"":""NYD980506927"",""geometry_fallback"":""centroid"",""layer"":""SITE_BOUNDARIES_SF""}"
superfund_NYD000813428,"JONES CHEMICALS, INC.",superfund_npl,42.97752969,-77.84420503,NY,EPA NPL Superfund,"{""external_id"":""NYD000813428"",""geometry_fallback"":""centroid"",""layer"":""SITE_BOUNDARIES_SF""}"
superfund_NYD980534556,JONES SANITATION,superfund_npl,41.79511483,-73.90158355,NY,EPA NPL Superfund,"{""external_id"":""NYD980534556"",""geometry_fallback"":""centroid"",""layer"":""SITE_BOUNDARIES_SF""}"
superfund_NYD980780795,KATONAH MUNICIPAL WELL,superfund_npl,41.25933250,-73.68231512,NY,EPA NPL Superfund,"{""external_id"":""NYD980780795"",""geometry_fallback"":""centroid"",""layer"":""SITE_BOUNDARIES_SF""}"
superfund_NYD075784165,KENMARK TEXTILE CORP.,superfund_npl,40.73853429,-73.42598064,NY,EPA NPL Superfund,"{""external_id"":""NYD075784165"",""geometry_fallback"":""centroid"",""layer"":""SITE_BOUNDARIES_SF""}"
superfund_NYD980650667,KENTUCKY AVENUE WELL FIELD,superfund_npl,42.15911793,-76.84277977,NY,EPA NPL Superfund,"{""external_id"":""NYD980650667"",""geometry_fallback"":""centroid"",""layer"":""SITE_BOUNDARIES_SF""}"
superfund_NYD002041531,"LAWRENCE AVIATION INDUSTRIES, INC.",superfund_npl,40.93359992,-73.06824429,NY,EPA NPL Superfund,"{""external_id"":""NYD002041531"",""geometry_fallback"":""centroid"",""layer"":""SITE_BOUNDARIES_SF""}"
superfund_NYD986950251,LEHIGH VALLEY RAILROAD,superfund_npl,42.98493456,-77.89316970,NY,EPA NPL Superfund,"{""external_id"":""NYD986950251"",""geometry_fallback"":""centroid"",""layer"":""SITE_BOUNDARIES_SF""}"
superfund_NYD986882660,LI TUNGSTEN CORP.,superfund_npl,40.86167277,-73.64050751,NY,EPA NPL Superfund,"{""external_id"":""NYD986882660"",""geometry_fallback"":""centroid"",""layer"":""SITE_BOUNDARIES_SF""}"
superfund_NYD000337295,LIBERTY INDUSTRIAL FINISHING,superfund_npl,40.71916971,-73.44892422,NY,EPA NPL Superfund,"{""external_id"":""NYD000337295"",""geometry_fallback"":""centroid"",""layer"":""SITE_BOUNDARIES_SF""}"
superfund_NY0001233634,LITTLE VALLEY,superfund_npl,42.21840657,-78.76503686,NY,EPA NPL Superfund,"{""external_id"":""NY0001233634"",""geometry_fallback"":""centroid"",""layer"":""SITE_BOUNDARIES_SF""}"
superfund_NYD000606947,LOVE CANAL,superfund_npl,43.08022309,-78.94930022,NY,EPA NPL Superfund,"{""external_id"":""NYD000606947"",""geometry_fallback"":""centroid"",""layer"":""SITE_BOUNDARIES_SF""}"
superfund_NYD013468939,LUDLOW SAND & GRAVEL,superfund_npl,42.95977511,-75.22681951,NY,EPA NPL Superfund,"{""external_id"":""NYD013468939"",""geometry_fallback"":""centroid"",""layer"":""SITE_BOUNDARIES_SF""}"
superfund_NYD980753420,MACKENZIE CHEMICAL WORKS,superfund_npl,40.78734889,-73.20246552,NY,EPA NPL Superfund,"{""external_id"":""NYD980753420"",""geometry_fallback"":""centroid"",""layer"":""SITE_BOUNDARIES_SF""}"
superfund_NYD001394881,MAGNA METALS,superfund_npl,41.27095494,-73.87452608,NY,EPA NPL Superfund,"{""external_id"":""NYD001394881"",""geometry_fallback"":""centroid"",""layer"":""SITE_BOUNDARIES_SF""}"
superfund_NYD980535124,MALTA ROCKET FUEL AREA,superfund_npl,42.96327365,-73.75958870,NY,EPA NPL Superfund,"{""external_id"":""NYD980535124"",""geometry_fallback"":""centroid"",""layer"":""SITE_BOUNDARIES_SF""}"
superfund_NYD010959757,MARATHON BATTERY CORP.,superfund_npl,41.41346194,-73.95110528,NY,EPA NPL Superfund,"{""external_id"":""NYD010959757"",""geometry_fallback"":""centroid"",""layer"":""SITE_BOUNDARIES_SF""}"
superfund_NYD000512459,"MATTIACE PETROCHEMICAL CO., INC.",superfund_npl,40.86096287,-73.64388402,NY,EPA NPL Superfund,"{""external_id"":""NYD000512459"",""geometry_fallback"":""centroid"",""layer"":""SITE_BOUNDARIES_SF""}"
superfund_NYN000203407,MEEKER AVENUE PLUME,superfund_npl,40.72445906,-73.93674211,NY,EPA NPL Superfund,"{""external_id"":""NYN000203407"",""geometry_fallback"":""centroid"",""layer"":""SITE_BOUNDARIES_SF""}"
superfund_NYD048148175,"MERCURY REFINING, INC.",superfund_npl,42.69171399,-73.81420313,NY,EPA NPL Superfund,"{""external_id"":""NYD048148175"",""geometry_fallback"":""centroid"",""layer"":""SITE_BOUNDARIES_SF""}"
superfund_NYD986950012,MOHONK ROAD INDUSTRIAL PLANT,superfund_npl,41.82100576,-74.13036366,NY,EPA NPL Superfund,"{""external_id"":""NYD986950012"",""geometry_fallback"":""centroid"",""layer"":""SITE_BOUNDARIES_SF""}"
superfund_NYD000511451,"NEPERA CHEMICAL CO., INC.",superfund_npl,41.46457373,-74.24329366,NY,EPA NPL Superfund,"{""external_id"":""NYD000511451"",""geometry_fallback"":""centroid"",""layer"":""SITE_BOUNDARIES_SF""}"
superfund_NY0001095363,NEW CASSEL/HICKSVILLE GROUND WATER CONTAMINATION,superfund_npl,40.74519573,-73.54792678,NY,EPA NPL Superfund,"{""external_id"":""NY0001095363"",""geometry_fallback"":""centroid"",""layer"":""SITE_BOUNDARIES_SF""}"
superfund_NYD986883387,NEWSTEAD SITE,superfund_npl,43.08295930,-78.55355464,NY,EPA NPL Superfund,"{""external_id"":""NYD986883387"",""geometry_fallback"":""centroid"",""layer"":""SITE_BOUNDARIES_SF""}"
superfund_NYN000206282,NEWTOWN CREEK,superfund_npl,40.72849862,-73.93777429,NY,EPA NPL Superfund,"{""external_id"":""NYN000206282"",""geometry_fallback"":""centroid"",""layer"":""SITE_BOUNDARIES_SF""}"
superfund_NYD000514257,NIAGARA COUNTY REFUSE,superfund_npl,43.06541421,-78.90564177,NY,EPA NPL Superfund,"{""external_id"":""NYD000514257"",""geometry_fallback"":""centroid"",""layer"":""SITE_BOUNDARIES_SF""}"
superfund_NYD980664361,NIAGARA MOHAWK POWER CORP. (SARATOGA SPRINGS PLANT),superfund_npl,43.08994544,-73.77408002,NY,EPA NPL Superfund,"{""external_id"":""NYD980664361"",""geometry_fallback"":""centroid"",""layer"":""SITE_BOUNDARIES_SF""}"
superfund_NYD980762520,NORTH SEA MUNICIPAL LANDFILL,superfund_npl,40.93108651,-72.39902459,NY,EPA NPL Superfund,"{""external_id"":""NYD980762520"",""geometry_fallback"":""centroid"",""layer"":""SITE_BOUNDARIES_SF""}"
superfund_NYD980531727,OLD BETHPAGE LANDFILL,superfund_npl,40.75466995,-73.44770790,NY,EPA NPL Superfund,"{""external_id"":""NYD980531727"",""geometry_fallback"":""centroid"",""layer"":""SITE_BOUNDARIES_SF""}"
superfund_NYSFN0204234,OLD ROOSEVELT FIELD CONTAMINATED GW AREA,superfund_npl,40.73252485,-73.61271408,NY,EPA NPL Superfund,"{""external_id"":""NYSFN0204234"",""geometry_fallback"":""centroid"",""layer"":""SITE_BOUNDARIES_SF""}"
superfund_NYD980528657,OLEAN WELL FIELD,superfund_npl,42.07177339,-78.40289850,NY,EPA NPL Superfund,"{""external_id"":""NYD980528657"",""geometry_fallback"":""centroid"",""layer"":""SITE_BOUNDARIES_SF""}"
superfund_NYD986913580,ONONDAGA LAKE,superfund_npl,43.08641601,-76.20747222,NY,EPA NPL Superfund,"{""external_id"":""NYD986913580"",""geometry_fallback"":""centroid"",""layer"":""SITE_BOUNDARIES_SF""}"
superfund_NYD991292004,"PASLEY SOLVENTS & CHEMICALS, INC.",superfund_npl,40.72867449,-73.61193644,NY,EPA NPL Superfund,"{""external_id"":""NYD991292004"",""geometry_fallback"":""centroid"",""layer"":""SITE_BOUNDARIES_SF""}"
superfund_NYN000204407,PENINSULA BOULEVARD GROUNDWATER PLUME,superfund_npl,40.64207696,-73.70545568,NY,EPA NPL Superfund,"{""external_id"":""NYN000204407"",""geometry_fallback"":""centroid"",""layer"":""SITE_BOUNDARIES_SF""}"
superfund_NYD980530265,PETER COOPER,superfund_npl,42.45799333,-78.92674718,NY,EPA NPL Superfund,"{""external_id"":""NYD980530265"",""geometry_fallback"":""centroid"",""layer"":""SITE_BOUNDARIES_SF""}"
superfund_NYD980592547,PETER COOPER CORPORATION (MARKHAMS),superfund_npl,42.39338835,-79.01149818,NY,EPA NPL Superfund,"{""external_id"":""NYD980592547"",""geometry_fallback"":""centroid"",""layer"":""SITE_BOUNDARIES_SF""}"
superfund_NYD980507495,PFOHL BROTHERS LANDFILL,superfund_npl,42.94432459,-78.70304671,NY,EPA NPL Superfund,"{""external_id"":""NYD980507495"",""geometry_fallback"":""centroid"",""layer"":""SITE_BOUNDARIES_SF""}"
superfund_NY4571924774,PLATTSBURGH AIR FORCE BASE,superfund_npl,44.65811735,-73.46389970,NY,EPA NPL Superfund,"{""external_id"":""NY4571924774"",""geometry_fallback"":""centroid"",""layer"":""SITE_BOUNDARIES_SF""}"
superfund_NYD000511659,POLLUTION ABATEMENT SERVICES,superfund_npl,43.46986664,-76.48335977,NY,EPA NPL Superfund,"{""external_id"":""NYD000511659"",""geometry_fallback"":""centroid"",""layer"":""SITE_BOUNDARIES_SF""}"
superfund_NYD980654206,PORT WASHINGTON LANDFILL,superfund_npl,40.81667193,-73.66766783,NY,EPA NPL Superfund,"{""external_id"":""NYD980654206"",""geometry_fallback"":""centroid"",""layer"":""SITE_BOUNDARIES_SF""}"
superfund_NYD980768774,PREFERRED PLATING CORP.,superfund_npl,40.71585973,-73.42480145,NY,EPA NPL Superfund,"{""external_id"":""NYD980768774"",""geometry_fallback"":""centroid"",""layer"":""SITE_BOUNDARIES_SF""}"
superfund_NYD001667872,"RADIUM CHEMICAL CO., INC.",superfund_npl,40.76016480,-73.90192090,NY,EPA NPL Superfund,"{""external_id"":""NYD001667872"",""geometry_fallback"":""centroid"",""layer"":""SITE_BOUNDARIES_SF""}"
superfund_NYD000511493,RAMAPO LANDFILL,superfund_npl,41.14264949,-74.15827531,NY,EPA NPL Superfund,"{""external_id"":""NYD000511493"",""geometry_fallback"":""centroid"",""layer"":""SITE_BOUNDARIES_SF""}"
superfund_NYD002245967,REYNOLDS METALS CO,superfund_npl,44.98711785,-74.74761155,NY,EPA NPL Superfund,"{""external_id"":""NYD002245967"",""geometry_fallback"":""centroid"",""layer"":""SITE_BOUNDARIES_SF""}"
superfund_NYD980507735,RICHARDSON HILL ROAD LANDFILL/POND,superfund_npl,42.25046654,-75.24701314,NY,EPA NPL Superfund,"{""external_id"":""NYD980507735"",""geometry_fallback"":""centroid"",""layer"":""SITE_BOUNDARIES_SF""}"
superfund_NYD002232957,"ROBINTECH, INC./NATIONAL PIPE CO.",superfund_npl,42.10382244,-75.99269761,NY,EPA NPL Superfund,"{""external_id"":""NYD002232957"",""geometry_fallback"":""centroid"",""layer"":""SITE_BOUNDARIES_SF""}"
superfund_NYD982272734,ROSEN BROTHERS SCRAP YARD/DUMP,superfund_npl,42.59416180,-76.16702175,NY,EPA NPL Superfund,"{""external_id"":""NYD982272734"",""geometry_fallback"":""centroid"",""layer"":""SITE_BOUNDARIES_SF""}"
superfund_NYD981486954,ROWE INDUSTRIES GROUND WATER CONTAMINATION,superfund_npl,40.98338154,-72.29974041,NY,EPA NPL Superfund,"{""external_id"":""NYD981486954"",""geometry_fallback"":""centroid"",""layer"":""SITE_BOUNDARIES_SF""}"
superfund_NYD004986741,SAINT-GOBAIN PERFORMANCE PLASTICS,superfund_npl,42.89403018,-73.35729689,NY,EPA NPL Superfund,"{""external_id"":""NYD004986741"",""geometry_fallback"":""centroid"",""layer"":""SITE_BOUNDARIES_SF""}"
superfund_NYD980535165,SARNEY FARM,superfund_npl,41.75738574,-73.56136528,NY,EPA NPL Superfund,"{""external_id"":""NYD980535165"",""geometry_fallback"":""centroid"",""layer"":""SITE_BOUNDARIES_SF""}"
superfund_NYD980535181,"SEALAND RESTORATION, INC.",superfund_npl,44.70370992,-75.36171518,NY,EPA NPL Superfund,"{""external_id"":""NYD980535181"",""geometry_fallback"":""centroid"",""layer"":""SITE_BOUNDARIES_SF""}"
superfund_NY0213820830,SENECA ARMY DEPOT,superfund_npl,42.74334523,-76.86201915,NY,EPA NPL Superfund,"{""external_id"":""NY0213820830"",""geometry_fallback"":""centroid"",""layer"":""SITE_BOUNDARIES_SF""}"
superfund_NYSFN0204269,SHENANDOAH ROAD GROUNDWATER CONTAMINATION,superfund_npl,41.52754958,-73.78804890,NY,EPA NPL Superfund,"{""external_id"":""NYSFN0204269"",""geometry_fallback"":""centroid"",""layer"":""SITE_BOUNDARIES_SF""}"
superfund_NYD980507677,SIDNEY LANDFILL,superfund_npl,42.25762540,-75.24285418,NY,EPA NPL Superfund,"{""external_id"":""NYD980507677"",""geometry_fallback"":""centroid"",""layer"":""SITE_BOUNDARIES_SF""}"
superfund_NYD980535215,SINCLAIR REFINERY,superfund_npl,42.10880860,-77.94176637,NY,EPA NPL Superfund,"{""external_id"":""NYD980535215"",""geometry_fallback"":""centroid"",""layer"":""SITE_BOUNDARIES_SF""}"
superfund_NY0002318889,SMITHTOWN GROUND WATER CONTAMINATION,superfund_npl,40.88732160,-73.17803798,NY,EPA NPL Superfund,"{""external_id"":""NY0002318889"",""geometry_fallback"":""centroid"",""layer"":""SITE_BOUNDARIES_SF""}"
superfund_NYD001533165,"SMS INSTRUMENTS, INC.",superfund_npl,40.76121877,-73.31564604,NY,EPA NPL Superfund,"{""external_id"":""NYD001533165"",""geometry_fallback"":""centroid"",""layer"":""SITE_BOUNDARIES_SF""}"
superfund_NYD980421176,SOLVENT SAVERS,superfund_npl,42.66551094,-75.87584596,NY,EPA NPL Superfund,"{""external_id"":""NYD980421176"",""geometry_fallback"":""centroid"",""layer"":""SITE_BOUNDARIES_SF""}"
superfund_NYD047650197,STANTON CLEANERS AREA GROUND WATER CONTAMINATION,superfund_npl,40.78142484,-73.73349487,NY,EPA NPL Superfund,"{""external_id"":""NYD047650197"",""geometry_fallback"":""centroid"",""layer"":""SITE_BOUNDARIES_SF""}"
superfund_NYD980780878,SUFFERN VILLAGE WELL FIELD,superfund_npl,41.11601298,-74.15807569,NY,EPA NPL Superfund,"{""external_id"":""NYD980780878"",""geometry_fallback"":""centroid"",""layer"":""SITE_BOUNDARIES_SF""}"
superfund_NYD000511360,SYOSSET LANDFILL,superfund_npl,40.79928758,-73.51058236,NY,EPA NPL Superfund,"{""external_id"":""NYD000511360"",""geometry_fallback"":""centroid"",""layer"":""SITE_BOUNDARIES_SF""}"
superfund_NYD980509285,"TRI-CITIES BARREL CO., INC.",superfund_npl,42.15891911,-75.81138599,NY,EPA NPL Superfund,"{""external_id"":""NYD980509285"",""geometry_fallback"":""centroid"",""layer"":""SITE_BOUNDARIES_SF""}"
superfund_NYD002059517,"TRONIC PLATING CO., INC.",superfund_npl,40.75391462,-73.40722205,NY,EPA NPL Superfund,"{""external_id"":""NYD002059517"",""geometry_fallback"":""centroid"",""layer"":""SITE_BOUNDARIES_SF""}"
superfund_NYD980763767,VESTAL WATER SUPPLY WELL 1-1,superfund_npl,42.08952559,-76.05221487,NY,EPA NPL Superfund,"{""external_id"":""NYD980763767"",""geometry_fallback"":""centroid"",""layer"":""SITE_BOUNDARIES_SF""}"
superfund_NYD980652267,VESTAL WATER SUPPLY WELL 4-2,superfund_npl,42.10814750,-75.99881140,NY,EPA NPL Superfund,"{""external_id"":""NYD980652267"",""geometry_fallback"":""centroid"",""layer"":""SITE_BOUNDARIES_SF""}"
superfund_NYD980509376,VOLNEY MUNICIPAL LANDFILL,superfund_npl,43.35871173,-76.37867957,NY,EPA NPL Superfund,"{""external_id"":""NYD980509376"",""geometry_fallback"":""centroid"",""layer"":""SITE_BOUNDARIES_SF""}"
superfund_NYN000201758,WAPPINGER CREEK,superfund_npl,41.58924988,-73.93560103,NY,EPA NPL Superfund,"{""external_id"":""NYN000201758"",""geometry_fallback"":""centroid"",""layer"":""SITE_BOUNDARIES_SF""}"
superfund_NYD980506679,WARWICK LANDFILL,superfund_npl,41.24095435,-74.26828832,NY,EPA NPL Superfund,"{""external_id"":""NYD980506679"",""geometry_fallback"":""centroid"",""layer"":""SITE_BOUNDARIES_SF""}"
superfund_NYD980652259,WIDE BEACH DEVELOPMENT,superfund_npl,42.58712293,-79.12562088,NY,EPA NPL Superfund,"{""external_id"":""NYD980652259"",""geometry_fallback"":""centroid"",""layer"":""SITE_BOUNDARIES_SF""}"
superfund_NYC200400810,WOLFF-ALPORT CHEMICAL COMPANY,superfund_npl,40.69243314,-73.90267831,NY,EPA NPL Superfund,"{""external_id"":""NYC200400810"",""geometry_fallback"":""centroid"",""layer"":""SITE_BOUNDARIES_SF""}"
superfund_NYD000511733,YORK OIL CO.,superfund_npl,44.82110379,-74.57786611,NY,EPA NPL Superfund,"{""external_id"":""NYD000511733"",""geometry_fallback"":""centroid"",""layer"":""SITE_BOUNDARIES_SF""}"
superfund_OH1170090004,AIR FORCE PLANT 85,superfund_npl,39.99015655,-82.89466702,OH,EPA NPL Superfund,"{""external_id"":""OH1170090004"",""geometry_fallback"":""centroid"",""layer"":""SITE_BOUNDARIES_SF""}"
superfund_OHD057243610,ALSCO ANACONDA,superfund_npl,40.36071779,-81.44310856,OH,EPA NPL Superfund,"{""external_id"":""OHD057243610"",""geometry_fallback"":""centroid"",""layer"":""SITE_BOUNDARIES_SF""}"
superfund_OHD017506171,ARCANUM IRON & METAL,superfund_npl,39.98207956,-84.54906861,OH,EPA NPL Superfund,"{""external_id"":""OHD017506171"",""geometry_fallback"":""centroid"",""layer"":""SITE_BOUNDARIES_SF""}"
superfund_OHD074705930,ARMCO INCORPORATION-HAMILTON PLANT,superfund_npl,39.43632626,-84.52514593,OH,EPA NPL Superfund,"{""external_id"":""OHD074705930"",""geometry_fallback"":""centroid"",""layer"":""SITE_BOUNDARIES_SF""}"
superfund_OHN000510164,BEHR DAYTON THERMAL SYSTEM VOC PLUME,superfund_npl,39.78041352,-84.18090887,OH,EPA NPL Superfund,"{""external_id"":""OHN000510164"",""geometry_fallback"":""centroid"",""layer"":""SITE_BOUNDARIES_SF""}"
superfund_OHD980611735,BIG D CAMPGROUND,superfund_npl,41.90496842,-80.65411828,OH,EPA NPL Superfund,"{""external_id"":""OHD980611735"",""geometry_fallback"":""centroid"",""layer"":""SITE_BOUNDARIES_SF""}"
superfund_OHD980509616,BOWERS LANDFILL,superfund_npl,39.63755164,-82.96541544,OH,EPA NPL Superfund,"{""external_id"":""OHD980509616"",""geometry_fallback"":""centroid"",""layer"":""SITE_BOUNDARIES_SF""}"
superfund_OHD980509657,BUCKEYE RECLAMATION,superfund_npl,40.04874054,-80.84007541,OH,EPA NPL Superfund,"{""external_id"":""OHD980509657"",""geometry_fallback"":""centroid"",""layer"":""SITE_BOUNDARIES_SF""}"
superfund_OHD074727793,CHEM-DYNE,superfund_npl,39.40841904,-84.55229423,OH,EPA NPL Superfund,"{""external_id"":""OHD074727793"",""geometry_fallback"":""centroid"",""layer"":""SITE_BOUNDARIES_SF""}"
superfund_OHD980614549,CHEMICAL & MINERALS RECLAMATION,superfund_npl,41.49048948,-81.72483057,OH,EPA NPL Superfund,"{""external_id"":""OHD980614549"",""geometry_fallback"":""centroid"",""layer"":""SITE_BOUNDARIES_SF""}"
superfund_OHD057001810,CHEMICAL RECOVERY SYSTEMS,superfund_npl,41.37152571,-82.10376782,OH,EPA NPL Superfund,"{""external_id"":""OHD057001810"",""geometry_fallback"":""centroid"",""layer"":""SITE_BOUNDARIES_SF""}"
superfund_OH0000563122,COPLEY SQUARE PLAZA,superfund_npl,41.09147132,-81.61528932,OH,EPA NPL Superfund,"{""external_id"":""OH0000563122"",""geometry_fallback"":""centroid"",""layer"":""SITE_BOUNDARIES_SF""}"
superfund_OHD980509830,COSHOCTON LANDFILL,superfund_npl,40.22518642,-81.84627729,OH,EPA NPL Superfund,"{""external_id"":""OHD980509830"",""geometry_fallback"":""centroid"",""layer"":""SITE_BOUNDARIES_SF""}"
superfund_OHD980611909,DIAMOND SHAMROCK CORP. (PAINESVILLE WORKS),superfund_npl,41.75036728,-81.25221869,OH,EPA NPL Superfund,"{""external_id"":""OHD980611909"",""geometry_fallback"":""centroid"",""layer"":""SITE_BOUNDARIES_SF""}"
superfund_OHN000510459,DONNELSVILLE CONTAMINATED AQUIFER,superfund_npl,39.91799113,-83.94827169,OH,EPA NPL Superfund,"{""external_id"":""OHN000510459"",""geometry_fallback"":""centroid"",""layer"":""SITE_BOUNDARIES_SF""}"
superfund_OHD004210563,DOVER CHEMICAL CORP.,superfund_npl,40.52830115,-81.49167429,OH,EPA NPL Superfund,"{""external_id"":""OHD004210563"",""geometry_fallback"":""centroid"",""layer"":""SITE_BOUNDARIES_SF""}"
superfund_OHD980509947,E.H. SCHILLING LANDFILL,superfund_npl,38.57251023,-82.75677308,OH,EPA NPL Superfund,"{""external_id"":""OHD980509947"",""geometry_fallback"":""centroid"",""layer"":""SITE_BOUNDARIES_SF""}"
superfund_OHSFN0507962,EAST TROY CONTAMINATED AQUIFER,superfund_npl,40.03639863,-84.19708531,OH,EPA NPL Superfund,"{""external_id"":""OHSFN0507962"",""geometry_fallback"":""centroid"",""layer"":""SITE_BOUNDARIES_SF""}"
superfund_OH6890008976,FEED MATERIALS PRODUCTION CENTER (USDOE),superfund_npl,39.29854236,-84.68944402,OH,EPA NPL Superfund,"{""external_id"":""OH6890008976"",""geometry_fallback"":""centroid"",""layer"":""SITE_BOUNDARIES_SF""}"
superfund_OHD980614572,FIELDS BROOK,superfund_npl,41.89372996,-80.77587106,OH,EPA NPL Superfund,"{""external_id"":""OHD980614572"",""geometry_fallback"":""centroid"",""layer"":""SITE_BOUNDARIES_SF""}"
superfund_OHD980510002,FORD RD IND LDFL,superfund_npl,41.40403407,-82.09611817,OH,EPA NPL Superfund,"{""external_id"":""OHD980510002"",""geometry_fallback"":""centroid"",""layer"":""SITE_BOUNDARIES_SF""}"
superfund_OHD980794630,FULTZ LANDFILL,superfund_npl,39.98388712,-81.53840626,OH,EPA NPL Superfund,"{""external_id"":""OHD980794630"",""geometry_fallback"":""centroid"",""layer"":""SITE_BOUNDARIES_SF""}"
superfund_OHD000377911,INDUSTRIAL EXCESS LANDFILL,superfund_npl,40.96919043,-81.40506460,OH,EPA NPL Superfund,"{""external_id"":""OHD000377911"",""geometry_fallback"":""centroid"",""layer"":""SITE_BOUNDARIES_SF""}"
superfund_OHD981537582,LAMMERS BARREL FACTORY,superfund_npl,39.72706993,-84.08379024,OH,EPA NPL Superfund,"{""external_id"":""OHD981537582"",""geometry_fallback"":""centroid"",""layer"":""SITE_BOUNDARIES_SF""}"
superfund_OHD061722211,LASKIN/POPLAR OIL CO.,superfund_npl,41.74366122,-80.78138172,OH,EPA NPL Superfund,"{""external_id"":""OHD061722211"",""geometry_fallback"":""centroid"",""layer"":""SITE_BOUNDARIES_SF""}"
superfund_OHN000509950,LITTLE SCIOTO RIVER,superfund_npl,40.58255593,-83.17056203,OH,EPA NPL Superfund,"{""external_id"":""OHN000509950"",""geometry_fallback"":""centroid"",""layer"":""SITE_BOUNDARIES_SF""}"
superfund_OHD980611800,MIAMI COUNTY INCINERATOR,superfund_npl,40.07283699,-84.22238750,OH,EPA NPL Superfund,"{""external_id"":""OHD980611800"",""geometry_fallback"":""centroid"",""layer"":""SITE_BOUNDARIES_SF""}"
superfund_OHSFN0507973,MILFORD CONTAMINATED AQUIFER,superfund_npl,39.17658499,-84.28604259,OH,EPA NPL Superfund,"{""external_id"":""OHSFN0507973"",""geometry_fallback"":""centroid"",""layer"":""SITE_BOUNDARIES_SF""}"
superfund_OH6890008984,MOUND PLANT (USDOE),superfund_npl,39.62642278,-84.28631214,OH,EPA NPL Superfund,"{""external_id"":""OH6890008984"",""geometry_fallback"":""centroid"",""layer"":""SITE_BOUNDARIES_SF""}"
superfund_OHD980610018,NEASE CHEMICAL,superfund_npl,40.91714878,-80.89049321,OH,EPA NPL Superfund,"{""external_id"":""OHD980610018"",""geometry_fallback"":""centroid"",""layer"":""SITE_BOUNDARIES_SF""}"
superfund_OHN000509238,NEW CARLISLE LANDFILL,superfund_npl,39.92146270,-84.03577090,OH,EPA NPL Superfund,"{""external_id"":""OHN000509238"",""geometry_fallback"":""centroid"",""layer"":""SITE_BOUNDARIES_SF""}"
superfund_OHD980794614,NEW LYME LANDFILL,superfund_npl,41.58445095,-80.72785032,OH,EPA NPL Superfund,"{""external_id"":""OHD980794614"",""geometry_fallback"":""centroid"",""layer"":""SITE_BOUNDARIES_SF""}"
superfund_OHD980611875,NORTH SANITARY LANDFILL,superfund_npl,39.78827596,-84.15342038,OH,EPA NPL Superfund,"{""external_id"":""OHD980611875"",""geometry_fallback"":""centroid"",""layer"":""SITE_BOUNDARIES_SF""}"
superfund_OHD980510200,OLD MILL,superfund_npl,41.66351858,-80.84682513,OH,EPA NPL Superfund,"{""external_id"":""OHD980510200"",""geometry_fallback"":""centroid"",""layer"":""SITE_BOUNDARIES_SF""}"
superfund_OHD004379970,ORMET CORP.,superfund_npl,39.70725591,-80.83507800,OH,EPA NPL Superfund,"{""external_id"":""OHD004379970"",""geometry_fallback"":""centroid"",""layer"":""SITE_BOUNDARIES_SF""}"
superfund_OHD987051083,PETERS CARTRIDGE FACTORY,superfund_npl,39.34909688,-84.24275500,OH,EPA NPL Superfund,"{""external_id"":""OHD987051083"",""geometry_fallback"":""centroid"",""layer"":""SITE_BOUNDARIES_SF""}"
superfund_OHD000382663,POWELL ROAD LANDFILL,superfund_npl,39.83321608,-84.16049855,OH,EPA NPL Superfund,"{""external_id"":""OHD000382663"",""geometry_fallback"":""centroid"",""layer"":""SITE_BOUNDARIES_SF""}"
superfund_OHD076773712,"PRISTINE, INC.",superfund_npl,39.22986996,-84.44246763,OH,EPA NPL Superfund,"{""external_id"":""OHD076773712"",""geometry_fallback"":""centroid"",""layer"":""SITE_BOUNDARIES_SF""}"
superfund_OHD980610042,REILLY TAR & CHEMICAL CORP. (DOVER PLANT),superfund_npl,40.51762752,-81.47877609,OH,EPA NPL Superfund,"{""external_id"":""OHD980610042"",""geometry_fallback"":""centroid"",""layer"":""SITE_BOUNDARIES_SF""}"
superfund_OHD980903447,REPUBLIC STEEL CORP. QUARRY,superfund_npl,41.35630698,-82.11650196,OH,EPA NPL Superfund,"{""external_id"":""OHD980903447"",""geometry_fallback"":""centroid"",""layer"":""SITE_BOUNDARIES_SF""}"
superfund_OHD093895787,"SANITARY LANDFILL CO. (INDUSTRIAL WASTE DISPOSAL CO., INC.)",superfund_npl,39.71680690,-84.20263361,OH,EPA NPL Superfund,"{""external_id"":""OHD093895787"",""geometry_fallback"":""centroid"",""layer"":""SITE_BOUNDARIES_SF""}"
superfund_OHD063963714,SKINNER LANDFILL,superfund_npl,39.33348568,-84.39848329,OH,EPA NPL Superfund,"{""external_id"":""OHD063963714"",""geometry_fallback"":""centroid"",""layer"":""SITE_BOUNDARIES_SF""}"
superfund_OHD980611388,SOUTH DAYTON DUMP & LANDFILL,superfund_npl,39.72632781,-84.22035407,OH,EPA NPL Superfund,"{""external_id"":""OHD980611388"",""geometry_fallback"":""centroid"",""layer"":""SITE_BOUNDARIES_SF""}"
superfund_OHD071650592,SOUTH POINT PLANT,superfund_npl,38.43387705,-82.58934333,OH,EPA NPL Superfund,"{""external_id"":""OHD071650592"",""geometry_fallback"":""centroid"",""layer"":""SITE_BOUNDARIES_SF""}"
superfund_OHD980609994,SUMMIT NATIONAL,superfund_npl,41.02388943,-81.09708889,OH,EPA NPL Superfund,"{""external_id"":""OHD980609994"",""geometry_fallback"":""centroid"",""layer"":""SITE_BOUNDARIES_SF""}"
superfund_OHD980612188,TREMONT CITY BARREL FILL,superfund_npl,40.02442434,-83.85734830,OH,EPA NPL Superfund,"{""external_id"":""OHD980612188"",""geometry_fallback"":""centroid"",""layer"":""SITE_BOUNDARIES_SF""}"
superfund_OHD004179339,"TRW, INC. (MINERVA PLANT)",superfund_npl,40.73934049,-81.09360579,OH,EPA NPL Superfund,"{""external_id"":""OHD004179339"",""geometry_fallback"":""centroid"",""layer"":""SITE_BOUNDARIES_SF""}"
superfund_OHD018392928,"UNITED SCRAP LEAD CO., INC.",superfund_npl,40.00940910,-84.19747040,OH,EPA NPL Superfund,"{""external_id"":""OHD018392928"",""geometry_fallback"":""centroid"",""layer"":""SITE_BOUNDARIES_SF""}"
superfund_OHN000510489,VALLEY PIKE VOCS,superfund_npl,39.79355425,-84.14111071,OH,EPA NPL Superfund,"{""external_id"":""OHN000510489"",""geometry_fallback"":""centroid"",""layer"":""SITE_BOUNDARIES_SF""}"
superfund_OHD980794606,VAN DALE JUNKYARD,superfund_npl,39.43381341,-81.40288077,OH,EPA NPL Superfund,"{""external_id"":""OHD980794606"",""geometry_fallback"":""centroid"",""layer"":""SITE_BOUNDARIES_SF""}"
superfund_OHN000508132,WEST TROY CONTAMINATED AQUIFER,superfund_npl,40.04867511,-84.21043715,OH,EPA NPL Superfund,"{""external_id"":""OHN000508132"",""geometry_fallback"":""centroid"",""layer"":""SITE_BOUNDARIES_SF""}"
superfund_OHD980794598,ZANESVILLE WELL FIELD,superfund_npl,39.96798961,-81.99209545,OH,EPA NPL Superfund,"{""external_id"":""OHD980794598"",""geometry_fallback"":""centroid"",""layer"":""SITE_BOUNDARIES_SF""}"
superfund_OKD980620983,COMPASS INDUSTRIES (AVERY DRIVE),superfund_npl,36.12679333,-96.08230641,OK,EPA NPL Superfund,"{""external_id"":""OKD980620983"",""geometry_fallback"":""centroid"",""layer"":""SITE_BOUNDARIES_SF""}"
superfund_OKD007188717,DOUBLE EAGLE REFINERY CO.,superfund_npl,35.46819664,-97.47848880,OK,EPA NPL Superfund,"{""external_id"":""OKD007188717"",""geometry_fallback"":""centroid"",""layer"":""SITE_BOUNDARIES_SF""}"
superfund_OKN000607068,EAGLE INDUSTRIES,superfund_npl,35.43592584,-97.33746924,OK,EPA NPL Superfund,"{""external_id"":""OKN000607068"",""geometry_fallback"":""centroid"",""layer"":""SITE_BOUNDARIES_SF""}"
superfund_OKD007221831,FANSTEEL METALS/FMRI,superfund_npl,35.77391372,-95.30511904,OK,EPA NPL Superfund,"{""external_id"":""OKD007221831"",""geometry_fallback"":""centroid"",""layer"":""SITE_BOUNDARIES_SF""}"
superfund_OKD980696470,FOURTH STREET ABANDONED REFINERY,superfund_npl,35.47019649,-97.47397528,OK,EPA NPL Superfund,"{""external_id"":""OKD980696470"",""geometry_fallback"":""centroid"",""layer"":""SITE_BOUNDARIES_SF""}"
superfund_OKD000400093,HARDAGE/CRINER,superfund_npl,34.97526510,-97.57924716,OK,EPA NPL Superfund,"{""external_id"":""OKD000400093"",""geometry_fallback"":""centroid"",""layer"":""SITE_BOUNDARIES_SF""}"
superfund_OKN000607147,HENRYETTA IRON AND METAL,superfund_npl,35.43980314,-95.99989512,OK,EPA NPL Superfund,"{""external_id"":""OKN000607147"",""geometry_fallback"":""centroid"",""layer"":""SITE_BOUNDARIES_SF""}"
superfund_OKD082471988,HUDSON REFINERY,superfund_npl,35.98795362,-96.78072721,OK,EPA NPL Superfund,"{""external_id"":""OKD082471988"",""geometry_fallback"":""centroid"",""layer"":""SITE_BOUNDARIES_SF""}"
superfund_OK0002024099,IMPERIAL REFINING COMPANY,superfund_npl,34.19642715,-97.10806873,OK,EPA NPL Superfund,"{""external_id"":""OK0002024099"",""geometry_fallback"":""centroid"",""layer"":""SITE_BOUNDARIES_SF""}"
superfund_OKD980620868,MOSLEY ROAD SANITARY LANDFILL,superfund_npl,35.50269924,-97.41181800,OK,EPA NPL Superfund,"{""external_id"":""OKD980620868"",""geometry_fallback"":""centroid"",""layer"":""SITE_BOUNDARIES_SF""}"
superfund_OKD000829440,NATIONAL ZINC CORP.,superfund_npl,36.74373696,-95.99685179,OK,EPA NPL Superfund,"{""external_id"":""OKD000829440"",""geometry_fallback"":""centroid"",""layer"":""SITE_BOUNDARIES_SF""}"
superfund_OKD091598870,OKLAHOMA REFINING CO.,superfund_npl,34.89642900,-98.19468524,OK,EPA NPL Superfund,"{""external_id"":""OKD091598870"",""geometry_fallback"":""centroid"",""layer"":""SITE_BOUNDARIES_SF""}"
superfund_OKD980748446,SAND SPRINGS PETROCHEMICAL COMPLEX,superfund_npl,36.13161547,-96.09853616,OK,EPA NPL Superfund,"{""external_id"":""OKD980748446"",""geometry_fallback"":""centroid"",""layer"":""SITE_BOUNDARIES_SF""}"
superfund_OKD980629844,TAR CREEK (OTTAWA COUNTY),superfund_npl,36.83570476,-94.81045720,OK,EPA NPL Superfund,"{""external_id"":""OKD980629844"",""geometry_fallback"":""centroid"",""layer"":""SITE_BOUNDARIES_SF""}"
superfund_OKD980620967,TENTH STREET DUMP/JUNKYARD,superfund_npl,35.47789904,-97.45380787,OK,EPA NPL Superfund,"{""external_id"":""OKD980620967"",""geometry_fallback"":""centroid"",""layer"":""SITE_BOUNDARIES_SF""}"
superfund_OK1571724391,TINKER AIR FORCE BASE (SOLDIER CREEK/BUILDING 3001),superfund_npl,35.41869191,-97.39365717,OK,EPA NPL Superfund,"{""external_id"":""OK1571724391"",""geometry_fallback"":""centroid"",""layer"":""SITE_BOUNDARIES_SF""}"
superfund_OKD987096195,TULSA FUEL AND MANUFACTURING,superfund_npl,36.34640898,-95.84772592,OK,EPA NPL Superfund,"{""external_id"":""OKD987096195"",""geometry_fallback"":""centroid"",""layer"":""SITE_BOUNDARIES_SF""}"
superfund_OK0001010917,WILCOX OIL COMPANY,superfund_npl,35.84181415,-96.38117117,OK,EPA NPL Superfund,"{""external_id"":""OK0001010917"",""geometry_fallback"":""centroid"",""layer"":""SITE_BOUNDARIES_SF""}"
superfund_ORD980511497,ALKALI LAKE SITE,superfund_npl,42.97234135,-120.05223136,OR,EPA NPL Superfund,"{""external_id"":""ORD980511497"",""geometry_fallback"":""centroid"",""layer"":""SITE_BOUNDARIES_SF""}"
superfund_ORD009051442,"ALLIED PLATING, INC.",superfund_npl,45.58321726,-122.66327589,OR,EPA NPL Superfund,"{""external_id"":""ORD009051442"",""geometry_fallback"":""centroid"",""layer"":""SITE_BOUNDARIES_SF""}"
superfund_OR0002392793,ASTORIA MARINE CONSTRUCTION COMPANY,superfund_npl,46.14511550,-123.86246968,OR,EPA NPL Superfund,"{""external_id"":""OR0002392793"",""geometry_fallback"":""centroid"",""layer"":""SITE_BOUNDARIES_SF""}"
superfund_OR0000515759,BLACK BUTTE MINE,superfund_npl,43.63632094,-123.07042581,OR,EPA NPL Superfund,"{""combined_boundary_parts"":3,""external_id"":""OR0000515759"",""geometry_fallback"":""centroid"",""layer"":""SITE_BOUNDARIES_SF"",""representative_point"":""mean_of_boundary_part_centroids""}"
superfund_ORSFN1002228,BRADFORD ISLAND,superfund_npl,45.64257700,-121.93671138,OR,EPA NPL Superfund,"{""combined_boundary_parts"":2,""external_id"":""ORSFN1002228"",""geometry_fallback"":""centroid"",""layer"":""SITE_BOUNDARIES_SF"",""representative_point"":""mean_of_boundary_part_centroids""}"
superfund_ORN001002616,FORMOSA MINE,superfund_npl,42.84595487,-123.39946817,OR,EPA NPL Superfund,"{""external_id"":""ORN001002616"",""geometry_fallback"":""centroid"",""layer"":""SITE_BOUNDARIES_SF""}"
superfund_OR7122307658,FREMONT NATIONAL FOREST/WHITE KING AND LUCKY LASS URANIUM MINES (USDA),superfund_npl,42.33474961,-120.52418275,OR,EPA NPL Superfund,"{""external_id"":""OR7122307658"",""geometry_fallback"":""centroid"",""layer"":""SITE_BOUNDARIES_SF""}"
superfund_ORD095003687,"GOULD, INC.",superfund_npl,45.56941213,-122.74883893,OR,EPA NPL Superfund,"{""external_id"":""ORD095003687"",""geometry_fallback"":""centroid"",""layer"":""SITE_BOUNDARIES_SF""}"
superfund_ORD071803985,HARBOR OIL INC.,superfund_npl,45.60560167,-122.69496273,OR,EPA NPL Superfund,"{""external_id"":""ORD071803985"",""geometry_fallback"":""centroid"",""layer"":""SITE_BOUNDARIES_SF""}"
superfund_ORD068782820,JOSEPH FOREST PRODUCTS,superfund_npl,45.35877896,-117.24998806,OR,EPA NPL Superfund,"{""external_id"":""ORD068782820"",""geometry_fallback"":""centroid"",""layer"":""SITE_BOUNDARIES_SF""}"
superfund_ORD052221025,MARTIN-MARIETTA ALUMINUM CO.,superfund_npl,45.62950449,-121.20987386,OR,EPA NPL Superfund,"{""combined_boundary_parts"":2,""external_id"":""ORD052221025"",""geometry_fallback"":""centroid"",""layer"":""SITE_BOUNDARIES_SF"",""representative_point"":""mean_of_boundary_part_centroids""}"
superfund_ORD009020603,MCCORMICK & BAXTER CREOSOTING CO. (PORTLAND PLANT),superfund_npl,45.57828969,-122.74157390,OR,EPA NPL Superfund,"{""external_id"":""ORD009020603"",""geometry_fallback"":""centroid"",""layer"":""SITE_BOUNDARIES_SF""}"
superfund_ORN001002476,NORTH RIDGE ESTATES,superfund_npl,42.25918106,-121.74047948,OR,EPA NPL Superfund,"{""combined_boundary_parts"":3,""external_id"":""ORN001002476"",""geometry_fallback"":""centroid"",""layer"":""SITE_BOUNDARIES_SF"",""representative_point"":""mean_of_boundary_part_centroids""}"
superfund_ORD980988307,NORTHWEST PIPE & CASING/HALL PROCESS COMPANY,superfund_npl,45.41715722,-122.56580675,OR,EPA NPL Superfund,"{""combined_boundary_parts"":2,""external_id"":""ORD980988307"",""geometry_fallback"":""centroid"",""layer"":""SITE_BOUNDARIES_SF"",""representative_point"":""mean_of_boundary_part_centroids""}"
superfund_ORSFN1002155,PORTLAND HARBOR,superfund_npl,45.57357749,-122.73969072,OR,EPA NPL Superfund,"{""combined_boundary_parts"":100,""external_id"":""ORSFN1002155"",""geometry_fallback"":""centroid"",""layer"":""SITE_BOUNDARIES_SF"",""representative_point"":""mean_of_boundary_part_centroids""}"
superfund_ORD009412677,REYNOLDS METALS COMPANY,superfund_npl,45.55795443,-122.40591742,OR,EPA NPL Superfund,"{""external_id"":""ORD009412677"",""geometry_fallback"":""centroid"",""layer"":""SITE_BOUNDARIES_SF""}"
superfund_ORD009042532,TAYLOR LUMBER AND TREATING,superfund_npl,45.09755940,-123.43042243,OR,EPA NPL Superfund,"{""external_id"":""ORD009042532"",""geometry_fallback"":""centroid"",""layer"":""SITE_BOUNDARIES_SF""}"
superfund_ORD050955848,TELEDYNE WAH CHANG,superfund_npl,44.66264370,-123.06646331,OR,EPA NPL Superfund,"{""combined_boundary_parts"":8,""external_id"":""ORD050955848"",""geometry_fallback"":""centroid"",""layer"":""SITE_BOUNDARIES_SF"",""representative_point"":""mean_of_boundary_part_centroids""}"
superfund_OR6213820917,UMATILLA ARMY DEPOT (LAGOONS),superfund_npl,45.83734457,-119.44108728,OR,EPA NPL Superfund,"{""external_id"":""OR6213820917"",""geometry_fallback"":""centroid"",""layer"":""SITE_BOUNDARIES_SF""}"
superfund_ORD009049412,UNION PACIFIC RAILROAD CO. TIE-TREATING PLANT,superfund_npl,45.60052679,-121.15445705,OR,EPA NPL Superfund,"{""combined_boundary_parts"":2,""external_id"":""ORD009049412"",""geometry_fallback"":""centroid"",""layer"":""SITE_BOUNDARIES_SF"",""representative_point"":""mean_of_boundary_part_centroids""}"
superfund_ORD009043001,"UNITED CHROME PRODUCTS, INC.",superfund_npl,44.50422414,-123.28749140,OR,EPA NPL Superfund,"{""external_id"":""ORD009043001"",""geometry_fallback"":""centroid"",""layer"":""SITE_BOUNDARIES_SF""}"
superfund_PAD004351003,A.I.W. FRANK/MID-COUNTY MUSTANG,superfund_npl,40.03297163,-75.60297474,PA,EPA NPL Superfund,"{""external_id"":""PAD004351003"",""geometry_fallback"":""centroid"",""layer"":""SITE_BOUNDARIES_SF""}"
superfund_PAD075993378,ALADDIN PLATING,superfund_npl,41.49143965,-75.66450616,PA,EPA NPL Superfund,"{""external_id"":""PAD075993378"",""geometry_fallback"":""centroid"",""layer"":""SITE_BOUNDARIES_SF""}"
superfund_PAD000436436,AMBLER ASBESTOS PILES,superfund_npl,40.14854080,-75.22439059,PA,EPA NPL Superfund,"{""external_id"":""PAD000436436"",""geometry_fallback"":""centroid"",""layer"":""SITE_BOUNDARIES_SF""}"
superfund_PAD041421223,"AMP, INC. (GLEN ROCK FACILITY)",superfund_npl,39.82196506,-76.69323419,PA,EPA NPL Superfund,"{""external_id"":""PAD041421223"",""geometry_fallback"":""centroid"",""layer"":""SITE_BOUNDARIES_SF""}"
superfund_PAD987341716,AUSTIN AVENUE RADIATION SITE,superfund_npl,39.93803605,-75.26539193,PA,EPA NPL Superfund,"{""external_id"":""PAD987341716"",""geometry_fallback"":""centroid"",""layer"":""SITE_BOUNDARIES_SF""}"
superfund_PAD003053709,AVCO LYCOMING (WILLIAMSPORT DIVISION),superfund_npl,41.24364140,-77.03933199,PA,EPA NPL Superfund,"{""external_id"":""PAD003053709"",""geometry_fallback"":""centroid"",""layer"":""SITE_BOUNDARIES_SF""}"
superfund_PAN000306939,BAGHURST DRIVE,superfund_npl,40.30302668,-75.45490665,PA,EPA NPL Superfund,"{""external_id"":""PAN000306939"",""geometry_fallback"":""centroid"",""layer"":""SITE_BOUNDARIES_SF""}"
superfund_PAD061105128,BALLY GROUND WATER CONTAMINATION,superfund_npl,40.39762918,-75.59282126,PA,EPA NPL Superfund,"{""external_id"":""PAD061105128"",""geometry_fallback"":""centroid"",""layer"":""SITE_BOUNDARIES_SF""}"
superfund_PAD980705107,BELL LANDFILL,superfund_npl,41.63460684,-76.38771324,PA,EPA NPL Superfund,"{""external_id"":""PAD980705107"",""geometry_fallback"":""centroid"",""layer"":""SITE_BOUNDARIES_SF""}"
superfund_PAD003047974,BENDIX FLIGHT SYSTEMS DIVISION,superfund_npl,41.79774901,-75.88422225,PA,EPA NPL Superfund,"{""external_id"":""PAD003047974"",""geometry_fallback"":""centroid"",""layer"":""SITE_BOUNDARIES_SF""}"
superfund_PAD980538649,BERKLEY PRODUCTS CO. DUMP,superfund_npl,40.25507728,-76.15335279,PA,EPA NPL Superfund,"{""external_id"":""PAD980538649"",""geometry_fallback"":""centroid"",""layer"":""SITE_BOUNDARIES_SF""}"
superfund_PAD000651810,BERKS LANDFILL,superfund_npl,40.29404078,-76.03545330,PA,EPA NPL Superfund,"{""external_id"":""PAD000651810"",""geometry_fallback"":""centroid"",""layer"":""SITE_BOUNDARIES_SF""}"
superfund_PAD980691794,BERKS SAND PIT,superfund_npl,40.46472701,-75.62429696,PA,EPA NPL Superfund,"{""external_id"":""PAD980691794"",""geometry_fallback"":""centroid"",""layer"":""SITE_BOUNDARIES_SF""}"
superfund_PAD980539985,BLOSENSKI LANDFILL,superfund_npl,40.02026034,-75.90879203,PA,EPA NPL Superfund,"{""external_id"":""PAD980539985"",""geometry_fallback"":""centroid"",""layer"":""SITE_BOUNDARIES_SF""}"
superfund_PAD047726161,BOARHEAD FARMS,superfund_npl,40.54550679,-75.12621099,PA,EPA NPL Superfund,"{""external_id"":""PAD047726161"",""geometry_fallback"":""centroid"",""layer"":""SITE_BOUNDARIES_SF""}"
superfund_PAD981034887,BORIT ASBESTOS,superfund_npl,40.15510039,-75.22915727,PA,EPA NPL Superfund,"{""external_id"":""PAD981034887"",""geometry_fallback"":""centroid"",""layer"":""SITE_BOUNDARIES_SF""}"
superfund_PAD089667695,"BRESLUBE-PENN, INC.",superfund_npl,40.50130475,-80.14664959,PA,EPA NPL Superfund,"{""external_id"":""PAD089667695"",""geometry_fallback"":""centroid"",""layer"":""SITE_BOUNDARIES_SF""}"
superfund_PAD980691760,BRODHEAD CREEK,superfund_npl,40.98915906,-75.18596126,PA,EPA NPL Superfund,"{""external_id"":""PAD980691760"",""geometry_fallback"":""centroid"",""layer"":""SITE_BOUNDARIES_SF""}"
superfund_PAD980831812,BROWN'S BATTERY BREAKING,superfund_npl,40.52067511,-76.00007172,PA,EPA NPL Superfund,"{""external_id"":""PAD980831812"",""geometry_fallback"":""centroid"",""layer"":""SITE_BOUNDARIES_SF""}"
superfund_PAD980712855,BRUIN LAGOON,superfund_npl,41.05070631,-79.72495818,PA,EPA NPL Superfund,"{""external_id"":""PAD980712855"",""geometry_fallback"":""centroid"",""layer"":""SITE_BOUNDARIES_SF""}"
superfund_PAD980508451,BUTLER MINE TUNNEL,superfund_npl,41.32664881,-75.78951149,PA,EPA NPL Superfund,"{""external_id"":""PAD980508451"",""geometry_fallback"":""centroid"",""layer"":""SITE_BOUNDARIES_SF""}"
superfund_PAD981034705,BUTZ LANDFILL,superfund_npl,41.03343520,-75.34419538,PA,EPA NPL Superfund,"{""external_id"":""PAD981034705"",""geometry_fallback"":""centroid"",""layer"":""SITE_BOUNDARIES_SF""}"
superfund_PAD021449244,C & D RECYCLING,superfund_npl,41.03149976,-75.84130828,PA,EPA NPL Superfund,"{""external_id"":""PAD021449244"",""geometry_fallback"":""centroid"",""layer"":""SITE_BOUNDARIES_SF""}"
superfund_PAD000436261,CENTRE COUNTY KEPONE,superfund_npl,40.82370906,-77.80815262,PA,EPA NPL Superfund,"{""external_id"":""PAD000436261"",""geometry_fallback"":""centroid"",""layer"":""SITE_BOUNDARIES_SF""}"
superfund_PAD002323848,CHEM-FAB,superfund_npl,40.31618290,-75.13577107,PA,EPA NPL Superfund,"{""external_id"":""PAD002323848"",""geometry_fallback"":""centroid"",""layer"":""SITE_BOUNDARIES_SF""}"
superfund_PAD093730174,COMMODORE SEMICONDUCTOR GROUP,superfund_npl,40.12422675,-75.41863989,PA,EPA NPL Superfund,"{""external_id"":""PAD093730174"",""geometry_fallback"":""centroid"",""layer"":""SITE_BOUNDARIES_SF""}"
superfund_PAD980508527,CRAIG FARM DRUM,superfund_npl,41.03120003,-79.67981977,PA,EPA NPL Superfund,"{""external_id"":""PAD980508527"",""geometry_fallback"":""centroid"",""layer"":""SITE_BOUNDARIES_SF""}"
superfund_PAD980419097,"CRATER RESOURCES, INC./KEYSTONE COKE CO./ALAN WOOD STEEL CO.",superfund_npl,40.08291366,-75.33928804,PA,EPA NPL Superfund,"{""external_id"":""PAD980419097"",""geometry_fallback"":""centroid"",""layer"":""SITE_BOUNDARIES_SF""}"
superfund_PAD981740061,CROSSLEY FARM,superfund_npl,40.43868294,-75.61484546,PA,EPA NPL Superfund,"{""external_id"":""PAD981740061"",""geometry_fallback"":""centroid"",""layer"":""SITE_BOUNDARIES_SF""}"
superfund_PAD981035009,CROYDON TCE,superfund_npl,40.08743787,-74.88862043,PA,EPA NPL Superfund,"{""external_id"":""PAD981035009"",""geometry_fallback"":""centroid"",""layer"":""SITE_BOUNDARIES_SF""}"
superfund_PAD002360444,"CRYOCHEM, INC.",superfund_npl,40.31710972,-75.69151341,PA,EPA NPL Superfund,"{""external_id"":""PAD002360444"",""geometry_fallback"":""centroid"",""layer"":""SITE_BOUNDARIES_SF""}"
superfund_PAD981038052,"DELTA QUARRIES & DISPOSAL, INC./STOTLER LANDFILL",superfund_npl,40.55423499,-78.35772228,PA,EPA NPL Superfund,"{""external_id"":""PAD981038052"",""geometry_fallback"":""centroid"",""layer"":""SITE_BOUNDARIES_SF""}"
superfund_PAD980508832,DORNEY ROAD LANDFILL,superfund_npl,40.52728360,-75.65329840,PA,EPA NPL Superfund,"{""external_id"":""PAD980508832"",""geometry_fallback"":""centroid"",""layer"":""SITE_BOUNDARIES_SF""}"
superfund_PAD002384865,DOUGLASSVILLE DISPOSAL,superfund_npl,40.25826580,-75.73643262,PA,EPA NPL Superfund,"{""external_id"":""PAD002384865"",""geometry_fallback"":""centroid"",""layer"":""SITE_BOUNDARIES_SF""}"
superfund_PAD003058047,DRAKE CHEMICAL,superfund_npl,41.12692309,-77.44125548,PA,EPA NPL Superfund,"{""external_id"":""PAD003058047"",""geometry_fallback"":""centroid"",""layer"":""SITE_BOUNDARIES_SF""}"
superfund_PAD981740004,DUBLIN TCE SITE,superfund_npl,40.37280425,-75.20626269,PA,EPA NPL Superfund,"{""external_id"":""PAD981740004"",""geometry_fallback"":""centroid"",""layer"":""SITE_BOUNDARIES_SF""}"
superfund_PAD980690549,EAST MOUNT ZION,superfund_npl,40.00696703,-76.66477304,PA,EPA NPL Superfund,"{""external_id"":""PAD980690549"",""geometry_fallback"":""centroid"",""layer"":""SITE_BOUNDARIES_SF""}"
superfund_PAD980830533,EASTERN DIVERSIFIED METALS,superfund_npl,40.82949130,-75.99810980,PA,EPA NPL Superfund,"{""external_id"":""PAD980830533"",""geometry_fallback"":""centroid"",""layer"":""SITE_BOUNDARIES_SF""}"
superfund_PAD980539712,ELIZABETHTOWN LANDFILL,superfund_npl,40.13413684,-76.61006809,PA,EPA NPL Superfund,"{""external_id"":""PAD980539712"",""geometry_fallback"":""centroid"",""layer"":""SITE_BOUNDARIES_SF""}"
superfund_PAD980552913,ENTERPRISE AVENUE,superfund_npl,39.88242967,-75.21580106,PA,EPA NPL Superfund,"{""external_id"":""PAD980552913"",""geometry_fallback"":""centroid"",""layer"":""SITE_BOUNDARIES_SF""}"
superfund_PAD002345817,FISCHER & PORTER CO.,superfund_npl,40.18512293,-75.09118085,PA,EPA NPL Superfund,"{""external_id"":""PAD002345817"",""geometry_fallback"":""centroid"",""layer"":""SITE_BOUNDARIES_SF""}"
superfund_PAD077087989,FOOTE MINERAL CO.,superfund_npl,40.03926762,-75.58593766,PA,EPA NPL Superfund,"{""external_id"":""PAD077087989"",""geometry_fallback"":""centroid"",""layer"":""SITE_BOUNDARIES_SF""}"
superfund_PAN000305561,FORMER EXIDE TECHNOLOGIES LAURELDALE,superfund_npl,40.38090217,-75.91039070,PA,EPA NPL Superfund,"{""external_id"":""PAN000305561"",""geometry_fallback"":""centroid"",""layer"":""SITE_BOUNDARIES_SF""}"
superfund_PAD003031788,FOSTER WHEELER ENERGY CORP./CHURCH ROAD TCE,superfund_npl,41.13257355,-75.87898478,PA,EPA NPL Superfund,"{""external_id"":""PAD003031788"",""geometry_fallback"":""centroid"",""layer"":""SITE_BOUNDARIES_SF""}"
superfund_PASFN0305549,FRANKLIN SLAG PILE (MDC),superfund_npl,39.98331193,-75.08384189,PA,EPA NPL Superfund,"{""external_id"":""PASFN0305549"",""geometry_fallback"":""centroid"",""layer"":""SITE_BOUNDARIES_SF""}"
superfund_PAD002338010,HAVERTOWN PCP,superfund_npl,39.98271771,-75.31624500,PA,EPA NPL Superfund,"{""external_id"":""PAD002338010"",""geometry_fallback"":""centroid"",""layer"":""SITE_BOUNDARIES_SF""}"
superfund_PAD980829329,HEBELKA AUTO SALVAGE YARD,superfund_npl,40.57829348,-75.66907174,PA,EPA NPL Superfund,"{""external_id"":""PAD980829329"",""geometry_fallback"":""centroid"",""layer"":""SITE_BOUNDARIES_SF""}"
superfund_PAD980537716,HELEVA LANDFILL,superfund_npl,40.66993176,-75.56109374,PA,EPA NPL Superfund,"{""external_id"":""PAD980537716"",""geometry_fallback"":""centroid"",""layer"":""SITE_BOUNDARIES_SF""}"
superfund_PAD002390748,HELLERTOWN MANUFACTURING CO.,superfund_npl,40.59563021,-75.34222373,PA,EPA NPL Superfund,"{""external_id"":""PAD002390748"",""geometry_fallback"":""centroid"",""layer"":""SITE_BOUNDARIES_SF""}"
superfund_PAD009862939,HENDERSON ROAD,superfund_npl,40.08727426,-75.35519356,PA,EPA NPL Superfund,"{""external_id"":""PAD009862939"",""geometry_fallback"":""centroid"",""layer"":""SITE_BOUNDARIES_SF""}"
superfund_PAD980508618,HRANICA LANDFILL,superfund_npl,40.67682957,-79.74848481,PA,EPA NPL Superfund,"{""external_id"":""PAD980508618"",""geometry_fallback"":""centroid"",""layer"":""SITE_BOUNDARIES_SF""}"
superfund_PAD980830897,HUNTERSTOWN ROAD,superfund_npl,39.85180931,-77.20731305,PA,EPA NPL Superfund,"{""external_id"":""PAD980830897"",""geometry_fallback"":""centroid"",""layer"":""SITE_BOUNDARIES_SF""}"
superfund_PAD980508493,INDUSTRIAL LANE,superfund_npl,40.66502454,-75.22705080,PA,EPA NPL Superfund,"{""external_id"":""PAD980508493"",""geometry_fallback"":""centroid"",""layer"":""SITE_BOUNDARIES_SF""}"
superfund_PAD980829493,"JACKS CREEK/SITKIN SMELTING & REFINING, INC.",superfund_npl,40.64153192,-77.47650774,PA,EPA NPL Superfund,"{""external_id"":""PAD980829493"",""geometry_fallback"":""centroid"",""layer"":""SITE_BOUNDARIES_SF""}"
superfund_PAD001222025,"JACKSON CERAMIX, INC",superfund_npl,41.13619086,-78.80053440,PA,EPA NPL Superfund,"{""external_id"":""PAD001222025"",""geometry_fallback"":""centroid"",""layer"":""SITE_BOUNDARIES_SF""}"
superfund_PAD054142781,KEYSTONE SANITATION LANDFILL,superfund_npl,39.72448381,-77.03627583,PA,EPA NPL Superfund,"{""external_id"":""PAD054142781"",""geometry_fallback"":""centroid"",""layer"":""SITE_BOUNDARIES_SF""}"
superfund_PAD980691703,KIMBERTON,superfund_npl,40.12601841,-75.57445727,PA,EPA NPL Superfund,"{""external_id"":""PAD980691703"",""geometry_fallback"":""centroid"",""layer"":""SITE_BOUNDARIES_SF""}"
superfund_PAD980508667,LACKAWANNA REFUSE,superfund_npl,41.37324886,-75.75570331,PA,EPA NPL Superfund,"{""external_id"":""PAD980508667"",""geometry_fallback"":""centroid"",""layer"":""SITE_BOUNDARIES_SF""}"
superfund_PAD980830921,LANSDOWNE RADIATION SITE,superfund_npl,39.94131369,-75.26709055,PA,EPA NPL Superfund,"{""external_id"":""PAD980830921"",""geometry_fallback"":""centroid"",""layer"":""SITE_BOUNDARIES_SF""}"
superfund_PAD980712731,LEHIGH ELECTRIC & ENGINEERING CO.,superfund_npl,41.35761484,-75.74137376,PA,EPA NPL Superfund,"{""external_id"":""PAD980712731"",""geometry_fallback"":""centroid"",""layer"":""SITE_BOUNDARIES_SF""}"
superfund_PA2210090054,LETTERKENNY ARMY DEPOT (PDO AREA),superfund_npl,39.99685123,-77.66977605,PA,EPA NPL Superfund,"{""external_id"":""PA2210090054"",""geometry_fallback"":""centroid"",""layer"":""SITE_BOUNDARIES_SF""}"
superfund_PA6213820503,LETTERKENNY ARMY DEPOT (SE AREA),superfund_npl,40.00057168,-77.63796562,PA,EPA NPL Superfund,"{""external_id"":""PA6213820503"",""geometry_fallback"":""centroid"",""layer"":""SITE_BOUNDARIES_SF""}"
superfund_PAD980712798,LINDANE DUMP,superfund_npl,40.62546251,-79.71441963,PA,EPA NPL Superfund,"{""external_id"":""PAD980712798"",""geometry_fallback"":""centroid"",""layer"":""SITE_BOUNDARIES_SF""}"
superfund_PAD980508931,LORD-SHOPE LANDFILL,superfund_npl,41.97773950,-80.35454828,PA,EPA NPL Superfund,"{""external_id"":""PAD980508931"",""geometry_fallback"":""centroid"",""layer"":""SITE_BOUNDARIES_SF""}"
superfund_PASFN0305521,LOWER DARBY CREEK AREA,superfund_npl,39.89059589,-75.25785805,PA,EPA NPL Superfund,"{""external_id"":""PASFN0305521"",""geometry_fallback"":""centroid"",""layer"":""SITE_BOUNDARIES_SF""}"
superfund_PAD014353445,MALVERN TCE,superfund_npl,40.06086295,-75.57060486,PA,EPA NPL Superfund,"{""external_id"":""PAD014353445"",""geometry_fallback"":""centroid"",""layer"":""SITE_BOUNDARIES_SF""}"
superfund_PAD980712616,MCADOO ASSOCIATES,superfund_npl,40.88100726,-76.00139592,PA,EPA NPL Superfund,"{""external_id"":""PAD980712616"",""geometry_fallback"":""centroid"",""layer"":""SITE_BOUNDARIES_SF""}"
superfund_PAD046557096,METAL BANK,superfund_npl,40.02199248,-75.02785846,PA,EPA NPL Superfund,"{""external_id"":""PAD046557096"",""geometry_fallback"":""centroid"",""layer"":""SITE_BOUNDARIES_SF""}"
superfund_PAD044545895,METRO CONTAINER CORPORATION,superfund_npl,39.82577470,-75.39888395,PA,EPA NPL Superfund,"{""external_id"":""PAD044545895"",""geometry_fallback"":""centroid"",""layer"":""SITE_BOUNDARIES_SF""}"
superfund_PAD982366957,"METROPOLITAN MIRROR AND GLASS CO., INC.",superfund_npl,40.77492188,-76.22110402,PA,EPA NPL Superfund,"{""external_id"":""PAD982366957"",""geometry_fallback"":""centroid"",""layer"":""SITE_BOUNDARIES_SF""}"
superfund_PAD980538763,MIDDLETOWN AIR FIELD,superfund_npl,40.19900116,-76.75218722,PA,EPA NPL Superfund,"{""external_id"":""PAD980538763"",""geometry_fallback"":""centroid"",""layer"":""SITE_BOUNDARIES_SF""}"
superfund_PAD980231690,MILL CREEK DUMP,superfund_npl,42.09161497,-80.15266449,PA,EPA NPL Superfund,"{""external_id"":""PAD980231690"",""geometry_fallback"":""centroid"",""layer"":""SITE_BOUNDARIES_SF""}"
superfund_PAD980539068,MODERN SANITATION LANDFILL,superfund_npl,39.96028448,-76.59193320,PA,EPA NPL Superfund,"{""external_id"":""PAD980539068"",""geometry_fallback"":""centroid"",""layer"":""SITE_BOUNDARIES_SF""}"
superfund_PAD980508766,MOYERS LANDFILL,superfund_npl,40.15612195,-75.43648407,PA,EPA NPL Superfund,"{""external_id"":""PAD980508766"",""geometry_fallback"":""centroid"",""layer"":""SITE_BOUNDARIES_SF""}"
superfund_PAD980691372,MW MANUFACTURING,superfund_npl,40.99098832,-76.64148882,PA,EPA NPL Superfund,"{""external_id"":""PAD980691372"",""geometry_fallback"":""centroid"",""layer"":""SITE_BOUNDARIES_SF""}"
superfund_PA6170024545,NAVAL AIR DEVELOPMENT CENTER (8 WASTE AREAS),superfund_npl,40.20034946,-75.06205679,PA,EPA NPL Superfund,"{""external_id"":""PA6170024545"",""geometry_fallback"":""centroid"",""layer"":""SITE_BOUNDARIES_SF""}"
superfund_PA3170022104,NAVY SHIPS PARTS CONTROL CENTER,superfund_npl,40.22770393,-76.98660044,PA,EPA NPL Superfund,"{""external_id"":""PA3170022104"",""geometry_fallback"":""centroid"",""layer"":""SITE_BOUNDARIES_SF""}"
superfund_PAD096834494,NORTH PENN - AREA 1,superfund_npl,40.31084476,-75.32518179,PA,EPA NPL Superfund,"{""external_id"":""PAD096834494"",""geometry_fallback"":""centroid"",""layer"":""SITE_BOUNDARIES_SF""}"
superfund_PAD057152365,NORTH PENN - AREA 12,superfund_npl,40.18072508,-75.35365090,PA,EPA NPL Superfund,"{""external_id"":""PAD057152365"",""geometry_fallback"":""centroid"",""layer"":""SITE_BOUNDARIES_SF""}"
superfund_PAD002342475,NORTH PENN - AREA 2,superfund_npl,40.29392771,-75.29501586,PA,EPA NPL Superfund,"{""external_id"":""PAD002342475"",""geometry_fallback"":""centroid"",""layer"":""SITE_BOUNDARIES_SF""}"
superfund_PAD980692693,NORTH PENN - AREA 5,superfund_npl,40.27508467,-75.24728673,PA,EPA NPL Superfund,"{""external_id"":""PAD980692693"",""geometry_fallback"":""centroid"",""layer"":""SITE_BOUNDARIES_SF""}"
superfund_PAD980926976,NORTH PENN - AREA 6,superfund_npl,40.24984919,-75.28395590,PA,EPA NPL Superfund,"{""external_id"":""PAD980926976"",""geometry_fallback"":""centroid"",""layer"":""SITE_BOUNDARIES_SF""}"
superfund_PAD002498632,NORTH PENN - AREA 7,superfund_npl,40.22181016,-75.28431831,PA,EPA NPL Superfund,"{""external_id"":""PAD002498632"",""geometry_fallback"":""centroid"",""layer"":""SITE_BOUNDARIES_SF""}"
superfund_PAD079160842,NOVAK SANITARY LANDFILL,superfund_npl,40.63316087,-75.56075625,PA,EPA NPL Superfund,"{""external_id"":""PAD079160842"",""geometry_fallback"":""centroid"",""layer"":""SITE_BOUNDARIES_SF""}"
superfund_PAD980229298,OCCIDENTAL CHEMICAL CORP./FIRESTONE TIRE & RUBBER CO.,superfund_npl,40.22884473,-75.61157562,PA,EPA NPL Superfund,"{""external_id"":""PAD980229298"",""geometry_fallback"":""centroid"",""layer"":""SITE_BOUNDARIES_SF""}"
superfund_PAD980508816,OHIO RIVER PARK,superfund_npl,40.51900164,-80.15238520,PA,EPA NPL Superfund,"{""external_id"":""PAD980508816"",""geometry_fallback"":""centroid"",""layer"":""SITE_BOUNDARIES_SF""}"
superfund_PAD980692420,OLD CITY OF YORK LANDFILL,superfund_npl,39.84056367,-76.75899445,PA,EPA NPL Superfund,"{""external_id"":""PAD980692420"",""geometry_fallback"":""centroid"",""layer"":""SITE_BOUNDARIES_SF""}"
superfund_PAD981938939,OLD WILMINGTON ROAD GW CONTAMINATION,superfund_npl,39.99625107,-75.90438578,PA,EPA NPL Superfund,"{""external_id"":""PAD981938939"",""geometry_fallback"":""centroid"",""layer"":""SITE_BOUNDARIES_SF""}"
superfund_PAD980712673,OSBORNE LANDFILL,superfund_npl,41.16158094,-80.05509691,PA,EPA NPL Superfund,"{""external_id"":""PAD980712673"",""geometry_fallback"":""centroid"",""layer"":""SITE_BOUNDARIES_SF""}"
superfund_PAD002395887,PALMERTON ZINC PILE,superfund_npl,40.79923849,-75.56073671,PA,EPA NPL Superfund,"{""external_id"":""PAD002395887"",""geometry_fallback"":""centroid"",""layer"":""SITE_BOUNDARIES_SF""}"
superfund_PAD980692594,PAOLI RAIL YARD,superfund_npl,40.04352736,-75.49199156,PA,EPA NPL Superfund,"{""external_id"":""PAD980692594"",""geometry_fallback"":""centroid"",""layer"":""SITE_BOUNDARIES_SF""}"
superfund_PAD980508865,PRESQUE ISLE,superfund_npl,42.14972712,-80.13416827,PA,EPA NPL Superfund,"{""external_id"":""PAD980508865"",""geometry_fallback"":""centroid"",""layer"":""SITE_BOUNDARIES_SF""}"
superfund_PAN000305679,PRICE BATTERY LEAD SMELTER,superfund_npl,40.55168699,-75.98256014,PA,EPA NPL Superfund,"{""external_id"":""PAN000305679"",""geometry_fallback"":""centroid"",""layer"":""SITE_BOUNDARIES_SF""}"
superfund_PAD981939200,PUBLICKER INDUSTRIES INC.,superfund_npl,39.90819774,-75.13533661,PA,EPA NPL Superfund,"{""external_id"":""PAD981939200"",""geometry_fallback"":""centroid"",""layer"":""SITE_BOUNDARIES_SF""}"
superfund_PAD002353969,RECTICON/ALLIED STEEL CORP.,superfund_npl,40.20357925,-75.58791093,PA,EPA NPL Superfund,"{""external_id"":""PAD002353969"",""geometry_fallback"":""centroid"",""layer"":""SITE_BOUNDARIES_SF""}"
superfund_PAD980829261,REESER'S LANDFILL,superfund_npl,40.57954297,-75.65590257,PA,EPA NPL Superfund,"{""external_id"":""PAD980829261"",""geometry_fallback"":""centroid"",""layer"":""SITE_BOUNDARIES_SF""}"
superfund_PAD063766828,RESIN DISPOSAL,superfund_npl,40.27051780,-79.91222765,PA,EPA NPL Superfund,"{""external_id"":""PAD063766828"",""geometry_fallback"":""centroid"",""layer"":""SITE_BOUNDARIES_SF""}"
superfund_PAD051395499,REVERE CHEMICAL CO.,superfund_npl,40.50137636,-75.16962225,PA,EPA NPL Superfund,"{""external_id"":""PAD051395499"",""geometry_fallback"":""centroid"",""layer"":""SITE_BOUNDARIES_SF""}"
superfund_PAD000439083,"RIVER ROAD LANDFILL (WASTE MANAGEMENT, INC.)",superfund_npl,41.26715834,-80.48974699,PA,EPA NPL Superfund,"{""external_id"":""PAD000439083"",""geometry_fallback"":""centroid"",""layer"":""SITE_BOUNDARIES_SF""}"
superfund_PAD981033285,"RODALE MANUFACTURING CO., INC.",superfund_npl,40.53033537,-75.49318560,PA,EPA NPL Superfund,"{""external_id"":""PAD981033285"",""geometry_fallback"":""centroid"",""layer"":""SITE_BOUNDARIES_SF""}"
superfund_PAD981034630,ROUTE 940 DRUM DUMP,superfund_npl,41.11069450,-75.38199886,PA,EPA NPL Superfund,"{""external_id"":""PAD981034630"",""geometry_fallback"":""centroid"",""layer"":""SITE_BOUNDARIES_SF""}"
superfund_PAD981033459,RYELAND ROAD ARSENIC SITE,superfund_npl,40.35573400,-76.17877029,PA,EPA NPL Superfund,"{""external_id"":""PAD981033459"",""geometry_fallback"":""centroid"",""layer"":""SITE_BOUNDARIES_SF""}"
superfund_PAD980692487,SAEGERTOWN INDUSTRIAL AREA,superfund_npl,41.71335494,-80.14226315,PA,EPA NPL Superfund,"{""external_id"":""PAD980692487"",""geometry_fallback"":""centroid"",""layer"":""SITE_BOUNDARIES_SF""}"
superfund_PAD987295276,SAFETY LIGHT CORPORATION,superfund_npl,41.01547812,-76.37531986,PA,EPA NPL Superfund,"{""external_id"":""PAD987295276"",""geometry_fallback"":""centroid"",""layer"":""SITE_BOUNDARIES_SF""}"
superfund_PAD980693204,SALFORD QUARRY,superfund_npl,40.25184488,-75.38182717,PA,EPA NPL Superfund,"{""external_id"":""PAD980693204"",""geometry_fallback"":""centroid"",""layer"":""SITE_BOUNDARIES_SF""}"
superfund_PAD001933175,SHARON STEEL CORP (FARRELL WORKS DISPOSAL AREA),superfund_npl,41.19695337,-80.51093129,PA,EPA NPL Superfund,"{""external_id"":""PAD001933175"",""geometry_fallback"":""centroid"",""layer"":""SITE_BOUNDARIES_SF""}"
superfund_PAD980830889,SHRIVER'S CORNER,superfund_npl,39.89957936,-77.20530204,PA,EPA NPL Superfund,"{""external_id"":""PAD980830889"",""geometry_fallback"":""centroid"",""layer"":""SITE_BOUNDARIES_SF""}"
superfund_PAD014269971,STANLEY KESSLER,superfund_npl,40.08400260,-75.35492324,PA,EPA NPL Superfund,"{""external_id"":""PAD014269971"",""geometry_fallback"":""centroid"",""layer"":""SITE_BOUNDARIES_SF""}"
superfund_PAD000441337,STRASBURG LANDFILL,superfund_npl,39.94366006,-75.76878059,PA,EPA NPL Superfund,"{""external_id"":""PAD000441337"",""geometry_fallback"":""centroid"",""layer"":""SITE_BOUNDARIES_SF""}"
superfund_PAD980693907,TAYLOR BOROUGH DUMP,superfund_npl,41.40877081,-75.71894453,PA,EPA NPL Superfund,"{""external_id"":""PAD980693907"",""geometry_fallback"":""centroid"",""layer"":""SITE_BOUNDARIES_SF""}"
superfund_PA5213820892,TOBYHANNA ARMY DEPOT,superfund_npl,41.18909001,-75.43269911,PA,EPA NPL Superfund,"{""external_id"":""PA5213820892"",""geometry_fallback"":""centroid"",""layer"":""SITE_BOUNDARIES_SF""}"
superfund_PAD073613663,TONOLLI CORP.,superfund_npl,40.85096259,-75.88137628,PA,EPA NPL Superfund,"{""external_id"":""PAD073613663"",""geometry_fallback"":""centroid"",""layer"":""SITE_BOUNDARIES_SF""}"
superfund_PAD980692024,TYSONS DUMP,superfund_npl,40.11139824,-75.36266820,PA,EPA NPL Superfund,"{""external_id"":""PAD980692024"",""geometry_fallback"":""centroid"",""layer"":""SITE_BOUNDARIES_SF""}"
superfund_PAD980539126,UGI COLUMBIA GAS PLANT,superfund_npl,40.02674225,-76.49886192,PA,EPA NPL Superfund,"{""external_id"":""PAD980539126"",""geometry_fallback"":""centroid"",""layer"":""SITE_BOUNDARIES_SF""}"
superfund_PAD982363970,VALMONT TCE SITE (FORMER - VALMONT INDUSTRIAL PARK),superfund_npl,40.96829808,-76.01547140,PA,EPA NPL Superfund,"{""external_id"":""PAD982363970"",""geometry_fallback"":""centroid"",""layer"":""SITE_BOUNDARIES_SF""}"
superfund_PAD980692719,VOORTMAN FARM,superfund_npl,40.54702215,-75.44754355,PA,EPA NPL Superfund,"{""external_id"":""PAD980692719"",""geometry_fallback"":""centroid"",""layer"":""SITE_BOUNDARIES_SF""}"
superfund_PAD980539407,WADE (ABM),superfund_npl,39.83386568,-75.37681929,PA,EPA NPL Superfund,"{""external_id"":""PAD980539407"",""geometry_fallback"":""centroid"",""layer"":""SITE_BOUNDARIES_SF""}"
superfund_PAD980829527,WALSH LANDFILL,superfund_npl,40.11967437,-75.91492769,PA,EPA NPL Superfund,"{""external_id"":""PAD980829527"",""geometry_fallback"":""centroid"",""layer"":""SITE_BOUNDARIES_SF""}"
superfund_PAD980706824,WATSON JOHNSON LANDFILL,superfund_npl,40.46003288,-75.33107882,PA,EPA NPL Superfund,"{""external_id"":""PAD980706824"",""geometry_fallback"":""centroid"",""layer"":""SITE_BOUNDARIES_SF""}"
superfund_PAD005000575,WESTINGHOUSE ELECTRIC CORP. (SHARON PLANT),superfund_npl,41.24180973,-80.50442589,PA,EPA NPL Superfund,"{""external_id"":""PAD005000575"",""geometry_fallback"":""centroid"",""layer"":""SITE_BOUNDARIES_SF""}"
superfund_PAD043882281,WESTINGHOUSE ELEVATOR CO. PLANT,superfund_npl,39.85828119,-77.23703478,PA,EPA NPL Superfund,"{""external_id"":""PAD043882281"",""geometry_fallback"":""centroid"",""layer"":""SITE_BOUNDARIES_SF""}"
superfund_PAD980692537,WESTLINE,superfund_npl,41.77556576,-78.77217391,PA,EPA NPL Superfund,"{""external_id"":""PAD980692537"",""geometry_fallback"":""centroid"",""layer"":""SITE_BOUNDARIES_SF""}"
superfund_PAD003005014,WHITMOYER LABORATORIES,superfund_npl,40.36604530,-76.32402443,PA,EPA NPL Superfund,"{""external_id"":""PAD003005014"",""geometry_fallback"":""centroid"",""layer"":""SITE_BOUNDARIES_SF""}"
superfund_PAD980537773,WILLIAM DICK LAGOONS,superfund_npl,40.04208715,-75.89725242,PA,EPA NPL Superfund,"{""external_id"":""PAD980537773"",""geometry_fallback"":""centroid"",""layer"":""SITE_BOUNDARIES_SF""}"
superfund_PAD987277837,WILLOW GROVE NAVAL AIR AND AIR RESERVE STATION,superfund_npl,40.20104387,-75.14762085,PA,EPA NPL Superfund,"{""external_id"":""PAD987277837"",""geometry_fallback"":""centroid"",""layer"":""SITE_BOUNDARIES_SF""}"
superfund_PAD980830715,YORK COUNTY SOLID WASTE AND REFUSE AUTHORITY LANDFILL,superfund_npl,39.78056142,-76.60533726,PA,EPA NPL Superfund,"{""external_id"":""PAD980830715"",""geometry_fallback"":""centroid"",""layer"":""SITE_BOUNDARIES_SF""}"
superfund_PRN000204694,ATLANTIC FLEET WEAPONS TRAINING AREA,superfund_npl,18.13846372,-65.36759018,PR,EPA NPL Superfund,"{""external_id"":""PRN000204694"",""geometry_fallback"":""centroid"",""layer"":""SITE_BOUNDARIES_SF""}"
superfund_PRD980509129,BARCELONETA LANDFILL,superfund_npl,18.40745891,-66.54767824,PR,EPA NPL Superfund,"{""external_id"":""PRD980509129"",""geometry_fallback"":""centroid"",""layer"":""SITE_BOUNDARIES_SF""}"
superfund_PRN000206319,CABO ROJO GROUND WATER CONTAMINATION,superfund_npl,18.08741599,-67.14850473,PR,EPA NPL Superfund,"{""external_id"":""PRN000206319"",""geometry_fallback"":""centroid"",""layer"":""SITE_BOUNDARIES_SF""}"
superfund_PRN000204538,CIDRA GROUNDWATER CONTAMINATION,superfund_npl,18.17145847,-66.16135909,PR,EPA NPL Superfund,"{""external_id"":""PRN000204538"",""geometry_fallback"":""centroid"",""layer"":""SITE_BOUNDARIES_SF""}"
superfund_PRN000206452,COROZAL WELL,superfund_npl,18.29617808,-66.28600745,PR,EPA NPL Superfund,"{""external_id"":""PRN000206452"",""geometry_fallback"":""centroid"",""layer"":""SITE_BOUNDARIES_SF""}"
superfund_PRN000201872,DORADO GROUND WATER CONTAMINATION,superfund_npl,18.42924313,-66.27975493,PR,EPA NPL Superfund,"{""external_id"":""PRN000201872"",""geometry_fallback"":""centroid"",""layer"":""SITE_BOUNDARIES_SF""}"
superfund_PRD980763783,FIBERS PUBLIC SUPPLY WELLS,superfund_npl,17.95590629,-66.14903823,PR,EPA NPL Superfund,"{""external_id"":""PRD980763783"",""geometry_fallback"":""centroid"",""layer"":""SITE_BOUNDARIES_SF""}"
superfund_PRD980640965,FRONTERA CREEK,superfund_npl,18.14732247,-65.79068783,PR,EPA NPL Superfund,"{""external_id"":""PRD980640965"",""geometry_fallback"":""centroid"",""layer"":""SITE_BOUNDARIES_SF""}"
superfund_PRD090282757,GE WIRING DEVICES,superfund_npl,18.05710599,-66.50813342,PR,EPA NPL Superfund,"{""external_id"":""PRD090282757"",""geometry_fallback"":""centroid"",""layer"":""SITE_BOUNDARIES_SF""}"
superfund_PRN000206359,HORMIGAS GROUND WATER PLUME,superfund_npl,18.22060000,-66.10100000,PR,EPA NPL Superfund,"{""external_id"":""PRN000206359"",""geometry_fallback"":""centroid"",""layer"":""SITE_BOUNDARIES_SF""}"
superfund_PRD980536049,JANSSEN INC.,superfund_npl,18.24550055,-65.94774313,PR,EPA NPL Superfund,"{""external_id"":""PRD980536049"",""geometry_fallback"":""centroid"",""layer"":""SITE_BOUNDARIES_SF""}"
superfund_PRD980512362,JUNCOS LANDFILL,superfund_npl,18.22184923,-65.90867884,PR,EPA NPL Superfund,"{""external_id"":""PRD980512362"",""geometry_fallback"":""centroid"",""layer"":""SITE_BOUNDARIES_SF""}"
superfund_PRN000205831,MAUNABO AREA GROUND WATER CONTAMINATION,superfund_npl,18.00634582,-65.89929287,PR,EPA NPL Superfund,"{""external_id"":""PRN000205831"",""geometry_fallback"":""centroid"",""layer"":""SITE_BOUNDARIES_SF""}"
superfund_PR4170027383,NAVAL SECURITY GROUP ACTIVITY,superfund_npl,18.43306390,-66.19027930,PR,EPA NPL Superfund,"{""external_id"":""PR4170027383"",""geometry_fallback"":""centroid"",""layer"":""SITE_BOUNDARIES_SF""}"
superfund_PRD091171264,OCHOA FERTILIZER CO.,superfund_npl,17.96522160,-66.90193249,PR,EPA NPL Superfund,"{""external_id"":""PRD091171264"",""geometry_fallback"":""centroid"",""layer"":""SITE_BOUNDARIES_SF""}"
superfund_PRD090290685,"PAPELERA PUERTORRIQUENA, INC.",superfund_npl,18.26575293,-66.69463699,PR,EPA NPL Superfund,"{""external_id"":""PRD090290685"",""geometry_fallback"":""centroid"",""layer"":""SITE_BOUNDARIES_SF""}"
superfund_PRD987367349,PESTICIDE WAREHOUSE I,superfund_npl,18.43377198,-66.59980394,PR,EPA NPL Superfund,"{""external_id"":""PRD987367349"",""geometry_fallback"":""centroid"",""layer"":""SITE_BOUNDARIES_SF""}"
superfund_PRD987367299,PESTICIDE WAREHOUSE III,superfund_npl,18.42746194,-66.45770255,PR,EPA NPL Superfund,"{""external_id"":""PRD987367299"",""geometry_fallback"":""centroid"",""layer"":""SITE_BOUNDARIES_SF""}"
superfund_PRD000831487,PROTECO,superfund_npl,18.01547628,-66.69887334,PR,EPA NPL Superfund,"{""external_id"":""PRD000831487"",""geometry_fallback"":""centroid"",""layer"":""SITE_BOUNDARIES_SF""}"
superfund_PRD090370537,RCA DEL CARIBE,superfund_npl,18.42868558,-66.58029910,PR,EPA NPL Superfund,"{""external_id"":""PRD090370537"",""geometry_fallback"":""centroid"",""layer"":""SITE_BOUNDARIES_SF""}"
superfund_PRN000205957,SAN GERMAN GROUND WATER CONTAMINATION,superfund_npl,18.08015848,-67.03166265,PR,EPA NPL Superfund,"{""external_id"":""PRN000205957"",""geometry_fallback"":""centroid"",""layer"":""SITE_BOUNDARIES_SF""}"
superfund_PRD987376662,"SCORPIO RECYCLING, INC.",superfund_npl,18.40701844,-66.23161916,PR,EPA NPL Superfund,"{""external_id"":""PRD987376662"",""geometry_fallback"":""centroid"",""layer"":""SITE_BOUNDARIES_SF""}"
superfund_PRR000004655,THE BATTERY RECYCLING COMPANY,superfund_npl,18.45987913,-66.69289789,PR,EPA NPL Superfund,"{""external_id"":""PRR000004655"",""geometry_fallback"":""centroid"",""layer"":""SITE_BOUNDARIES_SF""}"
superfund_PRD980301154,UPJOHN FACILITY,superfund_npl,18.42691431,-66.59029025,PR,EPA NPL Superfund,"{""external_id"":""PRD980301154"",""geometry_fallback"":""centroid"",""layer"":""SITE_BOUNDARIES_SF""}"
superfund_PRD987366101,V&M/ALBALADEJO,superfund_npl,18.40904443,-66.38032833,PR,EPA NPL Superfund,"{""external_id"":""PRD987366101"",""geometry_fallback"":""centroid"",""layer"":""SITE_BOUNDARIES_SF""}"
superfund_PRD980763775,VEGA ALTA PUBLIC SUPPLY WELLS,superfund_npl,18.43432249,-66.32234697,PR,EPA NPL Superfund,"{""external_id"":""PRD980763775"",""geometry_fallback"":""centroid"",""layer"":""SITE_BOUNDARIES_SF""}"
superfund_PRD980512669,VEGA BAJA SOLID WASTE DISPOSAL,superfund_npl,18.43322719,-66.38945868,PR,EPA NPL Superfund,"{""external_id"":""PRD980512669"",""geometry_fallback"":""centroid"",""layer"":""SITE_BOUNDARIES_SF""}"
superfund_RID980520183,CENTRAL LANDFILL,superfund_npl,41.80787352,-71.53654856,RI,EPA NPL Superfund,"{""external_id"":""RID980520183"",""geometry_fallback"":""centroid"",""layer"":""SITE_BOUNDARIES_SF""}"
superfund_RID981203755,CENTREDALE MANOR RESTORATION PROJECT,superfund_npl,41.84858373,-71.48190123,RI,EPA NPL Superfund,"{""external_id"":""RID981203755"",""geometry_fallback"":""centroid"",""layer"":""SITE_BOUNDARIES_SF""}"
superfund_RID980731459,DAVIS (GSR) LANDFILL,superfund_npl,41.91781101,-71.58813889,RI,EPA NPL Superfund,"{""external_id"":""RID980731459"",""geometry_fallback"":""centroid"",""layer"":""SITE_BOUNDARIES_SF""}"
superfund_RID980523070,DAVIS LIQUID WASTE,superfund_npl,41.92406817,-71.57588571,RI,EPA NPL Superfund,"{""external_id"":""RID980523070"",""geometry_fallback"":""centroid"",""layer"":""SITE_BOUNDARIES_SF""}"
superfund_RI6170022036,DAVISVILLE NAVAL CONSTRUCTION BATTALION CENTER,superfund_npl,41.61413220,-71.44698051,RI,EPA NPL Superfund,"{""external_id"":""RI6170022036"",""geometry_fallback"":""centroid"",""layer"":""SITE_BOUNDARIES_SF""}"
superfund_RID093212439,"LANDFILL & RESOURCE RECOVERY, INC. (L&RR)",superfund_npl,41.97982718,-71.58604196,RI,EPA NPL Superfund,"{""external_id"":""RID093212439"",""geometry_fallback"":""centroid"",""layer"":""SITE_BOUNDARIES_SF""}"
superfund_RI6170085470,NEWPORT NAVAL EDUCATION & TRAINING CENTER,superfund_npl,41.54196343,-71.30476883,RI,EPA NPL Superfund,"{""external_id"":""RI6170085470"",""geometry_fallback"":""centroid"",""layer"":""SITE_BOUNDARIES_SF""}"
superfund_RID055176283,"PETERSON/PURITAN, INC.",superfund_npl,41.92480046,-71.42294713,RI,EPA NPL Superfund,"{""external_id"":""RID055176283"",""geometry_fallback"":""centroid"",""layer"":""SITE_BOUNDARIES_SF""}"
superfund_RID980579056,PICILLO FARM,superfund_npl,41.67262411,-71.70892572,RI,EPA NPL Superfund,"{""external_id"":""RID980579056"",""geometry_fallback"":""centroid"",""layer"":""SITE_BOUNDARIES_SF""}"
superfund_RID980521025,ROSE HILL REGIONAL LANDFILL,superfund_npl,41.47116564,-71.49187301,RI,EPA NPL Superfund,"{""external_id"":""RID980521025"",""geometry_fallback"":""centroid"",""layer"":""SITE_BOUNDARIES_SF""}"
superfund_RID980731442,STAMINA MILLS,superfund_npl,41.99734633,-71.56496900,RI,EPA NPL Superfund,"{""external_id"":""RID980731442"",""geometry_fallback"":""centroid"",""layer"":""SITE_BOUNDARIES_SF""}"
superfund_RID981063993,WEST KINGSTON TOWN DUMP/URI DISPOSAL AREA,superfund_npl,41.49750609,-71.53193281,RI,EPA NPL Superfund,"{""external_id"":""RID981063993"",""geometry_fallback"":""centroid"",""layer"":""SITE_BOUNDARIES_SF""}"
superfund_RID009764929,WESTERN SAND & GRAVEL,superfund_npl,41.97021038,-71.59856995,RI,EPA NPL Superfund,"{""external_id"":""RID009764929"",""geometry_fallback"":""centroid"",""layer"":""SITE_BOUNDARIES_SF""}"
superfund_SCD047563614,ADMIRAL HOME APPLIANCES,superfund_npl,33.39385774,-81.39795580,SC,EPA NPL Superfund,"{""external_id"":""SCD047563614"",""geometry_fallback"":""centroid"",""layer"":""SITE_BOUNDARIES_SF""}"
superfund_SCD058754789,AQUA-TECH ENVIRONMENTAL INC (GROCE LABS),superfund_npl,34.93265225,-82.16964270,SC,EPA NPL Superfund,"{""external_id"":""SCD058754789"",""geometry_fallback"":""centroid"",""layer"":""SITE_BOUNDARIES_SF""}"
superfund_SCN000407714,BARITE HILL/NEVADA GOLDFIELDS,superfund_npl,33.87069859,-82.30071322,SC,EPA NPL Superfund,"{""external_id"":""SCN000407714"",""geometry_fallback"":""centroid"",""layer"":""SITE_BOUNDARIES_SF""}"
superfund_SCD000447268,BEAUNIT CORP. (CIRCULAR KNIT & DYEING PLANT),superfund_npl,34.69806416,-82.21622665,SC,EPA NPL Superfund,"{""external_id"":""SCD000447268"",""geometry_fallback"":""centroid"",""layer"":""SITE_BOUNDARIES_SF""}"
superfund_SCD987577913,BREWER GOLD MINE,superfund_npl,34.65032975,-80.41527640,SC,EPA NPL Superfund,"{""external_id"":""SCD987577913"",""geometry_fallback"":""centroid"",""layer"":""SITE_BOUNDARIES_SF""}"
superfund_SCN000404896,BURLINGTON INDUSTRIES CHERAW,superfund_npl,34.69699053,-79.91215108,SC,EPA NPL Superfund,"{""external_id"":""SCN000404896"",""geometry_fallback"":""centroid"",""layer"":""SITE_BOUNDARIES_SF""}"
superfund_SCD987581337,CALHOUN PARK AREA,superfund_npl,32.78984225,-79.92710895,SC,EPA NPL Superfund,"{""external_id"":""SCD987581337"",""geometry_fallback"":""centroid"",""layer"":""SITE_BOUNDARIES_SF""}"
superfund_SCD980558316,"CAROLAWN, INC.",superfund_npl,34.68863109,-80.94325019,SC,EPA NPL Superfund,"{""external_id"":""SCD980558316"",""geometry_fallback"":""centroid"",""layer"":""SITE_BOUNDARIES_SF""}"
superfund_SCD003303120,CLEARWATER FINISHING,superfund_npl,33.50269499,-81.89350563,SC,EPA NPL Superfund,"{""external_id"":""SCD003303120"",""geometry_fallback"":""centroid"",""layer"":""SITE_BOUNDARIES_SF""}"
superfund_SCD980839542,ELMORE WASTE DISPOSAL,superfund_npl,34.93677333,-82.21610672,SC,EPA NPL Superfund,"{""external_id"":""SCD980839542"",""geometry_fallback"":""centroid"",""layer"":""SITE_BOUNDARIES_SF""}"
superfund_SCD058189622,GALEY AND LORD PLANT,superfund_npl,34.52903517,-79.83700476,SC,EPA NPL Superfund,"{""external_id"":""SCD058189622"",""geometry_fallback"":""centroid"",""layer"":""SITE_BOUNDARIES_SF""}"
superfund_SCD980711279,GEIGER (C & M OIL),superfund_npl,32.77363210,-80.15831970,SC,EPA NPL Superfund,"{""external_id"":""SCD980711279"",""geometry_fallback"":""centroid"",""layer"":""SITE_BOUNDARIES_SF""}"
superfund_SCD980799456,GOLDEN STRIP SEPTIC TANK SERVICE,superfund_npl,34.78511553,-82.24641781,SC,EPA NPL Superfund,"{""external_id"":""SCD980799456"",""geometry_fallback"":""centroid"",""layer"":""SITE_BOUNDARIES_SF""}"
superfund_SCD058753971,HELENA CHEMICAL CO. LANDFILL,superfund_npl,32.94124958,-81.23873007,SC,EPA NPL Superfund,"{""external_id"":""SCD058753971"",""geometry_fallback"":""centroid"",""layer"":""SITE_BOUNDARIES_SF""}"
superfund_SCN000407376,HENRY'S KNOB,superfund_npl,35.13385399,-81.27999180,SC,EPA NPL Superfund,"{""external_id"":""SCN000407376"",""geometry_fallback"":""centroid"",""layer"":""SITE_BOUNDARIES_SF""}"
superfund_SCD004773644,INDEPENDENT NAIL CO.,superfund_npl,32.46640896,-80.74096348,SC,EPA NPL Superfund,"{""external_id"":""SCD004773644"",""geometry_fallback"":""centroid"",""layer"":""SITE_BOUNDARIES_SF""}"
superfund_SCD003350493,INTERNATIONAL MINERALS AND CHEMICALS (IMC),superfund_npl,34.92040595,-81.92357420,SC,EPA NPL Superfund,"{""external_id"":""SCD003350493"",""geometry_fallback"":""centroid"",""layer"":""SITE_BOUNDARIES_SF""}"
superfund_SCD094995503,KALAMA SPECIALTY CHEMICALS,superfund_npl,32.47448964,-80.74031685,SC,EPA NPL Superfund,"{""external_id"":""SCD094995503"",""geometry_fallback"":""centroid"",""layer"":""SITE_BOUNDARIES_SF""}"
superfund_SCD980310239,"KOPPERS CO., INC. (CHARLESTON PLANT)",superfund_npl,32.82142707,-79.95905943,SC,EPA NPL Superfund,"{""external_id"":""SCD980310239"",""geometry_fallback"":""centroid"",""layer"":""SITE_BOUNDARIES_SF""}"
superfund_SCD003353026,"KOPPERS CO., INC. (FLORENCE PLANT)",superfund_npl,34.20583837,-79.73539001,SC,EPA NPL Superfund,"{""external_id"":""SCD003353026"",""geometry_fallback"":""centroid"",""layer"":""SITE_BOUNDARIES_SF""}"
superfund_SCD991279324,"LEONARD CHEMICAL CO., INC.",superfund_npl,34.85188722,-80.90398401,SC,EPA NPL Superfund,"{""external_id"":""SCD991279324"",""geometry_fallback"":""centroid"",""layer"":""SITE_BOUNDARIES_SF""}"
superfund_SCD980558043,LEXINGTON COUNTY LANDFILL AREA,superfund_npl,33.91659186,-81.06885711,SC,EPA NPL Superfund,"{""external_id"":""SCD980558043"",""geometry_fallback"":""centroid"",""layer"":""SITE_BOUNDARIES_SF""}"
superfund_SCD987584653,LYMAN DYEING AND FINISHING,superfund_npl,34.93983744,-82.12745979,SC,EPA NPL Superfund,"{""external_id"":""SCD987584653"",""geometry_fallback"":""centroid"",""layer"":""SITE_BOUNDARIES_SF""}"
superfund_SCD003360476,MACALLOY CORPORATION,superfund_npl,32.83731505,-79.94910019,SC,EPA NPL Superfund,"{""external_id"":""SCD003360476"",""geometry_fallback"":""centroid"",""layer"":""SITE_BOUNDARIES_SF""}"
superfund_SCD980558142,MEDLEY FARM DRUM DUMP,superfund_npl,34.98131258,-81.66674534,SC,EPA NPL Superfund,"{""external_id"":""SCD980558142"",""geometry_fallback"":""centroid"",""layer"":""SITE_BOUNDARIES_SF""}"
superfund_SCD037398120,"PALMETTO RECYCLING, INC.",superfund_npl,34.12355931,-81.01206811,SC,EPA NPL Superfund,"{""external_id"":""SCD037398120"",""geometry_fallback"":""centroid"",""layer"":""SITE_BOUNDARIES_SF""}"
superfund_SCD003362217,PALMETTO WOOD PRESERVING,superfund_npl,33.92060909,-81.05965613,SC,EPA NPL Superfund,"{""external_id"":""SCD003362217"",""geometry_fallback"":""centroid"",""layer"":""SITE_BOUNDARIES_SF""}"
superfund_SCD002601656,"PARA-CHEM SOUTHERN, INC.",superfund_npl,34.71528662,-82.23196706,SC,EPA NPL Superfund,"{""external_id"":""SCD002601656"",""geometry_fallback"":""centroid"",""layer"":""SITE_BOUNDARIES_SF""}"
superfund_SC6170022762,PARRIS ISLAND MARINE CORPS RECRUIT DEPOT,superfund_npl,32.33593906,-80.69314111,SC,EPA NPL Superfund,"{""external_id"":""SC6170022762"",""geometry_fallback"":""centroid"",""layer"":""SITE_BOUNDARIES_SF""}"
superfund_SCD980840698,ROCHESTER PROPERTY,superfund_npl,34.97203210,-82.50138824,SC,EPA NPL Superfund,"{""external_id"":""SCD980840698"",""geometry_fallback"":""centroid"",""layer"":""SITE_BOUNDARIES_SF""}"
superfund_SCD980844005,ROCK HILL CHEMICAL CO.,superfund_npl,34.96626270,-80.99834057,SC,EPA NPL Superfund,"{""external_id"":""SCD980844005"",""geometry_fallback"":""centroid"",""layer"":""SITE_BOUNDARIES_SF""}"
superfund_SCD003354412,"SANGAMO WESTON, INC./TWELVE-MILE CREEK/LAKE HARTWELL PCB CONTAMINATION",superfund_npl,34.84999481,-82.73374412,SC,EPA NPL Superfund,"{""external_id"":""SCD003354412"",""geometry_fallback"":""centroid"",""layer"":""SITE_BOUNDARIES_SF""}"
superfund_SC1890008989,SAVANNAH RIVER SITE (USDOE),superfund_npl,33.23091939,-81.61269173,SC,EPA NPL Superfund,"{""external_id"":""SC1890008989"",""geometry_fallback"":""centroid"",""layer"":""SITE_BOUNDARIES_SF""}"
superfund_SCD000622787,SCRDI BLUFF ROAD,superfund_npl,33.88463353,-80.90315897,SC,EPA NPL Superfund,"{""external_id"":""SCD000622787"",""geometry_fallback"":""centroid"",""layer"":""SITE_BOUNDARIES_SF""}"
superfund_SCD980711394,SCRDI DIXIANA,superfund_npl,33.90460148,-81.06324982,SC,EPA NPL Superfund,"{""external_id"":""SCD980711394"",""geometry_fallback"":""centroid"",""layer"":""SITE_BOUNDARIES_SF""}"
superfund_SCD003357589,SHURON INC.,superfund_npl,33.23751930,-81.37377817,SC,EPA NPL Superfund,"{""external_id"":""SCD003357589"",""geometry_fallback"":""centroid"",""layer"":""SITE_BOUNDARIES_SF""}"
superfund_SCD980558050,TOWNSEND SAW CHAIN CO.,superfund_npl,34.10590556,-80.83501252,SC,EPA NPL Superfund,"{""external_id"":""SCD980558050"",""geometry_fallback"":""centroid"",""layer"":""SITE_BOUNDARIES_SF""}"
superfund_SCD003358744,US FINISHING/CONE MILLS,superfund_npl,34.88489278,-82.43005616,SC,EPA NPL Superfund,"{""external_id"":""SCD003358744"",""geometry_fallback"":""centroid"",""layer"":""SITE_BOUNDARIES_SF""}"
superfund_SCD037405362,"WAMCHEM, INC.",superfund_npl,32.50397427,-80.74278277,SC,EPA NPL Superfund,"{""external_id"":""SCD037405362"",""geometry_fallback"":""centroid"",""layer"":""SITE_BOUNDARIES_SF""}"
superfund_SD2571924644,ELLSWORTH AIR FORCE BASE,superfund_npl,44.15187578,-103.09353114,SD,EPA NPL Superfund,"{""external_id"":""SD2571924644"",""geometry_fallback"":""centroid"",""layer"":""SITE_BOUNDARIES_SF""}"
superfund_SDD987673985,GILT EDGE MINE,superfund_npl,44.33029257,-103.67007824,SD,EPA NPL Superfund,"{""external_id"":""SDD987673985"",""geometry_fallback"":""centroid"",""layer"":""SITE_BOUNDARIES_SF""}"
superfund_SDD980717136,WHITEWOOD CREEK,superfund_npl,44.54607287,-103.55311477,SD,EPA NPL Superfund,"{""external_id"":""SDD980717136"",""geometry_fallback"":""centroid"",""layer"":""SITE_BOUNDARIES_SF""}"
superfund_SDD000823559,WILLIAMS PIPE LINE CO. DISPOSAL PIT,superfund_npl,43.54528078,-96.79586932,SD,EPA NPL Superfund,"{""external_id"":""SDD000823559"",""geometry_fallback"":""centroid"",""layer"":""SITE_BOUNDARIES_SF""}"
superfund_TNN000410203,ALAMO CONTAMINATED GROUND WATER,superfund_npl,35.78476424,-89.11710624,TN,EPA NPL Superfund,"{""external_id"":""TNN000410203"",""geometry_fallback"":""centroid"",""layer"":""SITE_BOUNDARIES_SF""}"
superfund_TND007018799,"AMERICAN CREOSOTE WORKS, INC. (JACKSON PLANT)",superfund_npl,35.61017727,-88.83571243,TN,EPA NPL Superfund,"{""external_id"":""TND007018799"",""geometry_fallback"":""centroid"",""layer"":""SITE_BOUNDARIES_SF""}"
superfund_TND980729172,AMNICOLA DUMP,superfund_npl,35.06397889,-85.27539033,TN,EPA NPL Superfund,"{""external_id"":""TND980729172"",""geometry_fallback"":""centroid"",""layer"":""SITE_BOUNDARIES_SF""}"
superfund_TND980468557,ARLINGTON BLENDING & PACKAGING,superfund_npl,35.29968267,-89.65781585,TN,EPA NPL Superfund,"{""external_id"":""TND980468557"",""geometry_fallback"":""centroid"",""layer"":""SITE_BOUNDARIES_SF""}"
superfund_TND044062222,CARRIER AIR CONDITIONING CO.,superfund_npl,35.04138924,-89.69254525,TN,EPA NPL Superfund,"{""external_id"":""TND044062222"",""geometry_fallback"":""centroid"",""layer"":""SITE_BOUNDARIES_SF""}"
superfund_TND987768546,CHEMET CO.,superfund_npl,35.05848160,-89.37386499,TN,EPA NPL Superfund,"{""external_id"":""TND987768546"",""geometry_fallback"":""centroid"",""layer"":""SITE_BOUNDARIES_SF""}"
superfund_TND987768587,CLINCH RIVER CORPORATION,superfund_npl,35.93179693,-84.54021228,TN,EPA NPL Superfund,"{""external_id"":""TND987768587"",""geometry_fallback"":""centroid"",""layer"":""SITE_BOUNDARIES_SF""}"
superfund_TN0001890839,COPPER BASIN MINING DISTRICT,superfund_npl,35.06097490,-84.49586162,TN,EPA NPL Superfund,"{""external_id"":""TN0001890839"",""geometry_fallback"":""centroid"",""layer"":""SITE_BOUNDARIES_SF""}"
superfund_TNN000402275,FORMER CUSTOM CLEANERS,superfund_npl,35.11509354,-89.94472776,TN,EPA NPL Superfund,"{""external_id"":""TNN000402275"",""geometry_fallback"":""centroid"",""layer"":""SITE_BOUNDARIES_SF""}"
superfund_TND980728992,GALLAWAY PITS,superfund_npl,35.35811490,-89.60242793,TN,EPA NPL Superfund,"{""external_id"":""TND980728992"",""geometry_fallback"":""centroid"",""layer"":""SITE_BOUNDARIES_SF""}"
superfund_TND987767795,ICG ISELIN RAILROAD YARD,superfund_npl,35.59990422,-88.79897050,TN,EPA NPL Superfund,"{""external_id"":""TND987767795"",""geometry_fallback"":""centroid"",""layer"":""SITE_BOUNDARIES_SF""}"
superfund_TND073540783,ILLINOIS CENTRAL RAILROAD COMPANY'S JOHNSTON YARD SUPERFUND SITE,superfund_npl,35.07070184,-90.07729825,TN,EPA NPL Superfund,"{""external_id"":""TND073540783"",""geometry_fallback"":""centroid"",""layer"":""SITE_BOUNDARIES_SF""}"
superfund_TND980729115,LEWISBURG DUMP,superfund_npl,35.48140586,-86.78488204,TN,EPA NPL Superfund,"{""external_id"":""TND980729115"",""geometry_fallback"":""centroid"",""layer"":""SITE_BOUNDARIES_SF""}"
superfund_TND075453688,MALLORY CAPACITOR CO.,superfund_npl,35.31782792,-87.75903402,TN,EPA NPL Superfund,"{""external_id"":""TND075453688"",""geometry_fallback"":""centroid"",""layer"":""SITE_BOUNDARIES_SF""}"
superfund_TN4210020570,MEMPHIS DEFENSE DEPOT (DLA),superfund_npl,35.08778053,-89.99943597,TN,EPA NPL Superfund,"{""external_id"":""TN4210020570"",""geometry_fallback"":""centroid"",""layer"":""SITE_BOUNDARIES_SF""}"
superfund_TN0210020582,MILAN ARMY AMMUNITION PLANT,superfund_npl,35.87585850,-88.70242581,TN,EPA NPL Superfund,"{""external_id"":""TN0210020582"",""geometry_fallback"":""centroid"",""layer"":""SITE_BOUNDARIES_SF""}"
superfund_TND980728836,MURRAY-OHIO DUMP,superfund_npl,35.21170242,-87.38549489,TN,EPA NPL Superfund,"{""external_id"":""TND980728836"",""geometry_fallback"":""centroid"",""layer"":""SITE_BOUNDARIES_SF""}"
superfund_TNSFN0407047,NATIONAL FIREWORKS,superfund_npl,35.16012706,-89.75015431,TN,EPA NPL Superfund,"{""external_id"":""TNSFN0407047"",""geometry_fallback"":""centroid"",""layer"":""SITE_BOUNDARIES_SF""}"
superfund_TND980558894,NORTH HOLLYWOOD DUMP,superfund_npl,35.18557203,-89.97638589,TN,EPA NPL Superfund,"{""external_id"":""TND980558894"",""geometry_fallback"":""centroid"",""layer"":""SITE_BOUNDARIES_SF""}"
superfund_TN1890090003,OAK RIDGE RESERVATION (USDOE),superfund_npl,35.94349893,-84.31425041,TN,EPA NPL Superfund,"{""external_id"":""TN1890090003"",""geometry_fallback"":""centroid"",""layer"":""SITE_BOUNDARIES_SF""}"
superfund_TND096070396,ROSS METALS INC.,superfund_npl,35.04952293,-89.54831185,TN,EPA NPL Superfund,"{""external_id"":""TND096070396"",""geometry_fallback"":""centroid"",""layer"":""SITE_BOUNDARIES_SF""}"
superfund_TND987790300,SIXTY ONE INDUSTRIAL PARK,superfund_npl,34.99829535,-90.12931896,TN,EPA NPL Superfund,"{""external_id"":""TND987790300"",""geometry_fallback"":""centroid"",""layer"":""SITE_BOUNDARIES_SF""}"
superfund_TNN000407378,SMALLEY-PIPER,superfund_npl,35.04462137,-89.68550263,TN,EPA NPL Superfund,"{""external_id"":""TNN000407378"",""geometry_fallback"":""centroid"",""layer"":""SITE_BOUNDARIES_SF""}"
superfund_TND098071061,SMOKEY MOUNTAIN SMELTERS,superfund_npl,35.91803377,-83.92725969,TN,EPA NPL Superfund,"{""external_id"":""TND098071061"",""geometry_fallback"":""centroid"",""layer"":""SITE_BOUNDARIES_SF""}"
superfund_TNN000410686,SOUTHSIDE CHATTANOOGA LEAD,superfund_npl,35.01466907,-85.28557454,TN,EPA NPL Superfund,"{""external_id"":""TNN000410686"",""geometry_fallback"":""centroid"",""layer"":""SITE_BOUNDARIES_SF""}"
superfund_TND071516959,TENNESSEE PRODUCTS,superfund_npl,34.99591220,-85.31153950,TN,EPA NPL Superfund,"{""external_id"":""TND071516959"",""geometry_fallback"":""centroid"",""layer"":""SITE_BOUNDARIES_SF""}"
superfund_TND980559033,VELSICOL CHEMICAL CORP. (HARDEMAN COUNTY),superfund_npl,35.39186229,-88.93231765,TN,EPA NPL Superfund,"{""external_id"":""TND980559033"",""geometry_fallback"":""centroid"",""layer"":""SITE_BOUNDARIES_SF""}"
superfund_TNN000410124,"WALKER MACHINE PRODUCTS, INC.",superfund_npl,35.04172756,-89.65310720,TN,EPA NPL Superfund,"{""external_id"":""TNN000410124"",""geometry_fallback"":""centroid"",""layer"":""SITE_BOUNDARIES_SF""}"
superfund_TND980844781,WRIGLEY CHARCOAL PLANT,superfund_npl,35.90335710,-87.34983194,TN,EPA NPL Superfund,"{""external_id"":""TND980844781"",""geometry_fallback"":""centroid"",""layer"":""SITE_BOUNDARIES_SF""}"
superfund_TX7572024605,AIR FORCE PLANT #4 (GENERAL DYNAMICS),superfund_npl,32.77152102,-97.44026528,TX,EPA NPL Superfund,"{""external_id"":""TX7572024605"",""geometry_fallback"":""centroid"",""layer"":""SITE_BOUNDARIES_SF""}"
superfund_TXD008123168,ALCOA (POINT COMFORT)/LAVACA BAY,superfund_npl,28.65433393,-96.55467487,TX,EPA NPL Superfund,"{""external_id"":""TXD008123168"",""geometry_fallback"":""centroid"",""layer"":""SITE_BOUNDARIES_SF""}"
superfund_TXD980864649,BAILEY WASTE DISPOSAL,superfund_npl,29.99048164,-93.87230298,TX,EPA NPL Superfund,"{""external_id"":""TXD980864649"",""geometry_fallback"":""centroid"",""layer"":""SITE_BOUNDARIES_SF""}"
superfund_TXN000606565,BANDERA ROAD GROUND WATER PLUME,superfund_npl,29.49366212,-98.61731043,TX,EPA NPL Superfund,"{""external_id"":""TXN000606565"",""geometry_fallback"":""centroid"",""layer"":""SITE_BOUNDARIES_SF""}"
superfund_TXD980340889,"BIO-ECOLOGY SYSTEMS, INC.",superfund_npl,32.74413284,-96.93660951,TX,EPA NPL Superfund,"{""external_id"":""TXD980340889"",""geometry_fallback"":""centroid"",""layer"":""SITE_BOUNDARIES_SF""}"
superfund_TX0000605264,BRINE SERVICE COMPANY,superfund_npl,27.81729501,-97.50878890,TX,EPA NPL Superfund,"{""external_id"":""TX0000605264"",""geometry_fallback"":""centroid"",""layer"":""SITE_BOUNDARIES_SF""}"
superfund_TXD980625453,"BRIO REFINING, INC.",superfund_npl,29.57179677,-95.20333189,TX,EPA NPL Superfund,"{""external_id"":""TXD980625453"",""geometry_fallback"":""centroid"",""layer"":""SITE_BOUNDARIES_SF""}"
superfund_TXN000606965,CIRCLE COURT GROUND WATER PLUME,superfund_npl,32.74392689,-97.67999476,TX,EPA NPL Superfund,"{""external_id"":""TXN000606965"",""geometry_fallback"":""centroid"",""layer"":""SITE_BOUNDARIES_SF""}"
superfund_TX0001399435,CITY OF PERRYTON WELL NO. 2,superfund_npl,36.39936232,-100.80523404,TX,EPA NPL Superfund,"{""external_id"":""TX0001399435"",""geometry_fallback"":""centroid"",""layer"":""SITE_BOUNDARIES_SF""}"
superfund_TXD008091951,CONROE CREOSOTING CO.,superfund_npl,30.32121943,-95.43537337,TX,EPA NPL Superfund,"{""external_id"":""TXD008091951"",""geometry_fallback"":""centroid"",""layer"":""SITE_BOUNDARIES_SF""}"
superfund_TXD990707010,CRYSTAL CHEMICAL CO.,superfund_npl,29.72122369,-95.56421552,TX,EPA NPL Superfund,"{""external_id"":""TXD990707010"",""geometry_fallback"":""centroid"",""layer"":""SITE_BOUNDARIES_SF""}"
superfund_TXD980864763,CRYSTAL CITY AIRPORT,superfund_npl,28.69906066,-99.81750290,TX,EPA NPL Superfund,"{""external_id"":""TXD980864763"",""geometry_fallback"":""centroid"",""layer"":""SITE_BOUNDARIES_SF""}"
superfund_TXD988034328,DELFASCO FORGE,superfund_npl,32.75155234,-96.96013627,TX,EPA NPL Superfund,"{""external_id"":""TXD988034328"",""geometry_fallback"":""centroid"",""layer"":""SITE_BOUNDARIES_SF""}"
superfund_TXD089793046,"DIXIE OIL PROCESSORS, INC.",superfund_npl,29.56871696,-95.20482268,TX,EPA NPL Superfund,"{""external_id"":""TXD089793046"",""geometry_fallback"":""centroid"",""layer"":""SITE_BOUNDARIES_SF""}"
superfund_TX0000605363,DONNA RESERVOIR AND CANAL SYSTEM,superfund_npl,26.14742782,-98.08203320,TX,EPA NPL Superfund,"{""external_id"":""TX0000605363"",""geometry_fallback"":""centroid"",""layer"":""SITE_BOUNDARIES_SF""}"
superfund_TXN000606614,EAST 67TH STREET GROUND WATER PLUME,superfund_npl,31.90846610,-102.38701848,TX,EPA NPL Superfund,"{""external_id"":""TXN000606614"",""geometry_fallback"":""centroid"",""layer"":""SITE_BOUNDARIES_SF""}"
superfund_TXD057567216,"ELDORADO CHEMICAL CO., INC.",superfund_npl,29.56894215,-98.35062963,TX,EPA NPL Superfund,"{""external_id"":""TXD057567216"",""geometry_fallback"":""centroid"",""layer"":""SITE_BOUNDARIES_SF""}"
superfund_TXD086278058,FALCON REFINERY,superfund_npl,27.85995475,-97.17464738,TX,EPA NPL Superfund,"{""external_id"":""TXD086278058"",""geometry_fallback"":""centroid"",""layer"":""SITE_BOUNDARIES_SF""}"
superfund_TXD980514814,"FRENCH, LTD.",superfund_npl,29.87937934,-95.07508681,TX,EPA NPL Superfund,"{""external_id"":""TXD980514814"",""geometry_fallback"":""centroid"",""layer"":""SITE_BOUNDARIES_SF""}"
superfund_TXD007330053,GARLAND CREOSOTING,superfund_npl,32.44221773,-94.71183627,TX,EPA NPL Superfund,"{""external_id"":""TXD007330053"",""geometry_fallback"":""centroid"",""layer"":""SITE_BOUNDARIES_SF""}"
superfund_TXD980748453,GENEVA INDUSTRIES/FUHRMANN ENERGY,superfund_npl,29.65976479,-95.25031472,TX,EPA NPL Superfund,"{""external_id"":""TXD980748453"",""geometry_fallback"":""centroid"",""layer"":""SITE_BOUNDARIES_SF""}"
superfund_TXD055144539,GULFCO MARINE MAINTENANCE,superfund_npl,28.96769175,-95.28932825,TX,EPA NPL Superfund,"{""external_id"":""TXD055144539"",""geometry_fallback"":""centroid"",""layer"":""SITE_BOUNDARIES_SF""}"
superfund_TXD980745582,HARRIS (FARLEY STREET),superfund_npl,29.62534278,-95.16290618,TX,EPA NPL Superfund,"{""external_id"":""TXD980745582"",""geometry_fallback"":""centroid"",""layer"":""SITE_BOUNDARIES_SF""}"
superfund_TXD050299577,HART CREOSOTING COMPANY,superfund_npl,30.89284336,-93.99499133,TX,EPA NPL Superfund,"{""external_id"":""TXD050299577"",""geometry_fallback"":""centroid"",""layer"":""SITE_BOUNDARIES_SF""}"
superfund_TXD980514996,HIGHLANDS ACID PIT,superfund_npl,29.81368728,-95.07992777,TX,EPA NPL Superfund,"{""external_id"":""TXD980514996"",""geometry_fallback"":""centroid"",""layer"":""SITE_BOUNDARIES_SF""}"
superfund_TXN000606716,HIGHWAY 18 GROUND WATER,superfund_npl,31.85283682,-103.09148507,TX,EPA NPL Superfund,"{""external_id"":""TXN000606716"",""geometry_fallback"":""centroid"",""layer"":""SITE_BOUNDARIES_SF""}"
superfund_TXD008096240,JASPER CREOSOTING COMPANY INC.,superfund_npl,30.93348331,-93.98294695,TX,EPA NPL Superfund,"{""external_id"":""TXD008096240"",""geometry_fallback"":""centroid"",""layer"":""SITE_BOUNDARIES_SF""}"
superfund_TXN000605460,JONES ROAD GROUND WATER PLUME,superfund_npl,29.94240031,-95.58668904,TX,EPA NPL Superfund,"{""external_id"":""TXN000605460"",""geometry_fallback"":""centroid"",""layer"":""SITE_BOUNDARIES_SF""}"
superfund_TXD980623904,"KOPPERS CO., INC. (TEXARKANA PLANT)",superfund_npl,33.41815915,-94.06617793,TX,EPA NPL Superfund,"{""external_id"":""TXD980623904"",""geometry_fallback"":""centroid"",""layer"":""SITE_BOUNDARIES_SF""}"
superfund_TXN000605240,"LANE PLATING WORKS, INC",superfund_npl,32.68763512,-96.76874701,TX,EPA NPL Superfund,"{""external_id"":""TXN000605240"",""geometry_fallback"":""centroid"",""layer"":""SITE_BOUNDARIES_SF""}"
superfund_TX7213821831,LONE STAR ARMY AMMUNITION PLANT,superfund_npl,33.41904699,-94.25181701,TX,EPA NPL Superfund,"{""external_id"":""TX7213821831"",""geometry_fallback"":""centroid"",""layer"":""SITE_BOUNDARIES_SF""}"
superfund_TX6213820529,LONGHORN ARMY AMMUNITION PLANT,superfund_npl,32.67097496,-94.13645214,TX,EPA NPL Superfund,"{""external_id"":""TX6213820529"",""geometry_fallback"":""centroid"",""layer"":""SITE_BOUNDARIES_SF""}"
superfund_TXN000607441,MAIN STREET GROUND WATER PLUME,superfund_npl,30.73760865,-98.22517393,TX,EPA NPL Superfund,"{""external_id"":""TXN000607441"",""geometry_fallback"":""centroid"",""layer"":""SITE_BOUNDARIES_SF""}"
superfund_TXD980864789,MALONE SERVICE CO - SWAN LAKE PLANT,superfund_npl,29.33275971,-94.90409384,TX,EPA NPL Superfund,"{""external_id"":""TXD980864789"",""geometry_fallback"":""centroid"",""layer"":""SITE_BOUNDARIES_SF""}"
superfund_TXD008083404,"MANY DIVERSIFIED INTERESTS, INC.",superfund_npl,29.76912091,-95.33211596,TX,EPA NPL Superfund,"{""external_id"":""TXD008083404"",""geometry_fallback"":""centroid"",""layer"":""SITE_BOUNDARIES_SF""}"
superfund_TXN000606668,MIDESSA GROUND WATER PLUME,superfund_npl,31.90548929,-102.23074592,TX,EPA NPL Superfund,"{""external_id"":""TXN000606668"",""geometry_fallback"":""centroid"",""layer"":""SITE_BOUNDARIES_SF""}"
superfund_TXD980629851,"MOTCO, INC.",superfund_npl,29.33450739,-94.93359033,TX,EPA NPL Superfund,"{""external_id"":""TXD980629851"",""geometry_fallback"":""centroid"",""layer"":""SITE_BOUNDARIES_SF""}"
superfund_TXD980873343,NORTH CAVALCADE STREET,superfund_npl,29.80650952,-95.34955352,TX,EPA NPL Superfund,"{""external_id"":""TXD980873343"",""geometry_fallback"":""centroid"",""layer"":""SITE_BOUNDARIES_SF""}"
superfund_TXN000606760,NORTH EAST 2ND STREET SITE,superfund_npl,34.74568715,-101.85518353,TX,EPA NPL Superfund,"{""external_id"":""TXN000606760"",""geometry_fallback"":""centroid"",""layer"":""SITE_BOUNDARIES_SF""}"
superfund_TXN000607499,NORTHWEST ODESSA GROUNDWATER,superfund_npl,31.89380726,-102.39224683,TX,EPA NPL Superfund,"{""external_id"":""TXN000607499"",""geometry_fallback"":""centroid"",""layer"":""SITE_BOUNDARIES_SF""}"
superfund_TXD980867279,ODESSA CHROMIUM #1,superfund_npl,31.88310950,-102.40540156,TX,EPA NPL Superfund,"{""external_id"":""TXD980867279"",""geometry_fallback"":""centroid"",""layer"":""SITE_BOUNDARIES_SF""}"
superfund_TXD980697114,ODESSA CHROMIUM #2 (ANDREWS HIGHWAY),superfund_npl,31.89376143,-102.39115427,TX,EPA NPL Superfund,"{""external_id"":""TXD980697114"",""geometry_fallback"":""centroid"",""layer"":""SITE_BOUNDARIES_SF""}"
superfund_TXD980513808,OLD ESCO MANUFACTURING,superfund_npl,33.13869025,-96.07578325,TX,EPA NPL Superfund,"{""external_id"":""TXD980513808"",""geometry_fallback"":""centroid"",""layer"":""SITE_BOUNDARIES_SF""}"
superfund_TXD068104561,PALMER BARGE LINE,superfund_npl,29.96249513,-93.85915136,TX,EPA NPL Superfund,"{""external_id"":""TXD068104561"",""geometry_fallback"":""centroid"",""layer"":""SITE_BOUNDARIES_SF""}"
superfund_TX4890110527,PANTEX PLANT (USDOE),superfund_npl,35.32904701,-101.57768704,TX,EPA NPL Superfund,"{""external_id"":""TX4890110527"",""geometry_fallback"":""centroid"",""layer"":""SITE_BOUNDARIES_SF""}"
superfund_TX0000605329,PATRICK BAYOU,superfund_npl,29.73260409,-95.11356040,TX,EPA NPL Superfund,"{""external_id"":""TX0000605329"",""geometry_fallback"":""centroid"",""layer"":""SITE_BOUNDARIES_SF""}"
superfund_TXD980699656,PESSES CHEMICAL CO.,superfund_npl,32.71718147,-97.32613702,TX,EPA NPL Superfund,"{""external_id"":""TXD980699656"",""geometry_fallback"":""centroid"",""layer"":""SITE_BOUNDARIES_SF""}"
superfund_TXD980873350,"PETRO-CHEMICAL SYSTEMS, INC. (TURTLE BAYOU)",superfund_npl,29.91908208,-94.68299433,TX,EPA NPL Superfund,"{""external_id"":""TXD980873350"",""geometry_fallback"":""centroid"",""layer"":""SITE_BOUNDARIES_SF""}"
superfund_TXD057577579,R & H OIL/TROPICANA ENERGY,superfund_npl,29.37117666,-98.53815639,TX,EPA NPL Superfund,"{""external_id"":""TXD057577579"",""geometry_fallback"":""centroid"",""layer"":""SITE_BOUNDARIES_SF""}"
superfund_TXN000606915,RIVER CITY METAL FINISHING,superfund_npl,29.43015413,-98.73171012,TX,EPA NPL Superfund,"{""external_id"":""TXN000606915"",""geometry_fallback"":""centroid"",""layer"":""SITE_BOUNDARIES_SF""}"
superfund_TXD066379645,ROCKWOOL INDUSTRIES INC.,superfund_npl,31.05061737,-97.44145125,TX,EPA NPL Superfund,"{""external_id"":""TXD066379645"",""geometry_fallback"":""centroid"",""layer"":""SITE_BOUNDARIES_SF""}"
superfund_TXD079348397,RSR CORPORATION,superfund_npl,32.77316032,-96.87991026,TX,EPA NPL Superfund,"{""external_id"":""TXD079348397"",""geometry_fallback"":""centroid"",""layer"":""SITE_BOUNDARIES_SF""}"
superfund_TXN000606611,SAN JACINTO RIVER WASTE PITS,superfund_npl,29.79352243,-95.06509153,TX,EPA NPL Superfund,"{""external_id"":""TXN000606611"",""geometry_fallback"":""centroid"",""layer"":""SITE_BOUNDARIES_SF""}"
superfund_TXN000605649,SANDY BEACH ROAD GROUND WATER PLUME,superfund_npl,32.92325183,-97.52546510,TX,EPA NPL Superfund,"{""external_id"":""TXN000605649"",""geometry_fallback"":""centroid"",""layer"":""SITE_BOUNDARIES_SF""}"
superfund_TXD062132147,SHERIDAN DISPOSAL SERVICES,superfund_npl,30.20516202,-96.13475176,TX,EPA NPL Superfund,"{""external_id"":""TXD062132147"",""geometry_fallback"":""centroid"",""layer"":""SITE_BOUNDARIES_SF""}"
superfund_TXD980513956,SIKES DISPOSAL PITS,superfund_npl,29.88077168,-95.08758430,TX,EPA NPL Superfund,"{""external_id"":""TXD980513956"",""geometry_fallback"":""centroid"",""layer"":""SITE_BOUNDARIES_SF""}"
superfund_TXD980873327,SOL LYNN/INDUSTRIAL TRANSFORMERS,superfund_npl,29.68006567,-95.39838287,TX,EPA NPL Superfund,"{""external_id"":""TXD980873327"",""geometry_fallback"":""centroid"",""layer"":""SITE_BOUNDARIES_SF""}"
superfund_TXD980810386,SOUTH CAVALCADE STREET,superfund_npl,29.79830993,-95.34826690,TX,EPA NPL Superfund,"{""external_id"":""TXD980810386"",""geometry_fallback"":""centroid"",""layer"":""SITE_BOUNDARIES_SF""}"
superfund_TX0001407444,SPRAGUE ROAD GROUND WATER PLUME,superfund_npl,31.91710011,-102.42754950,TX,EPA NPL Superfund,"{""external_id"":""TX0001407444"",""geometry_fallback"":""centroid"",""layer"":""SITE_BOUNDARIES_SF""}"
superfund_TX0001414341,STAR LAKE CANAL,superfund_npl,29.97281593,-93.90680328,TX,EPA NPL Superfund,"{""external_id"":""TX0001414341"",""geometry_fallback"":""centroid"",""layer"":""SITE_BOUNDARIES_SF""}"
superfund_TXD099801102,STATE MARINE OF PORT ARTHUR,superfund_npl,29.96038175,-93.86019666,TX,EPA NPL Superfund,"{""external_id"":""TXD099801102"",""geometry_fallback"":""centroid"",""layer"":""SITE_BOUNDARIES_SF""}"
superfund_TXSFN0605177,STATE ROAD 114 GROUNDWATER PLUME,superfund_npl,33.59644189,-102.40890974,TX,EPA NPL Superfund,"{""external_id"":""TXSFN0605177"",""geometry_fallback"":""centroid"",""layer"":""SITE_BOUNDARIES_SF""}"
superfund_TXD055337281,"STEWCO, INC.",superfund_npl,32.46673905,-94.07070841,TX,EPA NPL Superfund,"{""external_id"":""TXD055337281"",""geometry_fallback"":""centroid"",""layer"":""SITE_BOUNDARIES_SF""}"
superfund_TXD062113329,TEX-TIN CORP.,superfund_npl,29.34994239,-94.91548501,TX,EPA NPL Superfund,"{""external_id"":""TXD062113329"",""geometry_fallback"":""centroid"",""layer"":""SITE_BOUNDARIES_SF""}"
superfund_TXD008056152,TEXARKANA WOOD PRESERVING CO.,superfund_npl,33.40674646,-94.05329613,TX,EPA NPL Superfund,"{""external_id"":""TXD008056152"",""geometry_fallback"":""centroid"",""layer"":""SITE_BOUNDARIES_SF""}"
superfund_TXD055143705,TRIANGLE CHEMICAL CO.,superfund_npl,30.05809862,-93.80878666,TX,EPA NPL Superfund,"{""external_id"":""TXD055143705"",""geometry_fallback"":""centroid"",""layer"":""SITE_BOUNDARIES_SF""}"
superfund_TXD980745574,UNITED CREOSOTING CO.,superfund_npl,30.33265063,-95.45771304,TX,EPA NPL Superfund,"{""external_id"":""TXD980745574"",""geometry_fallback"":""centroid"",""layer"":""SITE_BOUNDARIES_SF""}"
superfund_TXN000607093,US OIL RECOVERY,superfund_npl,29.71696116,-95.22046777,TX,EPA NPL Superfund,"{""external_id"":""TXN000607093"",""geometry_fallback"":""centroid"",""layer"":""SITE_BOUNDARIES_SF""}"
superfund_TXD007357932,VAN DER HORST USA CORPORATION,superfund_npl,32.73403280,-96.27382606,TX,EPA NPL Superfund,"{""external_id"":""TXD007357932"",""geometry_fallback"":""centroid"",""layer"":""SITE_BOUNDARIES_SF""}"
superfund_TXN000606992,WEST COUNTY ROAD 112 GROUND WATER,superfund_npl,31.96175539,-102.09102893,TX,EPA NPL Superfund,"{""external_id"":""TXN000606992"",""geometry_fallback"":""centroid"",""layer"":""SITE_BOUNDARIES_SF""}"
superfund_UTD981548985,700 SOUTH 1600 EAST PCE PLUME,superfund_npl,40.75333215,-111.84998291,UT,EPA NPL Superfund,"{""external_id"":""UTD981548985"",""geometry_fallback"":""centroid"",""layer"":""SITE_BOUNDARIES_SF""}"
superfund_UT0008921894,BOUNTIFUL 5 POINTS PCE PLUME (TCRA),superfund_npl,40.87424267,-111.88589190,UT,EPA NPL Superfund,"{""external_id"":""UT0008921894"",""geometry_fallback"":""centroid"",""layer"":""SITE_BOUNDARIES_SF""}"
superfund_UT0001119296,BOUNTIFUL/WOODS CROSS 5TH S. PCE PLUME,superfund_npl,40.88768912,-111.90434218,UT,EPA NPL Superfund,"{""external_id"":""UT0001119296"",""geometry_fallback"":""centroid"",""layer"":""SITE_BOUNDARIES_SF""}"
superfund_UTD988075719,DAVENPORT AND FLAGSTAFF SMELTERS,superfund_npl,40.57633229,-111.79377499,UT,EPA NPL Superfund,"{""external_id"":""UTD988075719"",""geometry_fallback"":""centroid"",""layer"":""SITE_BOUNDARIES_SF""}"
superfund_UT0002240158,EUREKA MILLS,superfund_npl,39.95367181,-112.11419336,UT,EPA NPL Superfund,"{""external_id"":""UT0002240158"",""geometry_fallback"":""centroid"",""layer"":""SITE_BOUNDARIES_SF""}"
superfund_UTN000802654,FIVE POINTS PCE PLUME,superfund_npl,40.87328681,-111.89472333,UT,EPA NPL Superfund,"{""external_id"":""UTN000802654"",""geometry_fallback"":""centroid"",""layer"":""SITE_BOUNDARIES_SF""}"
superfund_UT0571724350,HILL AIR FORCE BASE,superfund_npl,41.12814938,-111.99131001,UT,EPA NPL Superfund,"{""external_id"":""UT0571724350"",""geometry_fallback"":""centroid"",""layer"":""SITE_BOUNDARIES_SF""}"
superfund_UT0001277359,INTERMOUNTAIN WASTE OIL REFINERY,superfund_npl,40.87935801,-111.89079216,UT,EPA NPL Superfund,"{""external_id"":""UT0001277359"",""geometry_fallback"":""centroid"",""layer"":""SITE_BOUNDARIES_SF""}"
superfund_UTD093120921,INTERNATIONAL SMELTING AND REFINING,superfund_npl,40.55410217,-112.24042784,UT,EPA NPL Superfund,"{""external_id"":""UTD093120921"",""geometry_fallback"":""centroid"",""layer"":""SITE_BOUNDARIES_SF""}"
superfund_UT0002391472,JACOBS SMELTER,superfund_npl,40.44792169,-112.36993921,UT,EPA NPL Superfund,"{""external_id"":""UT0002391472"",""geometry_fallback"":""centroid"",""layer"":""SITE_BOUNDARIES_SF""}"
superfund_UTD070926811,KENNECOTT (NORTH ZONE),superfund_npl,40.73406216,-112.14103374,UT,EPA NPL Superfund,"{""external_id"":""UTD070926811"",""geometry_fallback"":""centroid"",""layer"":""SITE_BOUNDARIES_SF""}"
superfund_UTD000826404,KENNECOTT (SOUTH ZONE),superfund_npl,40.55690303,-112.01875834,UT,EPA NPL Superfund,"{""external_id"":""UTD000826404"",""geometry_fallback"":""centroid"",""layer"":""SITE_BOUNDARIES_SF""}"
superfund_UTD081834277,MIDVALE SLAG,superfund_npl,40.62131863,-111.91579658,UT,EPA NPL Superfund,"{""external_id"":""UTD081834277"",""geometry_fallback"":""centroid"",""layer"":""SITE_BOUNDARIES_SF""}"
superfund_UT3890090035,MONTICELLO MILL TAILINGS (USDOE),superfund_npl,37.85674889,-109.31831489,UT,EPA NPL Superfund,"{""external_id"":""UT3890090035"",""geometry_fallback"":""centroid"",""layer"":""SITE_BOUNDARIES_SF""}"
superfund_UTD980667208,MONTICELLO RADIOACTIVELY CONTAMINATED PROPERTIES,superfund_npl,37.87474184,-109.32876345,UT,EPA NPL Superfund,"{""external_id"":""UTD980667208"",""geometry_fallback"":""centroid"",""layer"":""SITE_BOUNDARIES_SF""}"
superfund_UTD980951420,MURRAY SMELTER,superfund_npl,40.65723797,-111.89250367,UT,EPA NPL Superfund,"{""external_id"":""UTD980951420"",""geometry_fallback"":""centroid"",""layer"":""SITE_BOUNDARIES_SF""}"
superfund_UT9210020922,OGDEN DEFENSE DEPOT (DLA),superfund_npl,41.26179265,-111.99873394,UT,EPA NPL Superfund,"{""external_id"":""UT9210020922"",""geometry_fallback"":""centroid"",""layer"":""SITE_BOUNDARIES_SF""}"
superfund_UTD093119196,PETROCHEM RECYCLING CORP./EKOTEK PLANT,superfund_npl,40.80275837,-111.91750235,UT,EPA NPL Superfund,"{""external_id"":""UTD093119196"",""geometry_fallback"":""centroid"",""layer"":""SITE_BOUNDARIES_SF""}"
superfund_UTD980718670,PORTLAND CEMENT (KILN DUST 2 & 3),superfund_npl,40.74731685,-111.94421677,UT,EPA NPL Superfund,"{""external_id"":""UTD980718670"",""geometry_fallback"":""centroid"",""layer"":""SITE_BOUNDARIES_SF""}"
superfund_UTD980952840,RICHARDSON FLAT TAILINGS,superfund_npl,40.70688791,-111.46697173,UT,EPA NPL Superfund,"{""external_id"":""UTD980952840"",""geometry_fallback"":""centroid"",""layer"":""SITE_BOUNDARIES_SF""}"
superfund_UTD980635452,ROSE PARK SLUDGE PIT,superfund_npl,40.79998804,-111.92283509,UT,EPA NPL Superfund,"{""external_id"":""UTD980635452"",""geometry_fallback"":""centroid"",""layer"":""SITE_BOUNDARIES_SF""}"
superfund_UTD980951388,SHARON STEEL CORP. (MIDVALE TAILINGS),superfund_npl,40.60689967,-111.91058950,UT,EPA NPL Superfund,"{""external_id"":""UTD980951388"",""geometry_fallback"":""centroid"",""layer"":""SITE_BOUNDARIES_SF""}"
superfund_UT3213820894,TOOELE ARMY DEPOT (NORTH AREA),superfund_npl,40.52645863,-112.41416893,UT,EPA NPL Superfund,"{""external_id"":""UT3213820894"",""geometry_fallback"":""centroid"",""layer"":""SITE_BOUNDARIES_SF""}"
superfund_UTN000802704,US MAGNESIUM,superfund_npl,40.91562075,-112.73425302,UT,EPA NPL Superfund,"{""external_id"":""UTN000802704"",""geometry_fallback"":""centroid"",""layer"":""SITE_BOUNDARIES_SF""}"
superfund_UTD980667240,UTAH POWER & LIGHT/AMERICAN BARREL CO.,superfund_npl,40.77034784,-111.90682951,UT,EPA NPL Superfund,"{""external_id"":""UTD980667240"",""geometry_fallback"":""centroid"",""layer"":""SITE_BOUNDARIES_SF""}"
superfund_UTD000716399,WASATCH CHEMICAL CO. (LOT 6),superfund_npl,40.72900243,-111.90992396,UT,EPA NPL Superfund,"{""external_id"":""UTD000716399"",""geometry_fallback"":""centroid"",""layer"":""SITE_BOUNDARIES_SF""}"
superfund_VAD980551683,ABEX CORP.,superfund_npl,36.82664217,-76.30447521,VA,EPA NPL Superfund,"{""external_id"":""VAD980551683"",""geometry_fallback"":""centroid"",""layer"":""SITE_BOUNDARIES_SF""}"
superfund_VAD042916361,"ARROWHEAD ASSOCIATES, INC./SCOVILL CORP.",superfund_npl,38.08722005,-76.79033211,VA,EPA NPL Superfund,"{""external_id"":""VAD042916361"",""geometry_fallback"":""centroid"",""layer"":""SITE_BOUNDARIES_SF""}"
superfund_VAD990710410,"ATLANTIC WOOD INDUSTRIES, INC.",superfund_npl,36.80687475,-76.29665523,VA,EPA NPL Superfund,"{""external_id"":""VAD990710410"",""geometry_fallback"":""centroid"",""layer"":""SITE_BOUNDARIES_SF""}"
superfund_VAD070358684,"AVTEX FIBERS, INC.",superfund_npl,38.92523328,-78.21254790,VA,EPA NPL Superfund,"{""external_id"":""VAD070358684"",""geometry_fallback"":""centroid"",""layer"":""SITE_BOUNDARIES_SF""}"
superfund_VAD089027973,BUCKINGHAM COUNTY LANDFILL,superfund_npl,37.51540871,-78.51528603,VA,EPA NPL Superfund,"{""external_id"":""VAD089027973"",""geometry_fallback"":""centroid"",""layer"":""SITE_BOUNDARIES_SF""}"
superfund_VAD049957913,"C & R BATTERY CO., INC.",superfund_npl,37.41802222,-77.41467666,VA,EPA NPL Superfund,"{""external_id"":""VAD049957913"",""geometry_fallback"":""centroid"",""layer"":""SITE_BOUNDARIES_SF""}"
superfund_VAD980712913,CHISMAN CREEK,superfund_npl,37.17719711,-76.46168314,VA,EPA NPL Superfund,"{""external_id"":""VAD980712913"",""geometry_fallback"":""centroid"",""layer"":""SITE_BOUNDARIES_SF""}"
superfund_VAD059165282,"CULPEPER WOOD PRESERVERS, INC.",superfund_npl,38.48405156,-77.95937776,VA,EPA NPL Superfund,"{""external_id"":""VAD059165282"",""geometry_fallback"":""centroid"",""layer"":""SITE_BOUNDARIES_SF""}"
superfund_VA3971520751,DEFENSE GENERAL SUPPLY CENTER (DLA),superfund_npl,37.41889948,-77.44763162,VA,EPA NPL Superfund,"{""external_id"":""VA3971520751"",""geometry_fallback"":""centroid"",""layer"":""SITE_BOUNDARIES_SF""}"
superfund_VAD980552095,DIXIE CAVERNS COUNTY LANDFILL,superfund_npl,37.26100890,-80.19292050,VA,EPA NPL Superfund,"{""external_id"":""VAD980552095"",""geometry_fallback"":""centroid"",""layer"":""SITE_BOUNDARIES_SF""}"
superfund_VAD980554984,FIRST PIEDMONT CORP. ROCK QUARRY (ROUTE 719),superfund_npl,36.66632971,-79.34901708,VA,EPA NPL Superfund,"{""external_id"":""VAD980554984"",""geometry_fallback"":""centroid"",""layer"":""SITE_BOUNDARIES_SF""}"
superfund_VAD123933426,FORMER NANSEMOND ORDNANCE DEPOT,superfund_npl,36.89842476,-76.43149978,VA,EPA NPL Superfund,"{""external_id"":""VAD123933426"",""geometry_fallback"":""centroid"",""layer"":""SITE_BOUNDARIES_SF""}"
superfund_VA6210020321,FORT EUSTIS (US ARMY),superfund_npl,37.13228630,-76.58891174,VA,EPA NPL Superfund,"{""external_id"":""VA6210020321"",""geometry_fallback"":""centroid"",""layer"":""SITE_BOUNDARIES_SF""}"
superfund_VAD003125374,GREENWOOD CHEMICAL CO.,superfund_npl,38.04362230,-78.78510023,VA,EPA NPL Superfund,"{""external_id"":""VAD003125374"",""geometry_fallback"":""centroid"",""layer"":""SITE_BOUNDARIES_SF""}"
superfund_VAD980539878,"H & H INC., BURN PIT",superfund_npl,37.72494081,-77.58546291,VA,EPA NPL Superfund,"{""external_id"":""VAD980539878"",""geometry_fallback"":""centroid"",""layer"":""SITE_BOUNDARIES_SF""}"
superfund_VAD980829030,HIDDEN LANE LANDFILL,superfund_npl,39.06101850,-77.42164926,VA,EPA NPL Superfund,"{""external_id"":""VAD980829030"",""geometry_fallback"":""centroid"",""layer"":""SITE_BOUNDARIES_SF""}"
superfund_VAD077923449,KIM-STAN LANDFILL,superfund_npl,37.80024271,-79.86137749,VA,EPA NPL Superfund,"{""external_id"":""VAD077923449"",""geometry_fallback"":""centroid"",""layer"":""SITE_BOUNDARIES_SF""}"
superfund_VAD007972482,L.A. CLARKE & SON,superfund_npl,38.23441601,-77.43057367,VA,EPA NPL Superfund,"{""external_id"":""VAD007972482"",""geometry_fallback"":""centroid"",""layer"":""SITE_BOUNDARIES_SF""}"
superfund_VA2800005033,LANGLEY AIR FORCE BASE/NASA LANGLEY RESEARCH CENTER,superfund_npl,37.08946690,-76.37107764,VA,EPA NPL Superfund,"{""external_id"":""VA2800005033"",""geometry_fallback"":""centroid"",""layer"":""SITE_BOUNDARIES_SF""}"
superfund_VA1170024722,MARINE CORPS COMBAT DEVELOPMENT COMMAND,superfund_npl,38.55132833,-77.45691459,VA,EPA NPL Superfund,"{""external_id"":""VA1170024722"",""geometry_fallback"":""centroid"",""layer"":""SITE_BOUNDARIES_SF""}"
superfund_VAD980712970,MATTHEWS ELECTROPLATING,superfund_npl,37.25710245,-80.16711055,VA,EPA NPL Superfund,"{""external_id"":""VAD980712970"",""geometry_fallback"":""centroid"",""layer"":""SITE_BOUNDARIES_SF""}"
superfund_VA8800010763,NASA WALLOPS FLIGHT FACILITY,superfund_npl,37.88602063,-75.46733052,VA,EPA NPL Superfund,"{""external_id"":""VA8800010763"",""geometry_fallback"":""centroid"",""layer"":""SITE_BOUNDARIES_SF""}"
superfund_VA7170024684,NAVAL SURFACE WARFARE CENTER - DAHLGREN,superfund_npl,38.32552670,-77.03621039,VA,EPA NPL Superfund,"{""external_id"":""VA7170024684"",""geometry_fallback"":""centroid"",""layer"":""SITE_BOUNDARIES_SF""}"
superfund_VA8170024170,NAVAL WEAPONS STATION - YORKTOWN,superfund_npl,37.24488599,-76.58557763,VA,EPA NPL Superfund,"{""external_id"":""VA8170024170"",""geometry_fallback"":""centroid"",""layer"":""SITE_BOUNDARIES_SF""}"
superfund_VA6170061463,NORFOLK NAVAL BASE (SEWELLS POINT NAVAL COMPLEX),superfund_npl,36.93866799,-76.29885931,VA,EPA NPL Superfund,"{""external_id"":""VA6170061463"",""geometry_fallback"":""centroid"",""layer"":""SITE_BOUNDARIES_SF""}"
superfund_VA3170024605,NWS YORKTOWN - CHEATHAM ANNEX,superfund_npl,37.28513721,-76.61947325,VA,EPA NPL Superfund,"{""external_id"":""VA3170024605"",""geometry_fallback"":""centroid"",""layer"":""SITE_BOUNDARIES_SF""}"
superfund_VAN000306115,PECK IRON AND METAL,superfund_npl,36.80780253,-76.30778751,VA,EPA NPL Superfund,"{""external_id"":""VAN000306115"",""geometry_fallback"":""centroid"",""layer"":""SITE_BOUNDARIES_SF""}"
superfund_VAD071040752,"RENTOKIL, INC. (VIRGINIA WOOD PRESERVING DIVISION)",superfund_npl,37.63759154,-77.50298088,VA,EPA NPL Superfund,"{""external_id"":""VAD071040752"",""geometry_fallback"":""centroid"",""layer"":""SITE_BOUNDARIES_SF""}"
superfund_VAD980831796,RHINEHART TIRE FIRE DUMP,superfund_npl,39.18147423,-78.30274267,VA,EPA NPL Superfund,"{""external_id"":""VAD980831796"",""geometry_fallback"":""centroid"",""layer"":""SITE_BOUNDARIES_SF""}"
superfund_VAD003127578,SALTVILLE WASTE DISPOSAL PONDS,superfund_npl,36.88297832,-81.78498350,VA,EPA NPL Superfund,"{""external_id"":""VAD003127578"",""geometry_fallback"":""centroid"",""layer"":""SITE_BOUNDARIES_SF""}"
superfund_VAD003117389,SAUNDERS SUPPLY CO.,superfund_npl,36.86048173,-76.58193539,VA,EPA NPL Superfund,"{""external_id"":""VAD003117389"",""geometry_fallback"":""centroid"",""layer"":""SITE_BOUNDARIES_SF""}"
superfund_VA5170000181,ST. JULIENS CREEK ANNEX (U.S. NAVY),superfund_npl,36.78896418,-76.31350640,VA,EPA NPL Superfund,"{""external_id"":""VA5170000181"",""geometry_fallback"":""centroid"",""layer"":""SITE_BOUNDARIES_SF""}"
superfund_VAD980917983,SUFFOLK CITY LANDFILL,superfund_npl,36.67724044,-76.58242276,VA,EPA NPL Superfund,"{""external_id"":""VAD980917983"",""geometry_fallback"":""centroid"",""layer"":""SITE_BOUNDARIES_SF""}"
superfund_VAD980705404,U.S. TITANIUM,superfund_npl,37.70770871,-79.01683224,VA,EPA NPL Superfund,"{""external_id"":""VAD980705404"",""geometry_fallback"":""centroid"",""layer"":""SITE_BOUNDARIES_SF""}"
superfund_VID980651095,ISLAND CHEMICAL CORP/VIRGIN ISLANDS CHEMICAL CORP.,superfund_npl,17.70793103,-64.79032178,VI,EPA NPL Superfund,"{""external_id"":""VID980651095"",""geometry_fallback"":""centroid"",""layer"":""SITE_BOUNDARIES_SF""}"
superfund_VID982272569,TUTU WELLFIELD,superfund_npl,18.33794225,-64.88744704,VI,EPA NPL Superfund,"{""external_id"":""VID982272569"",""geometry_fallback"":""centroid"",""layer"":""SITE_BOUNDARIES_SF""}"
superfund_VTD981064223,BENNINGTON MUNICIPAL SANITARY LANDFILL,superfund_npl,42.92138326,-73.19493149,VT,EPA NPL Superfund,"{""external_id"":""VTD981064223"",""geometry_fallback"":""centroid"",""layer"":""SITE_BOUNDARIES_SF""}"
superfund_VTD980520092,BFI SANITARY LANDFILL (ROCKINGHAM),superfund_npl,43.22649943,-72.43942325,VT,EPA NPL Superfund,"{""external_id"":""VTD980520092"",""geometry_fallback"":""centroid"",""layer"":""SITE_BOUNDARIES_SF""}"
superfund_VTD003965415,BURGESS BROTHERS LANDFILL,superfund_npl,42.87806600,-73.15024400,VT,EPA NPL Superfund,"{""external_id"":""VTD003965415"",""geometry_fallback"":""centroid"",""layer"":""SITE_BOUNDARIES_SF""}"
superfund_VTD098352545,COMMERCE STREET PLUME,superfund_npl,44.45027120,-73.12334560,VT,EPA NPL Superfund,"{""external_id"":""VTD098352545"",""geometry_fallback"":""centroid"",""layer"":""SITE_BOUNDARIES_SF""}"
superfund_VTD980520118,DARLING HILL DUMP,superfund_npl,44.55464717,-71.98419351,VT,EPA NPL Superfund,"{""external_id"":""VTD980520118"",""geometry_fallback"":""centroid"",""layer"":""SITE_BOUNDARIES_SF""}"
superfund_VTD988366621,ELIZABETH MINE,superfund_npl,43.82238295,-72.33139255,VT,EPA NPL Superfund,"{""external_id"":""VTD988366621"",""geometry_fallback"":""centroid"",""layer"":""SITE_BOUNDARIES_SF""}"
superfund_VTD988366571,ELY COPPER MINE,superfund_npl,43.92918283,-72.28236618,VT,EPA NPL Superfund,"{""external_id"":""VTD988366571"",""geometry_fallback"":""centroid"",""layer"":""SITE_BOUNDARIES_SF""}"
superfund_VTD048141741,"JARD COMPANY, INC.",superfund_npl,42.89125142,-73.19154536,VT,EPA NPL Superfund,"{""external_id"":""VTD048141741"",""geometry_fallback"":""centroid"",""layer"":""SITE_BOUNDARIES_SF""}"
superfund_VTD000860239,OLD SPRINGFIELD LANDFILL,superfund_npl,43.27331793,-72.46495076,VT,EPA NPL Superfund,"{""external_id"":""VTD000860239"",""geometry_fallback"":""centroid"",""layer"":""SITE_BOUNDARIES_SF""}"
superfund_VTD981062441,PARKER SANITARY LANDFILL,superfund_npl,44.51667008,-71.99219127,VT,EPA NPL Superfund,"{""external_id"":""VTD981062441"",""geometry_fallback"":""centroid"",""layer"":""SITE_BOUNDARIES_SF""}"
superfund_VTD988366720,PIKE HILL COPPER MINE,superfund_npl,44.06136180,-72.30613967,VT,EPA NPL Superfund,"{""external_id"":""VTD988366720"",""geometry_fallback"":""centroid"",""layer"":""SITE_BOUNDARIES_SF""}"
superfund_VTD980523062,PINE STREET CANAL,superfund_npl,44.46535674,-73.21699981,VT,EPA NPL Superfund,"{""external_id"":""VTD980523062"",""geometry_fallback"":""centroid"",""layer"":""SITE_BOUNDARIES_SF""}"
superfund_VTD069910354,POWNAL TANNERY,superfund_npl,42.79743286,-73.26787106,VT,EPA NPL Superfund,"{""external_id"":""VTD069910354"",""geometry_fallback"":""centroid"",""layer"":""SITE_BOUNDARIES_SF""}"
superfund_VTD000509174,"TANSITOR ELECTRONICS, INC.",superfund_npl,42.87763340,-73.26531740,VT,EPA NPL Superfund,"{""external_id"":""VTD000509174"",""geometry_fallback"":""centroid"",""layer"":""SITE_BOUNDARIES_SF""}"
superfund_WAD009045279,ALCOA (VANCOUVER SMELTER),superfund_npl,45.64853612,-122.73214979,WA,EPA NPL Superfund,"{""external_id"":""WAD009045279"",""geometry_fallback"":""centroid"",""layer"":""SITE_BOUNDARIES_SF""}"
superfund_WAD057311094,AMERICAN CROSSARM & CONDUIT CO.,superfund_npl,46.65635122,-122.97032666,WA,EPA NPL Superfund,"{""external_id"":""WAD057311094"",""geometry_fallback"":""centroid"",""layer"":""SITE_BOUNDARIES_SF""}"
superfund_WAD980833065,AMERICAN LAKE GARDENS/MCCHORD AFB,superfund_npl,47.12721972,-122.51684483,WA,EPA NPL Superfund,"{""combined_boundary_parts"":2,""external_id"":""WAD980833065"",""geometry_fallback"":""centroid"",""layer"":""SITE_BOUNDARIES_SF"",""representative_point"":""mean_of_boundary_part_centroids""}"
superfund_WA5170027291,BANGOR NAVAL SUBMARINE BASE,superfund_npl,47.72340812,-122.71483839,WA,EPA NPL Superfund,"{""external_id"":""WA5170027291"",""geometry_fallback"":""centroid"",""layer"":""SITE_BOUNDARIES_SF""}"
superfund_WA7170027265,BANGOR ORDNANCE DISPOSAL (USNAVY),superfund_npl,47.76391633,-122.70198537,WA,EPA NPL Superfund,"{""external_id"":""WA7170027265"",""geometry_fallback"":""centroid"",""layer"":""SITE_BOUNDARIES_SF""}"
superfund_WAD980185789,BOEING COMPANY TULALIP TEST SITE,superfund_npl,48.08804300,-122.20213192,WA,EPA NPL Superfund,"{""external_id"":""WAD980185789"",""geometry_fallback"":""centroid"",""layer"":""SITE_BOUNDARIES_SF""}"
superfund_WA1891406349,BONNEVILLE POWER ADMINISTRATION ROSS COMPLEX (USDOE),superfund_npl,45.66147419,-122.65844179,WA,EPA NPL Superfund,"{""external_id"":""WA1891406349"",""geometry_fallback"":""centroid"",""layer"":""SITE_BOUNDARIES_SF""}"
superfund_WAD009624453,BOOMSNUB/AIRCO,superfund_npl,45.67761236,-122.62259773,WA,EPA NPL Superfund,"{""combined_boundary_parts"":2,""external_id"":""WAD009624453"",""geometry_fallback"":""centroid"",""layer"":""SITE_BOUNDARIES_SF"",""representative_point"":""mean_of_boundary_part_centroids""}"
superfund_WAN001002907,BREMERTON GASWORKS,superfund_npl,47.57888911,-122.64219750,WA,EPA NPL Superfund,"{""combined_boundary_parts"":2,""external_id"":""WAN001002907"",""geometry_fallback"":""centroid"",""layer"":""SITE_BOUNDARIES_SF"",""representative_point"":""mean_of_boundary_part_centroids""}"
superfund_WAD980836662,CENTRALIA MUNICIPAL LANDFILL,superfund_npl,46.69722007,-122.96516496,WA,EPA NPL Superfund,"{""external_id"":""WAD980836662"",""geometry_fallback"":""centroid"",""layer"":""SITE_BOUNDARIES_SF""}"
superfund_WAD980514541,COLBERT LANDFILL,superfund_npl,47.86233523,-117.34958888,WA,EPA NPL Superfund,"{""external_id"":""WAD980514541"",""geometry_fallback"":""centroid"",""layer"":""SITE_BOUNDARIES_SF""}"
superfund_WAD980726368,"COMMENCEMENT BAY, NEAR SHORE/TIDE FLATS",superfund_npl,47.27521631,-122.45051547,WA,EPA NPL Superfund,"{""combined_boundary_parts"":8,""external_id"":""WAD980726368"",""geometry_fallback"":""centroid"",""layer"":""SITE_BOUNDARIES_SF"",""representative_point"":""mean_of_boundary_part_centroids""}"
superfund_WAD980726301,"COMMENCEMENT BAY, SOUTH TACOMA CHANNEL",superfund_npl,47.22510351,-122.48199586,WA,EPA NPL Superfund,"{""combined_boundary_parts"":4,""external_id"":""WAD980726301"",""geometry_fallback"":""centroid"",""layer"":""SITE_BOUNDARIES_SF"",""representative_point"":""mean_of_boundary_part_centroids""}"
superfund_WA9571924647,FAIRCHILD AIR FORCE BASE (4 WASTE AREAS),superfund_npl,47.62571854,-117.62820360,WA,EPA NPL Superfund,"{""combined_boundary_parts"":2,""external_id"":""WA9571924647"",""geometry_fallback"":""centroid"",""layer"":""SITE_BOUNDARIES_SF"",""representative_point"":""mean_of_boundary_part_centroids""}"
superfund_WAD000643577,FMC CORP. (YAKIMA),superfund_npl,46.56972086,-120.49488225,WA,EPA NPL Superfund,"{""external_id"":""WAD000643577"",""geometry_fallback"":""centroid"",""layer"":""SITE_BOUNDARIES_SF""}"
superfund_WA9214053465,FORT LEWIS (LANDFILL NO. 5),superfund_npl,47.11997660,-122.63032616,WA,EPA NPL Superfund,"{""external_id"":""WA9214053465"",""geometry_fallback"":""centroid"",""layer"":""SITE_BOUNDARIES_SF""}"
superfund_WA7210090067,FORT LEWIS LOGISTICS CENTER,superfund_npl,47.11404668,-122.53778375,WA,EPA NPL Superfund,"{""external_id"":""WA7210090067"",""geometry_fallback"":""centroid"",""layer"":""SITE_BOUNDARIES_SF""}"
superfund_WAD053614988,"FRONTIER HARD CHROME, INC.",superfund_npl,45.62159661,-122.64501325,WA,EPA NPL Superfund,"{""external_id"":""WAD053614988"",""geometry_fallback"":""centroid"",""layer"":""SITE_BOUNDARIES_SF""}"
superfund_WAD001865450,GENERAL ELECTRIC CO. (SPOKANE APPARATUS SERVICE SHOP),superfund_npl,47.67273922,-117.34565120,WA,EPA NPL Superfund,"{""external_id"":""WAD001865450"",""geometry_fallback"":""centroid"",""layer"":""SITE_BOUNDARIES_SF""}"
superfund_WAN001003081,GRAIN HANDLING FACILITY AT FREEMAN,superfund_npl,47.51761975,-117.19463694,WA,EPA NPL Superfund,"{""external_id"":""WAN001003081"",""geometry_fallback"":""centroid"",""layer"":""SITE_BOUNDARIES_SF""}"
superfund_WAD980514608,GREENACRES LANDFILL,superfund_npl,47.65906827,-117.11803627,WA,EPA NPL Superfund,"{""external_id"":""WAD980514608"",""geometry_fallback"":""centroid"",""layer"":""SITE_BOUNDARIES_SF""}"
superfund_WA5210890096,HAMILTON ISLAND LANDFILL (USA/COE),superfund_npl,45.63262834,-121.97444360,WA,EPA NPL Superfund,"{""combined_boundary_parts"":2,""external_id"":""WA5210890096"",""geometry_fallback"":""centroid"",""layer"":""SITE_BOUNDARIES_SF"",""representative_point"":""mean_of_boundary_part_centroids""}"
superfund_WASFN1002174,HAMILTON/LABREE ROADS GW CONTAMINATION,superfund_npl,46.62367103,-122.93358876,WA,EPA NPL Superfund,"{""combined_boundary_parts"":4,""external_id"":""WASFN1002174"",""geometry_fallback"":""centroid"",""layer"":""SITE_BOUNDARIES_SF"",""representative_point"":""mean_of_boundary_part_centroids""}"
superfund_WA3890090076,HANFORD 100-AREA (USDOE),superfund_npl,46.57100147,-119.49800745,WA,EPA NPL Superfund,"{""external_id"":""WA3890090076"",""geometry_fallback"":""centroid"",""layer"":""SITE_BOUNDARIES_SF""}"
superfund_WA4890090075,HANFORD 1100-AREA (USDOE),superfund_npl,46.35392375,-119.29637249,WA,EPA NPL Superfund,"{""external_id"":""WA4890090075"",""geometry_fallback"":""centroid"",""layer"":""SITE_BOUNDARIES_SF""}"
superfund_WA1890090078,HANFORD 200-AREA (USDOE),superfund_npl,46.53783162,-119.55896553,WA,EPA NPL Superfund,"{""external_id"":""WA1890090078"",""geometry_fallback"":""centroid"",""layer"":""SITE_BOUNDARIES_SF""}"
superfund_WA2890090077,HANFORD 300-AREA (USDOE),superfund_npl,46.42294107,-119.33783074,WA,EPA NPL Superfund,"{""external_id"":""WA2890090077"",""geometry_fallback"":""centroid"",""layer"":""SITE_BOUNDARIES_SF""}"
superfund_WAD980722839,HARBOR ISLAND (LEAD),superfund_npl,47.58019031,-122.35384490,WA,EPA NPL Superfund,"{""combined_boundary_parts"":6,""external_id"":""WAD980722839"",""geometry_fallback"":""centroid"",""layer"":""SITE_BOUNDARIES_SF"",""representative_point"":""mean_of_boundary_part_centroids""}"
superfund_WAD980511539,HIDDEN VALLEY LANDFILL (THUN FIELD),superfund_npl,47.09486539,-122.28691019,WA,EPA NPL Superfund,"{""external_id"":""WAD980511539"",""geometry_fallback"":""centroid"",""layer"":""SITE_BOUNDARIES_SF""}"
superfund_WAD000065508,KAISER ALUMINUM (MEAD WORKS),superfund_npl,47.75737222,-117.37980938,WA,EPA NPL Superfund,"{""external_id"":""WAD000065508"",""geometry_fallback"":""centroid"",""layer"":""SITE_BOUNDARIES_SF""}"
superfund_WAD050075662,LAKEWOOD,superfund_npl,47.14264859,-122.51383611,WA,EPA NPL Superfund,"{""external_id"":""WAD050075662"",""geometry_fallback"":""centroid"",""layer"":""SITE_BOUNDARIES_SF""}"
superfund_WAN001002655,LOCKHEED WEST SEATTLE,superfund_npl,47.58540192,-122.36274121,WA,EPA NPL Superfund,"{""external_id"":""WAN001002655"",""geometry_fallback"":""centroid"",""layer"":""SITE_BOUNDARIES_SF""}"
superfund_WA0002329803,LOWER DUWAMISH WATERWAY,superfund_npl,47.53810950,-122.32173010,WA,EPA NPL Superfund,"{""combined_boundary_parts"":44,""external_id"":""WA0002329803"",""geometry_fallback"":""centroid"",""layer"":""SITE_BOUNDARIES_SF"",""representative_point"":""mean_of_boundary_part_centroids""}"
superfund_WAN001002857,MAKAH RESERVATION WARMHOUSE BEACH DUMP,superfund_npl,48.38847443,-124.65684406,WA,EPA NPL Superfund,"{""external_id"":""WAN001002857"",""geometry_fallback"":""centroid"",""layer"":""SITE_BOUNDARIES_SF""}"
superfund_WA8570024200,MCCHORD AIR FORCE BASE (WASH RACK/TREATMENT AREA),superfund_npl,47.14032712,-122.48945823,WA,EPA NPL Superfund,"{""external_id"":""WA8570024200"",""geometry_fallback"":""centroid"",""layer"":""SITE_BOUNDARIES_SF""}"
superfund_WAD980511661,MICA LANDFILL,superfund_npl,47.57950152,-117.21255169,WA,EPA NPL Superfund,"{""external_id"":""WAD980511661"",""geometry_fallback"":""centroid"",""layer"":""SITE_BOUNDARIES_SF""}"
superfund_WAD980978753,MIDNITE MINE,superfund_npl,47.93502855,-118.09542009,WA,EPA NPL Superfund,"{""combined_boundary_parts"":2,""external_id"":""WAD980978753"",""geometry_fallback"":""centroid"",""layer"":""SITE_BOUNDARIES_SF"",""representative_point"":""mean_of_boundary_part_centroids""}"
superfund_WAD980638910,MIDWAY LANDFILL,superfund_npl,47.37852648,-122.29466931,WA,EPA NPL Superfund,"{""external_id"":""WAD980638910"",""geometry_fallback"":""centroid"",""layer"":""SITE_BOUNDARIES_SF""}"
superfund_WAD988466355,MOSES LAKE WELLFIELD CONTAMINATION,superfund_npl,47.19116357,-119.30828435,WA,EPA NPL Superfund,"{""combined_boundary_parts"":14,""external_id"":""WAD988466355"",""geometry_fallback"":""centroid"",""layer"":""SITE_BOUNDARIES_SF"",""representative_point"":""mean_of_boundary_part_centroids""}"
superfund_WA5170090059,"NAVAL AIR STATION, WHIDBEY ISLAND (AULT FIELD)",superfund_npl,48.33851777,-122.66134145,WA,EPA NPL Superfund,"{""external_id"":""WA5170090059"",""geometry_fallback"":""centroid"",""layer"":""SITE_BOUNDARIES_SF""}"
superfund_WA6170090058,"NAVAL AIR STATION, WHIDBEY ISLAND (SEAPLANE BASE)",superfund_npl,48.29414089,-122.60187893,WA,EPA NPL Superfund,"{""external_id"":""WA6170090058"",""geometry_fallback"":""centroid"",""layer"":""SITE_BOUNDARIES_SF""}"
superfund_WA1170023419,NAVAL UNDERSEA WARFARE ENGINEERING STATION (4 WASTE AREAS),superfund_npl,47.69744160,-122.62124739,WA,EPA NPL Superfund,"{""external_id"":""WA1170023419"",""geometry_fallback"":""centroid"",""layer"":""SITE_BOUNDARIES_SF""}"
superfund_WAD000641548,NORTH MARKET STREET,superfund_npl,47.73204797,-117.36094933,WA,EPA NPL Superfund,"{""external_id"":""WAD000641548"",""geometry_fallback"":""centroid"",""layer"":""SITE_BOUNDARIES_SF""}"
superfund_WAD980511778,NORTHSIDE LANDFILL,superfund_npl,47.72751798,-117.48735951,WA,EPA NPL Superfund,"{""external_id"":""WAD980511778"",""geometry_fallback"":""centroid"",""layer"":""SITE_BOUNDARIES_SF""}"
superfund_WAD980833974,NORTHWEST TRANSFORMER,superfund_npl,48.89084408,-122.35403711,WA,EPA NPL Superfund,"{""external_id"":""WAD980833974"",""geometry_fallback"":""centroid"",""layer"":""SITE_BOUNDARIES_SF""}"
superfund_WAD027315621,NORTHWEST TRANSFORMER (SOUTH HARKNESS STREET),superfund_npl,48.91971272,-122.34435778,WA,EPA NPL Superfund,"{""external_id"":""WAD027315621"",""geometry_fallback"":""centroid"",""layer"":""SITE_BOUNDARIES_SF""}"
superfund_WAD008957243,OESER CO.,superfund_npl,48.76825411,-122.51516437,WA,EPA NPL Superfund,"{""combined_boundary_parts"":2,""external_id"":""WAD008957243"",""geometry_fallback"":""centroid"",""layer"":""SITE_BOUNDARIES_SF"",""representative_point"":""mean_of_boundary_part_centroids""}"
superfund_WAD980982557,OLD INLAND PIT,superfund_npl,47.68967068,-117.20086825,WA,EPA NPL Superfund,"{""external_id"":""WAD980982557"",""geometry_fallback"":""centroid"",""layer"":""SITE_BOUNDARIES_SF""}"
superfund_WA8680030931,OLD NAVY DUMP/MANCHESTER LABORATORY (USEPA/NOAA),superfund_npl,47.57221324,-122.55096408,WA,EPA NPL Superfund,"{""external_id"":""WA8680030931"",""geometry_fallback"":""centroid"",""layer"":""SITE_BOUNDARIES_SF""}"
superfund_WAD009249210,PACIFIC CAR & FOUNDRY CO.,superfund_npl,47.49212350,-122.19742993,WA,EPA NPL Superfund,"{""external_id"":""WAD009249210"",""geometry_fallback"":""centroid"",""layer"":""SITE_BOUNDARIES_SF""}"
superfund_WAD009248287,PACIFIC SOUND RESOURCES,superfund_npl,47.58348646,-122.36911018,WA,EPA NPL Superfund,"{""external_id"":""WAD009248287"",""geometry_fallback"":""centroid"",""layer"":""SITE_BOUNDARIES_SF""}"
superfund_WA0000026534,PALERMO WELL FIELD GROUND WATER CONTAMINATION,superfund_npl,47.00158579,-122.90925955,WA,EPA NPL Superfund,"{""external_id"":""WA0000026534"",""geometry_fallback"":""centroid"",""layer"":""SITE_BOUNDARIES_SF""}"
superfund_WAD991281874,PASCO SANITARY LANDFILL,superfund_npl,46.25456658,-119.05162179,WA,EPA NPL Superfund,"{""external_id"":""WAD991281874"",""geometry_fallback"":""centroid"",""layer"":""SITE_BOUNDARIES_SF""}"
superfund_WAD120513957,PESTICIDE LAB (YAKIMA),superfund_npl,46.58436162,-120.55774035,WA,EPA NPL Superfund,"{""external_id"":""WAD120513957"",""geometry_fallback"":""centroid"",""layer"":""SITE_BOUNDARIES_SF""}"
superfund_WA4170090001,PORT HADLOCK DETACHMENT (USNAVY),superfund_npl,48.05267136,-122.72614518,WA,EPA NPL Superfund,"{""external_id"":""WA4170090001"",""geometry_fallback"":""centroid"",""layer"":""SITE_BOUNDARIES_SF""}"
superfund_WAD980511745,QUEEN CITY FARMS,superfund_npl,47.44847666,-122.04799405,WA,EPA NPL Superfund,"{""external_id"":""WAD980511745"",""geometry_fallback"":""centroid"",""layer"":""SITE_BOUNDARIES_SF""}"
superfund_WAD980639215,QUENDALL TERMINALS,superfund_npl,47.53359385,-122.20310757,WA,EPA NPL Superfund,"{""external_id"":""WAD980639215"",""geometry_fallback"":""centroid"",""layer"":""SITE_BOUNDARIES_SF""}"
superfund_WAD980639462,SEATTLE MUNICIPAL LANDFILL (KENT HIGHLANDS),superfund_npl,47.39205588,-122.27886102,WA,EPA NPL Superfund,"{""external_id"":""WAD980639462"",""geometry_fallback"":""centroid"",""layer"":""SITE_BOUNDARIES_SF""}"
superfund_WAD980722789,SILVER MOUNTAIN MINE,superfund_npl,48.74509134,-119.55740568,WA,EPA NPL Superfund,"{""external_id"":""WAD980722789"",""geometry_fallback"":""centroid"",""layer"":""SITE_BOUNDARIES_SF""}"
superfund_WAD981767296,SPOKANE JUNKYARD/ASSOCIATED PROPERTIES,superfund_npl,47.68957769,-117.37149964,WA,EPA NPL Superfund,"{""external_id"":""WAD981767296"",""geometry_fallback"":""centroid"",""layer"":""SITE_BOUNDARIES_SF""}"
superfund_WAD980723506,TOFTDAHL DRUMS,superfund_npl,45.75361452,-122.44833563,WA,EPA NPL Superfund,"{""combined_boundary_parts"":2,""external_id"":""WAD980723506"",""geometry_fallback"":""centroid"",""layer"":""SITE_BOUNDARIES_SF"",""representative_point"":""mean_of_boundary_part_centroids""}"
superfund_WAD980639256,TULALIP LANDFILL,superfund_npl,48.03955020,-122.19511077,WA,EPA NPL Superfund,"{""external_id"":""WAD980639256"",""geometry_fallback"":""centroid"",""layer"":""SITE_BOUNDARIES_SF""}"
superfund_WAD988519708,VANCOUVER WATER STATION #1 CONTAMINATION,superfund_npl,45.63671835,-122.64693079,WA,EPA NPL Superfund,"{""external_id"":""WAD988519708"",""geometry_fallback"":""centroid"",""layer"":""SITE_BOUNDARIES_SF""}"
superfund_WAD988475158,VANCOUVER WATER STATION #4 CONTAMINATION,superfund_npl,45.61924506,-122.62579010,WA,EPA NPL Superfund,"{""external_id"":""WAD988475158"",""geometry_fallback"":""centroid"",""layer"":""SITE_BOUNDARIES_SF""}"
superfund_WAD009487513,"WESTERN PROCESSING CO., INC.",superfund_npl,47.42485757,-122.24565133,WA,EPA NPL Superfund,"{""external_id"":""WAD009487513"",""geometry_fallback"":""centroid"",""layer"":""SITE_BOUNDARIES_SF""}"
superfund_WAD009248295,WYCKOFF CO./EAGLE HARBOR,superfund_npl,47.61900289,-122.50898892,WA,EPA NPL Superfund,"{""combined_boundary_parts"":3,""external_id"":""WAD009248295"",""geometry_fallback"":""centroid"",""layer"":""SITE_BOUNDARIES_SF"",""representative_point"":""mean_of_boundary_part_centroids""}"
superfund_WAD040187890,YAKIMA PLATING CO.,superfund_npl,46.57214933,-120.51027904,WA,EPA NPL Superfund,"{""external_id"":""WAD040187890"",""geometry_fallback"":""centroid"",""layer"":""SITE_BOUNDARIES_SF""}"
superfund_WID980610380,ALGOMA MUNICIPAL LANDFILL,superfund_npl,44.59656368,-87.49153308,WI,EPA NPL Superfund,"{""external_id"":""WID980610380"",""geometry_fallback"":""centroid"",""layer"":""SITE_BOUNDARIES_SF""}"
superfund_WIN000510210,AMCAST INDUSTRIAL CORPORATION,superfund_npl,43.28840146,-87.98042373,WI,EPA NPL Superfund,"{""external_id"":""WIN000510210"",""geometry_fallback"":""centroid"",""layer"":""SITE_BOUNDARIES_SF""}"
superfund_WISFN0507952,ASHLAND/NORTHERN STATES POWER LAKEFRONT,superfund_npl,46.59530335,-90.88420138,WI,EPA NPL Superfund,"{""external_id"":""WISFN0507952"",""geometry_fallback"":""centroid"",""layer"":""SITE_BOUNDARIES_SF""}"
superfund_WIT560010118,BETTER BRITE PLATING CO. CHROME AND ZINC SHOPS,superfund_npl,44.43973923,-88.07549800,WI,EPA NPL Superfund,"{""external_id"":""WIT560010118"",""geometry_fallback"":""centroid"",""layer"":""SITE_BOUNDARIES_SF""}"
superfund_WIN000510222,BURNHAM CANAL - MILLER COMPRESSING COMPANY,superfund_npl,43.02641809,-87.92839043,WI,EPA NPL Superfund,"{""external_id"":""WIN000510222"",""geometry_fallback"":""centroid"",""layer"":""SITE_BOUNDARIES_SF""}"
superfund_WID988590261,CEDAR CREEK,superfund_npl,43.29237055,-87.96728958,WI,EPA NPL Superfund,"{""external_id"":""WID988590261"",""geometry_fallback"":""centroid"",""layer"":""SITE_BOUNDARIES_SF""}"
superfund_WID980610646,CITY DISPOSAL CORP. LANDFILL,superfund_npl,42.94744229,-89.35840067,WI,EPA NPL Superfund,"{""external_id"":""WID980610646"",""geometry_fallback"":""centroid"",""layer"":""SITE_BOUNDARIES_SF""}"
superfund_WID980820062,DELAVAN MUNICIPAL WELL #4,superfund_npl,42.63416659,-88.62248679,WI,EPA NPL Superfund,"{""external_id"":""WID980820062"",""geometry_fallback"":""centroid"",""layer"":""SITE_BOUNDARIES_SF""}"
superfund_WID980820054,EAU CLAIRE MUNICIPAL WELL FIELD,superfund_npl,44.85512290,-91.49942530,WI,EPA NPL Superfund,"{""external_id"":""WID980820054"",""geometry_fallback"":""centroid"",""layer"":""SITE_BOUNDARIES_SF""}"
superfund_WID980901227,FADROWSKI DRUM DISPOSAL,superfund_npl,42.92080601,-87.95369022,WI,EPA NPL Superfund,"{""external_id"":""WID980901227"",""geometry_fallback"":""centroid"",""layer"":""SITE_BOUNDARIES_SF""}"
superfund_WI0001954841,FOX RIVER NRDA/PCB RELEASES,superfund_npl,45.27928344,-87.24158608,WI,EPA NPL Superfund,"{""external_id"":""WI0001954841"",""geometry_fallback"":""centroid"",""layer"":""SITE_BOUNDARIES_SF""}"
superfund_WID980610059,HAGEN FARM,superfund_npl,42.90888578,-89.18329119,WI,EPA NPL Superfund,"{""external_id"":""WID980610059"",""geometry_fallback"":""centroid"",""layer"":""SITE_BOUNDARIES_SF""}"
superfund_WID052906088,HECHIMOVICH SANITARY LANDFILL,superfund_npl,43.46363193,-88.54876669,WI,EPA NPL Superfund,"{""external_id"":""WID052906088"",""geometry_fallback"":""centroid"",""layer"":""SITE_BOUNDARIES_SF""}"
superfund_WID980511919,HUNTS DISPOSAL LANDFILL,superfund_npl,42.83753583,-87.88192597,WI,EPA NPL Superfund,"{""external_id"":""WID980511919"",""geometry_fallback"":""centroid"",""layer"":""SITE_BOUNDARIES_SF""}"
superfund_WID000712950,JANESVILLE ASH BEDS,superfund_npl,42.70394995,-89.02753406,WI,EPA NPL Superfund,"{""external_id"":""WID000712950"",""geometry_fallback"":""centroid"",""layer"":""SITE_BOUNDARIES_SF""}"
superfund_WID980614044,JANESVILLE OLD LANDFILL,superfund_npl,42.70280470,-89.02304948,WI,EPA NPL Superfund,"{""external_id"":""WID980614044"",""geometry_fallback"":""centroid"",""layer"":""SITE_BOUNDARIES_SF""}"
superfund_WID006073225,KOHLER CO. LANDFILL,superfund_npl,43.73744691,-87.76354971,WI,EPA NPL Superfund,"{""external_id"":""WID006073225"",""geometry_fallback"":""centroid"",""layer"":""SITE_BOUNDARIES_SF""}"
superfund_WID058735994,LAUER I SANITARY LANDFILL,superfund_npl,43.18238328,-88.06697108,WI,EPA NPL Superfund,"{""external_id"":""WID058735994"",""geometry_fallback"":""centroid"",""layer"":""SITE_BOUNDARIES_SF""}"
superfund_WID980901243,"LEMBERGER LANDFILL, INC.",superfund_npl,44.17288480,-87.84382909,WI,EPA NPL Superfund,"{""external_id"":""WID980901243"",""geometry_fallback"":""centroid"",""layer"":""SITE_BOUNDARIES_SF""}"
superfund_WID056247208,LEMBERGER TRANSPORT & RECYCLING,superfund_npl,44.16576462,-87.84533829,WI,EPA NPL Superfund,"{""external_id"":""WID056247208"",""geometry_fallback"":""centroid"",""layer"":""SITE_BOUNDARIES_SF""}"
superfund_WID078934403,MADISON METROPOLITAN SEWERAGE DISTRICT LAGOONS,superfund_npl,43.03502927,-89.34409787,WI,EPA NPL Superfund,"{""external_id"":""WID078934403"",""geometry_fallback"":""centroid"",""layer"":""SITE_BOUNDARIES_SF""}"
superfund_WID980820070,MASTER DISPOSAL SERVICE LANDFILL,superfund_npl,43.09292895,-88.16302587,WI,EPA NPL Superfund,"{""external_id"":""WID980820070"",""geometry_fallback"":""centroid"",""layer"":""SITE_BOUNDARIES_SF""}"
superfund_WID980823082,"MID-STATE DISPOSAL, INC. LANDFILL",superfund_npl,44.84773760,-90.04038014,WI,EPA NPL Superfund,"{""external_id"":""WID980823082"",""geometry_fallback"":""centroid"",""layer"":""SITE_BOUNDARIES_SF""}"
superfund_WID039052626,"MOSS-AMERICAN CO., INC. (KERR-MCGEE OIL CO.)",superfund_npl,43.14416340,-88.03493252,WI,EPA NPL Superfund,"{""external_id"":""WID039052626"",""geometry_fallback"":""centroid"",""layer"":""SITE_BOUNDARIES_SF""}"
superfund_WID000713180,MUSKEGO SANITARY LANDFILL,superfund_npl,42.88849837,-88.17379406,WI,EPA NPL Superfund,"{""external_id"":""WID000713180"",""geometry_fallback"":""centroid"",""layer"":""SITE_BOUNDARIES_SF""}"
superfund_WID083290981,"N.W. MAUTHE CO., INC.",superfund_npl,44.25562912,-88.42920453,WI,EPA NPL Superfund,"{""external_id"":""WID083290981"",""geometry_fallback"":""centroid"",""layer"":""SITE_BOUNDARIES_SF""}"
superfund_WID006196174,"NATIONAL PRESTO INDUSTRIES, INC.",superfund_npl,44.86039820,-91.44720555,WI,EPA NPL Superfund,"{""external_id"":""WID006196174"",""geometry_fallback"":""centroid"",""layer"":""SITE_BOUNDARIES_SF""}"
superfund_WID006183826,NORTHERN ENGRAVING CO.,superfund_npl,43.93531695,-90.81840854,WI,EPA NPL Superfund,"{""external_id"":""WID006183826"",""geometry_fallback"":""centroid"",""layer"":""SITE_BOUNDARIES_SF""}"
superfund_WID006100275,"OCONOMOWOC ELECTROPLATING CO., INC.",superfund_npl,43.21335198,-88.52325093,WI,EPA NPL Superfund,"{""external_id"":""WID006100275"",""geometry_fallback"":""centroid"",""layer"":""SITE_BOUNDARIES_SF""}"
superfund_WID000808568,OMEGA HILLS NORTH LANDFILL,superfund_npl,43.19508831,-88.07332886,WI,EPA NPL Superfund,"{""external_id"":""WID000808568"",""geometry_fallback"":""centroid"",""layer"":""SITE_BOUNDARIES_SF""}"
superfund_WID980821656,ONALASKA MUNICIPAL LANDFILL,superfund_npl,43.95702792,-91.33783164,WI,EPA NPL Superfund,"{""external_id"":""WID980821656"",""geometry_fallback"":""centroid"",""layer"":""SITE_BOUNDARIES_SF""}"
superfund_WID006176945,PENTA WOOD PRODUCTS,superfund_npl,45.78584125,-92.43151929,WI,EPA NPL Superfund,"{""external_id"":""WID006176945"",""geometry_fallback"":""centroid"",""layer"":""SITE_BOUNDARIES_SF""}"
superfund_WID980610604,REFUSE HIDEAWAY LANDFILL,superfund_npl,43.09842105,-89.57878562,WI,EPA NPL Superfund,"{""external_id"":""WID980610604"",""geometry_fallback"":""centroid"",""layer"":""SITE_BOUNDARIES_SF""}"
superfund_WID980610190,RIPON CITY LANDFILL,superfund_npl,43.86370221,-88.87315013,WI,EPA NPL Superfund,"{""external_id"":""WID980610190"",""geometry_fallback"":""centroid"",""layer"":""SITE_BOUNDARIES_SF""}"
superfund_WID980610141,SAUK COUNTY LANDFILL,superfund_npl,43.51374273,-89.87826935,WI,EPA NPL Superfund,"{""external_id"":""WID980610141"",""geometry_fallback"":""centroid"",""layer"":""SITE_BOUNDARIES_SF""}"
superfund_WID980820096,SCHMALZ DUMP,superfund_npl,44.21047382,-88.39691098,WI,EPA NPL Superfund,"{""external_id"":""WID980820096"",""geometry_fallback"":""centroid"",""layer"":""SITE_BOUNDARIES_SF""}"
superfund_WID046536785,"SCRAP PROCESSING CO., INC.",superfund_npl,45.14729419,-90.35368461,WI,EPA NPL Superfund,"{""external_id"":""WID046536785"",""geometry_fallback"":""centroid"",""layer"":""SITE_BOUNDARIES_SF""}"
superfund_WID980996367,SHEBOYGAN HARBOR & RIVER,superfund_npl,43.73663121,-87.75652776,WI,EPA NPL Superfund,"{""external_id"":""WID980996367"",""geometry_fallback"":""centroid"",""layer"":""SITE_BOUNDARIES_SF""}"
superfund_WIN000508215,SOLVAY COKE AND GAS COMPANY,superfund_npl,43.01278442,-87.90721418,WI,EPA NPL Superfund,"{""external_id"":""WIN000508215"",""geometry_fallback"":""centroid"",""layer"":""SITE_BOUNDARIES_SF""}"
superfund_WID980902969,SPICKLER LANDFILL,superfund_npl,44.69076958,-90.26383068,WI,EPA NPL Superfund,"{""external_id"":""WID980902969"",""geometry_fallback"":""centroid"",""layer"":""SITE_BOUNDARIES_SF""}"
superfund_WID980901219,STOUGHTON CITY LANDFILL,superfund_npl,42.92535203,-89.20650928,WI,EPA NPL Superfund,"{""external_id"":""WID980901219"",""geometry_fallback"":""centroid"",""layer"":""SITE_BOUNDARIES_SF""}"
superfund_WID980610299,TOMAH ARMORY,superfund_npl,43.99282619,-90.50074859,WI,EPA NPL Superfund,"{""external_id"":""WID980610299"",""geometry_fallback"":""centroid"",""layer"":""SITE_BOUNDARIES_SF""}"
superfund_WID980616841,TOMAH FAIRGROUNDS,superfund_npl,43.97055479,-90.51800632,WI,EPA NPL Superfund,"{""external_id"":""WID980616841"",""geometry_fallback"":""centroid"",""layer"":""SITE_BOUNDARIES_SF""}"
superfund_WID980610307,TOMAH MUNICIPAL SANITARY LANDFILL,superfund_npl,43.99518324,-90.52226397,WI,EPA NPL Superfund,"{""external_id"":""WID980610307"",""geometry_fallback"":""centroid"",""layer"":""SITE_BOUNDARIES_SF""}"
superfund_WIN000505544,UNITY AUTO MART,superfund_npl,44.85161868,-90.31561212,WI,EPA NPL Superfund,"{""external_id"":""WIN000505544"",""geometry_fallback"":""centroid"",""layer"":""SITE_BOUNDARIES_SF""}"
superfund_WID980901235,"WASTE MANAGEMENT OF WISCONSIN, INC. (BROOKFIELD SANITARY LANDFILL)",superfund_npl,43.04819908,-88.14940086,WI,EPA NPL Superfund,"{""external_id"":""WID980901235"",""geometry_fallback"":""centroid"",""layer"":""SITE_BOUNDARIES_SF""}"
superfund_WID990829475,WASTE RESEARCH & RECLAMATION CO.,superfund_npl,44.75707509,-91.45776720,WI,EPA NPL Superfund,"{""external_id"":""WID990829475"",""geometry_fallback"":""centroid"",""layer"":""SITE_BOUNDARIES_SF""}"
superfund_WID980993521,WAUSAU GROUND WATER CONTAMINATION,superfund_npl,44.97858251,-89.63226937,WI,EPA NPL Superfund,"{""external_id"":""WID980993521"",""geometry_fallback"":""centroid"",""layer"":""SITE_BOUNDARIES_SF""}"
superfund_WID980610620,WHEELER PIT,superfund_npl,42.66571136,-88.97538133,WI,EPA NPL Superfund,"{""external_id"":""WID980610620"",""geometry_fallback"":""centroid"",""layer"":""SITE_BOUNDARIES_SF""}"
superfund_WIN000510058,WPSC CAMP MARINA MGP,superfund_npl,43.75113420,-87.71704483,WI,EPA NPL Superfund,"{""external_id"":""WIN000510058"",""geometry_fallback"":""centroid"",""layer"":""SITE_BOUNDARIES_SF""}"
superfund_WIN000509948,WPSC GREEN BAY MGP,superfund_npl,44.51936839,-88.00836141,WI,EPA NPL Superfund,"{""external_id"":""WIN000509948"",""geometry_fallback"":""centroid"",""layer"":""SITE_BOUNDARIES_SF""}"
superfund_WIN000509949,WPSC MANITOWOC MGP,superfund_npl,44.09653060,-87.66373437,WI,EPA NPL Superfund,"{""external_id"":""WIN000509949"",""geometry_fallback"":""centroid"",""layer"":""SITE_BOUNDARIES_SF""}"
superfund_WIN000509952,WPSC MARINETTE MGP,superfund_npl,45.09891025,-87.62344497,WI,EPA NPL Superfund,"{""external_id"":""WIN000509952"",""geometry_fallback"":""centroid"",""layer"":""SITE_BOUNDARIES_SF""}"
superfund_WIN000509947,WPSC OSHKOSH MGP,superfund_npl,44.01335729,-88.53397882,WI,EPA NPL Superfund,"{""external_id"":""WIN000509947"",""geometry_fallback"":""centroid"",""layer"":""SITE_BOUNDARIES_SF""}"
superfund_WIN000509983,WPSC STEVENS POINT,superfund_npl,44.52458869,-89.58740346,WI,EPA NPL Superfund,"{""external_id"":""WIN000509983"",""geometry_fallback"":""centroid"",""layer"":""SITE_BOUNDARIES_SF""}"
superfund_WIN000509953,WPSC TWO RIVERS MGP,superfund_npl,44.15282519,-87.57674700,WI,EPA NPL Superfund,"{""external_id"":""WIN000509953"",""geometry_fallback"":""centroid"",""layer"":""SITE_BOUNDARIES_SF""}"
superfund_WV0170023691,ALLEGANY BALLISTICS LABORATORY (USNAVY),superfund_npl,39.54914824,-78.84578889,WV,EPA NPL Superfund,"{""external_id"":""WV0170023691"",""geometry_fallback"":""centroid"",""layer"":""SITE_BOUNDARIES_SF""}"
superfund_WVD054827944,BIG JOHN SALVAGE - HOULT ROAD,superfund_npl,39.49815900,-80.12242483,WV,EPA NPL Superfund,"{""external_id"":""WVD054827944"",""geometry_fallback"":""centroid"",""layer"":""SITE_BOUNDARIES_SF""}"
superfund_WVD047989207,"FIKE CHEMICAL, INC.",superfund_npl,38.42602082,-81.84296872,WV,EPA NPL Superfund,"{""external_id"":""WVD047989207"",""geometry_fallback"":""centroid"",""layer"":""SITE_BOUNDARIES_SF""}"
superfund_WVD004336749,FOLLANSBEE,superfund_npl,40.34013318,-80.60694732,WV,EPA NPL Superfund,"{""external_id"":""WVD004336749"",""geometry_fallback"":""centroid"",""layer"":""SITE_BOUNDARIES_SF""}"
superfund_WVD024185373,HANLIN-ALLIED-OLIN,superfund_npl,39.90913244,-80.79989274,WV,EPA NPL Superfund,"{""external_id"":""WVD024185373"",""geometry_fallback"":""centroid"",""layer"":""SITE_BOUNDARIES_SF""}"
superfund_WVD980693402,LEETOWN PESTICIDE,superfund_npl,39.34654729,-77.90955060,WV,EPA NPL Superfund,"{""external_id"":""WVD980693402"",""geometry_fallback"":""centroid"",""layer"":""SITE_BOUNDARIES_SF""}"
superfund_WVN000306876,NORTH 25TH STREET GLASS AND ZINC,superfund_npl,39.29680026,-80.35497555,WV,EPA NPL Superfund,"{""external_id"":""WVN000306876"",""geometry_fallback"":""centroid"",""layer"":""SITE_BOUNDARIES_SF""}"
superfund_WVD000850404,ORDNANCE WORKS DISPOSAL AREAS,superfund_npl,39.59658201,-79.97127998,WV,EPA NPL Superfund,"{""external_id"":""WVD000850404"",""geometry_fallback"":""centroid"",""layer"":""SITE_BOUNDARIES_SF""}"
superfund_WVN000304985,PADEN CITY GROUNDWATER,superfund_npl,39.60635968,-80.93274745,WV,EPA NPL Superfund,"{""external_id"":""WVN000304985"",""geometry_fallback"":""centroid"",""layer"":""SITE_BOUNDARIES_SF""}"
superfund_WVD000496786,PANTASOTE - WV ORDNANCE (US ARMY) OU13,superfund_npl,38.90365916,-82.12531727,WV,EPA NPL Superfund,"{""external_id"":""WVD000496786"",""geometry_fallback"":""centroid"",""layer"":""SITE_BOUNDARIES_SF""}"
superfund_WVSFN0305428,RAVENSWOOD PCE,superfund_npl,38.94872212,-81.76143936,WV,EPA NPL Superfund,"{""external_id"":""WVSFN0305428"",""geometry_fallback"":""centroid"",""layer"":""SITE_BOUNDARIES_SF""}"
superfund_WVD988768909,SHAFFER EQUIPMENT/ARBUCKLE CREEK AREA,superfund_npl,37.97566258,-81.10923917,WV,EPA NPL Superfund,"{""external_id"":""WVD988768909"",""geometry_fallback"":""centroid"",""layer"":""SITE_BOUNDARIES_SF""}"
superfund_WVD000800441,SHARON STEEL CORP (FAIRMONT COKE WORKS),superfund_npl,39.49452164,-80.11746680,WV,EPA NPL Superfund,"{""external_id"":""WVD000800441"",""geometry_fallback"":""centroid"",""layer"":""SITE_BOUNDARIES_SF""}"
superfund_WVD988798401,VIENNA TETRACHLOROETHENE,superfund_npl,39.32530348,-81.55128484,WV,EPA NPL Superfund,"{""external_id"":""WVD988798401"",""geometry_fallback"":""centroid"",""layer"":""SITE_BOUNDARIES_SF""}"
superfund_WVD980713036,WEST VIRGINIA ORDNANCE (USARMY),superfund_npl,38.91187214,-82.07989673,WV,EPA NPL Superfund,"{""external_id"":""WVD980713036"",""geometry_fallback"":""centroid"",""layer"":""SITE_BOUNDARIES_SF""}"
superfund_WYD061112470,BAXTER/UNION PACIFIC TIE TREATING,superfund_npl,41.29517432,-105.60323540,WY,EPA NPL Superfund,"{""external_id"":""WYD061112470"",""geometry_fallback"":""centroid"",""layer"":""SITE_BOUNDARIES_SF""}"
superfund_WY5571924179,F.E. WARREN AIR FORCE BASE,superfund_npl,41.16460587,-104.86321288,WY,EPA NPL Superfund,"{""external_id"":""WY5571924179"",""geometry_fallback"":""centroid"",""layer"":""SITE_BOUNDARIES_SF""}"
superfund_WYD981546005,MYSTERY BRIDGE RD/U.S. HIGHWAY 20,superfund_npl,42.86103510,-106.22893262,WY,EPA NPL Superfund,"{""external_id"":""WYD981546005"",""geometry_fallback"":""centroid"",""layer"":""SITE_BOUNDARIES_SF""}"
