id,name,category,lat,lon,state,source,metadata_json
superfund_AK4170024323,ADAK NAVAL AIR STATION,superfund,+51.877500,-176.652500,AK,EPA NPL,"{""external_id"":""AK4170024323"",""npl_status"":""Final NPL"",""saa"":false,""sources"":[""EPA NPL""]}"
superfund_AKD004904215,ALASKA BATTERY ENTERPRISES,superfund,+64.820300,-147.703800,AK,EPA NPL,"{""external_id"":""AKD004904215"",""npl_status"":""Deleted NPL"",""saa"":false,""sources"":[""EPA NPL""]}"
superfund_AKD980988158,ARCTIC SURPLUS,superfund,+64.812200,-147.564300,AK,EPA NPL,"{""external_id"":""AKD980988158"",""npl_status"":""Deleted NPL"",""saa"":false,""sources"":[""EPA NPL""]}"
superfund_AK1570028646,EIELSON AIR FORCE BASE,superfund,+64.671450,-147.049200,AK,EPA NPL,"{""external_id"":""AK1570028646"",""npl_status"":""Final NPL"",""saa"":false,""sources"":[""EPA NPL""]}"
superfund_AK8570028649,ELMENDORF AIR FORCE BASE,superfund,+61.254169,-149.791700,AK,EPA NPL,"{""external_id"":""AK8570028649"",""npl_status"":""Final NPL"",""saa"":false,""sources"":[""EPA NPL""]}"
superfund_AK6214522157,FORT RICHARDSON (USARMY),superfund,+61.258333,-149.700000,AK,EPA NPL,"{""external_id"":""AK6214522157"",""npl_status"":""Final NPL"",""saa"":false,""sources"":[""EPA NPL""]}"
superfund_AK6210022426,FORT WAINWRIGHT,superfund,+64.823000,-147.610600,AK,EPA NPL,"{""external_id"":""AK6210022426"",""npl_status"":""Final NPL"",""saa"":false,""sources"":[""EPA NPL""]}"
superfund_AKD980978787,STANDARD STEEL & METALS SALVAGE YARD (USDOT),superfund,+61.227900,-149.832400,AK,EPA NPL,"{""external_id"":""AKD980978787"",""npl_status"":""Deleted NPL"",""saa"":false,""sources"":[""EPA NPL""]}"
superfund_ALN000410750,35TH AVENUE,superfund,+33.557464,-86.799671,AL,EPA NPL,"{""external_id"":""ALN000410750"",""npl_status"":""Proposed NPL"",""saa"":false,""sources"":[""EPA NPL""]}"
superfund_AL6210020008,ALABAMA ARMY AMMUNITION PLANT,superfund,+33.338100,-86.326800,AL,EPA NPL,"{""external_id"":""AL6210020008"",""npl_status"":""Final NPL"",""saa"":false,""sources"":[""EPA NPL""]}"
superfund_ALD004022448,"ALABAMA PLATING COMPANY, INC.",superfund,33.399722,-86.405000,AL,EPA NPL,"{""external_id"":""ALD004022448"",""npl_status"":""Final NPL"",""saa"":false,""sources"":[""EPA NPL""]}"
superfund_ALD981868466,AMERICAN BRASS INC.,superfund,+31.325000,-85.404167,AL,EPA NPL,"{""external_id"":""ALD981868466"",""npl_status"":""Final NPL"",""saa"":false,""sources"":[""EPA NPL""]}"
superfund_AL3210020027,ANNISTON ARMY DEPOT (SOUTHEAST INDUSTRIAL AREA),superfund,33.659439,-85.969439,AL,EPA NPL,"{""external_id"":""AL3210020027"",""npl_status"":""Final NPL"",""saa"":false,""sources"":[""EPA NPL""]}"
superfund_ALD001221902,CIBA-GEIGY CORP. (MCINTOSH PLANT),superfund,+31.279000,-87.995500,AL,EPA NPL,"{""external_id"":""ALD001221902"",""npl_status"":""Final NPL"",""saa"":false,""sources"":[""EPA NPL""]}"
superfund_ALD041906173,INTERSTATE LEAD CO. (ILCO),superfund,+33.539016,-86.533258,AL,EPA NPL,"{""external_id"":""ALD041906173"",""npl_status"":""Final NPL"",""saa"":false,""sources"":[""EPA NPL""]}"
superfund_ALD031618069,MOWBRAY ENGINEERING CO.,superfund,31.831669,-86.613050,AL,EPA NPL,"{""external_id"":""ALD031618069"",""npl_status"":""Deleted NPL"",""saa"":false,""sources"":[""EPA NPL""]}"
superfund_ALD008188708,OLIN CORP. (MCINTOSH PLANT),superfund,31.263889,-87.994450,AL,EPA NPL,"{""external_id"":""ALD008188708"",""npl_status"":""Final NPL"",""saa"":false,""sources"":[""EPA NPL""]}"
superfund_ALD980728703,PERDIDO GROUND WATER CONTAMINATION,superfund,+31.012500,-87.625000,AL,EPA NPL,"{""external_id"":""ALD980728703"",""npl_status"":""Deleted NPL"",""saa"":false,""sources"":[""EPA NPL""]}"
superfund_ALD980844385,"REDWING CARRIERS, INC. (SARALAND)",superfund,30.808331,-88.073061,AL,EPA NPL,"{""external_id"":""ALD980844385"",""npl_status"":""Deleted NPL"",""saa"":false,""sources"":[""EPA NPL""]}"
superfund_ALD095688875,STAUFFER CHEMICAL CO. (COLD CREEK PLANT),superfund,+30.975000,-88.021389,AL,EPA NPL,"{""external_id"":""ALD095688875"",""npl_status"":""Final NPL"",""saa"":false,""sources"":[""EPA NPL""]}"
superfund_ALD008161176,STAUFFER CHEMICAL CO. (LEMOYNE PLANT),superfund,30.969439,-88.017500,AL,EPA NPL,"{""external_id"":""ALD008161176"",""npl_status"":""Final NPL"",""saa"":false,""sources"":[""EPA NPL""]}"
superfund_ALD007454085,T.H. AGRICULTURE & NUTRITION CO. (MONTGOMERY PLANT),superfund,+32.376100,-86.379100,AL,EPA NPL,"{""external_id"":""ALD007454085"",""npl_status"":""Final NPL"",""saa"":false,""sources"":[""EPA NPL""]}"
superfund_ALD983166299,TRIANA/TENNESSEE RIVER,superfund,+34.623503,-86.694499,AL,EPA NPL,"{""external_id"":""ALD983166299"",""npl_status"":""Final NPL"",""saa"":false,""sources"":[""EPA NPL""]}"
superfund_AL7210020742,USARMY/NASA REDSTONE ARSENAL,superfund,+34.646944,-86.673055,AL,EPA NPL,"{""external_id"":""AL7210020742"",""npl_status"":""Final NPL"",""saa"":false,""sources"":[""EPA NPL""]}"
superfund_ARD084930148,"ARKWOOD, INC.",superfund,+36.445000,-93.196400,AR,EPA NPL,"{""external_id"":""ARD084930148"",""npl_status"":""Final NPL"",""saa"":false,""sources"":[""EPA NPL""]}"
superfund_ARD980496186,CECIL LINDSEY,superfund,+35.634900,-91.225500,AR,EPA NPL,"{""external_id"":""ARD980496186"",""npl_status"":""Deleted NPL"",""saa"":false,""sources"":[""EPA NPL""]}"
superfund_ARD035662469,GURLEY PIT,superfund,+35.120900,-90.311600,AR,EPA NPL,"{""external_id"":""ARD035662469"",""npl_status"":""Deleted NPL"",""saa"":false,""sources"":[""EPA NPL""]}"
superfund_ARD980496368,INDUSTRIAL WASTE CONTROL,superfund,+35.240200,-94.352500,AR,EPA NPL,"{""external_id"":""ARD980496368"",""npl_status"":""Deleted NPL"",""saa"":false,""sources"":[""EPA NPL""]}"
superfund_ARD980809941,JACKSONVILLE MUNICIPAL LANDFILL,superfund,34.863331,-92.071661,AR,EPA NPL,"{""external_id"":""ARD980809941"",""npl_status"":""Deleted NPL"",""saa"":false,""sources"":[""EPA NPL""]}"
superfund_ARD008049207,MACMILLAN RING FREE OIL,superfund,+33.308360,-92.656880,AR,EPA NPL,"{""external_id"":""ARD008049207"",""npl_status"":""Final NPL"",""saa"":false,""sources"":[""EPA NPL""]}"
superfund_ARD092916188,MID-SOUTH WOOD PRODUCTS,superfund,+34.569700,-94.256600,AR,EPA NPL,"{""external_id"":""ARD092916188"",""npl_status"":""Final NPL"",""saa"":false,""sources"":[""EPA NPL""]}"
superfund_ARD980864110,MONROE AUTO EQUIPMENT CO. (PARAGOULD PIT),superfund,36.020831,-90.575000,AR,EPA NPL,"{""external_id"":""ARD980864110"",""npl_status"":""Deleted NPL"",""saa"":false,""sources"":[""EPA NPL""]}"
superfund_ARD049658628,MOUNTAIN PINE PRESSURE TREATING,superfund,34.984167,-93.302222,AR,EPA NPL,"{""external_id"":""ARD049658628"",""npl_status"":""Final NPL"",""saa"":false,""sources"":[""EPA NPL""]}"
superfund_ARD980745665,OLD MIDLAND PRODUCTS,superfund,+35.025000,-93.203889,AR,EPA NPL,"{""external_id"":""ARD980745665"",""npl_status"":""Final NPL"",""saa"":false,""sources"":[""EPA NPL""]}"
superfund_ARD042755231,OUACHITA NEVADA WOOD TREATER,superfund,33.759453,-93.104258,AR,EPA NPL,"{""external_id"":""ARD042755231"",""npl_status"":""Final NPL"",""saa"":false,""sources"":[""EPA NPL""]}"
superfund_ARD008052508,"POPILE, INC.",superfund,+33.182500,-92.673333,AR,EPA NPL,"{""external_id"":""ARD008052508"",""npl_status"":""Final NPL"",""saa"":false,""sources"":[""EPA NPL""]}"
superfund_ARD981055809,ROGERS ROAD MUNICIPAL LANDFILL,superfund,+34.862700,-92.077800,AR,EPA NPL,"{""external_id"":""ARD981055809"",""npl_status"":""Deleted NPL"",""saa"":false,""sources"":[""EPA NPL""]}"
superfund_ARD980496723,SOUTH 8TH STREET LANDFILL,superfund,35.124444,-90.169444,AR,EPA NPL,"{""external_id"":""ARD980496723"",""npl_status"":""Deleted NPL"",""saa"":false,""sources"":[""EPA NPL""]}"
superfund_ARD000023440,"VERTAC, INC.",superfund,+34.878000,-92.131200,AR,EPA NPL,"{""external_id"":""ARD000023440"",""npl_status"":""Final NPL"",""saa"":false,""sources"":[""EPA NPL""]}"
superfund_ASD980637656,TAPUTIMU FARM,superfund,-14.360100,-170.772000,AS,EPA NPL,"{""external_id"":""ASD980637656"",""npl_status"":""Deleted NPL"",""saa"":false,""sources"":[""EPA NPL""]}"
superfund_AZD008399263,APACHE POWDER CO.,superfund,+31.880000,-110.240000,AZ,EPA NPL,"{""external_id"":""AZD008399263"",""npl_status"":""Final NPL"",""saa"":false,""sources"":[""EPA NPL""]}"
superfund_AZD980735666,HASSAYAMPA LANDFILL,superfund,33.368331,-112.748300,AZ,EPA NPL,"{""external_id"":""AZD980735666"",""npl_status"":""Final NPL"",""saa"":false,""sources"":[""EPA NPL""]}"
superfund_AZD980695969,INDIAN BEND WASH AREA,superfund,33.466669,-111.908300,AZ,EPA NPL,"{""external_id"":""AZD980695969"",""npl_status"":""Final NPL"",""saa"":false,""sources"":[""EPA NPL""]}"
superfund_AZ0000309013,IRON KING MINE - HUMBOLDT SMELTER,superfund,34.500000,-112.250000,AZ,EPA NPL,"{""external_id"":""AZ0000309013"",""npl_status"":""Final NPL"",""saa"":false,""sources"":[""EPA NPL""]}"
superfund_AZ0570024133,LUKE AIR FORCE BASE,superfund,+33.540000,-112.356700,AZ,EPA NPL,"{""external_id"":""AZ0570024133"",""npl_status"":""Deleted NPL"",""saa"":false,""sources"":[""EPA NPL""]}"
superfund_AZD009004177,"MOTOROLA, INC. (52ND STREET PLANT)",superfund,33.461669,-111.970800,AZ,EPA NPL,"{""external_id"":""AZD009004177"",""npl_status"":""Final NPL"",""saa"":false,""sources"":[""EPA NPL""]}"
superfund_AZD980735724,MOUNTAIN VIEW MOBILE HOME ESTATES,superfund,+33.372800,-110.733200,AZ,EPA NPL,"{""external_id"":""AZD980735724"",""npl_status"":""Deleted NPL"",""saa"":false,""sources"":[""EPA NPL""]}"
superfund_AZD980496780,NINETEENTH AVENUE LANDFILL,superfund,33.416669,-112.091700,AZ,EPA NPL,"{""external_id"":""AZD980496780"",""npl_status"":""Deleted NPL"",""saa"":false,""sources"":[""EPA NPL""]}"
superfund_AZD980695902,PHOENIX-GOODYEAR AIRPORT AREA,superfund,33.429719,-112.365300,AZ,EPA NPL,"{""external_id"":""AZD980695902"",""npl_status"":""Final NPL"",""saa"":false,""sources"":[""EPA NPL""]}"
superfund_AZD980737530,TUCSON INTERNATIONAL AIRPORT AREA,superfund,32.105561,-110.933300,AZ,EPA NPL,"{""external_id"":""AZD980737530"",""npl_status"":""Final NPL"",""saa"":false,""sources"":[""EPA NPL""]}"
superfund_AZ7570028582,WILLIAMS AIR FORCE BASE,superfund,+33.306950,-111.651900,AZ,EPA NPL,"{""external_id"":""AZ7570028582"",""npl_status"":""Final NPL"",""saa"":false,""sources"":[""EPA NPL""]}"
superfund_AZ0971590062,YUMA MARINE CORPS AIR STATION,superfund,32.654581,-114.588800,AZ,EPA NPL,"{""external_id"":""AZ0971590062"",""npl_status"":""Final NPL"",""saa"":false,""sources"":[""EPA NPL""]}"
superfund_CAD048634059,"ADVANCED MICRO DEVICES, INC.",superfund,+37.382500,-122.008600,CA,EPA NPL,"{""external_id"":""CAD048634059"",""npl_status"":""Final NPL"",""saa"":false,""sources"":[""EPA NPL""]}"
superfund_CAT080034234,"ADVANCED MICRO DEVICES, INC. (BUILDING 915)",superfund,+37.386800,-122.006600,CA,EPA NPL,"{""external_id"":""CAT080034234"",""npl_status"":""Final NPL"",""saa"":false,""sources"":[""EPA NPL""]}"
superfund_CAD980358832,AEROJET GENERAL CORP.,superfund,38.608331,-121.200000,CA,EPA NPL,"{""external_id"":""CAD980358832"",""npl_status"":""Final NPL"",""saa"":false,""sources"":[""EPA NPL""]}"
superfund_CA2170023236,ALAMEDA NAVAL AIR STATION,superfund,37.788889,-122.330000,CA,EPA NPL,"{""external_id"":""CA2170023236"",""npl_status"":""Final NPL"",""saa"":false,""sources"":[""EPA NPL""]}"
superfund_CA0001576081,AMCO CHEMICAL,superfund,+37.802500,-122.293750,CA,EPA NPL,"{""external_id"":""CA0001576081"",""npl_status"":""Final NPL"",""saa"":false,""sources"":[""EPA NPL""]}"
superfund_CAD042728840,APPLIED MATERIALS,superfund,+37.377700,-121.977700,CA,EPA NPL,"{""external_id"":""CAD042728840"",""npl_status"":""Final NPL"",""saa"":false,""sources"":[""EPA NPL""]}"
superfund_CAD983650011,ARGONAUT MINE,superfund,38.353333,-120.785750,CA,EPA NPL,"{""external_id"":""CAD983650011"",""npl_status"":""Final NPL"",""saa"":false,""sources"":[""EPA NPL""]}"
superfund_CAD980496863,ATLAS ASBESTOS MINE,superfund,36.321669,-120.586700,CA,EPA NPL,"{""external_id"":""CAD980496863"",""npl_status"":""Final NPL"",""saa"":false,""sources"":[""EPA NPL""]}"
superfund_CA8170024261,BARSTOW MARINE CORPS LOGISTICS BASE,superfund,34.878331,-116.938900,CA,EPA NPL,"{""external_id"":""CA8170024261"",""npl_status"":""Final NPL"",""saa"":false,""sources"":[""EPA NPL""]}"
superfund_CAD048645444,BECKMAN INSTRUMENTS (PORTERVILLE PLANT),superfund,+36.049000,-119.020100,CA,EPA NPL,"{""external_id"":""CAD048645444"",""npl_status"":""Deleted NPL"",""saa"":false,""sources"":[""EPA NPL""]}"
superfund_CAD052384021,"BROWN & BRYANT, INC. (ARVIN PLANT)",superfund,35.203061,-118.822000,CA,EPA NPL,"{""external_id"":""CAD052384021"",""npl_status"":""Final NPL"",""saa"":false,""sources"":[""EPA NPL""]}"
superfund_CA2170023533,CAMP PENDLETON MARINE CORPS BASE,superfund,33.306669,-117.340800,CA,EPA NPL,"{""external_id"":""CA2170023533"",""npl_status"":""Final NPL"",""saa"":false,""sources"":[""EPA NPL""]}"
superfund_CAD020748125,CASMALIA RESOURCES,superfund,34.863125,-120.544303,CA,EPA NPL,"{""external_id"":""CAD020748125"",""npl_status"":""Final NPL"",""saa"":false,""sources"":[""EPA NPL""]}"
superfund_CA3570024551,CASTLE AIR FORCE BASE (6 AREAS),superfund,37.367361,-120.563600,CA,EPA NPL,"{""external_id"":""CA3570024551"",""npl_status"":""Final NPL"",""saa"":false,""sources"":[""EPA NPL""]}"
superfund_CAD980638860,CELTOR CHEMICAL WORKS,superfund,+41.102700,-123.691100,CA,EPA NPL,"{""external_id"":""CAD980638860"",""npl_status"":""Deleted NPL"",""saa"":false,""sources"":[""EPA NPL""]}"
superfund_CAD980817217,COALINGA ASBESTOS MINE,superfund,+36.310000,-120.528300,CA,EPA NPL,"{""external_id"":""CAD980817217"",""npl_status"":""Deleted NPL"",""saa"":false,""sources"":[""EPA NPL""]}"
superfund_CAD063015887,COAST WOOD PRESERVING,superfund,+39.112500,-123.193000,CA,EPA NPL,"{""external_id"":""CAD063015887"",""npl_status"":""Final NPL"",""saa"":false,""sources"":[""EPA NPL""]}"
superfund_CA7170024528,CONCORD NAVAL WEAPONS STATION,superfund,38.049444,-122.000000,CA,EPA NPL,"{""external_id"":""CA7170024528"",""npl_status"":""Final NPL"",""saa"":false,""sources"":[""EPA NPL""]}"
superfund_CAD055753370,COOPER DRUM CO.,superfund,33.946972,-118.179694,CA,EPA NPL,"{""external_id"":""CAD055753370"",""npl_status"":""Final NPL"",""saa"":false,""sources"":[""EPA NPL""]}"
superfund_CAD009212838,"CTS PRINTEX, INC.",superfund,+37.416500,-122.087200,CA,EPA NPL,"{""external_id"":""CAD009212838"",""npl_status"":""Final NPL"",""saa"":false,""sources"":[""EPA NPL""]}"
superfund_CAD029544731,DEL AMO,superfund,33.846639,-118.289472,CA,EPA NPL,"{""external_id"":""CAD029544731"",""npl_status"":""Final NPL"",""saa"":false,""sources"":[""EPA NPL""]}"
superfund_CAD000626176,DEL NORTE PESTICIDE STORAGE,superfund,41.773331,-124.231700,CA,EPA NPL,"{""external_id"":""CAD000626176"",""npl_status"":""Deleted NPL"",""saa"":false,""sources"":[""EPA NPL""]}"
superfund_CA1570024504,EDWARDS AIR FORCE BASE,superfund,34.949439,-117.885700,CA,EPA NPL,"{""external_id"":""CA1570024504"",""npl_status"":""Final NPL"",""saa"":false,""sources"":[""EPA NPL""]}"
superfund_CA6170023208,EL TORO MARINE CORPS AIR STATION,superfund,33.676669,-117.717600,CA,EPA NPL,"{""external_id"":""CA6170023208"",""npl_status"":""Final NPL"",""saa"":false,""sources"":[""EPA NPL""]}"
superfund_CAD095989778,FAIRCHILD SEMICONDUCTOR CORP. (MOUNTAIN VIEW PLANT),superfund,+37.401200,-122.054200,CA,EPA NPL,"{""external_id"":""CAD095989778"",""npl_status"":""Final NPL"",""saa"":false,""sources"":[""EPA NPL""]}"
superfund_CAD097012298,FAIRCHILD SEMICONDUCTOR CORP. (SOUTH SAN JOSE PLANT),superfund,+37.232600,-121.774800,CA,EPA NPL,"{""external_id"":""CAD097012298"",""npl_status"":""Final NPL"",""saa"":false,""sources"":[""EPA NPL""]}"
superfund_CAD990793887,FIRESTONE TIRE & RUBBER CO. (SALINAS PLANT),superfund,+36.624900,-121.590100,CA,EPA NPL,"{""external_id"":""CAD990793887"",""npl_status"":""Deleted NPL"",""saa"":false,""sources"":[""EPA NPL""]}"
superfund_CA7210020676,FORT ORD,superfund,+36.625000,-121.750000,CA,EPA NPL,"{""external_id"":""CA7210020676"",""npl_status"":""Final NPL"",""saa"":false,""sources"":[""EPA NPL""]}"
superfund_CAD980636914,FRESNO MUNICIPAL SANITARY LANDFILL,superfund,36.704169,-119.826100,CA,EPA NPL,"{""external_id"":""CAD980636914"",""npl_status"":""Final NPL"",""saa"":false,""sources"":[""EPA NPL""]}"
superfund_CAD071530380,FRONTIER FERTILIZER,superfund,+38.552588,-121.703615,CA,EPA NPL,"{""external_id"":""CAD071530380"",""npl_status"":""Final NPL"",""saa"":false,""sources"":[""EPA NPL""]}"
superfund_CA2570024453,GEORGE AIR FORCE BASE,superfund,+34.595000,-117.383300,CA,EPA NPL,"{""external_id"":""CA2570024453"",""npl_status"":""Final NPL"",""saa"":false,""sources"":[""EPA NPL""]}"
superfund_CAD009688052,HALACO ENGINEERING COMPANY,superfund,+34.138889,-119.181944,CA,EPA NPL,"{""external_id"":""CAD009688052"",""npl_status"":""Final NPL"",""saa"":false,""sources"":[""EPA NPL""]}"
superfund_CAD980884209,HEWLETT-PACKARD (620-640 PAGE MILL ROAD),superfund,+37.421400,-122.143400,CA,EPA NPL,"{""external_id"":""CAD980884209"",""npl_status"":""Final NPL"",""saa"":false,""sources"":[""EPA NPL""]}"
superfund_CA1170090087,HUNTERS POINT NAVAL SHIPYARD,superfund,+37.722290,-122.367320,CA,EPA NPL,"{""external_id"":""CA1170090087"",""npl_status"":""Final NPL"",""saa"":false,""sources"":[""EPA NPL""]}"
superfund_CAD980736284,INDUSTRIAL WASTE PROCESSING,superfund,+36.842500,-119.809400,CA,EPA NPL,"{""external_id"":""CAD980736284"",""npl_status"":""Final NPL"",""saa"":false,""sources"":[""EPA NPL""]}"
superfund_CAD061620217,INTEL CORP. (MOUNTAIN VIEW PLANT),superfund,+37.396200,-122.056600,CA,EPA NPL,"{""external_id"":""CAD061620217"",""npl_status"":""Final NPL"",""saa"":false,""sources"":[""EPA NPL""]}"
superfund_CAT000612184,INTEL CORP. (SANTA CLARA III),superfund,+37.373700,-121.971700,CA,EPA NPL,"{""external_id"":""CAT000612184"",""npl_status"":""Deleted NPL"",""saa"":false,""sources"":[""EPA NPL""]}"
superfund_CAD092212497,INTEL MAGNETICS,superfund,+37.375600,-121.980100,CA,EPA NPL,"{""external_id"":""CAD092212497"",""npl_status"":""Final NPL"",""saa"":false,""sources"":[""EPA NPL""]}"
superfund_CAD041472341,INTERSIL INC./SIEMENS COMPONENTS,superfund,+37.336100,-122.001500,CA,EPA NPL,"{""external_id"":""CAD041472341"",""npl_status"":""Final NPL"",""saa"":false,""sources"":[""EPA NPL""]}"
superfund_CAD980498612,IRON MOUNTAIN MINE,superfund,+40.671669,-122.527800,CA,EPA NPL,"{""external_id"":""CAD980498612"",""npl_status"":""Final NPL"",""saa"":false,""sources"":[""EPA NPL""]}"
superfund_CAD000625731,J.H. BAXTER & CO.,superfund,+41.436400,-122.370700,CA,EPA NPL,"{""external_id"":""CAD000625731"",""npl_status"":""Final NPL"",""saa"":false,""sources"":[""EPA NPL""]}"
superfund_CAD009103318,JASCO CHEMICAL CORP.,superfund,+37.398800,-122.088200,CA,EPA NPL,"{""external_id"":""CAD009103318"",""npl_status"":""Deleted NPL"",""saa"":false,""sources"":[""EPA NPL""]}"
superfund_CAD008339467,JERVIS B. WEBB CO.,superfund,33.950325,-118.178017,CA,EPA NPL,"{""external_id"":""CAD008339467"",""npl_status"":""Final NPL"",""saa"":false,""sources"":[""EPA NPL""]}"
superfund_CA9800013030,JET PROPULSION LABORATORY (NASA),superfund,34.201185,-118.167434,CA,EPA NPL,"{""external_id"":""CA9800013030"",""npl_status"":""Final NPL"",""saa"":false,""sources"":[""EPA NPL""]}"
superfund_CAD980737613,JIBBOOM JUNKYARD,superfund,38.591669,-121.503300,CA,EPA NPL,"{""external_id"":""CAD980737613"",""npl_status"":""Deleted NPL"",""saa"":false,""sources"":[""EPA NPL""]}"
superfund_CA1141190578,KLAU/BUENA VISTA MINE,superfund,+35.625900,-120.896700,CA,EPA NPL,"{""external_id"":""CA1141190578"",""npl_status"":""Final NPL"",""saa"":false,""sources"":[""EPA NPL""]}"
superfund_CAD009112087,"KOPPERS CO., INC. (OROVILLE PLANT)",superfund,39.470831,-121.564300,CA,EPA NPL,"{""external_id"":""CAD009112087"",""npl_status"":""Final NPL"",""saa"":false,""sources"":[""EPA NPL""]}"
superfund_CA2890190000,LABORATORY FOR ENERGY-RELATED HEALTH RESEARCH/OLD CAMPUS LANDFILL (USDOE),superfund,+38.518750,-121.751250,CA,EPA NPL,"{""external_id"":""CA2890190000"",""npl_status"":""Final NPL"",""saa"":false,""sources"":[""EPA NPL""]}"
superfund_CAD983618893,LAVA CAP MINE,superfund,39.228056,-120.969861,CA,EPA NPL,"{""external_id"":""CAD983618893"",""npl_status"":""Final NPL"",""saa"":false,""sources"":[""EPA NPL""]}"
superfund_CA2890090002,LAWRENCE LIVERMORE NATL LAB (SITE 300) (USDOE),superfund,37.644306,-121.576667,CA,EPA NPL,"{""external_id"":""CA2890090002"",""npl_status"":""Final NPL"",""saa"":false,""sources"":[""EPA NPL""]}"
superfund_CA2890012584,"LAWRENCE LIVERMORE NATL LAB, MAIN SITE (USDOE)",superfund,37.688061,-121.704700,CA,EPA NPL,"{""external_id"":""CA2890012584"",""npl_status"":""Final NPL"",""saa"":false,""sources"":[""EPA NPL""]}"
superfund_CAT000646208,LIQUID GOLD OIL CORP.,superfund,37.908333,-122.325000,CA,EPA NPL,"{""external_id"":""CAT000646208"",""npl_status"":""Deleted NPL"",""saa"":false,""sources"":[""EPA NPL""]}"
superfund_CAD029295706,LORENTZ BARREL & DRUM CO.,superfund,37.318611,-121.864400,CA,EPA NPL,"{""external_id"":""CAD029295706"",""npl_status"":""Final NPL"",""saa"":false,""sources"":[""EPA NPL""]}"
superfund_CAD065021594,LOUISIANA-PACIFIC CORP.,superfund,+39.474300,-121.570300,CA,EPA NPL,"{""external_id"":""CAD065021594"",""npl_status"":""Deleted NPL"",""saa"":false,""sources"":[""EPA NPL""]}"
superfund_CA4570024527,MARCH AIR FORCE BASE,superfund,33.906389,-117.255700,CA,EPA NPL,"{""external_id"":""CA4570024527"",""npl_status"":""Final NPL"",""saa"":false,""sources"":[""EPA NPL""]}"
superfund_CA8570024143,MATHER AIR FORCE BASE (AC&W DISPOSAL SITE),superfund,+38.556950,-121.297200,CA,EPA NPL,"{""external_id"":""CA8570024143"",""npl_status"":""Final NPL"",""saa"":false,""sources"":[""EPA NPL""]}"
superfund_CA4570024337,MCCLELLAN AIR FORCE BASE (GROUND WATER CONTAMINATION),superfund,+38.660000,-121.399400,CA,EPA NPL,"{""external_id"":""CA4570024337"",""npl_status"":""Final NPL"",""saa"":false,""sources"":[""EPA NPL""]}"
superfund_CAD980498695,MCCOLL,superfund,+33.895300,-117.971200,CA,EPA NPL,"{""external_id"":""CAD980498695"",""npl_status"":""Final NPL"",""saa"":false,""sources"":[""EPA NPL""]}"
superfund_CAD009106527,MCCORMICK & BAXTER CREOSOTING CO.,superfund,37.947851,-121.306635,CA,EPA NPL,"{""external_id"":""CAD009106527"",""npl_status"":""Final NPL"",""saa"":false,""sources"":[""EPA NPL""]}"
superfund_CAD000074120,MGM BRAKES,superfund,+38.784000,-123.010900,CA,EPA NPL,"{""external_id"":""CAD000074120"",""npl_status"":""Deleted NPL"",""saa"":false,""sources"":[""EPA NPL""]}"
superfund_CAD981997752,MODESTO GROUND WATER CONTAMINATION,superfund,+37.659100,-120.996400,CA,EPA NPL,"{""external_id"":""CAD981997752"",""npl_status"":""Final NPL"",""saa"":false,""sources"":[""EPA NPL""]}"
superfund_CA2170090078,MOFFETT FIELD NAVAL AIR STATION,superfund,37.411389,-122.052200,CA,EPA NPL,"{""external_id"":""CA2170090078"",""npl_status"":""Final NPL"",""saa"":false,""sources"":[""EPA NPL""]}"
superfund_CAD049236201,MONOLITHIC MEMORIES,superfund,+37.381600,-121.996800,CA,EPA NPL,"{""external_id"":""CAD049236201"",""npl_status"":""Final NPL"",""saa"":false,""sources"":[""EPA NPL""]}"
superfund_CAD008242711,MONTROSE CHEMICAL CORP.,superfund,33.848331,-118.298300,CA,EPA NPL,"{""external_id"":""CAD008242711"",""npl_status"":""Final NPL"",""saa"":false,""sources"":[""EPA NPL""]}"
superfund_CAD041472986,NATIONAL SEMICONDUCTOR CORP.,superfund,37.375281,-121.998900,CA,EPA NPL,"{""external_id"":""CAD041472986"",""npl_status"":""Final NPL"",""saa"":false,""sources"":[""EPA NPL""]}"
superfund_CA0001900463,NEW IDRIA MERCURY MINE,superfund,36.418392,-120.672511,CA,EPA NPL,"{""external_id"":""CA0001900463"",""npl_status"":""Final NPL"",""saa"":false,""sources"":[""EPA NPL""]}"
superfund_CAD981434517,NEWMARK GROUND WATER CONTAMINATION,superfund,34.171811,-117.313100,CA,EPA NPL,"{""external_id"":""CAD981434517"",""npl_status"":""Final NPL"",""saa"":false,""sources"":[""EPA NPL""]}"
superfund_CA4570024345,NORTON AIR FORCE BASE (LNDFLL #2),superfund,34.098061,-117.237200,CA,EPA NPL,"{""external_id"":""CA4570024345"",""npl_status"":""Final NPL"",""saa"":false,""sources"":[""EPA NPL""]}"
superfund_CAD042245001,OMEGA CHEMICAL CORPORATION,superfund,33.969722,-118.042222,CA,EPA NPL,"{""external_id"":""CAD042245001"",""npl_status"":""Final NPL"",""saa"":false,""sources"":[""EPA NPL""]}"
superfund_CAT080012024,"OPERATING INDUSTRIES, INC., LANDFILL",superfund,34.033333,-118.105556,CA,EPA NPL,"{""external_id"":""CAT080012024"",""npl_status"":""Final NPL"",""saa"":false,""sources"":[""EPA NPL""]}"
superfund_CAD980636781,PACIFIC COAST PIPELINE,superfund,+34.404169,-118.902800,CA,EPA NPL,"{""external_id"":""CAD980636781"",""npl_status"":""Final NPL"",""saa"":false,""sources"":[""EPA NPL""]}"
superfund_CAD980737092,PEMACO MAYWOOD,superfund,33.985417,-118.171250,CA,EPA NPL,"{""external_id"":""CAD980737092"",""npl_status"":""Final NPL"",""saa"":false,""sources"":[""EPA NPL""]}"
superfund_CAD980736151,"PURITY OIL SALES, INC.",superfund,+36.687400,-119.746700,CA,EPA NPL,"{""external_id"":""CAD980736151"",""npl_status"":""Final NPL"",""saa"":false,""sources"":[""EPA NPL""]}"
superfund_CAD009205097,RAYTHEON CORP.,superfund,+37.397500,-122.053300,CA,EPA NPL,"{""external_id"":""CAD009205097"",""npl_status"":""Final NPL"",""saa"":false,""sources"":[""EPA NPL""]}"
superfund_CA7210020759,RIVERBANK ARMY AMMUNITION PLANT,superfund,+37.716950,-120.918100,CA,EPA NPL,"{""external_id"":""CA7210020759"",""npl_status"":""Final NPL"",""saa"":false,""sources"":[""EPA NPL""]}"
superfund_CAN000905945,"ROCKETS, FIREWORKS, AND FLARES SITE",superfund,34.153683,-117.416567,CA,EPA NPL,"{""external_id"":""CAN000905945"",""npl_status"":""Final NPL"",""saa"":false,""sources"":[""EPA NPL""]}"
superfund_CA0210020780,SACRAMENTO ARMY DEPOT,superfund,38.520281,-121.395800,CA,EPA NPL,"{""external_id"":""CA0210020780"",""npl_status"":""Final NPL"",""saa"":false,""sources"":[""EPA NPL""]}"
superfund_CAD980894893,SAN FERNANDO VALLEY (AREA 1),superfund,+34.190000,-118.351400,CA,EPA NPL,"{""external_id"":""CAD980894893"",""npl_status"":""Final NPL"",""saa"":false,""sources"":[""EPA NPL""]}"
superfund_CAD980894901,SAN FERNANDO VALLEY (AREA 2),superfund,34.163139,-118.286000,CA,EPA NPL,"{""external_id"":""CAD980894901"",""npl_status"":""Final NPL"",""saa"":false,""sources"":[""EPA NPL""]}"
superfund_CAD980894984,SAN FERNANDO VALLEY (AREA 3),superfund,34.227600,-118.413500,CA,EPA NPL,"{""external_id"":""CAD980894984"",""npl_status"":""Deleted NPL"",""saa"":false,""sources"":[""EPA NPL""]}"
superfund_CAD980677355,SAN GABRIEL VALLEY (AREA 1),superfund,+34.125000,-118.000000,CA,EPA NPL,"{""external_id"":""CAD980677355"",""npl_status"":""Final NPL"",""saa"":false,""sources"":[""EPA NPL""]}"
superfund_CAD980818512,SAN GABRIEL VALLEY (AREA 2),superfund,34.073611,-117.936100,CA,EPA NPL,"{""external_id"":""CAD980818512"",""npl_status"":""Final NPL"",""saa"":false,""sources"":[""EPA NPL""]}"
superfund_CAD980818579,SAN GABRIEL VALLEY (AREA 3),superfund,+34.100000,-118.125000,CA,EPA NPL,"{""external_id"":""CAD980818579"",""npl_status"":""Final NPL"",""saa"":false,""sources"":[""EPA NPL""]}"
superfund_CAD980817985,SAN GABRIEL VALLEY (AREA 4),superfund,34.016669,-117.958300,CA,EPA NPL,"{""external_id"":""CAD980817985"",""npl_status"":""Final NPL"",""saa"":false,""sources"":[""EPA NPL""]}"
superfund_CAD029452141,SELMA PRESSURE TREATING COMPANY,superfund,+36.556669,-119.601700,CA,EPA NPL,"{""external_id"":""CAD029452141"",""npl_status"":""Final NPL"",""saa"":false,""sources"":[""EPA NPL""]}"
superfund_CA8210020832,SHARPE ARMY DEPOT,superfund,37.829169,-121.267200,CA,EPA NPL,"{""external_id"":""CA8210020832"",""npl_status"":""Final NPL"",""saa"":false,""sources"":[""EPA NPL""]}"
superfund_CAD981171523,"SOLA OPTICAL USA, INC.",superfund,+38.233200,-122.593100,CA,EPA NPL,"{""external_id"":""CAD981171523"",""npl_status"":""Deleted NPL"",""saa"":false,""sources"":[""EPA NPL""]}"
superfund_CAD980894885,SOUTH BAY ASBESTOS AREA,superfund,37.429861,-121.981100,CA,EPA NPL,"{""external_id"":""CAD980894885"",""npl_status"":""Final NPL"",""saa"":false,""sources"":[""EPA NPL""]}"
superfund_CAN000905902,SOUTHERN AVENUE INDUSTRIAL AREA,superfund,33.946178,-118.176922,CA,EPA NPL,"{""external_id"":""CAN000905902"",""npl_status"":""Final NPL"",""saa"":false,""sources"":[""EPA NPL""]}"
superfund_CAD980816466,SOUTHERN CALIFORNIA EDISON CO. (VISALIA POLEYARD),superfund,36.333331,-119.276700,CA,EPA NPL,"{""external_id"":""CAD980816466"",""npl_status"":""Deleted NPL"",""saa"":false,""sources"":[""EPA NPL""]}"
superfund_CAD009138488,"SPECTRA-PHYSICS, INC.",superfund,+37.408050,-122.078600,CA,EPA NPL,"{""external_id"":""CAD009138488"",""npl_status"":""Final NPL"",""saa"":false,""sources"":[""EPA NPL""]}"
superfund_CAT080012826,STRINGFELLOW,superfund,34.023056,-117.458330,CA,EPA NPL,"{""external_id"":""CAT080012826"",""npl_status"":""Final NPL"",""saa"":false,""sources"":[""EPA NPL""]}"
superfund_CAD980893275,SULPHUR BANK MERCURY MINE,superfund,+39.005550,-122.670300,CA,EPA NPL,"{""external_id"":""CAD980893275"",""npl_status"":""Final NPL"",""saa"":false,""sources"":[""EPA NPL""]}"
superfund_CAD990832735,"SYNERTEK, INC. (BUILDING 1)",superfund,+37.377300,-121.971900,CA,EPA NPL,"{""external_id"":""CAD990832735"",""npl_status"":""Final NPL"",""saa"":false,""sources"":[""EPA NPL""]}"
superfund_CAD009106220,T.H. AGRICULTURE & NUTRITION CO.,superfund,36.764728,-119.660501,CA,EPA NPL,"{""external_id"":""CAD009106220"",""npl_status"":""Deleted NPL"",""saa"":false,""sources"":[""EPA NPL""]}"
superfund_CAD009111444,TELEDYNE SEMICONDUCTOR,superfund,+37.410800,-122.079700,CA,EPA NPL,"{""external_id"":""CAD009111444"",""npl_status"":""Final NPL"",""saa"":false,""sources"":[""EPA NPL""]}"
superfund_CA4971520834,TRACY DEFENSE DEPOT (USARMY),superfund,37.715281,-121.391100,CA,EPA NPL,"{""external_id"":""CA4971520834"",""npl_status"":""Final NPL"",""saa"":false,""sources"":[""EPA NPL""]}"
superfund_CA5570024575,TRAVIS AIR FORCE BASE,superfund,+38.264450,-121.933200,CA,EPA NPL,"{""external_id"":""CA5570024575"",""npl_status"":""Final NPL"",""saa"":false,""sources"":[""EPA NPL""]}"
superfund_CAD009159088,"TRW MICROWAVE, INC (BUILDING 825)",superfund,+37.384600,-122.008500,CA,EPA NPL,"{""external_id"":""CAD009159088"",""npl_status"":""Final NPL"",""saa"":false,""sources"":[""EPA NPL""]}"
superfund_CAD981436363,UNITED HECKATHORN CO.,superfund,+37.922600,-122.365400,CA,EPA NPL,"{""external_id"":""CAD981436363"",""npl_status"":""Final NPL"",""saa"":false,""sources"":[""EPA NPL""]}"
superfund_CAD063020143,"VALLEY WOOD PRESERVING, INC.",superfund,+37.472700,-120.823900,CA,EPA NPL,"{""external_id"":""CAD063020143"",""npl_status"":""Final NPL"",""saa"":false,""sources"":[""EPA NPL""]}"
superfund_CAD980884357,"WASTE DISPOSAL, INC.",superfund,+33.950000,-118.055000,CA,EPA NPL,"{""external_id"":""CAD980884357"",""npl_status"":""Final NPL"",""saa"":false,""sources"":[""EPA NPL""]}"
superfund_CAD980893234,WATKINS-JOHNSON CO. (STEWART DIVISION PLANT),superfund,37.051111,-122.029028,CA,EPA NPL,"{""external_id"":""CAD980893234"",""npl_status"":""Final NPL"",""saa"":false,""sources"":[""EPA NPL""]}"
superfund_CAD980894679,WESTERN PACIFIC RAILROAD CO.,superfund,39.483061,-121.552500,CA,EPA NPL,"{""external_id"":""CAD980894679"",""npl_status"":""Deleted NPL"",""saa"":false,""sources"":[""EPA NPL""]}"
superfund_CAD001864081,WESTINGHOUSE ELECTRIC CORP. (SUNNYVALE PLANT),superfund,+37.378700,-122.022500,CA,EPA NPL,"{""external_id"":""CAD001864081"",""npl_status"":""Final NPL"",""saa"":false,""sources"":[""EPA NPL""]}"
superfund_CO7570090038,AIR FORCE PLANT PJKS,superfund,+39.508686,-105.128965,CO,EPA NPL,"{""external_id"":""CO7570090038"",""npl_status"":""Final NPL"",""saa"":false,""sources"":[""EPA NPL""]}"
superfund_CON000802497,BONITA PEAK MINING DISTRICT,superfund,+37.904037,-107.616630,CO,EPA NPL,"{""external_id"":""CON000802497"",""npl_status"":""Final NPL"",""saa"":false,""sources"":[""EPA NPL""]}"
superfund_COD000110254,BRODERICK WOOD PRODUCTS,superfund,+39.803684,-104.998554,CO,EPA NPL,"{""external_id"":""COD000110254"",""npl_status"":""Final NPL"",""saa"":false,""sources"":[""EPA NPL""]}"
superfund_COD980717938,CALIFORNIA GULCH,superfund,+39.231279,-106.295522,CO,EPA NPL,"{""external_id"":""COD980717938"",""npl_status"":""Final NPL"",""saa"":false,""sources"":[""EPA NPL""]}"
superfund_COD981551427,CAPTAIN JACK MILL,superfund,+40.061319,-105.507611,CO,EPA NPL,"{""external_id"":""COD981551427"",""npl_status"":""Final NPL"",""saa"":false,""sources"":[""EPA NPL""]}"
superfund_COD980717557,"CENTRAL CITY, CLEAR CREEK",superfund,+39.771820,-105.518170,CO,EPA NPL,"{""external_id"":""COD980717557"",""npl_status"":""Final NPL"",""saa"":false,""sources"":[""EPA NPL""]}"
superfund_COD007431620,CHEMICAL SALES CO.,superfund,+39.822695,-104.911952,CO,EPA NPL,"{""external_id"":""COD007431620"",""npl_status"":""Final NPL"",""saa"":false,""sources"":[""EPA NPL""]}"
superfund_CON000802700,COLORADO SMELTER,superfund,+38.249106,-104.608010,CO,EPA NPL,"{""external_id"":""CON000802700"",""npl_status"":""Final NPL"",""saa"":false,""sources"":[""EPA NPL""]}"
superfund_COD980716955,DENVER RADIUM SITE,superfund,+39.716519,-105.005441,CO,EPA NPL,"{""external_id"":""COD980716955"",""npl_status"":""Final NPL"",""saa"":false,""sources"":[""EPA NPL""]}"
superfund_COD081961518,EAGLE MINE,superfund,+39.533331,-106.391700,CO,EPA NPL,"{""external_id"":""COD081961518"",""npl_status"":""Final NPL"",""saa"":false,""sources"":[""EPA NPL""]}"
superfund_COD042167858,LINCOLN PARK,superfund,+38.405864,-105.219379,CO,EPA NPL,"{""external_id"":""COD042167858"",""npl_status"":""Final NPL"",""saa"":false,""sources"":[""EPA NPL""]}"
superfund_COD980499248,LOWRY LANDFILL,superfund,+39.646081,-104.709141,CO,EPA NPL,"{""external_id"":""COD980499248"",""npl_status"":""Final NPL"",""saa"":false,""sources"":[""EPA NPL""]}"
superfund_COD980499255,MARSHALL LANDFILL,superfund,+39.950304,-105.201260,CO,EPA NPL,"{""external_id"":""COD980499255"",""npl_status"":""Final NPL"",""saa"":false,""sources"":[""EPA NPL""]}"
superfund_CON000802630,NELSON TUNNEL/COMMODORE WASTE ROCK,superfund,+37.877852,-106.936723,CO,EPA NPL,"{""external_id"":""CON000802630"",""npl_status"":""Final NPL"",""saa"":false,""sources"":[""EPA NPL""]}"
superfund_CO7890010526,ROCKY FLATS PLANT (USDOE),superfund,+39.892897,-105.199600,CO,EPA NPL,"{""external_id"":""CO7890010526"",""npl_status"":""Final NPL"",""saa"":false,""sources"":[""EPA NPL""]}"
superfund_CO5210020769,ROCKY MOUNTAIN ARSENAL (USARMY),superfund,+39.833398,-104.842445,CO,EPA NPL,"{""external_id"":""CO5210020769"",""npl_status"":""Final NPL"",""saa"":false,""sources"":[""EPA NPL""]}"
superfund_COD980717953,SAND CREEK INDUSTRIAL,superfund,+39.788216,-104.924898,CO,EPA NPL,"{""external_id"":""COD980717953"",""npl_status"":""Deleted NPL"",""saa"":false,""sources"":[""EPA NPL""]}"
superfund_COD983769738,SMELTERTOWN SITE,superfund,+38.554014,-106.029046,CO,EPA NPL,"{""external_id"":""COD983769738"",""npl_status"":""Proposed NPL"",""saa"":false,""sources"":[""EPA NPL""]}"
superfund_COD980806277,SMUGGLER MOUNTAIN,superfund,+39.193693,-106.809840,CO,EPA NPL,"{""external_id"":""COD980806277"",""npl_status"":""Deleted NPL"",""saa"":false,""sources"":[""EPA NPL""]}"
superfund_CO0002378230,STANDARD MINE,superfund,+38.880894,-107.072129,CO,EPA NPL,"{""external_id"":""CO0002378230"",""npl_status"":""Final NPL"",""saa"":false,""sources"":[""EPA NPL""]}"
superfund_COD983778432,SUMMITVILLE MINE,superfund,+37.423917,-106.598491,CO,EPA NPL,"{""external_id"":""COD983778432"",""npl_status"":""Final NPL"",""saa"":false,""sources"":[""EPA NPL""]}"
superfund_COD007063274,URAVAN URANIUM PROJECT (UNION CARBIDE CORP.),superfund,+38.369015,-108.747527,CO,EPA NPL,"{""external_id"":""COD007063274"",""npl_status"":""Final NPL"",""saa"":false,""sources"":[""EPA NPL""]}"
superfund_CO0002259588,VASQUEZ BOULEVARD AND I-70,superfund,+39.791667,-104.958333,CO,EPA NPL,"{""external_id"":""CO0002259588"",""npl_status"":""Final NPL"",""saa"":false,""sources"":[""EPA NPL""]}"
superfund_COD980667075,WOODBURY CHEMICAL CO.,superfund,+39.795025,-104.945326,CO,EPA NPL,"{""external_id"":""COD980667075"",""npl_status"":""Deleted NPL"",""saa"":false,""sources"":[""EPA NPL""]}"
superfund_CTD980732333,BARKHAMSTED-NEW HARTFORD LANDFILL,superfund,+41.893947,-72.989337,CT,EPA NPL,"{""external_id"":""CTD980732333"",""npl_status"":""Final NPL"",""saa"":false,""sources"":[""EPA NPL""]}"
superfund_CTD072122062,BEACON HEIGHTS LANDFILL,superfund,+41.431950,-73.035281,CT,EPA NPL,"{""external_id"":""CTD072122062"",""npl_status"":""Final NPL"",""saa"":false,""sources"":[""EPA NPL""]}"
superfund_CTD981067317,CHESHIRE GROUND WATER CONTAMINATION,superfund,+41.557500,-72.910833,CT,EPA NPL,"{""external_id"":""CTD981067317"",""npl_status"":""Deleted NPL"",""saa"":false,""sources"":[""EPA NPL""]}"
superfund_CTD001452093,DURHAM MEADOWS,superfund,+41.481110,-72.681388,CT,EPA NPL,"{""external_id"":""CTD001452093"",""npl_status"":""Final NPL"",""saa"":false,""sources"":[""EPA NPL""]}"
superfund_CTD108960972,GALLUP'S QUARRY,superfund,41.665281,-71.924161,CT,EPA NPL,"{""external_id"":""CTD108960972"",""npl_status"":""Final NPL"",""saa"":false,""sources"":[""EPA NPL""]}"
superfund_CTD980670814,KELLOGG-DEERING WELL FIELD,superfund,+41.130550,-073.431950,CT,EPA NPL,"{""external_id"":""CTD980670814"",""npl_status"":""Final NPL"",""saa"":false,""sources"":[""EPA NPL""]}"
superfund_CTD980521165,"LAUREL PARK, INC.",superfund,41.476939,-73.071661,CT,EPA NPL,"{""external_id"":""CTD980521165"",""npl_status"":""Final NPL"",""saa"":false,""sources"":[""EPA NPL""]}"
superfund_CTD001153923,LINEMASTER SWITCH CORP.,superfund,41.940561,-71.966939,CT,EPA NPL,"{""external_id"":""CTD001153923"",""npl_status"":""Final NPL"",""saa"":false,""sources"":[""EPA NPL""]}"
superfund_CTD980906515,NEW LONDON SUBMARINE BASE,superfund,41.400139,-72.087081,CT,EPA NPL,"{""external_id"":""CTD980906515"",""npl_status"":""Final NPL"",""saa"":false,""sources"":[""EPA NPL""]}"
superfund_CTD980669261,NUTMEG VALLEY ROAD,superfund,+41.574800,-072.998600,CT,EPA NPL,"{""external_id"":""CTD980669261"",""npl_status"":""Deleted NPL"",""saa"":false,""sources"":[""EPA NPL""]}"
superfund_CTD980670806,OLD SOUTHINGTON LANDFILL,superfund,+41.579169,-72.881939,CT,EPA NPL,"{""external_id"":""CTD980670806"",""npl_status"":""Deleted NPL"",""saa"":false,""sources"":[""EPA NPL""]}"
superfund_CTD051316313,PRECISION PLATING CORP.,superfund,+41.849750,-72.447911,CT,EPA NPL,"{""external_id"":""CTD051316313"",""npl_status"":""Final NPL"",""saa"":false,""sources"":[""EPA NPL""]}"
superfund_CTD001186618,"RAYMARK INDUSTRIES, INC.",superfund,41.201278,-73.117222,CT,EPA NPL,"{""external_id"":""CTD001186618"",""npl_status"":""Final NPL"",""saa"":false,""sources"":[""EPA NPL""]}"
superfund_CTD004532610,REVERE TEXTILE PRINTS CORP.,superfund,41.708331,-71.829169,CT,EPA NPL,"{""external_id"":""CTD004532610"",""npl_status"":""Deleted NPL"",""saa"":false,""sources"":[""EPA NPL""]}"
superfund_CT0002265551,SCOVILL INDUSTRIAL LANDFILL,superfund,41.550389,-73.010639,CT,EPA NPL,"{""external_id"":""CT0002265551"",""npl_status"":""Final NPL"",""saa"":false,""sources"":[""EPA NPL""]}"
superfund_CTD009717604,SOLVENTS RECOVERY SERVICE OF NEW ENGLAND,superfund,+41.619600,-072.878000,CT,EPA NPL,"{""external_id"":""CTD009717604"",""npl_status"":""Final NPL"",""saa"":false,""sources"":[""EPA NPL""]}"
superfund_CTD009774969,YAWORSKI WASTE LAGOON,superfund,+41.669450,-71.964161,CT,EPA NPL,"{""external_id"":""CTD009774969"",""npl_status"":""Final NPL"",""saa"":false,""sources"":[""EPA NPL""]}"
superfund_DC9170024310,WASHINGTON NAVY YARD,superfund,+38.875000,-76.987500,DC,EPA NPL,"{""external_id"":""DC9170024310"",""npl_status"":""Final NPL"",""saa"":false,""sources"":[""EPA NPL""]}"
superfund_DED980494496,ARMY CREEK LANDFILL,superfund,39.653061,-75.608331,DE,EPA NPL,"{""external_id"":""DED980494496"",""npl_status"":""Final NPL"",""saa"":false,""sources"":[""EPA NPL""]}"
superfund_DEN000304203,BLADES GROUNDWATER,superfund,+38.631644,-75.610467,DE,EPA NPL,"{""external_id"":""DEN000304203"",""npl_status"":""Final NPL"",""saa"":false,""sources"":[""EPA NPL""]}"
superfund_DED980714141,"CHEM-SOLV, INC.",superfund,+39.221600,-75.576400,DE,EPA NPL,"{""external_id"":""DED980714141"",""npl_status"":""Deleted NPL"",""saa"":false,""sources"":[""EPA NPL""]}"
superfund_DED980704860,COKER'S SANITATION SERVICE LANDFILLS,superfund,39.227219,-75.611389,DE,EPA NPL,"{""external_id"":""DED980704860"",""npl_status"":""Deleted NPL"",""saa"":false,""sources"":[""EPA NPL""]}"
superfund_DED980551667,DELAWARE CITY PVC PLANT,superfund,39.586111,-75.649439,DE,EPA NPL,"{""external_id"":""DED980551667"",""npl_status"":""Final NPL"",""saa"":false,""sources"":[""EPA NPL""]}"
superfund_DED000605972,DELAWARE SAND & GRAVEL LANDFILL,superfund,39.651389,-75.602781,DE,EPA NPL,"{""external_id"":""DED000605972"",""npl_status"":""Final NPL"",""saa"":false,""sources"":[""EPA NPL""]}"
superfund_DE8570024010,DOVER AIR FORCE BASE,superfund,39.127781,-75.466669,DE,EPA NPL,"{""external_id"":""DE8570024010"",""npl_status"":""Final NPL"",""saa"":false,""sources"":[""EPA NPL""]}"
superfund_DED980693550,DOVER GAS LIGHT CO.,superfund,+39.155800,-75.527700,DE,EPA NPL,"{""external_id"":""DED980693550"",""npl_status"":""Final NPL"",""saa"":false,""sources"":[""EPA NPL""]}"
superfund_DED980555122,"E.I. DU PONT DE NEMOURS & CO., INC. (NEWPORT PIGMENT PLANT LANDFILL)",superfund,39.708331,-75.609169,DE,EPA NPL,"{""external_id"":""DED980555122"",""npl_status"":""Final NPL"",""saa"":false,""sources"":[""EPA NPL""]}"
superfund_DED980830954,HALBY CHEMICAL CO.,superfund,39.718611,-75.537219,DE,EPA NPL,"{""external_id"":""DED980830954"",""npl_status"":""Final NPL"",""saa"":false,""sources"":[""EPA NPL""]}"
superfund_DED980713093,"HARVEY & KNOTT DRUM, INC.",superfund,39.573331,-75.770839,DE,EPA NPL,"{""external_id"":""DED980713093"",""npl_status"":""Final NPL"",""saa"":false,""sources"":[""EPA NPL""]}"
superfund_DEN000303920,HOCKESSIN GROUNDWATER,superfund,+39.787520,-75.696513,DE,EPA NPL,"{""external_id"":""DEN000303920"",""npl_status"":""Final NPL"",""saa"":false,""sources"":[""EPA NPL""]}"
superfund_DED980552244,"KOPPERS CO., INC. (NEWPORT PLANT)",superfund,39.704719,-75.624169,DE,EPA NPL,"{""external_id"":""DED980552244"",""npl_status"":""Final NPL"",""saa"":false,""sources"":[""EPA NPL""]}"
superfund_DEN000306645,MILLSBORO TCE,superfund,38.588158,-75.298061,DE,EPA NPL,"{""external_id"":""DEN000306645"",""npl_status"":""Proposed NPL"",""saa"":false,""sources"":[""EPA NPL""]}"
superfund_DED043958388,NCR CORP. (MILLSBORO PLANT),superfund,+38.577500,-75.283061,DE,EPA NPL,"{""external_id"":""DED043958388"",""npl_status"":""Final NPL"",""saa"":false,""sources"":[""EPA NPL""]}"
superfund_DED058980442,NEW CASTLE SPILL,superfund,39.670281,-75.561669,DE,EPA NPL,"{""external_id"":""DED058980442"",""npl_status"":""Deleted NPL"",""saa"":false,""sources"":[""EPA NPL""]}"
superfund_DED980705255,NEW CASTLE STEEL,superfund,39.657781,-75.577769,DE,EPA NPL,"{""external_id"":""DED980705255"",""npl_status"":""Deleted NPL"",""saa"":false,""sources"":[""EPA NPL""]}"
superfund_DED981035520,SEALAND LIMITED,superfund,+39.512600,-75.710000,DE,EPA NPL,"{""external_id"":""DED981035520"",""npl_status"":""Deleted NPL"",""saa"":false,""sources"":[""EPA NPL""]}"
superfund_DED041212473,"STANDARD CHLORINE OF DELAWARE, INC.",superfund,+39.599581,-75.635831,DE,EPA NPL,"{""external_id"":""DED041212473"",""npl_status"":""Final NPL"",""saa"":false,""sources"":[""EPA NPL""]}"
superfund_DED980494637,SUSSEX COUNTY LANDFILL NO. 5,superfund,+38.535000,-75.614169,DE,EPA NPL,"{""external_id"":""DED980494637"",""npl_status"":""Deleted NPL"",""saa"":false,""sources"":[""EPA NPL""]}"
superfund_DED000606079,TYBOUTS CORNER LANDFILL,superfund,+39.612500,-75.653339,DE,EPA NPL,"{""external_id"":""DED000606079"",""npl_status"":""Final NPL"",""saa"":false,""sources"":[""EPA NPL""]}"
superfund_DED980705545,TYLER REFRIGERATION PIT,superfund,39.295281,-75.618889,DE,EPA NPL,"{""external_id"":""DED980705545"",""npl_status"":""Deleted NPL"",""saa"":false,""sources"":[""EPA NPL""]}"
superfund_DED980704951,WILDCAT LANDFILL,superfund,39.120831,-75.500000,DE,EPA NPL,"{""external_id"":""DED980704951"",""npl_status"":""Deleted NPL"",""saa"":false,""sources"":[""EPA NPL""]}"
superfund_FLD980221857,AGRICO CHEMICAL CO.,superfund,+30.451200,-87.225600,FL,EPA NPL,"{""external_id"":""FLD980221857"",""npl_status"":""Final NPL"",""saa"":false,""sources"":[""EPA NPL""]}"
superfund_FLD004145140,AIRCO PLATING CO.,superfund,+25.815200,-80.255900,FL,EPA NPL,"{""external_id"":""FLD004145140"",""npl_status"":""Final NPL"",""saa"":false,""sources"":[""EPA NPL""]}"
superfund_FLD012978862,ALARIC AREA GW PLUME,superfund,27.964083,-82.375139,FL,EPA NPL,"{""external_id"":""FLD012978862"",""npl_status"":""Final NPL"",""saa"":false,""sources"":[""EPA NPL""]}"
superfund_FLD041495441,ALPHA CHEMICAL CORP.,superfund,28.100831,-82.009719,FL,EPA NPL,"{""external_id"":""FLD041495441"",""npl_status"":""Deleted NPL"",""saa"":false,""sources"":[""EPA NPL""]}"
superfund_FLD008161994,"AMERICAN CREOSOTE WORKS, INC. (PENSACOLA PLANT)",superfund,30.404719,-87.236661,FL,EPA NPL,"{""external_id"":""FLD008161994"",""npl_status"":""Final NPL"",""saa"":false,""sources"":[""EPA NPL""]}"
superfund_FLD020536538,ANACONDA ALUMINUM CO./MILGO ELECTRONICS CORP.,superfund,25.843061,-80.256531,FL,EPA NPL,"{""external_id"":""FLD020536538"",""npl_status"":""Deleted NPL"",""saa"":false,""sources"":[""EPA NPL""]}"
superfund_FLD981014368,"ANODYNE, INC.",superfund,25.923189,-80.221531,FL,EPA NPL,"{""external_id"":""FLD981014368"",""npl_status"":""Final NPL"",""saa"":false,""sources"":[""EPA NPL""]}"
superfund_FLSFN0406909,ARKLA TERRA PROPERTY,superfund,+28.057778,-82.317500,FL,EPA NPL,"{""external_id"":""FLSFN0406909"",""npl_status"":""Final NPL"",""saa"":false,""sources"":[""EPA NPL""]}"
superfund_FLD004574190,"B&B CHEMICAL CO., INC.",superfund,25.839581,-80.300139,FL,EPA NPL,"{""external_id"":""FLD004574190"",""npl_status"":""Deleted NPL"",""saa"":false,""sources"":[""EPA NPL""]}"
superfund_FLD980494660,BEULAH LANDFILL,superfund,30.513061,-87.345139,FL,EPA NPL,"{""external_id"":""FLD980494660"",""npl_status"":""Deleted NPL"",""saa"":false,""sources"":[""EPA NPL""]}"
superfund_FLD052172954,BMI-TEXTRON,superfund,+26.793700,-80.073800,FL,EPA NPL,"{""external_id"":""FLD052172954"",""npl_status"":""Deleted NPL"",""saa"":false,""sources"":[""EPA NPL""]}"
superfund_FLD980728935,BROWN WOOD PRESERVING,superfund,+30.302500,-83.013050,FL,EPA NPL,"{""external_id"":""FLD980728935"",""npl_status"":""Deleted NPL"",""saa"":false,""sources"":[""EPA NPL""]}"
superfund_FLD980709356,CABOT/KOPPERS,superfund,+29.675000,-82.323061,FL,EPA NPL,"{""external_id"":""FLD980709356"",""npl_status"":""Final NPL"",""saa"":false,""sources"":[""EPA NPL""]}"
superfund_FLD094590916,CALLAWAY & SON DRUM SERVICE,superfund,28.098056,-81.714722,FL,EPA NPL,"{""external_id"":""FLD094590916"",""npl_status"":""Deleted NPL"",""saa"":false,""sources"":[""EPA NPL""]}"
superfund_FLD080174402,"CHEMFORM, INC.",superfund,26.219055,-80.141374,FL,EPA NPL,"{""external_id"":""FLD080174402"",""npl_status"":""Deleted NPL"",""saa"":false,""sources"":[""EPA NPL""]}"
superfund_FLD004064242,CHEVRON CHEMICAL CO. (ORTHO DIVISION),superfund,28.578889,-81.408889,FL,EPA NPL,"{""external_id"":""FLD004064242"",""npl_status"":""Final NPL"",""saa"":false,""sources"":[""EPA NPL""]}"
superfund_FLD055945653,"CITY INDUSTRIES, INC.",superfund,28.601389,-81.300000,FL,EPA NPL,"{""external_id"":""FLD055945653"",""npl_status"":""Final NPL"",""saa"":false,""sources"":[""EPA NPL""]}"
superfund_FLD991279894,COLEMAN-EVANS WOOD PRESERVING CO.,superfund,30.313889,-81.842781,FL,EPA NPL,"{""external_id"":""FLD991279894"",""npl_status"":""Deleted NPL"",""saa"":false,""sources"":[""EPA NPL""]}"
superfund_FLD982130098,CONTINENTAL CLEANERS,superfund,+25.831842,-80.210178,FL,EPA NPL,"{""external_id"":""FLD982130098"",""npl_status"":""Final NPL"",""saa"":false,""sources"":[""EPA NPL""]}"
superfund_FLD980602288,DAVIE LANDFILL,superfund,+26.069600,-80.342600,FL,EPA NPL,"{""external_id"":""FLD980602288"",""npl_status"":""Deleted NPL"",""saa"":false,""sources"":[""EPA NPL""]}"
superfund_FLD000833368,DUBOSE OIL PRODUCTS CO.,superfund,30.618061,-87.376950,FL,EPA NPL,"{""external_id"":""FLD000833368"",""npl_status"":""Deleted NPL"",""saa"":false,""sources"":[""EPA NPL""]}"
superfund_FLD008168346,ESCAMBIA WOOD - PENSACOLA,superfund,+30.455300,-87.231700,FL,EPA NPL,"{""external_id"":""FLD008168346"",""npl_status"":""Final NPL"",""saa"":false,""sources"":[""EPA NPL""]}"
superfund_FLD000623041,FAIRFAX ST. WOOD TREATERS,superfund,+30.354092,-81.686394,FL,EPA NPL,"{""external_id"":""FLD000623041"",""npl_status"":""Deleted NPL"",""saa"":false,""sources"":[""EPA NPL""]}"
superfund_FLD083111005,FLASH CLEANERS,superfund,26.282400,-80.096900,FL,EPA NPL,"{""external_id"":""FLD083111005"",""npl_status"":""Final NPL"",""saa"":false,""sources"":[""EPA NPL""]}"
superfund_FLD984184127,FLORIDA PETROLEUM REPROCESSORS,superfund,26.081944,-80.215556,FL,EPA NPL,"{""external_id"":""FLD984184127"",""npl_status"":""Final NPL"",""saa"":false,""sources"":[""EPA NPL""]}"
superfund_FLD050432251,FLORIDA STEEL CORP.,superfund,27.041111,-80.506111,FL,EPA NPL,"{""external_id"":""FLD050432251"",""npl_status"":""Final NPL"",""saa"":false,""sources"":[""EPA NPL""]}"
superfund_FLR000091322,GENERAL DYNAMICS LONGWOOD,superfund,28.716620,-81.321220,FL,EPA NPL,"{""external_id"":""FLR000091322"",""npl_status"":""Final NPL"",""saa"":false,""sources"":[""EPA NPL""]}"
superfund_FLD071307680,GOLD COAST OIL CORP.,superfund,+25.743400,-80.311200,FL,EPA NPL,"{""external_id"":""FLD071307680"",""npl_status"":""Deleted NPL"",""saa"":false,""sources"":[""EPA NPL""]}"
superfund_FLD000602334,HARRIS CORP. (PALM BAY PLANT),superfund,28.030281,-80.601389,FL,EPA NPL,"{""external_id"":""FLD000602334"",""npl_status"":""Final NPL"",""saa"":false,""sources"":[""EPA NPL""]}"
superfund_FLD053502696,HELENA CHEMICAL CO. (TAMPA PLANT),superfund,27.963931,-82.374813,FL,EPA NPL,"{""external_id"":""FLD053502696"",""npl_status"":""Final NPL"",""saa"":false,""sources"":[""EPA NPL""]}"
superfund_FLD980709802,HIPPS ROAD LANDFILL,superfund,30.216939,-81.805561,FL,EPA NPL,"{""external_id"":""FLD980709802"",""npl_status"":""Deleted NPL"",""saa"":false,""sources"":[""EPA NPL""]}"
superfund_FLD004119681,HOLLINGSWORTH SOLDERLESS TERMINAL,superfund,26.198331,-80.152219,FL,EPA NPL,"{""external_id"":""FLD004119681"",""npl_status"":""Final NPL"",""saa"":false,""sources"":[""EPA NPL""]}"
superfund_FL7570024037,HOMESTEAD AIR FORCE BASE,superfund,25.489444,-80.396944,FL,EPA NPL,"{""external_id"":""FL7570024037"",""npl_status"":""Final NPL"",""saa"":false,""sources"":[""EPA NPL""]}"
superfund_FL6170024412,JACKSONVILLE NAVAL AIR STATION,superfund,+30.221110,-81.682777,FL,EPA NPL,"{""external_id"":""FL6170024412"",""npl_status"":""Final NPL"",""saa"":false,""sources"":[""EPA NPL""]}"
superfund_FLN000410232,JJ SEIFERT MACHINE,superfund,27.678611,-82.477778,FL,EPA NPL,"{""external_id"":""FLN000410232"",""npl_status"":""Final NPL"",""saa"":false,""sources"":[""EPA NPL""]}"
superfund_FLD980727820,KASSAUF-KIMERLING BATTERY DISPOSAL,superfund,27.967219,-82.390000,FL,EPA NPL,"{""external_id"":""FLD980727820"",""npl_status"":""Deleted NPL"",""saa"":false,""sources"":[""EPA NPL""]}"
superfund_FLD039049101,KERR-MCGEE CHEMICAL CORP - JACKSONVILLE,superfund,+30.3442,-081.6265,FL,EPA NPL,"{""external_id"":""FLD039049101"",""npl_status"":""Final NPL"",""saa"":false,""sources"":[""EPA NPL""]}"
superfund_FLD042110841,LANDIA CHEMICAL COMPANY,superfund,28.039444,-81.979167,FL,EPA NPL,"{""external_id"":""FLD042110841"",""npl_status"":""Final NPL"",""saa"":false,""sources"":[""EPA NPL""]}"
superfund_FLD981019235,MADISON COUNTY SANITARY LANDFILL,superfund,30.501111,-83.393750,FL,EPA NPL,"{""external_id"":""FLD981019235"",""npl_status"":""Final NPL"",""saa"":false,""sources"":[""EPA NPL""]}"
superfund_FLD076027820,MIAMI DRUM SERVICES,superfund,25.837219,-80.313061,FL,EPA NPL,"{""external_id"":""FLD076027820"",""npl_status"":""Deleted NPL"",""saa"":false,""sources"":[""EPA NPL""]}"
superfund_FLD088787585,MRI CORP (TAMPA),superfund,+27.960000,-82.355833,FL,EPA NPL,"{""external_id"":""FLD088787585"",""npl_status"":""Final NPL"",""saa"":false,""sources"":[""EPA NPL""]}"
superfund_FLD084535442,MUNISPORT LANDFILL,superfund,25.908331,-80.154169,FL,EPA NPL,"{""external_id"":""FLD084535442"",""npl_status"":""Deleted NPL"",""saa"":false,""sources"":[""EPA NPL""]}"
superfund_FLD984229773,NORMANDY PARK APARTMENTS,superfund,28.049444,-82.394722,FL,EPA NPL,"{""external_id"":""FLD984229773"",""npl_status"":""Proposed NPL"",""saa"":false,""sources"":[""EPA NPL""]}"
superfund_FLD980602643,NORTHWEST 58TH STREET LANDFILL,superfund,25.833331,-80.347219,FL,EPA NPL,"{""external_id"":""FLD980602643"",""npl_status"":""Deleted NPL"",""saa"":false,""sources"":[""EPA NPL""]}"
superfund_FLD041140344,PARRAMORE SURPLUS,superfund,30.660689,-84.693750,FL,EPA NPL,"{""external_id"":""FLD041140344"",""npl_status"":""Deleted NPL"",""saa"":false,""sources"":[""EPA NPL""]}"
superfund_FLD004091807,PEAK OIL CO./BAY DRUM CO.,superfund,+27.970800,-82.340400,FL,EPA NPL,"{""external_id"":""FLD004091807"",""npl_status"":""Final NPL"",""saa"":false,""sources"":[""EPA NPL""]}"
superfund_FL9170024567,PENSACOLA NAVAL AIR STATION,superfund,30.357222,-87.283054,FL,EPA NPL,"{""external_id"":""FL9170024567"",""npl_status"":""Final NPL"",""saa"":false,""sources"":[""EPA NPL""]}"
superfund_FLD032544587,"PEPPER STEEL & ALLOYS, INC.",superfund,25.873611,-80.353331,FL,EPA NPL,"{""external_id"":""FLD032544587"",""npl_status"":""Deleted NPL"",""saa"":false,""sources"":[""EPA NPL""]}"
superfund_FLD980798698,PETROLEUM PRODUCTS CORP.,superfund,+25.992600,-80.169600,FL,EPA NPL,"{""external_id"":""FLD980798698"",""npl_status"":""Final NPL"",""saa"":false,""sources"":[""EPA NPL""]}"
superfund_FLD980556351,PICKETTVILLE ROAD LANDFILL,superfund,30.368611,-81.738889,FL,EPA NPL,"{""external_id"":""FLD980556351"",""npl_status"":""Final NPL"",""saa"":false,""sources"":[""EPA NPL""]}"
superfund_FLD056116965,PIONEER SAND CO.,superfund,30.474169,-87.351389,FL,EPA NPL,"{""external_id"":""FLD056116965"",""npl_status"":""Deleted NPL"",""saa"":false,""sources"":[""EPA NPL""]}"
superfund_FLD004054284,PIPER AIRCRAFT CORP./VERO BEACH WATER & SEWER DEPARTMENT,superfund,27.647499,-80.415555,FL,EPA NPL,"{""external_id"":""FLD004054284"",""npl_status"":""Final NPL"",""saa"":false,""sources"":[""EPA NPL""]}"
superfund_FLD004061925,POST AND LUMBER PRESERVING CO INC,superfund,30.592472,-84.510081,FL,EPA NPL,"{""external_id"":""FLD004061925"",""npl_status"":""Final NPL"",""saa"":false,""sources"":[""EPA NPL""]}"
superfund_FLD984227249,RALEIGH STREET DUMP,superfund,27.914417,-82.410861,FL,EPA NPL,"{""external_id"":""FLD984227249"",""npl_status"":""Final NPL"",""saa"":false,""sources"":[""EPA NPL""]}"
superfund_FLD000824896,REEVES SOUTHEASTERN GALVANIZING CORP.,superfund,+27.972500,-82.341939,FL,EPA NPL,"{""external_id"":""FLD000824896"",""npl_status"":""Final NPL"",""saa"":false,""sources"":[""EPA NPL""]}"
superfund_FLD032728032,SANFORD DRY CLEANERS,superfund,28.811217,-81.265606,FL,EPA NPL,"{""external_id"":""FLD032728032"",""npl_status"":""Final NPL"",""saa"":false,""sources"":[""EPA NPL""]}"
superfund_FLD980602882,SAPP BATTERY SALVAGE,superfund,30.728331,-85.392500,FL,EPA NPL,"{""external_id"":""FLD980602882"",""npl_status"":""Final NPL"",""saa"":false,""sources"":[""EPA NPL""]}"
superfund_FLD062794003,SCHUYLKILL METALS CORP.,superfund,28.010831,-82.143061,FL,EPA NPL,"{""external_id"":""FLD062794003"",""npl_status"":""Deleted NPL"",""saa"":false,""sources"":[""EPA NPL""]}"
superfund_FLD043861392,SHERWOOD MEDICAL INDUSTRIES,superfund,29.060831,-81.265000,FL,EPA NPL,"{""external_id"":""FLD043861392"",""npl_status"":""Final NPL"",""saa"":false,""sources"":[""EPA NPL""]}"
superfund_FLD980728877,SIXTY-SECOND STREET DUMP,superfund,27.969439,-82.386389,FL,EPA NPL,"{""external_id"":""FLD980728877"",""npl_status"":""Deleted NPL"",""saa"":false,""sources"":[""EPA NPL""]}"
superfund_FLD045459526,SOLITRON MICROWAVE,superfund,27.136667,-80.199167,FL,EPA NPL,"{""external_id"":""FLD045459526"",""npl_status"":""Final NPL"",""saa"":false,""sources"":[""EPA NPL""]}"
superfund_FL0001209840,"SOUTHERN SOLVENTS, INC.",superfund,28.040556,-82.510278,FL,EPA NPL,"{""external_id"":""FL0001209840"",""npl_status"":""Final NPL"",""saa"":false,""sources"":[""EPA NPL""]}"
superfund_FLD004126520,STANDARD AUTO BUMPER CORP.,superfund,25.844444,-80.289721,FL,EPA NPL,"{""external_id"":""FLD004126520"",""npl_status"":""Deleted NPL"",""saa"":false,""sources"":[""EPA NPL""]}"
superfund_FLD004092532,STAUFFER CHEMICAL CO (TAMPA),superfund,27.963056,-82.370556,FL,EPA NPL,"{""external_id"":""FLD004092532"",""npl_status"":""Final NPL"",""saa"":false,""sources"":[""EPA NPL""]}"
superfund_FLD010596013,STAUFFER CHEMICAL CO. (TARPON SPRINGS),superfund,28.166666,-82.775694,FL,EPA NPL,"{""external_id"":""FLD010596013"",""npl_status"":""Final NPL"",""saa"":false,""sources"":[""EPA NPL""]}"
superfund_FLD000648055,SYDNEY MINE SLUDGE PONDS,superfund,27.929166,-82.209166,FL,EPA NPL,"{""external_id"":""FLD000648055"",""npl_status"":""Final NPL"",""saa"":false,""sources"":[""EPA NPL""]}"
superfund_FLD980494959,TAYLOR ROAD LANDFILL,superfund,28.009719,-82.293050,FL,EPA NPL,"{""external_id"":""FLD980494959"",""npl_status"":""Final NPL"",""saa"":false,""sources"":[""EPA NPL""]}"
superfund_FLD004065546,TOWER CHEMICAL CO.,superfund,28.551389,-81.684719,FL,EPA NPL,"{""external_id"":""FLD004065546"",""npl_status"":""Final NPL"",""saa"":false,""sources"":[""EPA NPL""]}"
superfund_FLD091471904,"TRANS CIRCUITS, INC.",superfund,26.795278,-80.073889,FL,EPA NPL,"{""external_id"":""FLD091471904"",""npl_status"":""Final NPL"",""saa"":false,""sources"":[""EPA NPL""]}"
superfund_FL1570024124,TYNDALL AIR FORCE BASE,superfund,+30.087500,-85.586667,FL,EPA NPL,"{""external_id"":""FL1570024124"",""npl_status"":""Final NPL"",""saa"":false,""sources"":[""EPA NPL""]}"
superfund_FLD098924038,"UNITED METALS, INC.",superfund,30.685833,-85.168056,FL,EPA NPL,"{""external_id"":""FLD098924038"",""npl_status"":""Final NPL"",""saa"":false,""sources"":[""EPA NPL""]}"
superfund_FL5170022474,USN AIR STATION CECIL FIELD,superfund,+30.238610,-81.902777,FL,EPA NPL,"{""external_id"":""FL5170022474"",""npl_status"":""Final NPL"",""saa"":false,""sources"":[""EPA NPL""]}"
superfund_FLD980602767,WHITEHOUSE OIL PITS,superfund,+30.320100,-81.851300,FL,EPA NPL,"{""external_id"":""FLD980602767"",""npl_status"":""Deleted NPL"",""saa"":false,""sources"":[""EPA NPL""]}"
superfund_FL2170023244,WHITING FIELD NAVAL AIR STATION,superfund,30.709722,-87.020417,FL,EPA NPL,"{""external_id"":""FL2170023244"",""npl_status"":""Final NPL"",""saa"":false,""sources"":[""EPA NPL""]}"
superfund_FLD041184383,"WILSON CONCEPTS OF FLORIDA, INC.",superfund,26.218675,-80.142768,FL,EPA NPL,"{""external_id"":""FLD041184383"",""npl_status"":""Deleted NPL"",""saa"":false,""sources"":[""EPA NPL""]}"
superfund_FLD981021470,WINGATE ROAD MUNICIPAL INCINERATOR DUMP,superfund,+26.144400,-80.184700,FL,EPA NPL,"{""external_id"":""FLD981021470"",""npl_status"":""Final NPL"",""saa"":false,""sources"":[""EPA NPL""]}"
superfund_FLD004146346,WOODBURY CHEMICAL CO. (PRINCETON PLANT),superfund,+25.536700,-80.412400,FL,EPA NPL,"{""external_id"":""FLD004146346"",""npl_status"":""Deleted NPL"",""saa"":false,""sources"":[""EPA NPL""]}"
superfund_FLD980844179,YELLOW WATER ROAD,superfund,+30.280300,-81.971700,FL,EPA NPL,"{""external_id"":""FLD980844179"",""npl_status"":""Deleted NPL"",""saa"":false,""sources"":[""EPA NPL""]}"
superfund_FLD049985302,ZELLWOOD GROUND WATER CONTAMINATION,superfund,+28.731950,-81.613331,FL,EPA NPL,"{""external_id"":""FLD049985302"",""npl_status"":""Final NPL"",""saa"":false,""sources"":[""EPA NPL""]}"
superfund_GAD033582461,ALTERNATE ENERGY RESOURCES INC,superfund,33.454194,-82.036944,GA,EPA NPL,"{""external_id"":""GAD033582461"",""npl_status"":""Final NPL"",""saa"":false,""sources"":[""EPA NPL""]}"
superfund_GAN000410033,ARMSTRONG WORLD INDUSTRIES,superfund,32.773497,-83.651600,GA,EPA NPL,"{""external_id"":""GAN000410033"",""npl_status"":""Final NPL"",""saa"":false,""sources"":[""EPA NPL""]}"
superfund_GAD981024466,BRUNSWICK WOOD PRESERVING,superfund,31.242222,-81.528056,GA,EPA NPL,"{""external_id"":""GAD981024466"",""npl_status"":""Final NPL"",""saa"":false,""sources"":[""EPA NPL""]}"
superfund_GAD008212409,CAMILLA WOOD PRESERVING COMPANY,superfund,+31.222500,-84.203330,GA,EPA NPL,"{""external_id"":""GAD008212409"",""npl_status"":""Final NPL"",""saa"":false,""sources"":[""EPA NPL""]}"
superfund_GAD095840674,"CEDARTOWN INDUSTRIES, INC.",superfund,+34.008200,-85.263600,GA,EPA NPL,"{""external_id"":""GAD095840674"",""npl_status"":""Deleted NPL"",""saa"":false,""sources"":[""EPA NPL""]}"
superfund_GAD980495402,CEDARTOWN MUNICIPAL LANDFILL,superfund,34.015969,-85.282639,GA,EPA NPL,"{""external_id"":""GAD980495402"",""npl_status"":""Deleted NPL"",""saa"":false,""sources"":[""EPA NPL""]}"
superfund_GAD990741092,DIAMOND SHAMROCK CORP. LANDFILL,superfund,+34.020700,-85.271700,GA,EPA NPL,"{""external_id"":""GAD990741092"",""npl_status"":""Deleted NPL"",""saa"":false,""sources"":[""EPA NPL""]}"
superfund_GAD990855074,FIRESTONE TIRE & RUBBER CO. (ALBANY PLANT),superfund,31.565831,-84.053889,GA,EPA NPL,"{""external_id"":""GAD990855074"",""npl_status"":""Final NPL"",""saa"":false,""sources"":[""EPA NPL""]}"
superfund_GAD980556906,HERCULES 009 LANDFILL,superfund,+31.204900,-81.485800,GA,EPA NPL,"{""external_id"":""GAD980556906"",""npl_status"":""Final NPL"",""saa"":false,""sources"":[""EPA NPL""]}"
superfund_GAD099303182,LCP CHEMICALS GEORGIA,superfund,31.189444,-81.508333,GA,EPA NPL,"{""external_id"":""GAD099303182"",""npl_status"":""Final NPL"",""saa"":false,""sources"":[""EPA NPL""]}"
superfund_GAD990855819,"LUMINOUS PROCESSES, INC.",superfund,33.940281,-83.471950,GA,EPA NPL,"{""external_id"":""GAD990855819"",""npl_status"":""Deleted NPL"",""saa"":false,""sources"":[""EPA NPL""]}"
superfund_GA7170023694,MARINE CORPS LOGISTICS BASE,superfund,+31.557219,-84.055000,GA,EPA NPL,"{""external_id"":""GA7170023694"",""npl_status"":""Final NPL"",""saa"":false,""sources"":[""EPA NPL""]}"
superfund_GAD991275686,MARZONE INC./CHEVRON CHEMICAL CO.,superfund,+31.428900,-83.501700,GA,EPA NPL,"{""external_id"":""GAD991275686"",""npl_status"":""Final NPL"",""saa"":false,""sources"":[""EPA NPL""]}"
superfund_GAD980838619,MATHIS BROTHERS LANDFILL (SOUTH MARBLE TOP ROAD),superfund,34.797781,-85.377781,GA,EPA NPL,"{""external_id"":""GAD980838619"",""npl_status"":""Final NPL"",""saa"":false,""sources"":[""EPA NPL""]}"
superfund_GAD001700699,MONSANTO CORP. (AUGUSTA PLANT),superfund,+33.389450,-81.993061,GA,EPA NPL,"{""external_id"":""GAD001700699"",""npl_status"":""Deleted NPL"",""saa"":false,""sources"":[""EPA NPL""]}"
superfund_GAN000407449,PEACH ORCHARD RD PCE GROUNDWATER PLUME SITE,superfund,+33.421178,-82.015139,GA,EPA NPL,"{""external_id"":""GAN000407449"",""npl_status"":""Final NPL"",""saa"":false,""sources"":[""EPA NPL""]}"
superfund_GAD980496954,POWERSVILLE SITE,superfund,+32.608890,-83.793600,GA,EPA NPL,"{""external_id"":""GAD980496954"",""npl_status"":""Deleted NPL"",""saa"":false,""sources"":[""EPA NPL""]}"
superfund_GA1570024330,ROBINS AIR FORCE BASE (LANDFILL #4/SLUDGE LAGOON),superfund,32.619983,-83.582075,GA,EPA NPL,"{""external_id"":""GA1570024330"",""npl_status"":""Final NPL"",""saa"":false,""sources"":[""EPA NPL""]}"
superfund_GAD042101261,T.H. AGRICULTURE & NUTRITION CO. (ALBANY PLANT),superfund,31.617361,-84.181661,GA,EPA NPL,"{""external_id"":""GAD042101261"",""npl_status"":""Final NPL"",""saa"":false,""sources"":[""EPA NPL""]}"
superfund_GAD982112658,TERRY CREEK DREDGE SPOIL AREAS/HERCULES OUTFALL,superfund,31.166111,-81.466667,GA,EPA NPL,"{""external_id"":""GAD982112658"",""npl_status"":""Proposed NPL"",""saa"":false,""sources"":[""EPA NPL""]}"
superfund_GAN000407160,WESTSIDE LEAD,superfund,+33.766472,-84.407278,GA,EPA NPL,"{""external_id"":""GAN000407160"",""npl_status"":""Final NPL"",""saa"":false,""sources"":[""EPA NPL""]}"
superfund_GAD003269578,"WOOLFOLK CHEMICAL WORKS, INC.",superfund,32.549581,-83.884161,GA,EPA NPL,"{""external_id"":""GAD003269578"",""npl_status"":""Final NPL"",""saa"":false,""sources"":[""EPA NPL""]}"
superfund_GU6571999519,ANDERSEN AIR FORCE BASE,superfund,13.572916,144.897361,GU,EPA NPL,"{""external_id"":""GU6571999519"",""npl_status"":""Final NPL"",""saa"":false,""sources"":[""EPA NPL""]}"
superfund_GUD980637649,ORDOT LANDFILL,superfund,13.439169,144.747400,GU,EPA NPL,"{""external_id"":""GUD980637649"",""npl_status"":""Final NPL"",""saa"":false,""sources"":[""EPA NPL""]}"
superfund_HID980637631,DEL MONTE CORP. (OAHU PLANTATION),superfund,21.458333,-158.066667,HI,EPA NPL,"{""external_id"":""HID980637631"",""npl_status"":""Final NPL"",""saa"":false,""sources"":[""EPA NPL""]}"
superfund_HI0170090054,NAVAL COMPUTER AND TELECOMMUNICATIONS AREA MASTER STATION EASTERN PACIFIC,superfund,21.519027,-158.005138,HI,EPA NPL,"{""external_id"":""HI0170090054"",""npl_status"":""Final NPL"",""saa"":false,""sources"":[""EPA NPL""]}"
superfund_HI4170090076,PEARL HARBOR NAVAL COMPLEX,superfund,21.388889,-157.983333,HI,EPA NPL,"{""external_id"":""HI4170090076"",""npl_status"":""Final NPL"",""saa"":false,""sources"":[""EPA NPL""]}"
superfund_HI7210090026,SCHOFIELD BARRACKS (USARMY),superfund,21.490694,-158.030139,HI,EPA NPL,"{""external_id"":""HI7210090026"",""npl_status"":""Deleted NPL"",""saa"":false,""sources"":[""EPA NPL""]}"
superfund_IAD042581256,AIDEX CORP.,superfund,+41.143839,-95.813556,IA,EPA NPL,"{""external_id"":""IAD042581256"",""npl_status"":""Deleted NPL"",""saa"":false,""sources"":[""EPA NPL""]}"
superfund_IAD980687933,DES MOINES TCE,superfund,+41.578100,-93.636000,IA,EPA NPL,"{""external_id"":""IAD980687933"",""npl_status"":""Final NPL"",""saa"":false,""sources"":[""EPA NPL""]}"
superfund_IAD980685804,"E.I. DU PONT DE NEMOURS & CO., INC. (COUNTY ROAD X23)",superfund,+40.656467,-91.432639,IA,EPA NPL,"{""external_id"":""IAD980685804"",""npl_status"":""Deleted NPL"",""saa"":false,""sources"":[""EPA NPL""]}"
superfund_IAD005279039,"ELECTRO-COATINGS, INC.",superfund,+41.995300,-91.671389,IA,EPA NPL,"{""external_id"":""IAD005279039"",""npl_status"":""Deleted NPL"",""saa"":false,""sources"":[""EPA NPL""]}"
superfund_IAD981124167,FAIRFIELD COAL GASIFICATION PLANT,superfund,+41.006200,-91.972400,IA,EPA NPL,"{""external_id"":""IAD981124167"",""npl_status"":""Final NPL"",""saa"":false,""sources"":[""EPA NPL""]}"
superfund_IAD022193577,FARMERS' MUTUAL COOPERATIVE,superfund,43.074169,-95.905000,IA,EPA NPL,"{""external_id"":""IAD022193577"",""npl_status"":""Deleted NPL"",""saa"":false,""sources"":[""EPA NPL""]}"
superfund_IAN000706042,HIGHWAY 3 PCE,superfund,+42.793050,-96.166464,IA,EPA NPL,"{""external_id"":""IAN000706042"",""npl_status"":""Final NPL"",""saa"":false,""sources"":[""EPA NPL""]}"
superfund_IA7213820445,IOWA ARMY AMMUNITION PLANT,superfund,40.808331,-91.246669,IA,EPA NPL,"{""external_id"":""IA7213820445"",""npl_status"":""Final NPL"",""saa"":false,""sources"":[""EPA NPL""]}"
superfund_IAD005291182,JOHN DEERE (OTTUMWA WORKS LANDFILLS),superfund,+41.002500,-92.409719,IA,EPA NPL,"{""external_id"":""IAD005291182"",""npl_status"":""Deleted NPL"",""saa"":false,""sources"":[""EPA NPL""]}"
superfund_IAD980631063,LABOUNTY,superfund,+43.058000,-92.669600,IA,EPA NPL,"{""external_id"":""IAD980631063"",""npl_status"":""Deleted NPL"",""saa"":false,""sources"":[""EPA NPL""]}"
superfund_IAD000606038,LAWRENCE TODTZ FARM,superfund,41.787781,-90.292639,IA,EPA NPL,"{""external_id"":""IAD000606038"",""npl_status"":""Final NPL"",""saa"":false,""sources"":[""EPA NPL""]}"
superfund_IAD980969190,MASON CITY COAL GASIFICATION PLANT,superfund,+43.147600,-93.199200,IA,EPA NPL,"{""external_id"":""IAD980969190"",""npl_status"":""Final NPL"",""saa"":false,""sources"":[""EPA NPL""]}"
superfund_IAD085824688,MID-AMERICA TANNING CO.,superfund,+42.337500,-96.352219,IA,EPA NPL,"{""external_id"":""IAD085824688"",""npl_status"":""Deleted NPL"",""saa"":false,""sources"":[""EPA NPL""]}"
superfund_IAD069625655,MIDWEST MANUFACTURING/NORTH FARM,superfund,+41.746811,-92.893061,IA,EPA NPL,"{""external_id"":""IAD069625655"",""npl_status"":""Final NPL"",""saa"":false,""sources"":[""EPA NPL""]}"
superfund_IAD980852461,NORTHWESTERN STATES PORTLAND CEMENT CO.,superfund,+43.175000,-93.205000,IA,EPA NPL,"{""external_id"":""IAD980852461"",""npl_status"":""Deleted NPL"",""saa"":false,""sources"":[""EPA NPL""]}"
superfund_IAD039954300,PCE FORMER DRY CLEANER,superfund,+41.403717,-94.995764,IA,EPA NPL,"{""external_id"":""IAD039954300"",""npl_status"":""Final NPL"",""saa"":false,""sources"":[""EPA NPL""]}"
superfund_IAD980852578,PEOPLES NATURAL GAS CO.,superfund,42.505281,-90.658889,IA,EPA NPL,"{""external_id"":""IAD980852578"",""npl_status"":""Final NPL"",""saa"":false,""sources"":[""EPA NPL""]}"
superfund_IA0001610963,RAILROAD AVENUE GROUNDWATER CONTAMINATION,superfund,41.578333,-93.702222,IA,EPA NPL,"{""external_id"":""IA0001610963"",""npl_status"":""Final NPL"",""saa"":false,""sources"":[""EPA NPL""]}"
superfund_IAD980632509,RED OAK CITY LANDFILL,superfund,41.036444,-95.249111,IA,EPA NPL,"{""external_id"":""IAD980632509"",""npl_status"":""Deleted NPL"",""saa"":false,""sources"":[""EPA NPL""]}"
superfund_IAD980630560,SHAW AVENUE DUMP,superfund,+43.056300,-92.663100,IA,EPA NPL,"{""external_id"":""IAD980630560"",""npl_status"":""Final NPL"",""saa"":false,""sources"":[""EPA NPL""]}"
superfund_IAD980630750,SHELLER-GLOBE CORP. DISPOSAL,superfund,+40.466600,-91.413900,IA,EPA NPL,"{""external_id"":""IAD980630750"",""npl_status"":""Deleted NPL"",""saa"":false,""sources"":[""EPA NPL""]}"
superfund_IAD980630487,VOGEL PAINT & WAX CO.,superfund,42.934439,-96.193339,IA,EPA NPL,"{""external_id"":""IAD980630487"",""npl_status"":""Final NPL"",""saa"":false,""sources"":[""EPA NPL""]}"
superfund_IAD984566356,WATERLOO COAL GASIFICATION PLANT,superfund,42.491389,-92.326389,IA,EPA NPL,"{""external_id"":""IAD984566356"",""npl_status"":""Proposed NPL"",""saa"":false,""sources"":[""EPA NPL""]}"
superfund_IAD065210734,WHITE FARM EQUIPMENT CO. DUMP,superfund,+43.085000,-92.680781,IA,EPA NPL,"{""external_id"":""IAD065210734"",""npl_status"":""Deleted NPL"",""saa"":false,""sources"":[""EPA NPL""]}"
superfund_IDD000800961,ARRCOM (DREXLER ENTERPRISES),superfund,+47.784700,-116.945800,ID,EPA NPL,"{""external_id"":""IDD000800961"",""npl_status"":""Deleted NPL"",""saa"":false,""sources"":[""EPA NPL""]}"
superfund_IDD980725832,BLACKBIRD MINE,superfund,+45.116389,-114.264440,ID,EPA NPL,"{""external_id"":""IDD980725832"",""npl_status"":""Proposed NPL"",""saa"":false,""sources"":[""EPA NPL""]}"
superfund_IDD048340921,BUNKER HILL MINING & METALLURGICAL COMPLEX,superfund,+47.543061,-116.161700,ID,EPA NPL,"{""external_id"":""IDD048340921"",""npl_status"":""Final NPL"",""saa"":false,""sources"":[""EPA NPL""]}"
superfund_IDD984666610,EASTERN MICHAUD FLATS CONTAMINATION,superfund,+42.901111,-112.522500,ID,EPA NPL,"{""external_id"":""IDD984666610"",""npl_status"":""Final NPL"",""saa"":false,""sources"":[""EPA NPL""]}"
superfund_ID4890008952,IDAHO NATIONAL ENGINEERING LABORATORY (USDOE),superfund,+43.529389,-112.943500,ID,EPA NPL,"{""external_id"":""ID4890008952"",""npl_status"":""Final NPL"",""saa"":false,""sources"":[""EPA NPL""]}"
superfund_IDD041310707,KERR-MCGEE CHEMICAL CORP. (SODA SPRINGS PLANT),superfund,+42.687219,-111.573600,ID,EPA NPL,"{""external_id"":""IDD041310707"",""npl_status"":""Final NPL"",""saa"":false,""sources"":[""EPA NPL""]}"
superfund_IDD081830994,MONSANTO CHEMICAL CO. (SODA SPRINGS PLANT),superfund,+42.687031,-111.587800,ID,EPA NPL,"{""external_id"":""IDD081830994"",""npl_status"":""Final NPL"",""saa"":false,""sources"":[""EPA NPL""]}"
superfund_ID3572124557,MOUNTAIN HOME AIR FORCE BASE,superfund,+43.048050,-115.864700,ID,EPA NPL,"{""external_id"":""ID3572124557"",""npl_status"":""Final NPL"",""saa"":false,""sources"":[""EPA NPL""]}"
superfund_IDD098812878,PACIFIC HIDE & FUR RECYCLING CO.,superfund,+42.895700,-112.486000,ID,EPA NPL,"{""external_id"":""IDD098812878"",""npl_status"":""Deleted NPL"",""saa"":false,""sources"":[""EPA NPL""]}"
superfund_IDSFN1002095,ST. MARIES CREOSOTE,superfund,+47.321389,-116.575000,ID,EPA NPL,"{""external_id"":""IDSFN1002095"",""npl_status"":""Proposed NPL"",""saa"":false,""sources"":[""EPA NPL""]}"
superfund_IDD980665459,STIBNITE/YELLOW PINE MINING AREA,superfund,+44.892500,-115.345278,ID,EPA NPL,"{""external_id"":""IDD980665459"",""npl_status"":""Proposed NPL"",""saa"":false,""sources"":[""EPA NPL""]}"
superfund_IDD055030852,UNION PACIFIC RAILROAD CO.,superfund,+42.895400,-112.487600,ID,EPA NPL,"{""external_id"":""IDD055030852"",""npl_status"":""Deleted NPL"",""saa"":false,""sources"":[""EPA NPL""]}"
superfund_ILD980397079,"A & F MATERIAL RECLAIMING, INC.",superfund,+39.243900,-88.174000,IL,EPA NPL,"{""external_id"":""ILD980397079"",""npl_status"":""Deleted NPL"",""saa"":false,""sources"":[""EPA NPL""]}"
superfund_ILD053219259,"ACME SOLVENT RECLAIMING, INC. (MORRISTOWN PLANT)",superfund,+42.157700,-89.045500,IL,EPA NPL,"{""external_id"":""ILD053219259"",""npl_status"":""Final NPL"",""saa"":false,""sources"":[""EPA NPL""]}"
superfund_ILD980607055,ADAMS COUNTY QUINCY LANDFILLS 2&3,superfund,39.929444,-91.268472,IL,EPA NPL,"{""external_id"":""ILD980607055"",""npl_status"":""Final NPL"",""saa"":false,""sources"":[""EPA NPL""]}"
superfund_ILD002994259,AMOCO CHEMICALS (JOLIET LANDFILL),superfund,41.441669,-88.172781,IL,EPA NPL,"{""external_id"":""ILD002994259"",""npl_status"":""Final NPL"",""saa"":false,""sources"":[""EPA NPL""]}"
superfund_ILN000508170,ASARCO TAYLOR SPRINGS,superfund,39.118677,-89.505458,IL,EPA NPL,"{""external_id"":""ILN000508170"",""npl_status"":""Final NPL"",""saa"":false,""sources"":[""EPA NPL""]}"
superfund_ILN000510407,BAUTSCH-GRAY MINE,superfund,42.357422,-90.398569,IL,EPA NPL,"{""external_id"":""ILN000510407"",""npl_status"":""Final NPL"",""saa"":false,""sources"":[""EPA NPL""]}"
superfund_ILD021440375,BELOIT CORP.,superfund,+42.468611,-89.065550,IL,EPA NPL,"{""external_id"":""ILD021440375"",""npl_status"":""Final NPL"",""saa"":false,""sources"":[""EPA NPL""]}"
superfund_ILD980497663,BELVIDERE MUNICIPAL LANDFILL,superfund,+42.264300,-88.872300,IL,EPA NPL,"{""external_id"":""ILD980497663"",""npl_status"":""Deleted NPL"",""saa"":false,""sources"":[""EPA NPL""]}"
superfund_ILD010236230,BYRON SALVAGE YARD,superfund,+42.081667,-89.295833,IL,EPA NPL,"{""external_id"":""ILD010236230"",""npl_status"":""Final NPL"",""saa"":false,""sources"":[""EPA NPL""]}"
superfund_ILD981781065,CENTRAL ILLINOIS PUBLIC SERVICE CO.,superfund,+39.540400,-89.297500,IL,EPA NPL,"{""external_id"":""ILD981781065"",""npl_status"":""Final NPL"",""saa"":false,""sources"":[""EPA NPL""]}"
superfund_ILD050231976,CIRCLE SMELTING CORP.,superfund,38.608333,-89.420833,IL,EPA NPL,"{""external_id"":""ILD050231976"",""npl_status"":""Proposed NPL"",""saa"":false,""sources"":[""EPA NPL""]}"
superfund_ILD980792303,CROSS BROTHERS PAIL RECYCLING (PEMBROKE),superfund,+41.090900,-87.589300,IL,EPA NPL,"{""external_id"":""ILD980792303"",""npl_status"":""Final NPL"",""saa"":false,""sources"":[""EPA NPL""]}"
superfund_ILD062340641,DEPUE/NEW JERSEY ZINC/MOBIL CHEMICAL CORP.,superfund,41.327778,-89.304167,IL,EPA NPL,"{""external_id"":""ILD062340641"",""npl_status"":""Final NPL"",""saa"":false,""sources"":[""EPA NPL""]}"
superfund_ILD980606305,DUPAGE COUNTY LANDFILL/BLACKWELL FOREST PRESERVE,superfund,+41.832600,-88.178700,IL,EPA NPL,"{""external_id"":""ILD980606305"",""npl_status"":""Deleted NPL"",""saa"":false,""sources"":[""EPA NPL""]}"
superfund_ILD980606941,EAGLE ZINC CO DIV T L DIAMOND,superfund,39.161167,-89.476417,IL,EPA NPL,"{""external_id"":""ILD980606941"",""npl_status"":""Final NPL"",""saa"":false,""sources"":[""EPA NPL""]}"
superfund_ILD990817991,GALESBURG/KOPPERS CO.,superfund,40.895831,-90.395839,IL,EPA NPL,"{""external_id"":""ILD990817991"",""npl_status"":""Final NPL"",""saa"":false,""sources"":[""EPA NPL""]}"
superfund_ILD980605836,H.O.D. LANDFILL,superfund,+42.475300,-88.081900,IL,EPA NPL,"{""external_id"":""ILD980605836"",""npl_status"":""Final NPL"",""saa"":false,""sources"":[""EPA NPL""]}"
superfund_ILN000508134,HEGELER ZINC,superfund,40.076322,-87.650092,IL,EPA NPL,"{""external_id"":""ILN000508134"",""npl_status"":""Final NPL"",""saa"":false,""sources"":[""EPA NPL""]}"
superfund_ILD980996789,ILADA ENERGY CO.,superfund,+37.258400,-89.463500,IL,EPA NPL,"{""external_id"":""ILD980996789"",""npl_status"":""Deleted NPL"",""saa"":false,""sources"":[""EPA NPL""]}"
superfund_ILT180011975,"INTERSTATE POLLUTION CONTROL, INC.",superfund,+42.241000,-89.098000,IL,EPA NPL,"{""external_id"":""ILT180011975"",""npl_status"":""Final NPL"",""saa"":false,""sources"":[""EPA NPL""]}"
superfund_ILD006282479,JENNISON-WRIGHT CORPORATION,superfund,38.708333,-90.152500,IL,EPA NPL,"{""external_id"":""ILD006282479"",""npl_status"":""Final NPL"",""saa"":false,""sources"":[""EPA NPL""]}"
superfund_ILD005443544,JOHNS-MANVILLE CORP.,superfund,42.386669,-87.811669,IL,EPA NPL,"{""external_id"":""ILD005443544"",""npl_status"":""Final NPL"",""saa"":false,""sources"":[""EPA NPL""]}"
superfund_IL0210090049,JOLIET ARMY AMMUNITION PLANT (LOAD-ASSEMBLY-PACKING AREA),superfund,+41.366200,-88.077200,IL,EPA NPL,"{""external_id"":""IL0210090049"",""npl_status"":""Final NPL"",""saa"":false,""sources"":[""EPA NPL""]}"
superfund_IL7213820460,JOLIET ARMY AMMUNITION PLANT (MANUFACTURING AREA),superfund,+41.376200,-88.156300,IL,EPA NPL,"{""external_id"":""IL7213820460"",""npl_status"":""Final NPL"",""saa"":false,""sources"":[""EPA NPL""]}"
superfund_ILD980823991,KERR-MCGEE (KRESS CREEK/WEST BRANCH OF DUPAGE RIVER),superfund,41.863611,-88.209300,IL,EPA NPL,"{""external_id"":""ILD980823991"",""npl_status"":""Deleted NPL"",""saa"":false,""sources"":[""EPA NPL""]}"
superfund_ILD980824007,KERR-MCGEE (REED-KEPPLER PARK),superfund,41.891939,-88.208339,IL,EPA NPL,"{""external_id"":""ILD980824007"",""npl_status"":""Deleted NPL"",""saa"":false,""sources"":[""EPA NPL""]}"
superfund_ILD980824031,KERR-MCGEE (SEWAGE TREATMENT PLANT),superfund,+41.863590,-88.193140,IL,EPA NPL,"{""external_id"":""ILD980824031"",""npl_status"":""Deleted NPL"",""saa"":false,""sources"":[""EPA NPL""]}"
superfund_ILD000716852,LAKE CALUMET CLUSTER,superfund,41.679444,-87.568889,IL,EPA NPL,"{""external_id"":""ILD000716852"",""npl_status"":""Final NPL"",""saa"":false,""sources"":[""EPA NPL""]}"
superfund_ILD980794333,LASALLE ELECTRIC UTILITIES,superfund,41.354169,-89.097500,IL,EPA NPL,"{""external_id"":""ILD980794333"",""npl_status"":""Final NPL"",""saa"":false,""sources"":[""EPA NPL""]}"
superfund_ILD005451711,"LENZ OIL SERVICE, INC.",superfund,+41.706800,-87.942200,IL,EPA NPL,"{""external_id"":""ILD005451711"",""npl_status"":""Final NPL"",""saa"":false,""sources"":[""EPA NPL""]}"
superfund_IL0000064782,MATTHIESSEN AND HEGELER ZINC COMPANY,superfund,+41.342150,-89.083067,IL,EPA NPL,"{""external_id"":""IL0000064782"",""npl_status"":""Final NPL"",""saa"":false,""sources"":[""EPA NPL""]}"
superfund_ILD980497788,MIG/DEWANE LANDFILL,superfund,42.255917,-88.806944,IL,EPA NPL,"{""external_id"":""ILD980497788"",""npl_status"":""Final NPL"",""saa"":false,""sources"":[""EPA NPL""]}"
superfund_ILD096731468,NL INDUSTRIES/TARACORP LEAD SMELTER,superfund,+38.695000,-90.158331,IL,EPA NPL,"{""external_id"":""ILD096731468"",""npl_status"":""Final NPL"",""saa"":false,""sources"":[""EPA NPL""]}"
superfund_IL0000034355,OLD AMERICAN ZINC PLANT,superfund,+38.648000,-90.099000,IL,EPA NPL,"{""external_id"":""IL0000034355"",""npl_status"":""Final NPL"",""saa"":false,""sources"":[""EPA NPL""]}"
superfund_ILD980606750,OTTAWA RADIATION AREAS,superfund,41.351667,-88.836111,IL,EPA NPL,"{""external_id"":""ILD980606750"",""npl_status"":""Final NPL"",""saa"":false,""sources"":[""EPA NPL""]}"
superfund_ILD000802827,OUTBOARD MARINE CORP.,superfund,42.365281,-87.821111,IL,EPA NPL,"{""external_id"":""ILD000802827"",""npl_status"":""Final NPL"",""saa"":false,""sources"":[""EPA NPL""]}"
superfund_ILD980606685,PAGEL'S PIT,superfund,42.158331,-89.056661,IL,EPA NPL,"{""external_id"":""ILD980606685"",""npl_status"":""Final NPL"",""saa"":false,""sources"":[""EPA NPL""]}"
superfund_ILD005252432,PARSONS CASKET HARDWARE CO.,superfund,+42.269200,-088.836000,IL,EPA NPL,"{""external_id"":""ILD005252432"",""npl_status"":""Final NPL"",""saa"":false,""sources"":[""EPA NPL""]}"
superfund_ILD053980454,SANDOVAL ZINC COMPANY,superfund,+38.613061,-89.108251,IL,EPA NPL,"{""external_id"":""ILD053980454"",""npl_status"":""Final NPL"",""saa"":false,""sources"":[""EPA NPL""]}"
superfund_IL8143609487,SANGAMO ELECTRIC DUMP/CRAB ORCHARD NATIONAL WILDLIFE REFUGE (USDOI),superfund,37.693194,-89.014722,IL,EPA NPL,"{""external_id"":""IL8143609487"",""npl_status"":""Final NPL"",""saa"":false,""sources"":[""EPA NPL""]}"
superfund_ILD980792006,SAUGET AREA 1,superfund,38.585833,-90.172917,IL,EPA NPL,"{""external_id"":""ILD980792006"",""npl_status"":""Proposed NPL"",""saa"":false,""sources"":[""EPA NPL""]}"
superfund_ILD000605790,SAUGET AREA 2,superfund,38.597361,-90.182222,IL,EPA NPL,"{""external_id"":""ILD000605790"",""npl_status"":""Proposed NPL"",""saa"":false,""sources"":[""EPA NPL""]}"
superfund_IL3210020803,SAVANNA ARMY DEPOT ACTIVITY,superfund,+42.210000,-90.313331,IL,EPA NPL,"{""external_id"":""IL3210020803"",""npl_status"":""Final NPL"",""saa"":false,""sources"":[""EPA NPL""]}"
superfund_ILN000505540,SCHROUD PROPERTY,superfund,+41.662606,-87.543503,IL,EPA NPL,"{""external_id"":""ILN000505540"",""npl_status"":""Final NPL"",""saa"":false,""sources"":[""EPA NPL""]}"
superfund_ILD981000417,SOUTHEAST ROCKFORD GROUND WATER CONTAMINATION,superfund,+42.230689,-89.071111,IL,EPA NPL,"{""external_id"":""ILD981000417"",""npl_status"":""Final NPL"",""saa"":false,""sources"":[""EPA NPL""]}"
superfund_ILD048306138,"TRI-COUNTY LANDFILL CO./WASTE MANAGEMENT OF ILLINOIS, INC.",superfund,+41.983200,-088.271200,IL,EPA NPL,"{""external_id"":""ILD048306138"",""npl_status"":""Final NPL"",""saa"":false,""sources"":[""EPA NPL""]}"
superfund_ILD000814673,VELSICOL CHEMICAL CORP. (MARSHALL PLANT),superfund,39.410831,-87.699169,IL,EPA NPL,"{""external_id"":""ILD000814673"",""npl_status"":""Final NPL"",""saa"":false,""sources"":[""EPA NPL""]}"
superfund_ILD047019732,WAUCONDA SAND & GRAVEL,superfund,+42.281389,-88.137500,IL,EPA NPL,"{""external_id"":""ILD047019732"",""npl_status"":""Final NPL"",""saa"":false,""sources"":[""EPA NPL""]}"
superfund_ILD980605943,WOODSTOCK MUNICIPAL LANDFILL,superfund,+42.292300,-088.440200,IL,EPA NPL,"{""external_id"":""ILD980605943"",""npl_status"":""Final NPL"",""saa"":false,""sources"":[""EPA NPL""]}"
superfund_ILD980500102,YEOMAN CREEK LANDFILL,superfund,42.388889,-87.848611,IL,EPA NPL,"{""external_id"":""ILD980500102"",""npl_status"":""Final NPL"",""saa"":false,""sources"":[""EPA NPL""]}"
superfund_IND016360265,"AMERICAN CHEMICAL SERVICE, INC.",superfund,+41.514200,-87.419100,IN,EPA NPL,"{""external_id"":""IND016360265"",""npl_status"":""Final NPL"",""saa"":false,""sources"":[""EPA NPL""]}"
superfund_IND980904379,BECK'S LAKE,superfund,41.676581,-86.297514,IN,EPA NPL,"{""external_id"":""IND980904379"",""npl_status"":""Final NPL"",""saa"":false,""sources"":[""EPA NPL""]}"
superfund_IND006418651,BENNETT STONE QUARRY,superfund,+39.190200,-86.561200,IN,EPA NPL,"{""external_id"":""IND006418651"",""npl_status"":""Deleted NPL"",""saa"":false,""sources"":[""EPA NPL""]}"
superfund_IND005480462,CAM-OR INC.,superfund,41.546528,-86.899306,IN,EPA NPL,"{""external_id"":""IND005480462"",""npl_status"":""Final NPL"",""saa"":false,""sources"":[""EPA NPL""]}"
superfund_IND016395899,CARTER LEE LUMBER CO.,superfund,+39.765400,-86.191800,IN,EPA NPL,"{""external_id"":""IND016395899"",""npl_status"":""Deleted NPL"",""saa"":false,""sources"":[""EPA NPL""]}"
superfund_IND980607626,COLUMBUS OLD MUNICIPAL LANDFILL #1,superfund,+39.197400,-85.926000,IN,EPA NPL,"{""external_id"":""IND980607626"",""npl_status"":""Deleted NPL"",""saa"":false,""sources"":[""EPA NPL""]}"
superfund_IND000715490,CONRAIL RAIL YARD (ELKHART),superfund,+41.663400,-86.011500,IN,EPA NPL,"{""external_id"":""IND000715490"",""npl_status"":""Final NPL"",""saa"":false,""sources"":[""EPA NPL""]}"
superfund_IND001213503,CONTINENTAL STEEL CORP.,superfund,40.474169,-86.156299,IN,EPA NPL,"{""external_id"":""IND001213503"",""npl_status"":""Final NPL"",""saa"":false,""sources"":[""EPA NPL""]}"
superfund_IND980607881,"DOUGLAS ROAD/UNIROYAL, INC., LANDFILL",superfund,+41.713200,-86.192600,IN,EPA NPL,"{""external_id"":""IND980607881"",""npl_status"":""Final NPL"",""saa"":false,""sources"":[""EPA NPL""]}"
superfund_INN000509938,ELM STREET GROUND WATER CONTAMINATION,superfund,+39.476586,-87.414319,IN,EPA NPL,"{""external_id"":""INN000509938"",""npl_status"":""Final NPL"",""saa"":false,""sources"":[""EPA NPL""]}"
superfund_IND084259951,ENVIROCHEM CORP.,superfund,+40.029350,-86.279030,IN,EPA NPL,"{""external_id"":""IND084259951"",""npl_status"":""Final NPL"",""saa"":false,""sources"":[""EPA NPL""]}"
superfund_IND005444104,FEDERATED METALS CORP WHITING,superfund,+41.672435,-87.496064,IN,EPA NPL,"{""external_id"":""IND005444104"",""npl_status"":""Final NPL"",""saa"":false,""sources"":[""EPA NPL""]}"
superfund_IND074315896,FISHER-CALO,superfund,+41.508100,-86.670900,IN,EPA NPL,"{""external_id"":""IND074315896"",""npl_status"":""Final NPL"",""saa"":false,""sources"":[""EPA NPL""]}"
superfund_IND980679542,FORT WAYNE REDUCTION DUMP,superfund,+41.075000,-85.066669,IN,EPA NPL,"{""external_id"":""IND980679542"",""npl_status"":""Final NPL"",""saa"":false,""sources"":[""EPA NPL""]}"
superfund_IND980999635,GALEN MYERS DUMP/DRUM SALVAGE,superfund,41.695839,-086.087500,IN,EPA NPL,"{""external_id"":""IND980999635"",""npl_status"":""Final NPL"",""saa"":false,""sources"":[""EPA NPL""]}"
superfund_INN000508642,GARDEN CITY GROUND WATER PLUME,superfund,39.186075,-85.930472,IN,EPA NPL,"{""external_id"":""INN000508642"",""npl_status"":""Final NPL"",""saa"":false,""sources"":[""EPA NPL""]}"
superfund_IND980500292,HIMCO DUMP,superfund,+41.707300,-86.008400,IN,EPA NPL,"{""external_id"":""IND980500292"",""npl_status"":""Final NPL"",""saa"":false,""sources"":[""EPA NPL""]}"
superfund_INT190010876,INTERNATIONAL MINERALS (E. PLANT),superfund,39.437781,-87.391389,IN,EPA NPL,"{""external_id"":""INT190010876"",""npl_status"":""Deleted NPL"",""saa"":false,""sources"":[""EPA NPL""]}"
superfund_INN000508142,JACOBSVILLE NEIGHBORHOOD SOIL CONTAMINATION,superfund,37.979297,-87.563989,IN,EPA NPL,"{""external_id"":""INN000508142"",""npl_status"":""Final NPL"",""saa"":false,""sources"":[""EPA NPL""]}"
superfund_INN000510399,KEYSTONE CORRIDOR GROUND WATER CONTAMINATION,superfund,39.834722,-86.121667,IN,EPA NPL,"{""external_id"":""INN000510399"",""npl_status"":""Final NPL"",""saa"":false,""sources"":[""EPA NPL""]}"
superfund_IND980500524,LAKE SANDY JO (M&M LANDFILL),superfund,+41.570839,-87.382231,IN,EPA NPL,"{""external_id"":""IND980500524"",""npl_status"":""Final NPL"",""saa"":false,""sources"":[""EPA NPL""]}"
superfund_IND064703200,"LAKELAND DISPOSAL SERVICE, INC.",superfund,+41.147500,-85.917219,IN,EPA NPL,"{""external_id"":""IND064703200"",""npl_status"":""Final NPL"",""saa"":false,""sources"":[""EPA NPL""]}"
superfund_INN000510229,LANE STREET GROUND WATER CONTAMINATION,superfund,41.716847,-85.921006,IN,EPA NPL,"{""external_id"":""INN000510229"",""npl_status"":""Final NPL"",""saa"":false,""sources"":[""EPA NPL""]}"
superfund_IND980794341,LEMON LANE LANDFILL,superfund,+39.173100,-86.559800,IN,EPA NPL,"{""external_id"":""IND980794341"",""npl_status"":""Deleted NPL"",""saa"":false,""sources"":[""EPA NPL""]}"
superfund_IND982073785,LUSHER STREET GROUND WATER CONTAMINATION,superfund,41.672922,-85.996225,IN,EPA NPL,"{""external_id"":""IND982073785"",""npl_status"":""Final NPL"",""saa"":false,""sources"":[""EPA NPL""]}"
superfund_IND980794358,MAIN STREET WELL FIELD,superfund,41.696389,-85.979161,IN,EPA NPL,"{""external_id"":""IND980794358"",""npl_status"":""Final NPL"",""saa"":false,""sources"":[""EPA NPL""]}"
superfund_IND980794366,MARION (BRAGG) DUMP,superfund,40.537781,-85.633061,IN,EPA NPL,"{""external_id"":""IND980794366"",""npl_status"":""Final NPL"",""saa"":false,""sources"":[""EPA NPL""]}"
superfund_IND980615421,MIDCO I,superfund,+41.589500,-87.428400,IN,EPA NPL,"{""external_id"":""IND980615421"",""npl_status"":""Final NPL"",""saa"":false,""sources"":[""EPA NPL""]}"
superfund_IND980679559,MIDCO II,superfund,41.622781,-87.408611,IN,EPA NPL,"{""external_id"":""IND980679559"",""npl_status"":""Final NPL"",""saa"":false,""sources"":[""EPA NPL""]}"
superfund_IND980794549,NEAL'S DUMP (SPENCER),superfund,+39.238100,-086.796800,IN,EPA NPL,"{""external_id"":""IND980794549"",""npl_status"":""Deleted NPL"",""saa"":false,""sources"":[""EPA NPL""]}"
superfund_IND980614556,NEAL'S LANDFILL (BLOOMINGTON),superfund,+39.166700,-86.640500,IN,EPA NPL,"{""external_id"":""IND980614556"",""npl_status"":""Deleted NPL"",""saa"":false,""sources"":[""EPA NPL""]}"
superfund_IND980794432,NINTH AVENUE DUMP,superfund,+41.593400,-087.429000,IN,EPA NPL,"{""external_id"":""IND980794432"",""npl_status"":""Final NPL"",""saa"":false,""sources"":[""EPA NPL""]}"
superfund_IND050530872,"NORTHSIDE SANITARY LANDFILL, INC",superfund,40.028331,-86.273331,IN,EPA NPL,"{""external_id"":""IND050530872"",""npl_status"":""Final NPL"",""saa"":false,""sources"":[""EPA NPL""]}"
superfund_INN000508678,PIKE AND MULBERRY STREETS PCE PLUME,superfund,39.428661,-86.431789,IN,EPA NPL,"{""external_id"":""INN000508678"",""npl_status"":""Final NPL"",""saa"":false,""sources"":[""EPA NPL""]}"
superfund_IND980684583,POER FARM,superfund,39.844719,-85.605281,IN,EPA NPL,"{""external_id"":""IND980684583"",""npl_status"":""Deleted NPL"",""saa"":false,""sources"":[""EPA NPL""]}"
superfund_IND006377048,PRESTOLITE BATTERY DIVISION,superfund,38.691669,-87.501661,IN,EPA NPL,"{""external_id"":""IND006377048"",""npl_status"":""Final NPL"",""saa"":false,""sources"":[""EPA NPL""]}"
superfund_IND000807107,REILLY TAR & CHEMICAL CORP. (INDIANAPOLIS PLANT),superfund,39.740281,-86.218331,IN,EPA NPL,"{""external_id"":""IND000807107"",""npl_status"":""Final NPL"",""saa"":false,""sources"":[""EPA NPL""]}"
superfund_IND040313017,SEYMOUR RECYCLING CORP.,superfund,+38.935200,-085.921300,IN,EPA NPL,"{""external_id"":""IND040313017"",""npl_status"":""Final NPL"",""saa"":false,""sources"":[""EPA NPL""]}"
superfund_IND980997639,"TIPPECANOE SANITARY LANDFILL, INC.",superfund,40.456111,-86.872219,IN,EPA NPL,"{""external_id"":""IND980997639"",""npl_status"":""Final NPL"",""saa"":false,""sources"":[""EPA NPL""]}"
superfund_IND006038764,TRI-STATE PLATING,superfund,+39.216400,-085.900700,IN,EPA NPL,"{""external_id"":""IND006038764"",""npl_status"":""Deleted NPL"",""saa"":false,""sources"":[""EPA NPL""]}"
superfund_IND047030226,"U.S. SMELTER AND LEAD REFINERY, INC.",superfund,+41.616758,-87.464046,IN,EPA NPL,"{""external_id"":""IND047030226"",""npl_status"":""Final NPL"",""saa"":false,""sources"":[""EPA NPL""]}"
superfund_IND980504005,"WASTE, INC., LANDFILL",superfund,41.721669,-086.880000,IN,EPA NPL,"{""external_id"":""IND980504005"",""npl_status"":""Deleted NPL"",""saa"":false,""sources"":[""EPA NPL""]}"
superfund_IND048989479,WAYNE WASTE OIL,superfund,+41.152500,-85.476111,IN,EPA NPL,"{""external_id"":""IND048989479"",""npl_status"":""Final NPL"",""saa"":false,""sources"":[""EPA NPL""]}"
superfund_IND980794374,"WEDZEB ENTERPRISES, INC.",superfund,+40.045300,-086.472300,IN,EPA NPL,"{""external_id"":""IND980794374"",""npl_status"":""Deleted NPL"",""saa"":false,""sources"":[""EPA NPL""]}"
superfund_IND980999791,WHITEFORD SALES & SERVICE INC./NATIONALEASE,superfund,41.663889,-86.280281,IN,EPA NPL,"{""external_id"":""IND980999791"",""npl_status"":""Deleted NPL"",""saa"":false,""sources"":[""EPA NPL""]}"
superfund_KSD007241656,29TH & MEAD GROUND WATER CONTAMINATION,superfund,+37.735692,-97.333250,KS,EPA NPL,"{""external_id"":""KSD007241656"",""npl_status"":""Deleted NPL"",""saa"":false,""sources"":[""EPA NPL""]}"
superfund_KSD981710247,57TH AND NORTH BROADWAY STREETS SITE,superfund,+37.783636,-97.337547,KS,EPA NPL,"{""external_id"":""KSD981710247"",""npl_status"":""Final NPL"",""saa"":false,""sources"":[""EPA NPL""]}"
superfund_KSD046746731,ACE SERVICES,superfund,+39.396267,-101.040361,KS,EPA NPL,"{""external_id"":""KSD046746731"",""npl_status"":""Final NPL"",""saa"":false,""sources"":[""EPA NPL""]}"
superfund_KSD980500789,ARKANSAS CITY DUMP,superfund,+37.056317,-97.050025,KS,EPA NPL,"{""external_id"":""KSD980500789"",""npl_status"":""Deleted NPL"",""saa"":false,""sources"":[""EPA NPL""]}"
superfund_KSD980686174,BIG RIVER SAND CO.,superfund,+37.727839,-97.400417,KS,EPA NPL,"{""external_id"":""KSD980686174"",""npl_status"":""Deleted NPL"",""saa"":false,""sources"":[""EPA NPL""]}"
superfund_KSN000703396,CANEY RESIDENTIAL YARDS,superfund,+37.013136,-95.934889,KS,EPA NPL,"{""external_id"":""KSN000703396"",""npl_status"":""Final NPL"",""saa"":false,""sources"":[""EPA NPL""]}"
superfund_KSD031349624,"CHEMICAL COMMODITIES, INC.",superfund,+38.878244,-94.805603,KS,EPA NPL,"{""external_id"":""KSD031349624"",""npl_status"":""Final NPL"",""saa"":false,""sources"":[""EPA NPL""]}"
superfund_KSD980741862,CHEROKEE COUNTY,superfund,+37.079653,-94.724186,KS,EPA NPL,"{""external_id"":""KSD980741862"",""npl_status"":""Final NPL"",""saa"":false,""sources"":[""EPA NPL""]}"
superfund_KSN000706550,CHEROKEE ZINC - WEIR SMELTER,superfund,+37.313778,-94.772389,KS,EPA NPL,"{""external_id"":""KSN000706550"",""npl_status"":""Final NPL"",""saa"":false,""sources"":[""EPA NPL""]}"
superfund_KSD980632301,DOEPKE DISPOSAL (HOLLIDAY),superfund,+39.036314,-94.794083,KS,EPA NPL,"{""external_id"":""KSD980632301"",""npl_status"":""Final NPL"",""saa"":false,""sources"":[""EPA NPL""]}"
superfund_KSN000705026,FORMER UNITED ZINC & ASSOCIATED SMELTERS,superfund,37.922280,-95.385900,KS,EPA NPL,"{""external_id"":""KSN000705026"",""npl_status"":""Final NPL"",""saa"":false,""sources"":[""EPA NPL""]}"
superfund_KS6214020756,FORT RILEY,superfund,+39.306647,-96.960906,KS,EPA NPL,"{""external_id"":""KS6214020756"",""npl_status"":""Final NPL"",""saa"":false,""sources"":[""EPA NPL""]}"
superfund_KSD007135429,HYDRO-FLEX INC.,superfund,+39.087078,-95.725792,KS,EPA NPL,"{""external_id"":""KSD007135429"",""npl_status"":""Deleted NPL"",""saa"":false,""sources"":[""EPA NPL""]}"
superfund_KSD980631980,JOHNS' SLUDGE POND,superfund,+37.736936,-97.316475,KS,EPA NPL,"{""external_id"":""KSD980631980"",""npl_status"":""Deleted NPL"",""saa"":false,""sources"":[""EPA NPL""]}"
superfund_KSD980631766,OBEE ROAD,superfund,+38.063503,-97.857775,KS,EPA NPL,"{""external_id"":""KSD980631766"",""npl_status"":""Final NPL"",""saa"":false,""sources"":[""EPA NPL""]}"
superfund_KSD000829846,PESTER REFINERY CO.,superfund,+37.839364,-96.857611,KS,EPA NPL,"{""external_id"":""KSD000829846"",""npl_status"":""Final NPL"",""saa"":false,""sources"":[""EPA NPL""]}"
superfund_KSD065735912,"PLATING, INC.",superfund,+38.346542,-98.849460,KS,EPA NPL,"{""external_id"":""KSD065735912"",""npl_status"":""Final NPL"",""saa"":false,""sources"":[""EPA NPL""]}"
superfund_KSD980862726,STROTHER FIELD INDUSTRIAL PARK,superfund,+37.172031,-97.028919,KS,EPA NPL,"{""external_id"":""KSD980862726"",""npl_status"":""Final NPL"",""saa"":false,""sources"":[""EPA NPL""]}"
superfund_KS0001402320,TRI-COUNTY PUBLIC AIRPORT,superfund,+38.697944,-96.797747,KS,EPA NPL,"{""external_id"":""KS0001402320"",""npl_status"":""Proposed NPL"",""saa"":false,""sources"":[""EPA NPL""]}"
superfund_KSD984985929,WRIGHT GROUND WATER CONTAMINATION,superfund,+37.780781,-99.889442,KS,EPA NPL,"{""external_id"":""KSD984985929"",""npl_status"":""Final NPL"",""saa"":false,""sources"":[""EPA NPL""]}"
superfund_KYD980500961,A.L. TAYLOR (VALLEY OF DRUMS),superfund,38.081939,-85.725000,KY,EPA NPL,"{""external_id"":""KYD980500961"",""npl_status"":""Deleted NPL"",""saa"":false,""sources"":[""EPA NPL""]}"
superfund_KYD041981010,AIRCO,superfund,+37.049600,-88.322500,KY,EPA NPL,"{""external_id"":""KYD041981010"",""npl_status"":""Deleted NPL"",""saa"":false,""sources"":[""EPA NPL""]}"
superfund_KYD006370167,B.F. GOODRICH,superfund,+37.050300,-88.323400,KY,EPA NPL,"{""external_id"":""KYD006370167"",""npl_status"":""Final NPL"",""saa"":false,""sources"":[""EPA NPL""]}"
superfund_KYD980501019,BRANTLEY LANDFILL,superfund,+37.446250,-87.156111,KY,EPA NPL,"{""external_id"":""KYD980501019"",""npl_status"":""Deleted NPL"",""saa"":false,""sources"":[""EPA NPL""]}"
superfund_KYD980602155,DISTLER BRICKYARD,superfund,37.989719,-85.951389,KY,EPA NPL,"{""external_id"":""KYD980602155"",""npl_status"":""Final NPL"",""saa"":false,""sources"":[""EPA NPL""]}"
superfund_KYD980601975,DISTLER FARM,superfund,38.006939,-85.931111,KY,EPA NPL,"{""external_id"":""KYD980601975"",""npl_status"":""Final NPL"",""saa"":false,""sources"":[""EPA NPL""]}"
superfund_KYD980844625,FORT HARTFORD COAL CO. STONE QUARRY,superfund,+37.538889,-86.702769,KY,EPA NPL,"{""external_id"":""KYD980844625"",""npl_status"":""Deleted NPL"",""saa"":false,""sources"":[""EPA NPL""]}"
superfund_KYD980501076,"GREEN RIVER DISPOSAL, INC.",superfund,+37.889450,-86.973611,KY,EPA NPL,"{""external_id"":""KYD980501076"",""npl_status"":""Final NPL"",""saa"":false,""sources"":[""EPA NPL""]}"
superfund_KYD980501191,HOWE VALLEY LANDFILL,superfund,+37.668500,-86.124200,KY,EPA NPL,"{""external_id"":""KYD980501191"",""npl_status"":""Deleted NPL"",""saa"":false,""sources"":[""EPA NPL""]}"
superfund_KYD980557052,LEE'S LANE LANDFILL,superfund,38.191111,-85.883061,KY,EPA NPL,"{""external_id"":""KYD980557052"",""npl_status"":""Deleted NPL"",""saa"":false,""sources"":[""EPA NPL""]}"
superfund_KYD980729107,MAXEY FLATS NUCLEAR DISPOSAL,superfund,+38.260800,-83.569200,KY,EPA NPL,"{""external_id"":""KYD980729107"",""npl_status"":""Final NPL"",""saa"":false,""sources"":[""EPA NPL""]}"
superfund_KYD985069954,NATIONAL ELECTRIC COIL CO./COOPER INDUSTRIES,superfund,36.843889,-83.371389,KY,EPA NPL,"{""external_id"":""KYD985069954"",""npl_status"":""Final NPL"",""saa"":false,""sources"":[""EPA NPL""]}"
superfund_KYD049062375,NATIONAL SOUTHWIRE ALUMINUM CO.,superfund,37.944999,-86.787778,KY,EPA NPL,"{""external_id"":""KYD049062375"",""npl_status"":""Deleted NPL"",""saa"":false,""sources"":[""EPA NPL""]}"
superfund_KYD985066380,NEWPORT DUMP,superfund,39.070725,-84.491228,KY,EPA NPL,"{""external_id"":""KYD985066380"",""npl_status"":""Deleted NPL"",""saa"":false,""sources"":[""EPA NPL""]}"
superfund_KY8890008982,PADUCAH GASEOUS DIFFUSION PLANT (USDOE),superfund,37.120138,-88.811111,KY,EPA NPL,"{""external_id"":""KY8890008982"",""npl_status"":""Final NPL"",""saa"":false,""sources"":[""EPA NPL""]}"
superfund_KYD981469794,RED PENN SANITATION CO. LANDFILL,superfund,+38.288100,-85.465400,KY,EPA NPL,"{""external_id"":""KYD981469794"",""npl_status"":""Deleted NPL"",""saa"":false,""sources"":[""EPA NPL""]}"
superfund_KYD097267413,SMITH'S FARM,superfund,+38.037500,-85.733331,KY,EPA NPL,"{""external_id"":""KYD097267413"",""npl_status"":""Final NPL"",""saa"":false,""sources"":[""EPA NPL""]}"
superfund_KYD981028350,TRI-CITY DISPOSAL CO.,superfund,38.047781,-85.768331,KY,EPA NPL,"{""external_id"":""KYD981028350"",""npl_status"":""Final NPL"",""saa"":false,""sources"":[""EPA NPL""]}"
superfund_LAD981056997,AGRICULTURE STREET LANDFILL,superfund,+29.988660,-90.040165,LA,EPA NPL,"{""external_id"":""LAD981056997"",""npl_status"":""Final NPL"",""saa"":false,""sources"":[""EPA NPL""]}"
superfund_LAN000604293,AMERICAN CREOSOTE DERIDDER,superfund,+30.831693,-93.276863,LA,EPA NPL,"{""external_id"":""LAN000604293"",""npl_status"":""Final NPL"",""saa"":false,""sources"":[""EPA NPL""]}"
superfund_LAD000239814,"AMERICAN CREOSOTE WORKS, INC. (WINNFIELD PLANT)",superfund,31.918611,-92.634722,LA,EPA NPL,"{""external_id"":""LAD000239814"",""npl_status"":""Final NPL"",""saa"":false,""sources"":[""EPA NPL""]}"
superfund_LAD980745632,BAYOU BONFOUCA,superfund,30.282219,-89.784161,LA,EPA NPL,"{""external_id"":""LAD980745632"",""npl_status"":""Final NPL"",""saa"":false,""sources"":[""EPA NPL""]}"
superfund_LAD980745541,BAYOU SORREL,superfund,+30.224400,-91.409500,LA,EPA NPL,"{""external_id"":""LAD980745541"",""npl_status"":""Deleted NPL"",""saa"":false,""sources"":[""EPA NPL""]}"
superfund_LAD008187940,CENTRAL WOOD PRESERVING CO.,superfund,30.758889,-91.009444,LA,EPA NPL,"{""external_id"":""LAD008187940"",""npl_status"":""Deleted NPL"",""saa"":false,""sources"":[""EPA NPL""]}"
superfund_LAD980501456,CLEVE REBER,superfund,+30.155000,-90.873339,LA,EPA NPL,"{""external_id"":""LAD980501456"",""npl_status"":""Deleted NPL"",""saa"":false,""sources"":[""EPA NPL""]}"
superfund_LAD072606627,"COMBUSTION, INC.",superfund,+30.512900,-90.893900,LA,EPA NPL,"{""external_id"":""LAD072606627"",""npl_status"":""Final NPL"",""saa"":false,""sources"":[""EPA NPL""]}"
superfund_LAD981058019,"D.L. MUD, INC.",superfund,+29.955500,-92.186700,LA,EPA NPL,"{""external_id"":""LAD981058019"",""npl_status"":""Deleted NPL"",""saa"":false,""sources"":[""EPA NPL""]}"
superfund_LAD052510344,DELATTE METALS,superfund,+30.422500,-90.410833,LA,EPA NPL,"{""external_id"":""LAD052510344"",""npl_status"":""Deleted NPL"",""saa"":false,""sources"":[""EPA NPL""]}"
superfund_LAD981155872,DEVIL'S SWAMP LAKE,superfund,30.561944,-91.220556,LA,EPA NPL,"{""external_id"":""LAD981155872"",""npl_status"":""Proposed NPL"",""saa"":false,""sources"":[""EPA NPL""]}"
superfund_LAD980879449,DUTCHTOWN TREATMENT PLANT,superfund,30.256669,-90.980000,LA,EPA NPL,"{""external_id"":""LAD980879449"",""npl_status"":""Deleted NPL"",""saa"":false,""sources"":[""EPA NPL""]}"
superfund_LAN000605517,EVR-WOOD TREATING/EVANGELINE REFINING COMPANY,superfund,+30.248056,-092.617500,LA,EPA NPL,"{""external_id"":""LAN000605517"",""npl_status"":""Final NPL"",""saa"":false,""sources"":[""EPA NPL""]}"
superfund_LAD008184137,EXIDE BATON ROUGE,superfund,+30.586168,-91.245026,LA,EPA NPL,"{""external_id"":""LAD008184137"",""npl_status"":""Final NPL"",""saa"":false,""sources"":[""EPA NPL""]}"
superfund_LAD980750137,GULF COAST VACUUM SERVICES,superfund,+29.958100,-92.185700,LA,EPA NPL,"{""external_id"":""LAD980750137"",""npl_status"":""Deleted NPL"",""saa"":false,""sources"":[""EPA NPL""]}"
superfund_LAD985169317,GULF STATE UTILITIES-NORTH RYAN STREET,superfund,30.240833,-93.219167,LA,EPA NPL,"{""external_id"":""LAD985169317"",""npl_status"":""Proposed NPL"",""saa"":false,""sources"":[""EPA NPL""]}"
superfund_LA0213820533,LOUISIANA ARMY AMMUNITION PLANT,superfund,+32.542200,-93.421000,LA,EPA NPL,"{""external_id"":""LA0213820533"",""npl_status"":""Final NPL"",""saa"":false,""sources"":[""EPA NPL""]}"
superfund_LAD981522998,MADISONVILLE CREOSOTE WORKS,superfund,30.427222,-90.198611,LA,EPA NPL,"{""external_id"":""LAD981522998"",""npl_status"":""Final NPL"",""saa"":false,""sources"":[""EPA NPL""]}"
superfund_LA0000187518,MALLARD BAY LANDING BULK PLANT,superfund,29.934014,-92.655469,LA,EPA NPL,"{""external_id"":""LA0000187518"",""npl_status"":""Deleted NPL"",""saa"":false,""sources"":[""EPA NPL""]}"
superfund_LAD008473142,MARION PRESSURE TREATING,superfund,32.908333,-92.252944,LA,EPA NPL,"{""external_id"":""LAD008473142"",""npl_status"":""Final NPL"",""saa"":false,""sources"":[""EPA NPL""]}"
superfund_LAD980745533,OLD INGER OIL REFINERY,superfund,+30.164700,-90.995500,LA,EPA NPL,"{""external_id"":""LAD980745533"",""npl_status"":""Deleted NPL"",""saa"":false,""sources"":[""EPA NPL""]}"
superfund_LAD980749139,"PAB OIL & CHEMICAL SERVICE, INC.",superfund,+30.015900,-92.115400,LA,EPA NPL,"{""external_id"":""LAD980749139"",""npl_status"":""Deleted NPL"",""saa"":false,""sources"":[""EPA NPL""]}"
superfund_LAD985185107,RUSTON FOUNDRY,superfund,+31.297220,-92.439583,LA,EPA NPL,"{""external_id"":""LAD985185107"",""npl_status"":""Deleted NPL"",""saa"":false,""sources"":[""EPA NPL""]}"
superfund_LAD008434185,SBA SHIPYARD,superfund,30.160603,-92.612236,LA,EPA NPL,"{""external_id"":""LAD008434185"",""npl_status"":""Final NPL"",""saa"":false,""sources"":[""EPA NPL""]}"
superfund_LAD008149015,SOUTHERN SHIPBUILDING,superfund,+30.272500,-89.800833,LA,EPA NPL,"{""external_id"":""LAD008149015"",""npl_status"":""Deleted NPL"",""saa"":false,""sources"":[""EPA NPL""]}"
superfund_MAD001026319,ATLAS TACK CORP.,superfund,41.635561,-070.894450,MA,EPA NPL,"{""external_id"":""MAD001026319"",""npl_status"":""Final NPL"",""saa"":false,""sources"":[""EPA NPL""]}"
superfund_MAD001041987,BAIRD & MCGUIRE,superfund,42.149719,-71.028611,MA,EPA NPL,"{""external_id"":""MAD001041987"",""npl_status"":""Final NPL"",""saa"":false,""sources"":[""EPA NPL""]}"
superfund_MAN000106144,BJAT LLC,superfund,+42.074417,-71.410806,MA,EPA NPL,"{""external_id"":""MAN000106144"",""npl_status"":""Final NPL"",""saa"":false,""sources"":[""EPA NPL""]}"
superfund_MAD982191363,BLACKBURN & UNION PRIVILEGES,superfund,42.138749,-71.251667,MA,EPA NPL,"{""external_id"":""MAD982191363"",""npl_status"":""Final NPL"",""saa"":false,""sources"":[""EPA NPL""]}"
superfund_MAD079510780,CANNON ENGINEERING CORP. (CEC),superfund,+41.972700,-071.025600,MA,EPA NPL,"{""external_id"":""MAD079510780"",""npl_status"":""Deleted NPL"",""saa"":false,""sources"":[""EPA NPL""]}"
superfund_MAD003809266,CHARLES GEORGE RECLAMATION TRUST LANDFILL,superfund,+42.669450,-71.443339,MA,EPA NPL,"{""external_id"":""MAD003809266"",""npl_status"":""Final NPL"",""saa"":false,""sources"":[""EPA NPL""]}"
superfund_MAD001031574,CREESE & COOK TANNERY (FORMER),superfund,42.553111,-70.926722,MA,EPA NPL,"{""external_id"":""MAD001031574"",""npl_status"":""Final NPL"",""saa"":false,""sources"":[""EPA NPL""]}"
superfund_MA7210025154,FORT DEVENS,superfund,42.536111,-71.596111,MA,EPA NPL,"{""external_id"":""MA7210025154"",""npl_status"":""Final NPL"",""saa"":false,""sources"":[""EPA NPL""]}"
superfund_MAD980520670,FORT DEVENS-SUDBURY TRAINING ANNEX,superfund,42.406944,-71.475278,MA,EPA NPL,"{""external_id"":""MAD980520670"",""npl_status"":""Deleted NPL"",""saa"":false,""sources"":[""EPA NPL""]}"
superfund_MAD002084093,GE - HOUSATONIC RIVER,superfund,+42.450278,-73.232222,MA,EPA NPL,"{""external_id"":""MAD002084093"",""npl_status"":""Proposed NPL"",""saa"":false,""sources"":[""EPA NPL""]}"
superfund_MAD980732317,GROVELAND WELLS,superfund,42.753331,-71.038889,MA,EPA NPL,"{""external_id"":""MAD980732317"",""npl_status"":""Final NPL"",""saa"":false,""sources"":[""EPA NPL""]}"
superfund_MA8570024424,HANSCOM FIELD/HANSCOM AIR FORCE BASE,superfund,42.470666,-71.289444,MA,EPA NPL,"{""external_id"":""MA8570024424"",""npl_status"":""Final NPL"",""saa"":false,""sources"":[""EPA NPL""]}"
superfund_MAD001060805,HATHEWAY & PATTERSON,superfund,+42.038194,-71.222500,MA,EPA NPL,"{""external_id"":""MAD001060805"",""npl_status"":""Deleted NPL"",""saa"":false,""sources"":[""EPA NPL""]}"
superfund_MAD980523336,HAVERHILL MUNICIPAL LANDFILL,superfund,42.753889,-71.046669,MA,EPA NPL,"{""external_id"":""MAD980523336"",""npl_status"":""Final NPL"",""saa"":false,""sources"":[""EPA NPL""]}"
superfund_MAD980732341,HOCOMONCO POND,superfund,42.272781,-71.650831,MA,EPA NPL,"{""external_id"":""MAD980732341"",""npl_status"":""Final NPL"",""saa"":false,""sources"":[""EPA NPL""]}"
superfund_MAD076580950,INDUSTRI-PLEX,superfund,+42.516669,-71.141669,MA,EPA NPL,"{""external_id"":""MAD076580950"",""npl_status"":""Final NPL"",""saa"":false,""sources"":[""EPA NPL""]}"
superfund_MAD051787323,IRON HORSE PARK,superfund,42.583331,-71.265269,MA,EPA NPL,"{""external_id"":""MAD051787323"",""npl_status"":""Final NPL"",""saa"":false,""sources"":[""EPA NPL""]}"
superfund_MA0213820939,MATERIALS TECHNOLOGY LABORATORY (USARMY),superfund,42.360416,-71.166111,MA,EPA NPL,"{""external_id"":""MA0213820939"",""npl_status"":""Deleted NPL"",""saa"":false,""sources"":[""EPA NPL""]}"
superfund_MAD001409408,MICROFAB INC (FORMER),superfund,42.842394,-70.959842,MA,EPA NPL,"{""external_id"":""MAD001409408"",""npl_status"":""Final NPL"",""saa"":false,""sources"":[""EPA NPL""]}"
superfund_MA1210020631,"NATICK LABORATORY ARMY RESEARCH, DEVELOPMENT, AND ENGINEERING CENTER",superfund,42.288889,-71.363611,MA,EPA NPL,"{""external_id"":""MA1210020631"",""npl_status"":""Final NPL"",""saa"":false,""sources"":[""EPA NPL""]}"
superfund_MA6170023570,NAVAL WEAPONS INDUSTRIAL RESERVE PLANT,superfund,42.478889,-71.290277,MA,EPA NPL,"{""external_id"":""MA6170023570"",""npl_status"":""Final NPL"",""saa"":false,""sources"":[""EPA NPL""]}"
superfund_MAD980731335,NEW BEDFORD,superfund,41.643171,-70.919887,MA,EPA NPL,"{""external_id"":""MAD980731335"",""npl_status"":""Final NPL"",""saa"":false,""sources"":[""EPA NPL""]}"
superfund_MAD980670566,NORWOOD PCBS,superfund,42.180831,-071.192500,MA,EPA NPL,"{""external_id"":""MAD980670566"",""npl_status"":""Deleted NPL"",""saa"":false,""sources"":[""EPA NPL""]}"
superfund_MAD062166335,"NUCLEAR METALS, INC.",superfund,42.441667,-71.421944,MA,EPA NPL,"{""external_id"":""MAD062166335"",""npl_status"":""Final NPL"",""saa"":false,""sources"":[""EPA NPL""]}"
superfund_MAD990685422,NYANZA CHEMICAL WASTE DUMP,superfund,42.258611,-71.473611,MA,EPA NPL,"{""external_id"":""MAD990685422"",""npl_status"":""Final NPL"",""saa"":false,""sources"":[""EPA NPL""]}"
superfund_MAD001403104,OLIN CHEMICAL,superfund,+42.528056,-071.153889,MA,EPA NPL,"{""external_id"":""MAD001403104"",""npl_status"":""Final NPL"",""saa"":false,""sources"":[""EPA NPL""]}"
superfund_MA2570024487,OTIS AIR NATIONAL GUARD BASE/CAMP EDWARDS,superfund,41.651666,-70.521388,MA,EPA NPL,"{""external_id"":""MA2570024487"",""npl_status"":""Final NPL"",""saa"":false,""sources"":[""EPA NPL""]}"
superfund_MAD980525232,PLYMOUTH HARBOR/CANNON ENGINEERING CORP.,superfund,+41.979600,-070.685400,MA,EPA NPL,"{""external_id"":""MAD980525232"",""npl_status"":""Deleted NPL"",""saa"":false,""sources"":[""EPA NPL""]}"
superfund_MAD980731483,PSC RESOURCES,superfund,42.153331,-72.330281,MA,EPA NPL,"{""external_id"":""MAD980731483"",""npl_status"":""Final NPL"",""saa"":false,""sources"":[""EPA NPL""]}"
superfund_MAD980520621,"RE-SOLVE, INC.",superfund,41.688061,-71.033889,MA,EPA NPL,"{""external_id"":""MAD980520621"",""npl_status"":""Final NPL"",""saa"":false,""sources"":[""EPA NPL""]}"
superfund_MAD980524169,ROSE DISPOSAL PIT,superfund,+42.505500,-073.274800,MA,EPA NPL,"{""external_id"":""MAD980524169"",""npl_status"":""Final NPL"",""saa"":false,""sources"":[""EPA NPL""]}"
superfund_MAD980525240,SALEM ACRES,superfund,+42.503000,-070.931300,MA,EPA NPL,"{""external_id"":""MAD980525240"",""npl_status"":""Deleted NPL"",""saa"":false,""sources"":[""EPA NPL""]}"
superfund_MAD980503973,SHPACK LANDFILL,superfund,41.943331,-71.235000,MA,EPA NPL,"{""external_id"":""MAD980503973"",""npl_status"":""Deleted NPL"",""saa"":false,""sources"":[""EPA NPL""]}"
superfund_MAD000192393,SILRESIM CHEMICAL CORP.,superfund,42.628889,-71.313889,MA,EPA NPL,"{""external_id"":""MAD000192393"",""npl_status"":""Final NPL"",""saa"":false,""sources"":[""EPA NPL""]}"
superfund_MA2170022022,SOUTH WEYMOUTH NAVAL AIR STATION,superfund,+42.155277,-70.933470,MA,EPA NPL,"{""external_id"":""MA2170022022"",""npl_status"":""Final NPL"",""saa"":false,""sources"":[""EPA NPL""]}"
superfund_MAD980731343,SULLIVAN'S LEDGE,superfund,41.654719,-70.957219,MA,EPA NPL,"{""external_id"":""MAD980731343"",""npl_status"":""Final NPL"",""saa"":false,""sources"":[""EPA NPL""]}"
superfund_MAD980520696,SUTTON BROOK DISPOSAL AREA,superfund,42.598222,-71.183194,MA,EPA NPL,"{""external_id"":""MAD980520696"",""npl_status"":""Final NPL"",""saa"":false,""sources"":[""EPA NPL""]}"
superfund_MAD001002252,"W.R. GRACE & CO., INC. (ACTON PLANT)",superfund,+42.450550,-71.427781,MA,EPA NPL,"{""external_id"":""MAD001002252"",""npl_status"":""Final NPL"",""saa"":false,""sources"":[""EPA NPL""]}"
superfund_MAD001197755,WALTON & LONSBURY INC.,superfund,+41.957778,-071.296944,MA,EPA NPL,"{""external_id"":""MAD001197755"",""npl_status"":""Final NPL"",""saa"":false,""sources"":[""EPA NPL""]}"
superfund_MAD980732168,WELLS G&H,superfund,42.494719,-71.130839,MA,EPA NPL,"{""external_id"":""MAD980732168"",""npl_status"":""Final NPL"",""saa"":false,""sources"":[""EPA NPL""]}"
superfund_MDD980918387,68TH STREET DUMP/INDUSTRIAL ENTERPRISES,superfund,39.307967,-76.517886,MD,EPA NPL,"{""external_id"":""MDD980918387"",""npl_status"":""Proposed NPL"",""saa"":false,""sources"":[""EPA NPL""]}"
superfund_MD2210020036,ABERDEEN PROVING GROUND (EDGEWOOD AREA),superfund,39.395404,-76.307730,MD,EPA NPL,"{""external_id"":""MD2210020036"",""npl_status"":""Final NPL"",""saa"":false,""sources"":[""EPA NPL""]}"
superfund_MD3210021355,ABERDEEN PROVING GROUND (MICHAELSVILLE LANDFILL),superfund,+39.460600,-76.141400,MD,EPA NPL,"{""external_id"":""MD3210021355"",""npl_status"":""Final NPL"",""saa"":false,""sources"":[""EPA NPL""]}"
superfund_MD0570024000,ANDREWS AIR FORCE BASE,superfund,38.791667,-76.875000,MD,EPA NPL,"{""external_id"":""MD0570024000"",""npl_status"":""Final NPL"",""saa"":false,""sources"":[""EPA NPL""]}"
superfund_MD0120508940,BELTSVILLE AGRICULTURAL RESEARCH CENTER (USDA),superfund,39.029166,-76.884583,MD,EPA NPL,"{""external_id"":""MD0120508940"",""npl_status"":""Final NPL"",""saa"":false,""sources"":[""EPA NPL""]}"
superfund_MD9570024803,BRANDYWINE DRMO,superfund,38.698056,-76.845000,MD,EPA NPL,"{""external_id"":""MD9570024803"",""npl_status"":""Final NPL"",""saa"":false,""sources"":[""EPA NPL""]}"
superfund_MDD980504195,BUSH VALLEY LANDFILL,superfund,39.467219,-76.261950,MD,EPA NPL,"{""external_id"":""MDD980504195"",""npl_status"":""Final NPL"",""saa"":false,""sources"":[""EPA NPL""]}"
superfund_MDD003061447,CENTRAL CHEMICAL (HAGERSTOWN),superfund,39.656667,-77.723611,MD,EPA NPL,"{""external_id"":""MDD003061447"",""npl_status"":""Final NPL"",""saa"":false,""sources"":[""EPA NPL""]}"
superfund_MDD980555478,"CHEMICAL METALS INDUSTRIES, INC.",superfund,39.265419,-76.632500,MD,EPA NPL,"{""external_id"":""MDD980555478"",""npl_status"":""Deleted NPL"",""saa"":false,""sources"":[""EPA NPL""]}"
superfund_MD4690307844,CURTIS BAY COAST GUARD YARD,superfund,+39.200000,-76.572694,MD,EPA NPL,"{""external_id"":""MD4690307844"",""npl_status"":""Final NPL"",""saa"":false,""sources"":[""EPA NPL""]}"
superfund_MDD985366756,DWYER PROPERTY GROUND WATER PLUME,superfund,+39.612007,-75.844474,MD,EPA NPL,"{""external_id"":""MDD985366756"",""npl_status"":""Final NPL"",""saa"":false,""sources"":[""EPA NPL""]}"
superfund_MD9210020567,FORT GEORGE G. MEADE,superfund,39.083333,-76.715278,MD,EPA NPL,"{""external_id"":""MD9210020567"",""npl_status"":""Final NPL"",""saa"":false,""sources"":[""EPA NPL""]}"
superfund_MD7170024684,INDIAN HEAD NAVAL SURFACE WARFARE CENTER,superfund,38.591389,-77.174306,MD,EPA NPL,"{""external_id"":""MD7170024684"",""npl_status"":""Final NPL"",""saa"":false,""sources"":[""EPA NPL""]}"
superfund_MDD980923783,KANE & LOMBARD STREET DRUMS,superfund,+39.295600,-76.541900,MD,EPA NPL,"{""external_id"":""MDD980923783"",""npl_status"":""Final NPL"",""saa"":false,""sources"":[""EPA NPL""]}"
superfund_MDD980691588,LIMESTONE ROAD,superfund,39.626389,-78.722219,MD,EPA NPL,"{""external_id"":""MDD980691588"",""npl_status"":""Final NPL"",""saa"":false,""sources"":[""EPA NPL""]}"
superfund_MDD064882889,"MID-ATLANTIC WOOD PRESERVERS, INC.",superfund,39.163611,-76.698331,MD,EPA NPL,"{""external_id"":""MDD064882889"",""npl_status"":""Deleted NPL"",""saa"":false,""sources"":[""EPA NPL""]}"
superfund_MDD980705099,MIDDLETOWN ROAD DUMP,superfund,39.031004,-76.467145,MD,EPA NPL,"{""external_id"":""MDD980705099"",""npl_status"":""Deleted NPL"",""saa"":false,""sources"":[""EPA NPL""]}"
superfund_MDD982364341,"ORDNANCE PRODUCTS, INC.",superfund,39.630833,-75.923889,MD,EPA NPL,"{""external_id"":""MDD982364341"",""npl_status"":""Final NPL"",""saa"":false,""sources"":[""EPA NPL""]}"
superfund_MD7170024536,PATUXENT RIVER NAVAL AIR STATION,superfund,38.270694,-76.419444,MD,EPA NPL,"{""external_id"":""MD7170024536"",""npl_status"":""Final NPL"",""saa"":false,""sources"":[""EPA NPL""]}"
superfund_MDD980705164,"SAND, GRAVEL AND STONE",superfund,39.615281,-75.896389,MD,EPA NPL,"{""external_id"":""MDD980705164"",""npl_status"":""Final NPL"",""saa"":false,""sources"":[""EPA NPL""]}"
superfund_MDD981038334,SAUER DUMP,superfund,+39.270267,-76.452710,MD,EPA NPL,"{""external_id"":""MDD981038334"",""npl_status"":""Final NPL"",""saa"":false,""sources"":[""EPA NPL""]}"
superfund_MDD980704852,SOUTHERN MARYLAND WOOD TREATING,superfund,+38.358900,-76.588200,MD,EPA NPL,"{""external_id"":""MDD980704852"",""npl_status"":""Deleted NPL"",""saa"":false,""sources"":[""EPA NPL""]}"
superfund_MDD000218008,"SPECTRON, INC.",superfund,39.691249,-75.877778,MD,EPA NPL,"{""external_id"":""MDD000218008"",""npl_status"":""Final NPL"",""saa"":false,""sources"":[""EPA NPL""]}"
superfund_MDD980504344,WOODLAWN COUNTY LANDFILL,superfund,39.641669,-76.090000,MD,EPA NPL,"{""external_id"":""MDD980504344"",""npl_status"":""Final NPL"",""saa"":false,""sources"":[""EPA NPL""]}"
superfund_ME8170022018,BRUNSWICK NAVAL AIR STATION,superfund,+43.906340,-69.933986,ME,EPA NPL,"{""external_id"":""ME8170022018"",""npl_status"":""Final NPL"",""saa"":false,""sources"":[""EPA NPL""]}"
superfund_MED980524128,CALLAHAN MINING CORP,superfund,44.351639,-68.810139,ME,EPA NPL,"{""external_id"":""MED980524128"",""npl_status"":""Final NPL"",""saa"":false,""sources"":[""EPA NPL""]}"
superfund_MED981073711,EASTERN SURPLUS,superfund,45.038889,-67.358333,ME,EPA NPL,"{""external_id"":""MED981073711"",""npl_status"":""Final NPL"",""saa"":false,""sources"":[""EPA NPL""]}"
superfund_MED980915474,EASTLAND WOOLEN MILL,superfund,44.921667,-69.261111,ME,EPA NPL,"{""external_id"":""MED980915474"",""npl_status"":""Final NPL"",""saa"":false,""sources"":[""EPA NPL""]}"
superfund_MEN000106078,KEDDY MILL,superfund,43.734953,-70.424514,ME,EPA NPL,"{""external_id"":""MEN000106078"",""npl_status"":""Final NPL"",""saa"":false,""sources"":[""EPA NPL""]}"
superfund_MEN000103584,LEEDS METAL,superfund,44.237083,-70.080250,ME,EPA NPL,"{""external_id"":""MEN000103584"",""npl_status"":""Final NPL"",""saa"":false,""sources"":[""EPA NPL""]}"
superfund_ME9570024522,LORING AIR FORCE BASE,superfund,46.944444,-67.883888,ME,EPA NPL,"{""external_id"":""ME9570024522"",""npl_status"":""Final NPL"",""saa"":false,""sources"":[""EPA NPL""]}"
superfund_MED980524078,MCKIN CO.,superfund,+43.884100,-70.294200,ME,EPA NPL,"{""external_id"":""MED980524078"",""npl_status"":""Deleted NPL"",""saa"":false,""sources"":[""EPA NPL""]}"
superfund_MED980731475,O'CONNOR CO.,superfund,44.301916,-69.736944,ME,EPA NPL,"{""external_id"":""MED980731475"",""npl_status"":""Deleted NPL"",""saa"":false,""sources"":[""EPA NPL""]}"
superfund_MED980732291,PINETTE'S SALVAGE YARD,superfund,+46.778200,-068.170100,ME,EPA NPL,"{""external_id"":""MED980732291"",""npl_status"":""Deleted NPL"",""saa"":false,""sources"":[""EPA NPL""]}"
superfund_ME7170022019,PORTSMOUTH NAVAL SHIPYARD,superfund,+43.084167,-70.741666,ME,EPA NPL,"{""external_id"":""ME7170022019"",""npl_status"":""Deleted NPL"",""saa"":false,""sources"":[""EPA NPL""]}"
superfund_MED980504393,SACO MUNICIPAL LANDFILL,superfund,+43.530200,-070.481500,ME,EPA NPL,"{""external_id"":""MED980504393"",""npl_status"":""Final NPL"",""saa"":false,""sources"":[""EPA NPL""]}"
superfund_MED980520241,SACO TANNERY WASTE PITS,superfund,+43.560550,-70.426389,ME,EPA NPL,"{""external_id"":""MED980520241"",""npl_status"":""Deleted NPL"",""saa"":false,""sources"":[""EPA NPL""]}"
superfund_MED042143883,"UNION CHEMICAL CO., INC.",superfund,+44.214440,-69.189027,ME,EPA NPL,"{""external_id"":""MED042143883"",""npl_status"":""Deleted NPL"",""saa"":false,""sources"":[""EPA NPL""]}"
superfund_MED985466168,WEST SITE/HOWS CORNERS,superfund,44.740278,-69.182222,ME,EPA NPL,"{""external_id"":""MED985466168"",""npl_status"":""Final NPL"",""saa"":false,""sources"":[""EPA NPL""]}"
superfund_MED980504435,WINTHROP LANDFILL,superfund,44.275831,-69.988331,ME,EPA NPL,"{""external_id"":""MED980504435"",""npl_status"":""Final NPL"",""saa"":false,""sources"":[""EPA NPL""]}"
superfund_MID006522791,ADAM'S PLATING,superfund,42.739439,-84.587781,MI,EPA NPL,"{""external_id"":""MID006522791"",""npl_status"":""Final NPL"",""saa"":false,""sources"":[""EPA NPL""]}"
superfund_MI0001119106,AIRCRAFT COMPONENTS (D & L SALES),superfund,+42.126944,-86.454444,MI,EPA NPL,"{""external_id"":""MI0001119106"",""npl_status"":""Final NPL"",""saa"":false,""sources"":[""EPA NPL""]}"
superfund_MID980504450,ALBION-SHERIDAN TOWNSHIP LANDFILL,superfund,+42.249550,-84.719500,MI,EPA NPL,"{""external_id"":""MID980504450"",""npl_status"":""Final NPL"",""saa"":false,""sources"":[""EPA NPL""]}"
superfund_MID006007306,"ALLIED PAPER, INC./PORTAGE CREEK/KALAMAZOO RIVER",superfund,42.303333,-85.576083,MI,EPA NPL,"{""external_id"":""MID006007306"",""npl_status"":""Final NPL"",""saa"":false,""sources"":[""EPA NPL""]}"
superfund_MID002931228,ANDERSON DEVELOPMENT CO.,superfund,41.893611,-84.017219,MI,EPA NPL,"{""external_id"":""MID002931228"",""npl_status"":""Deleted NPL"",""saa"":false,""sources"":[""EPA NPL""]}"
superfund_MID980794382,"AUTO ION CHEMICALS, INC.",superfund,42.293889,-85.567219,MI,EPA NPL,"{""external_id"":""MID980794382"",""npl_status"":""Final NPL"",""saa"":false,""sources"":[""EPA NPL""]}"
superfund_MID980791461,"AVENUE ""E"" GROUND WATER CONTAMINATION",superfund,44.750719,-85.577500,MI,EPA NPL,"{""external_id"":""MID980791461"",""npl_status"":""Deleted NPL"",""saa"":false,""sources"":[""EPA NPL""]}"
superfund_MID005107222,BENDIX CORP./ALLIED AUTOMOTIVE,superfund,+42.049450,-86.511950,MI,EPA NPL,"{""external_id"":""MID005107222"",""npl_status"":""Final NPL"",""saa"":false,""sources"":[""EPA NPL""]}"
superfund_MID000605717,BERLIN & FARRO,superfund,+42.904000,-83.834800,MI,EPA NPL,"{""external_id"":""MID000605717"",""npl_status"":""Deleted NPL"",""saa"":false,""sources"":[""EPA NPL""]}"
superfund_MID006030373,"BOFORS NOBEL, INC.",superfund,43.209364,-86.117460,MI,EPA NPL,"{""external_id"":""MID006030373"",""npl_status"":""Final NPL"",""saa"":false,""sources"":[""EPA NPL""]}"
superfund_MID980410617,BURROWS SANITATION,superfund,+42.223300,-86.150200,MI,EPA NPL,"{""external_id"":""MID980410617"",""npl_status"":""Deleted NPL"",""saa"":false,""sources"":[""EPA NPL""]}"
superfund_MID062222997,BUTTERWORTH #2 LANDFILL,superfund,42.952219,-85.700281,MI,EPA NPL,"{""external_id"":""MID062222997"",""npl_status"":""Final NPL"",""saa"":false,""sources"":[""EPA NPL""]}"
superfund_MID980678627,"CANNELTON INDUSTRIES, INC.",superfund,46.488889,-84.393061,MI,EPA NPL,"{""external_id"":""MID980678627"",""npl_status"":""Final NPL"",""saa"":false,""sources"":[""EPA NPL""]}"
superfund_MID980274179,"CARTER INDUSTRIALS, INC.",superfund,42.345281,-83.091669,MI,EPA NPL,"{""external_id"":""MID980274179"",""npl_status"":""Deleted NPL"",""saa"":false,""sources"":[""EPA NPL""]}"
superfund_MID980794663,CEMETERY DUMP,superfund,42.725281,-83.610281,MI,EPA NPL,"{""external_id"":""MID980794663"",""npl_status"":""Deleted NPL"",""saa"":false,""sources"":[""EPA NPL""]}"
superfund_MID980794390,CHARLEVOIX MUNICIPAL WELL,superfund,45.317781,-85.266669,MI,EPA NPL,"{""external_id"":""MID980794390"",""npl_status"":""Deleted NPL"",""saa"":false,""sources"":[""EPA NPL""]}"
superfund_MID980477079,CHEM CENTRAL,superfund,+42.910000,-85.674161,MI,EPA NPL,"{""external_id"":""MID980477079"",""npl_status"":""Final NPL"",""saa"":false,""sources"":[""EPA NPL""]}"
superfund_MID980002273,CLARE WATER SUPPLY,superfund,+43.815000,-84.762500,MI,EPA NPL,"{""external_id"":""MID980002273"",""npl_status"":""Final NPL"",""saa"":false,""sources"":[""EPA NPL""]}"
superfund_MID980608970,CLIFF/DOW DUMP,superfund,46.574439,-87.420000,MI,EPA NPL,"{""external_id"":""MID980608970"",""npl_status"":""Deleted NPL"",""saa"":false,""sources"":[""EPA NPL""]}"
superfund_MIN000510362,DSC MCLOUTH STEEL GIBRALTAR PLANT,superfund,+42.103075,-83.200292,MI,EPA NPL,"{""external_id"":""MIN000510362"",""npl_status"":""Final NPL"",""saa"":false,""sources"":[""EPA NPL""]}"
superfund_MID980504716,DUELL & GARDNER LANDFILL,superfund,+43.319439,-86.208339,MI,EPA NPL,"{""external_id"":""MID980504716"",""npl_status"":""Deleted NPL"",""saa"":false,""sources"":[""EPA NPL""]}"
superfund_MID005068143,ELECTROVOICE,superfund,+41.820600,-86.354500,MI,EPA NPL,"{""external_id"":""MID005068143"",""npl_status"":""Final NPL"",""saa"":false,""sources"":[""EPA NPL""]}"
superfund_MID980609366,FOLKERTSMA REFUSE,superfund,43.001669,-85.703331,MI,EPA NPL,"{""external_id"":""MID980609366"",""npl_status"":""Deleted NPL"",""saa"":false,""sources"":[""EPA NPL""]}"
superfund_MID980410740,FOREST WASTE PRODUCTS,superfund,43.198331,-83.545831,MI,EPA NPL,"{""external_id"":""MID980410740"",""npl_status"":""Final NPL"",""saa"":false,""sources"":[""EPA NPL""]}"
superfund_MID980410823,G&H LANDFILL,superfund,42.664719,-83.077769,MI,EPA NPL,"{""external_id"":""MID980410823"",""npl_status"":""Final NPL"",""saa"":false,""sources"":[""EPA NPL""]}"
superfund_MID017418559,GRAND TRAVERSE OVERALL SUPPLY CO.,superfund,+44.794400,-85.638200,MI,EPA NPL,"{""external_id"":""MID017418559"",""npl_status"":""Final NPL"",""saa"":false,""sources"":[""EPA NPL""]}"
superfund_MID980506281,GRATIOT COUNTY LANDFILL,superfund,+43.395000,-84.595281,MI,EPA NPL,"{""external_id"":""MID980506281"",""npl_status"":""Final NPL"",""saa"":false,""sources"":[""EPA NPL""]}"
superfund_MI0001271535,H & K SALES,superfund,43.098611,-85.228333,MI,EPA NPL,"{""external_id"":""MI0001271535"",""npl_status"":""Deleted NPL"",""saa"":false,""sources"":[""EPA NPL""]}"
superfund_MID017075136,"H. BROWN CO., INC.",superfund,43.003331,-85.678339,MI,EPA NPL,"{""external_id"":""MID017075136"",""npl_status"":""Final NPL"",""saa"":false,""sources"":[""EPA NPL""]}"
superfund_MID980794408,HEDBLUM INDUSTRIES,superfund,+44.411300,-83.346900,MI,EPA NPL,"{""external_id"":""MID980794408"",""npl_status"":""Final NPL"",""saa"":false,""sources"":[""EPA NPL""]}"
superfund_MID005341714,HI-MILL MANUFACTURING CO.,superfund,42.649831,-83.593089,MI,EPA NPL,"{""external_id"":""MID005341714"",""npl_status"":""Final NPL"",""saa"":false,""sources"":[""EPA NPL""]}"
superfund_MID980794416,IONIA CITY LANDFILL,superfund,42.976669,-85.046111,MI,EPA NPL,"{""external_id"":""MID980794416"",""npl_status"":""Final NPL"",""saa"":false,""sources"":[""EPA NPL""]}"
superfund_MID980609440,J & L LANDFILL,superfund,+42.655600,-83.095900,MI,EPA NPL,"{""external_id"":""MID980609440"",""npl_status"":""Final NPL"",""saa"":false,""sources"":[""EPA NPL""]}"
superfund_MID980506463,K&L AVENUE LANDFILL,superfund,42.283331,-85.718889,MI,EPA NPL,"{""external_id"":""MID980506463"",""npl_status"":""Final NPL"",""saa"":false,""sources"":[""EPA NPL""]}"
superfund_MID000260281,KENTWOOD LANDFILL,superfund,+42.873800,-85.590600,MI,EPA NPL,"{""external_id"":""MID000260281"",""npl_status"":""Final NPL"",""saa"":false,""sources"":[""EPA NPL""]}"
superfund_MID043681840,KYSOR INDUSTRIAL CORP.,superfund,+44.256800,-85.422600,MI,EPA NPL,"{""external_id"":""MID043681840"",""npl_status"":""Final NPL"",""saa"":false,""sources"":[""EPA NPL""]}"
superfund_MID067340711,"LIQUID DISPOSAL, INC.",superfund,+42.654164,-83.073574,MI,EPA NPL,"{""external_id"":""MID067340711"",""npl_status"":""Final NPL"",""saa"":false,""sources"":[""EPA NPL""]}"
superfund_MID985574227,LOWER ECORSE CREEK DUMP,superfund,42.234166,-83.157777,MI,EPA NPL,"{""external_id"":""MID985574227"",""npl_status"":""Deleted NPL"",""saa"":false,""sources"":[""EPA NPL""]}"
superfund_MID980794465,MASON COUNTY LANDFILL,superfund,+43.918500,-86.429200,MI,EPA NPL,"{""external_id"":""MID980794465"",""npl_status"":""Deleted NPL"",""saa"":false,""sources"":[""EPA NPL""]}"
superfund_MID005339676,MCGRAW EDISON CORP.,superfund,42.252219,-84.733061,MI,EPA NPL,"{""external_id"":""MID005339676"",""npl_status"":""Final NPL"",""saa"":false,""sources"":[""EPA NPL""]}"
superfund_MID017422304,MCLOUTH STEEL CORP,superfund,+42.160597,-83.170906,MI,EPA NPL,"{""external_id"":""MID017422304"",""npl_status"":""Final NPL"",""saa"":false,""sources"":[""EPA NPL""]}"
superfund_MID980992952,METAL WORKING SHOP,superfund,+44.730000,-85.857500,MI,EPA NPL,"{""external_id"":""MID980992952"",""npl_status"":""Deleted NPL"",""saa"":false,""sources"":[""EPA NPL""]}"
superfund_MID980506562,METAMORA LANDFILL,superfund,+42.946950,-83.274439,MI,EPA NPL,"{""external_id"":""MID980506562"",""npl_status"":""Final NPL"",""saa"":false,""sources"":[""EPA NPL""]}"
superfund_MID000775957,MICHIGAN DISPOSAL SERVICE (CORK STREET LANDFILL),superfund,+42.254500,-85.543300,MI,EPA NPL,"{""external_id"":""MID000775957"",""npl_status"":""Final NPL"",""saa"":false,""sources"":[""EPA NPL""]}"
superfund_MIN000505842,MICHNER PLATING - MECHANIC STREET,superfund,+42.253511,-84.407010,MI,EPA NPL,"{""external_id"":""MIN000505842"",""npl_status"":""Final NPL"",""saa"":false,""sources"":[""EPA NPL""]}"
superfund_MID980702989,"MOTOR WHEEL, INC.",superfund,42.760831,-84.535000,MI,EPA NPL,"{""external_id"":""MID980702989"",""npl_status"":""Final NPL"",""saa"":false,""sources"":[""EPA NPL""]}"
superfund_MID072569510,MUSKEGON CHEMICAL CO.,superfund,+43.389100,-86.334000,MI,EPA NPL,"{""external_id"":""MID072569510"",""npl_status"":""Final NPL"",""saa"":false,""sources"":[""EPA NPL""]}"
superfund_MID005480900,NORTH BRONSON INDUSTRIAL AREA,superfund,41.880281,-85.193339,MI,EPA NPL,"{""external_id"":""MID005480900"",""npl_status"":""Final NPL"",""saa"":false,""sources"":[""EPA NPL""]}"
superfund_MID020883609,NORTHERNAIRE PLATING,superfund,+44.265000,-085.410000,MI,EPA NPL,"{""external_id"":""MID020883609"",""npl_status"":""Final NPL"",""saa"":false,""sources"":[""EPA NPL""]}"
superfund_MID084566900,NOVACO INDUSTRIES,superfund,+41.785600,-083.644300,MI,EPA NPL,"{""external_id"":""MID084566900"",""npl_status"":""Deleted NPL"",""saa"":false,""sources"":[""EPA NPL""]}"
superfund_MID990858003,"ORGANIC CHEMICALS, INC.",superfund,+42.917800,-085.747500,MI,EPA NPL,"{""external_id"":""MID990858003"",""npl_status"":""Final NPL"",""saa"":false,""sources"":[""EPA NPL""]}"
superfund_MID060174240,OTT/STORY/CORDOVA CHEMICAL CO.,superfund,43.303331,-86.256669,MI,EPA NPL,"{""external_id"":""MID060174240"",""npl_status"":""Final NPL"",""saa"":false,""sources"":[""EPA NPL""]}"
superfund_MID980476907,"PARSONS CHEMICAL WORKS, INC.",superfund,+42.754700,-084.767700,MI,EPA NPL,"{""external_id"":""MID980476907"",""npl_status"":""Final NPL"",""saa"":false,""sources"":[""EPA NPL""]}"
superfund_MID006031348,PEERLESS PLATING CO.,superfund,+43.205600,-086.223700,MI,EPA NPL,"{""external_id"":""MID006031348"",""npl_status"":""Final NPL"",""saa"":false,""sources"":[""EPA NPL""]}"
superfund_MID006013049,PMC GROUNDWATER,superfund,+45.376000,-84.964000,MI,EPA NPL,"{""external_id"":""MID006013049"",""npl_status"":""Final NPL"",""saa"":false,""sources"":[""EPA NPL""]}"
superfund_MID095402210,RASMUSSEN'S DUMP,superfund,+42.454400,-083.769300,MI,EPA NPL,"{""external_id"":""MID095402210"",""npl_status"":""Final NPL"",""saa"":false,""sources"":[""EPA NPL""]}"
superfund_MID006028062,ROCKWELL INTERNATIONAL CORP. (ALLEGAN PLANT),superfund,42.536669,-085.850000,MI,EPA NPL,"{""external_id"":""MID006028062"",""npl_status"":""Final NPL"",""saa"":false,""sources"":[""EPA NPL""]}"
superfund_MID980499842,ROSE TOWNSHIP DUMP,superfund,42.720831,-83.631939,MI,EPA NPL,"{""external_id"":""MID980499842"",""npl_status"":""Final NPL"",""saa"":false,""sources"":[""EPA NPL""]}"
superfund_MID005340088,"ROTO-FINISH CO., INC.",superfund,+42.230629,-85.633714,MI,EPA NPL,"{""external_id"":""MID005340088"",""npl_status"":""Final NPL"",""saa"":false,""sources"":[""EPA NPL""]}"
superfund_MID980794473,SHIAWASSEE RIVER,superfund,42.622781,-83.963611,MI,EPA NPL,"{""external_id"":""MID980794473"",""npl_status"":""Final NPL"",""saa"":false,""sources"":[""EPA NPL""]}"
superfund_MID069826170,SOUTH MACOMB DISPOSAL AUTHORITY (LANDFILLS #9 AND #9A),superfund,42.682081,-82.907389,MI,EPA NPL,"{""external_id"":""MID069826170"",""npl_status"":""Final NPL"",""saa"":false,""sources"":[""EPA NPL""]}"
superfund_MID980608780,SOUTHWEST OTTAWA COUNTY LANDFILL,superfund,42.820419,-86.185219,MI,EPA NPL,"{""external_id"":""MID980608780"",""npl_status"":""Final NPL"",""saa"":false,""sources"":[""EPA NPL""]}"
superfund_MID000268136,SPARTA LANDFILL,superfund,+43.152500,-085.681950,MI,EPA NPL,"{""external_id"":""MID000268136"",""npl_status"":""Final NPL"",""saa"":false,""sources"":[""EPA NPL""]}"
superfund_MID079300125,SPARTAN CHEMICAL CO.,superfund,42.915831,-85.727781,MI,EPA NPL,"{""external_id"":""MID079300125"",""npl_status"":""Final NPL"",""saa"":false,""sources"":[""EPA NPL""]}"
superfund_MID980794481,SPIEGELBERG LANDFILL,superfund,42.454169,-83.772219,MI,EPA NPL,"{""external_id"":""MID980794481"",""npl_status"":""Deleted NPL"",""saa"":false,""sources"":[""EPA NPL""]}"
superfund_MID980499966,SPRINGFIELD TOWNSHIP DUMP,superfund,+42.704400,-083.541900,MI,EPA NPL,"{""external_id"":""MID980499966"",""npl_status"":""Final NPL"",""saa"":false,""sources"":[""EPA NPL""]}"
superfund_MID980703011,STURGIS MUNICIPAL WELLS,superfund,+41.804668,-85.413907,MI,EPA NPL,"{""external_id"":""MID980703011"",""npl_status"":""Final NPL"",""saa"":false,""sources"":[""EPA NPL""]}"
superfund_MID980794655,TAR LAKE,superfund,+44.886600,-085.073000,MI,EPA NPL,"{""external_id"":""MID980794655"",""npl_status"":""Final NPL"",""saa"":false,""sources"":[""EPA NPL""]}"
superfund_MIN000510063,TEN-MILE DRAIN,superfund,42.486944,-82.899167,MI,EPA NPL,"{""external_id"":""MIN000510063"",""npl_status"":""Final NPL"",""saa"":false,""sources"":[""EPA NPL""]}"
superfund_MID044567162,"THERMO-CHEM, INC.",superfund,43.210831,-86.136669,MI,EPA NPL,"{""external_id"":""MID044567162"",""npl_status"":""Final NPL"",""saa"":false,""sources"":[""EPA NPL""]}"
superfund_MID980901946,TORCH LAKE,superfund,47.169719,-88.397781,MI,EPA NPL,"{""external_id"":""MID980901946"",""npl_status"":""Final NPL"",""saa"":false,""sources"":[""EPA NPL""]}"
superfund_MID980794556,U.S. AVIEX,superfund,+41.830900,-086.196800,MI,EPA NPL,"{""external_id"":""MID980794556"",""npl_status"":""Final NPL"",""saa"":false,""sources"":[""EPA NPL""]}"
superfund_MIN000510389,VELSICOL BURN PIT,superfund,+43.415545,-84.623263,MI,EPA NPL,"{""external_id"":""MIN000510389"",""npl_status"":""Final NPL"",""saa"":false,""sources"":[""EPA NPL""]}"
superfund_MID000722439,VELSICOL CHEMICAL CORP. (MICHIGAN),superfund,43.410561,-84.618611,MI,EPA NPL,"{""external_id"":""MID000722439"",""npl_status"":""Final NPL"",""saa"":false,""sources"":[""EPA NPL""]}"
superfund_MID980793806,VERONA WELL FIELD,superfund,42.341669,-85.143331,MI,EPA NPL,"{""external_id"":""MID980793806"",""npl_status"":""Final NPL"",""saa"":false,""sources"":[""EPA NPL""]}"
superfund_MID980701247,WASH KING LAUNDRY,superfund,+43.853200,-085.853000,MI,EPA NPL,"{""external_id"":""MID980701247"",""npl_status"":""Final NPL"",""saa"":false,""sources"":[""EPA NPL""]}"
superfund_MID060179587,WASTE MANAGEMENT OF MICHIGAN (HOLLAND LAGOONS),superfund,42.824219,-86.189389,MI,EPA NPL,"{""external_id"":""MID060179587"",""npl_status"":""Deleted NPL"",""saa"":false,""sources"":[""EPA NPL""]}"
superfund_MID980701254,WHITEHALL MUNICIPAL WELLS,superfund,43.412219,-86.328889,MI,EPA NPL,"{""external_id"":""MID980701254"",""npl_status"":""Deleted NPL"",""saa"":false,""sources"":[""EPA NPL""]}"
superfund_MI5570024278,WURTSMITH AIR FORCE BASE,superfund,+44.450000,-83.366666,MI,EPA NPL,"{""external_id"":""MI5570024278"",""npl_status"":""Proposed NPL"",""saa"":false,""sources"":[""EPA NPL""]}"
superfund_MND980898068,AGATE LAKE SCRAPYARD,superfund,46.453561,-94.375831,MN,EPA NPL,"{""external_id"":""MND980898068"",""npl_status"":""Deleted NPL"",""saa"":false,""sources"":[""EPA NPL""]}"
superfund_MND980823975,ARROWHEAD REFINERY CO.,superfund,+46.837700,-92.239800,MN,EPA NPL,"{""external_id"":""MND980823975"",""npl_status"":""Deleted NPL"",""saa"":false,""sources"":[""EPA NPL""]}"
superfund_MND982425209,BAYTOWN TOWNSHIP GROUND WATER PLUME,superfund,+45.000000,-92.833333,MN,EPA NPL,"{""external_id"":""MND982425209"",""npl_status"":""Final NPL"",""saa"":false,""sources"":[""EPA NPL""]}"
superfund_MND053417515,"BOISE CASCADE/ONAN CORP./MEDTRONICS, INC.",superfund,45.095831,-93.233331,MN,EPA NPL,"{""external_id"":""MND053417515"",""npl_status"":""Deleted NPL"",""saa"":false,""sources"":[""EPA NPL""]}"
superfund_MND000686196,BURLINGTON NORTHERN (BRAINERD/BAXTER PLANT),superfund,+46.353200,-94.228200,MN,EPA NPL,"{""external_id"":""MND000686196"",""npl_status"":""Final NPL"",""saa"":false,""sources"":[""EPA NPL""]}"
superfund_MND981191570,DAKHUE SANITARY LANDFILL,superfund,+44.571800,-92.927700,MN,EPA NPL,"{""external_id"":""MND981191570"",""npl_status"":""Deleted NPL"",""saa"":false,""sources"":[""EPA NPL""]}"
superfund_MND981088180,EAST BETHEL DEMOLITION LANDFILL,superfund,+45.365300,-93.224600,MN,EPA NPL,"{""external_id"":""MND981088180"",""npl_status"":""Deleted NPL"",""saa"":false,""sources"":[""EPA NPL""]}"
superfund_MND006481543,FMC CORP. (FRIDLEY PLANT),superfund,+45.056500,-93.276200,MN,EPA NPL,"{""external_id"":""MND006481543"",""npl_status"":""Final NPL"",""saa"":false,""sources"":[""EPA NPL""]}"
superfund_MND985701309,FRIDLEY COMMONS PARK WELL FIELD,superfund,+45.080556,-93.255556,MN,EPA NPL,"{""external_id"":""MND985701309"",""npl_status"":""Deleted NPL"",""saa"":false,""sources"":[""EPA NPL""]}"
superfund_MND051441731,GENERAL MILLS/HENKEL CORP.,superfund,+44.990000,-93.222781,MN,EPA NPL,"{""external_id"":""MND051441731"",""npl_status"":""Final NPL"",""saa"":false,""sources"":[""EPA NPL""]}"
superfund_MND044799856,JOSLYN MANUFACTURING & SUPPLY CO.,superfund,+45.045000,-93.333339,MN,EPA NPL,"{""external_id"":""MND044799856"",""npl_status"":""Final NPL"",""saa"":false,""sources"":[""EPA NPL""]}"
superfund_MND000686071,KOCH REFINING CO./N-REN CORP.,superfund,+44.768400,-93.040600,MN,EPA NPL,"{""external_id"":""MND000686071"",""npl_status"":""Deleted NPL"",""saa"":false,""sources"":[""EPA NPL""]}"
superfund_MND000819359,KOPPERS COKE,superfund,44.972219,-93.152781,MN,EPA NPL,"{""external_id"":""MND000819359"",""npl_status"":""Final NPL"",""saa"":false,""sources"":[""EPA NPL""]}"
superfund_MND980904049,KUMMER SANITARY LANDFILL,superfund,47.506531,-94.892719,MN,EPA NPL,"{""external_id"":""MND980904049"",""npl_status"":""Deleted NPL"",""saa"":false,""sources"":[""EPA NPL""]}"
superfund_MND059680165,KURT MANUFACTURING CO.,superfund,45.064411,-93.268361,MN,EPA NPL,"{""external_id"":""MND059680165"",""npl_status"":""Final NPL"",""saa"":false,""sources"":[""EPA NPL""]}"
superfund_MND981090483,LAGRAND SANITARY LANDFILL,superfund,+45.900000,-95.496669,MN,EPA NPL,"{""external_id"":""MND981090483"",""npl_status"":""Deleted NPL"",""saa"":false,""sources"":[""EPA NPL""]}"
superfund_MND980792469,LEHILLIER/MANKATO,superfund,44.153331,-94.038331,MN,EPA NPL,"{""external_id"":""MND980792469"",""npl_status"":""Final NPL"",""saa"":false,""sources"":[""EPA NPL""]}"
superfund_MND980904072,LONG PRAIRIE GROUND WATER CONTAMINATION,superfund,45.978531,-94.856639,MN,EPA NPL,"{""external_id"":""MND980904072"",""npl_status"":""Final NPL"",""saa"":false,""sources"":[""EPA NPL""]}"
superfund_MND006192694,MACGILLIS & GIBBS CO./BELL LUMBER & POLE CO.,superfund,+45.055000,-93.194731,MN,EPA NPL,"{""external_id"":""MND006192694"",""npl_status"":""Final NPL"",""saa"":false,""sources"":[""EPA NPL""]}"
superfund_MND980792287,MORRIS ARSENIC DUMP,superfund,+45.606600,-95.884500,MN,EPA NPL,"{""external_id"":""MND980792287"",""npl_status"":""Deleted NPL"",""saa"":false,""sources"":[""EPA NPL""]}"
superfund_MN3170022914,NAVAL INDUSTRIAL RESERVE ORDNANCE PLANT,superfund,+45.058831,-93.273669,MN,EPA NPL,"{""external_id"":""MN3170022914"",""npl_status"":""Final NPL"",""saa"":false,""sources"":[""EPA NPL""]}"
superfund_MN7213820908,NEW BRIGHTON/ARDEN HILLS/TCAAP (USARMY),superfund,+45.079169,-93.197500,MN,EPA NPL,"{""external_id"":""MN7213820908"",""npl_status"":""Final NPL"",""saa"":false,""sources"":[""EPA NPL""]}"
superfund_MND097891634,NL INDUSTRIES/TARACORP/GOLDEN AUTO,superfund,44.936111,-93.363611,MN,EPA NPL,"{""external_id"":""MND097891634"",""npl_status"":""Deleted NPL"",""saa"":false,""sources"":[""EPA NPL""]}"
superfund_MND006154017,NUTTING TRUCK & CASTER CO.,superfund,+44.289169,-93.286389,MN,EPA NPL,"{""external_id"":""MND006154017"",""npl_status"":""Deleted NPL"",""saa"":false,""sources"":[""EPA NPL""]}"
superfund_MND980904056,OAK GROVE SANITARY LANDFILL,superfund,+45.317000,-093.331700,MN,EPA NPL,"{""external_id"":""MND980904056"",""npl_status"":""Deleted NPL"",""saa"":false,""sources"":[""EPA NPL""]}"
superfund_MND980609515,OAKDALE DUMP,superfund,+45.000000,-92.966669,MN,EPA NPL,"{""external_id"":""MND980609515"",""npl_status"":""Final NPL"",""saa"":false,""sources"":[""EPA NPL""]}"
superfund_MND980609572,PERHAM ARSENIC SITE,superfund,46.587781,-95.571661,MN,EPA NPL,"{""external_id"":""MND980609572"",""npl_status"":""Final NPL"",""saa"":false,""sources"":[""EPA NPL""]}"
superfund_MND000245795,PINE BEND SANITARY LANDFILL,superfund,44.784719,-093.050550,MN,EPA NPL,"{""external_id"":""MND000245795"",""npl_status"":""Deleted NPL"",""saa"":false,""sources"":[""EPA NPL""]}"
superfund_MND980609804,REILLY TAR & CHEMICAL CORP. (ST. LOUIS PARK PLANT),superfund,44.941669,-93.372219,MN,EPA NPL,"{""external_id"":""MND980609804"",""npl_status"":""Final NPL"",""saa"":false,""sources"":[""EPA NPL""]}"
superfund_MND980904064,RITARI POST & POLE,superfund,+46.660800,-095.029800,MN,EPA NPL,"{""external_id"":""MND980904064"",""npl_status"":""Final NPL"",""saa"":false,""sources"":[""EPA NPL""]}"
superfund_MND980609614,SOUTH ANDOVER SITE,superfund,+45.217900,-093.318000,MN,EPA NPL,"{""external_id"":""MND980609614"",""npl_status"":""Final NPL"",""saa"":false,""sources"":[""EPA NPL""]}"
superfund_MNN000509136,SOUTH MINNEAPOLIS RESIDENTIAL SOIL CONTAMINATION,superfund,+44.952800,-93.242700,MN,EPA NPL,"{""external_id"":""MNN000509136"",""npl_status"":""Final NPL"",""saa"":false,""sources"":[""EPA NPL""]}"
superfund_MND039045430,ST. LOUIS RIVER SITE,superfund,46.677781,-92.212219,MN,EPA NPL,"{""external_id"":""MND039045430"",""npl_status"":""Final NPL"",""saa"":false,""sources"":[""EPA NPL""]}"
superfund_MND057597940,ST. REGIS PAPER CO.,superfund,47.375561,-094.605550,MN,EPA NPL,"{""external_id"":""MND057597940"",""npl_status"":""Final NPL"",""saa"":false,""sources"":[""EPA NPL""]}"
superfund_MN8570024275,TWIN CITIES AIR FORCE RESERVE BASE (SMALL ARMS RANGE LANDFILL),superfund,44.863061,-93.204719,MN,EPA NPL,"{""external_id"":""MN8570024275"",""npl_status"":""Deleted NPL"",""saa"":false,""sources"":[""EPA NPL""]}"
superfund_MND022949192,UNION SCRAP IRON & METAL CO.,superfund,44.995561,-93.280561,MN,EPA NPL,"{""external_id"":""MND022949192"",""npl_status"":""Deleted NPL"",""saa"":false,""sources"":[""EPA NPL""]}"
superfund_MND980613780,UNIVERSITY OF MINNESOTA (ROSEMOUNT RESEARCH CENTER),superfund,44.719439,-93.072811,MN,EPA NPL,"{""external_id"":""MND980613780"",""npl_status"":""Deleted NPL"",""saa"":false,""sources"":[""EPA NPL""]}"
superfund_MND981002249,WAITE PARK WELLS,superfund,45.561669,-094.215000,MN,EPA NPL,"{""external_id"":""MND981002249"",""npl_status"":""Final NPL"",""saa"":false,""sources"":[""EPA NPL""]}"
superfund_MND980704738,WASHINGTON COUNTY LANDFILL,superfund,45.008639,-92.918139,MN,EPA NPL,"{""external_id"":""MND980704738"",""npl_status"":""Deleted NPL"",""saa"":false,""sources"":[""EPA NPL""]}"
superfund_MND980609119,WASTE DISPOSAL ENGINEERING,superfund,+45.228000,-093.312200,MN,EPA NPL,"{""external_id"":""MND980609119"",""npl_status"":""Deleted NPL"",""saa"":false,""sources"":[""EPA NPL""]}"
superfund_MND980034516,WINDOM DUMP,superfund,+43.868750,-95.100939,MN,EPA NPL,"{""external_id"":""MND980034516"",""npl_status"":""Deleted NPL"",""saa"":false,""sources"":[""EPA NPL""]}"
superfund_MO0000958611,ANNAPOLIS LEAD MINE,superfund,+37.355556,-90.675000,MO,EPA NPL,"{""external_id"":""MO0000958611"",""npl_status"":""Deleted NPL"",""saa"":false,""sources"":[""EPA NPL""]}"
superfund_MOD046750253,ARMOUR ROAD,superfund,+39.145000,-94.556111,MO,EPA NPL,"{""external_id"":""MOD046750253"",""npl_status"":""Final NPL"",""saa"":false,""sources"":[""EPA NPL""]}"
superfund_MOD980860522,BEE CEE MANUFACTURING CO.,superfund,+36.603292,-89.979050,MO,EPA NPL,"{""external_id"":""MOD980860522"",""npl_status"":""Final NPL"",""saa"":false,""sources"":[""EPA NPL""]}"
superfund_MOD981126899,BIG RIVER MINE TAILINGS/ST. JOE MINERALS CORP.,superfund,+37.878097,-90.539344,MO,EPA NPL,"{""external_id"":""MOD981126899"",""npl_status"":""Final NPL"",""saa"":false,""sources"":[""EPA NPL""]}"
superfund_MON000706143,COMPASS PLAZA WELL TCE,superfund,37.109009,-93.083168,MO,EPA NPL,"{""external_id"":""MON000706143"",""npl_status"":""Final NPL"",""saa"":false,""sources"":[""EPA NPL""]}"
superfund_MOD000829705,CONSERVATION CHEMICAL CO.,superfund,+39.127900,-94.472200,MO,EPA NPL,"{""external_id"":""MOD000829705"",""npl_status"":""Final NPL"",""saa"":false,""sources"":[""EPA NPL""]}"
superfund_MOD980633010,ELLISVILLE SITE,superfund,38.603331,-90.618331,MO,EPA NPL,"{""external_id"":""MOD980633010"",""npl_status"":""Final NPL"",""saa"":false,""sources"":[""EPA NPL""]}"
superfund_MOD980631139,FULBRIGHT LANDFILL,superfund,37.273056,-93.312500,MO,EPA NPL,"{""external_id"":""MOD980631139"",""npl_status"":""Final NPL"",""saa"":false,""sources"":[""EPA NPL""]}"
superfund_MOD980631113,KEM-PEST LABORATORIES,superfund,37.339611,-89.489444,MO,EPA NPL,"{""external_id"":""MOD980631113"",""npl_status"":""Deleted NPL"",""saa"":false,""sources"":[""EPA NPL""]}"
superfund_MO3213890012,LAKE CITY ARMY AMMUNITION PLANT (NORTHWEST LAGOON),superfund,+39.103000,-94.278300,MO,EPA NPL,"{""external_id"":""MO3213890012"",""npl_status"":""Final NPL"",""saa"":false,""sources"":[""EPA NPL""]}"
superfund_MOD980853519,LEE CHEMICAL,superfund,39.201111,-94.392500,MO,EPA NPL,"{""external_id"":""MOD980853519"",""npl_status"":""Final NPL"",""saa"":false,""sources"":[""EPA NPL""]}"
superfund_MOD098633415,MADISON COUNTY MINES,superfund,37.546111,-90.276111,MO,EPA NPL,"{""external_id"":""MOD098633415"",""npl_status"":""Final NPL"",""saa"":false,""sources"":[""EPA NPL""]}"
superfund_MOD980741912,MINKER/STOUT/ROMAINE CREEK,superfund,+38.440000,-90.480000,MO,EPA NPL,"{""external_id"":""MOD980741912"",""npl_status"":""Final NPL"",""saa"":false,""sources"":[""EPA NPL""]}"
superfund_MOD980965982,MISSOURI ELECTRIC WORKS,superfund,+37.286250,-89.555056,MO,EPA NPL,"{""external_id"":""MOD980965982"",""npl_status"":""Final NPL"",""saa"":false,""sources"":[""EPA NPL""]}"
superfund_MOD981507585,NEWTON COUNTY MINE TAILINGS,superfund,+36.992100,-94.384800,MO,EPA NPL,"{""external_id"":""MOD981507585"",""npl_status"":""Final NPL"",""saa"":false,""sources"":[""EPA NPL""]}"
superfund_MOD985798339,NEWTON COUNTY WELLS,superfund,37.044722,-94.473056,MO,EPA NPL,"{""external_id"":""MOD985798339"",""npl_status"":""Final NPL"",""saa"":false,""sources"":[""EPA NPL""]}"
superfund_MOD007163108,NORTH-U DRIVE WELL CONTAMINATION,superfund,37.271389,-93.317781,MO,EPA NPL,"{""external_id"":""MOD007163108"",""npl_status"":""Deleted NPL"",""saa"":false,""sources"":[""EPA NPL""]}"
superfund_MOD981717036,OAK GROVE VILLAGE WELL,superfund,38.220972,-91.149461,MO,EPA NPL,"{""external_id"":""MOD981717036"",""npl_status"":""Final NPL"",""saa"":false,""sources"":[""EPA NPL""]}"
superfund_MOD980686281,ORONOGO-DUENWEG MINING BELT,superfund,37.101111,-94.420561,MO,EPA NPL,"{""external_id"":""MOD980686281"",""npl_status"":""Final NPL"",""saa"":false,""sources"":[""EPA NPL""]}"
superfund_MO0000958835,POOLS PRAIRIE,superfund,36.803056,-94.390278,MO,EPA NPL,"{""external_id"":""MO0000958835"",""npl_status"":""Final NPL"",""saa"":false,""sources"":[""EPA NPL""]}"
superfund_MOD980860555,QUALITY PLATING,superfund,+36.963050,-89.557219,MO,EPA NPL,"{""external_id"":""MOD980860555"",""npl_status"":""Final NPL"",""saa"":false,""sources"":[""EPA NPL""]}"
superfund_MOD981720246,RIVERFRONT,superfund,+38.613889,-91.214722,MO,EPA NPL,"{""external_id"":""MOD981720246"",""npl_status"":""Final NPL"",""saa"":false,""sources"":[""EPA NPL""]}"
superfund_MOD980685838,SHENANDOAH STABLES,superfund,+38.924450,-90.926939,MO,EPA NPL,"{""external_id"":""MOD980685838"",""npl_status"":""Deleted NPL"",""saa"":false,""sources"":[""EPA NPL""]}"
superfund_MOD980854111,"SOLID STATE CIRCUITS, INC.",superfund,37.118061,-93.480281,MO,EPA NPL,"{""external_id"":""MOD980854111"",""npl_status"":""Final NPL"",""saa"":false,""sources"":[""EPA NPL""]}"
superfund_MON000705443,SOUTHWEST JEFFERSON COUNTY MINING,superfund,38.186794,-90.758975,MO,EPA NPL,"{""external_id"":""MON000705443"",""npl_status"":""Final NPL"",""saa"":false,""sources"":[""EPA NPL""]}"
superfund_MON000703541,SPORLAN VALVE PLANT #1,superfund,+38.551900,-91.006680,MO,EPA NPL,"{""external_id"":""MON000703541"",""npl_status"":""Final NPL"",""saa"":false,""sources"":[""EPA NPL""]}"
superfund_MOD980633176,ST. LOUIS AIRPORT/HAZELWOOD INTERIM STORAGE/FUTURA COATINGS CO.,superfund,38.759719,-90.360419,MO,EPA NPL,"{""external_id"":""MOD980633176"",""npl_status"":""Final NPL"",""saa"":false,""sources"":[""EPA NPL""]}"
superfund_MOD007452154,SYNTEX FACILITY,superfund,+36.965000,-93.798331,MO,EPA NPL,"{""external_id"":""MOD007452154"",""npl_status"":""Final NPL"",""saa"":false,""sources"":[""EPA NPL""]}"
superfund_MOD980685226,TIMES BEACH,superfund,38.508339,-90.601669,MO,EPA NPL,"{""external_id"":""MOD980685226"",""npl_status"":""Deleted NPL"",""saa"":false,""sources"":[""EPA NPL""]}"
superfund_MOD980968341,VALLEY PARK TCE,superfund,38.552781,-90.466669,MO,EPA NPL,"{""external_id"":""MOD980968341"",""npl_status"":""Final NPL"",""saa"":false,""sources"":[""EPA NPL""]}"
superfund_MON000705803,VIENNA WELLS,superfund,38.189597,-91.944158,MO,EPA NPL,"{""external_id"":""MON000705803"",""npl_status"":""Final NPL"",""saa"":false,""sources"":[""EPA NPL""]}"
superfund_MON000705842,WASHINGTON COUNTY LEAD DISTRICT - FURNACE CREEK,superfund,37.840531,-90.799556,MO,EPA NPL,"{""external_id"":""MON000705842"",""npl_status"":""Final NPL"",""saa"":false,""sources"":[""EPA NPL""]}"
superfund_MON000705027,WASHINGTON COUNTY LEAD DISTRICT - OLD MINES,superfund,+38.075278,-90.738333,MO,EPA NPL,"{""external_id"":""MON000705027"",""npl_status"":""Final NPL"",""saa"":false,""sources"":[""EPA NPL""]}"
superfund_MON000705023,WASHINGTON COUNTY LEAD DISTRICT - POTOSI,superfund,37.939900,-90.772400,MO,EPA NPL,"{""external_id"":""MON000705023"",""npl_status"":""Final NPL"",""saa"":false,""sources"":[""EPA NPL""]}"
superfund_MON000705032,WASHINGTON COUNTY LEAD DISTRICT - RICHWOODS,superfund,+38.166150,-90.814264,MO,EPA NPL,"{""external_id"":""MON000705032"",""npl_status"":""Final NPL"",""saa"":false,""sources"":[""EPA NPL""]}"
superfund_MO5210021288,WELDON SPRING FORMER ARMY ORDNANCE WORKS,superfund,38.696389,-90.729161,MO,EPA NPL,"{""external_id"":""MO5210021288"",""npl_status"":""Final NPL"",""saa"":false,""sources"":[""EPA NPL""]}"
superfund_MO3210090004,WELDON SPRING QUARRY/PLANT/PITS (USDOE/ARMY),superfund,38.696944,-90.724999,MO,EPA NPL,"{""external_id"":""MO3210090004"",""npl_status"":""Final NPL"",""saa"":false,""sources"":[""EPA NPL""]}"
superfund_MOD079900932,WESTLAKE LANDFILL,superfund,+38.770000,-90.445269,MO,EPA NPL,"{""external_id"":""MOD079900932"",""npl_status"":""Final NPL"",""saa"":false,""sources"":[""EPA NPL""]}"
superfund_MOD000830554,"WHEELING DISPOSAL SERVICE CO., INC., LANDFILL",superfund,+39.875000,-94.870000,MO,EPA NPL,"{""external_id"":""MOD000830554"",""npl_status"":""Deleted NPL"",""saa"":false,""sources"":[""EPA NPL""]}"
superfund_MPD980798318,PCB WAREHOUSE,superfund,15.200000,145.750000,MP,EPA NPL,"{""external_id"":""MPD980798318"",""npl_status"":""Deleted NPL"",""saa"":false,""sources"":[""EPA NPL""]}"
superfund_MSD004006995,AMERICAN CREOSOTE WORKS INC (LOUISVILLE),superfund,33.111111,-89.058333,MS,EPA NPL,"{""external_id"":""MSD004006995"",""npl_status"":""Final NPL"",""saa"":false,""sources"":[""EPA NPL""]}"
superfund_MSD008154486,"CHEMFAX, INC.",superfund,+30.428888,-89.089166,MS,EPA NPL,"{""external_id"":""MSD008154486"",""npl_status"":""Final NPL"",""saa"":false,""sources"":[""EPA NPL""]}"
superfund_MSD046497012,DAVIS TIMBER COMPANY,superfund,+31.345192,-89.404461,MS,EPA NPL,"{""external_id"":""MSD046497012"",""npl_status"":""Deleted NPL"",""saa"":false,""sources"":[""EPA NPL""]}"
superfund_MSD980710941,FLOWOOD SITE,superfund,+32.300000,-90.145839,MS,EPA NPL,"{""external_id"":""MSD980710941"",""npl_status"":""Deleted NPL"",""saa"":false,""sources"":[""EPA NPL""]}"
superfund_MSD990866329,KERR-MCGEE CHEMICAL CORP - COLUMBUS,superfund,33.509767,-88.409686,MS,EPA NPL,"{""external_id"":""MSD990866329"",""npl_status"":""Final NPL"",""saa"":false,""sources"":[""EPA NPL""]}"
superfund_MSN000403508,MISSISSIPPI PHOSPHATES CORPORATION,superfund,+30.372103,-88.491006,MS,EPA NPL,"{""external_id"":""MSN000403508"",""npl_status"":""Final NPL"",""saa"":false,""sources"":[""EPA NPL""]}"
superfund_MSD980840045,"NEWSOM BROTHERS/OLD REICHHOLD CHEMICALS, INC.",superfund,31.244719,-89.826939,MS,EPA NPL,"{""external_id"":""MSD980840045"",""npl_status"":""Deleted NPL"",""saa"":false,""sources"":[""EPA NPL""]}"
superfund_MSD065490930,PICAYUNE WOOD TREATING SITE,superfund,30.524444,-89.689722,MS,EPA NPL,"{""external_id"":""MSD065490930"",""npl_status"":""Final NPL"",""saa"":false,""sources"":[""EPA NPL""]}"
superfund_MSD007037278,ROCKWELL INTERNATIONAL WHEEL & TRIM,superfund,+33.803244,-89.801661,MS,EPA NPL,"{""external_id"":""MSD007037278"",""npl_status"":""Final NPL"",""saa"":false,""sources"":[""EPA NPL""]}"
superfund_MSD086556388,SONFORD PRODUCTS,superfund,32.292510,-90.142220,MS,EPA NPL,"{""external_id"":""MSD086556388"",""npl_status"":""Final NPL"",""saa"":false,""sources"":[""EPA NPL""]}"
superfund_MSD000828558,SOUTHEASTERN WOOD PRESERVING,superfund,32.618061,-90.018189,MS,EPA NPL,"{""external_id"":""MSD000828558"",""npl_status"":""Final NPL"",""saa"":false,""sources"":[""EPA NPL""]}"
superfund_MTD093291599,ACM SMELTER AND REFINERY,superfund,+47.528610,-111.246480,MT,EPA NPL,"{""external_id"":""MTD093291599"",""npl_status"":""Final NPL"",""saa"":false,""sources"":[""EPA NPL""]}"
superfund_MTD057561763,ANACONDA ALUMINUM CO COLUMBIA FALLS REDUCTION PLANT,superfund,+48.391660,-114.136514,MT,EPA NPL,"{""external_id"":""MTD057561763"",""npl_status"":""Final NPL"",""saa"":false,""sources"":[""EPA NPL""]}"
superfund_MTD093291656,ANACONDA CO. SMELTER,superfund,+46.116661,-112.915000,MT,EPA NPL,"{""external_id"":""MTD093291656"",""npl_status"":""Final NPL"",""saa"":false,""sources"":[""EPA NPL""]}"
superfund_MT6122307485,BARKER HUGHESVILLE MINING DISTRICT,superfund,+47.071683,-110.643788,MT,EPA NPL,"{""external_id"":""MT6122307485"",""npl_status"":""Final NPL"",""saa"":false,""sources"":[""EPA NPL""]}"
superfund_MTD982572562,BASIN MINING AREA,superfund,+46.345479,-112.272079,MT,EPA NPL,"{""external_id"":""MTD982572562"",""npl_status"":""Final NPL"",""saa"":false,""sources"":[""EPA NPL""]}"
superfund_MTD986073252,BILLINGS PCE,superfund,+45.774118,-108.522926,MT,EPA NPL,"{""external_id"":""MTD986073252"",""npl_status"":""Final NPL"",""saa"":false,""sources"":[""EPA NPL""]}"
superfund_MT0001096353,CARPENTER SNOW CREEK MINING DISTRICT,superfund,+46.956312,-110.709797,MT,EPA NPL,"{""external_id"":""MT0001096353"",""npl_status"":""Final NPL"",""saa"":false,""sources"":[""EPA NPL""]}"
superfund_MTD006230346,EAST HELENA SITE,superfund,+46.583866,-111.920692,MT,EPA NPL,"{""external_id"":""MTD006230346"",""npl_status"":""Final NPL"",""saa"":false,""sources"":[""EPA NPL""]}"
superfund_MT0012694970,FLAT CREEK IMM,superfund,+47.226375,-114.871355,MT,EPA NPL,"{""external_id"":""MT0012694970"",""npl_status"":""Final NPL"",""saa"":false,""sources"":[""EPA NPL""]}"
superfund_MTD006232276,IDAHO POLE CO.,superfund,+45.688331,-111.021700,MT,EPA NPL,"{""external_id"":""MTD006232276"",""npl_status"":""Final NPL"",""saa"":false,""sources"":[""EPA NPL""]}"
superfund_MT0009083840,LIBBY ASBESTOS SITE,superfund,+48.391528,-115.551111,MT,EPA NPL,"{""external_id"":""MT0009083840"",""npl_status"":""Final NPL"",""saa"":false,""sources"":[""EPA NPL""]}"
superfund_MTD980502736,LIBBY GROUND WATER CONTAMINATION,superfund,+48.381158,-115.539627,MT,EPA NPL,"{""external_id"":""MTD980502736"",""npl_status"":""Final NPL"",""saa"":false,""sources"":[""EPA NPL""]}"
superfund_MT0007623052,LOCKWOOD SOLVENT GROUND WATER PLUME,superfund,+45.801471,-108.457075,MT,EPA NPL,"{""external_id"":""MT0007623052"",""npl_status"":""Final NPL"",""saa"":false,""sources"":[""EPA NPL""]}"
superfund_MTD980717565,MILLTOWN RESERVOIR SEDIMENTS,superfund,+46.864520,-113.883364,MT,EPA NPL,"{""external_id"":""MTD980717565"",""npl_status"":""Final NPL"",""saa"":false,""sources"":[""EPA NPL""]}"
superfund_MTD006230635,MONTANA POLE AND TREATING,superfund,+45.991340,-112.548242,MT,EPA NPL,"{""external_id"":""MTD006230635"",""npl_status"":""Final NPL"",""saa"":false,""sources"":[""EPA NPL""]}"
superfund_MTD021997689,MOUAT INDUSTRIES,superfund,+45.633612,-109.245678,MT,EPA NPL,"{""external_id"":""MTD021997689"",""npl_status"":""Final NPL"",""saa"":false,""sources"":[""EPA NPL""]}"
superfund_MTD980502777,SILVER BOW CREEK/BUTTE AREA,superfund,+46.002307,-112.616980,MT,EPA NPL,"{""external_id"":""MTD980502777"",""npl_status"":""Final NPL"",""saa"":false,""sources"":[""EPA NPL""]}"
superfund_MTN000802850,SMURFIT-STONE MILL FRENCHTOWN,superfund,+46.964883,-114.197828,MT,EPA NPL,"{""external_id"":""MTN000802850"",""npl_status"":""Proposed NPL"",""saa"":false,""sources"":[""EPA NPL""]}"
superfund_MTSFN7578012,UPPER TENMILE CREEK MINING AREA,superfund,+46.480910,-112.253990,MT,EPA NPL,"{""external_id"":""MTSFN7578012"",""npl_status"":""Final NPL"",""saa"":false,""sources"":[""EPA NPL""]}"
superfund_NCD024644494,ABC ONE HOUR CLEANERS,superfund,+34.741400,-77.366600,NC,EPA NPL,"{""external_id"":""NCD024644494"",""npl_status"":""Final NPL"",""saa"":false,""sources"":[""EPA NPL""]}"
superfund_NCN000407447,ABERDEEN CONTAMINATED GROUND WATER,superfund,+35.122400,-79.402500,NC,EPA NPL,"{""external_id"":""NCN000407447"",""npl_status"":""Final NPL"",""saa"":false,""sources"":[""EPA NPL""]}"
superfund_NCD980843346,ABERDEEN PESTICIDE DUMPS,superfund,+35.138400,-79.447200,NC,EPA NPL,"{""external_id"":""NCD980843346"",""npl_status"":""Final NPL"",""saa"":false,""sources"":[""EPA NPL""]}"
superfund_NCSFN0406989,BARBER ORCHARD,superfund,35.445833,-83.063889,NC,EPA NPL,"{""external_id"":""NCSFN0406989"",""npl_status"":""Final NPL"",""saa"":false,""sources"":[""EPA NPL""]}"
superfund_NCD981026479,"BENFIELD INDUSTRIES, INC.",superfund,35.477781,-83.004169,NC,EPA NPL,"{""external_id"":""NCD981026479"",""npl_status"":""Final NPL"",""saa"":false,""sources"":[""EPA NPL""]}"
superfund_NCD044447589,BLUE RIDGE PLATING COMPANY,superfund,35.462372,-82.528358,NC,EPA NPL,"{""external_id"":""NCD044447589"",""npl_status"":""Final NPL"",""saa"":false,""sources"":[""EPA NPL""]}"
superfund_NCD044440303,BYPASS 601 GROUND WATER CONTAMINATION,superfund,+35.409600,-80.609300,NC,EPA NPL,"{""external_id"":""NCD044440303"",""npl_status"":""Final NPL"",""saa"":false,""sources"":[""EPA NPL""]}"
superfund_NC6170022580,CAMP LEJEUNE MILITARY RES. (USNAVY),superfund,34.717781,-77.342919,NC,EPA NPL,"{""external_id"":""NC6170022580"",""npl_status"":""Final NPL"",""saa"":false,""sources"":[""EPA NPL""]}"
superfund_NCD003188828,CAPE FEAR WOOD PRESERVING,superfund,+35.049450,-79.020839,NC,EPA NPL,"{""external_id"":""NCD003188828"",""npl_status"":""Final NPL"",""saa"":false,""sources"":[""EPA NPL""]}"
superfund_NCD003188844,CAROLINA TRANSFORMER CO.,superfund,35.063331,-78.845000,NC,EPA NPL,"{""external_id"":""NCD003188844"",""npl_status"":""Final NPL"",""saa"":false,""sources"":[""EPA NPL""]}"
superfund_NCD003446721,CELANESE CORP. (SHELBY FIBER OPERATIONS),superfund,35.208889,-81.528339,NC,EPA NPL,"{""external_id"":""NCD003446721"",""npl_status"":""Final NPL"",""saa"":false,""sources"":[""EPA NPL""]}"
superfund_NCD980840409,CHARLES MACON LAGOON AND DRUM STORAGE,superfund,+34.892500,-79.837500,NC,EPA NPL,"{""external_id"":""NCD980840409"",""npl_status"":""Final NPL"",""saa"":false,""sources"":[""EPA NPL""]}"
superfund_NCD095459392,"CHEMTRONICS, INC.",superfund,+35.625000,-82.434719,NC,EPA NPL,"{""external_id"":""NCD095459392"",""npl_status"":""Final NPL"",""saa"":false,""sources"":[""EPA NPL""]}"
superfund_NC1170027261,CHERRY POINT MARINE CORPS AIR STATION,superfund,+34.900000,-76.891700,NC,EPA NPL,"{""external_id"":""NC1170027261"",""npl_status"":""Final NPL"",""saa"":false,""sources"":[""EPA NPL""]}"
superfund_NC0001606250,CRISTEX DRUM,superfund,+36.2972,-78.606700,NC,EPA NPL,"{""external_id"":""NC0001606250"",""npl_status"":""Final NPL"",""saa"":false,""sources"":[""EPA NPL""]}"
superfund_NCD003149556,"CTS OF ASHEVILLE, INC.",superfund,35.493075,-82.505953,NC,EPA NPL,"{""external_id"":""NCD003149556"",""npl_status"":""Final NPL"",""saa"":false,""sources"":[""EPA NPL""]}"
superfund_NCD986175644,DAVIS PARK ROAD TCE,superfund,35.231667,-81.218889,NC,EPA NPL,"{""external_id"":""NCD986175644"",""npl_status"":""Final NPL"",""saa"":false,""sources"":[""EPA NPL""]}"
superfund_NCD095458527,"FCX, INC. (STATESVILLE PLANT)",superfund,+35.786500,-80.916300,NC,EPA NPL,"{""external_id"":""NCD095458527"",""npl_status"":""Final NPL"",""saa"":false,""sources"":[""EPA NPL""]}"
superfund_NCD981475932,"FCX, INC. (WASHINGTON PLANT)",superfund,35.559581,-77.074450,NC,EPA NPL,"{""external_id"":""NCD981475932"",""npl_status"":""Final NPL"",""saa"":false,""sources"":[""EPA NPL""]}"
superfund_NCD981927502,GEIGY CHEMICAL CORP. (ABERDEEN PLANT),superfund,35.126111,-79.406669,NC,EPA NPL,"{""external_id"":""NCD981927502"",""npl_status"":""Final NPL"",""saa"":false,""sources"":[""EPA NPL""]}"
superfund_NCD079044426,GENERAL ELECTRIC CO/SHEPHERD FARM,superfund,35.272222,-82.411111,NC,EPA NPL,"{""external_id"":""NCD079044426"",""npl_status"":""Final NPL"",""saa"":false,""sources"":[""EPA NPL""]}"
superfund_NCN000410161,GMH ELECTRONICS,superfund,36.416722,-78.941625,NC,EPA NPL,"{""external_id"":""NCN000410161"",""npl_status"":""Final NPL"",""saa"":false,""sources"":[""EPA NPL""]}"
superfund_NC0002374445,HEMPHILL ROAD TCE,superfund,35.197933,-81.189852,NC,EPA NPL,"{""external_id"":""NC0002374445"",""npl_status"":""Final NPL"",""saa"":false,""sources"":[""EPA NPL""]}"
superfund_NCD024900987,HOLCOMB CREOSOTE CO,superfund,36.157875,-80.675236,NC,EPA NPL,"{""external_id"":""NCD024900987"",""npl_status"":""Final NPL"",""saa"":false,""sources"":[""EPA NPL""]}"
superfund_NCN000407480,HORTON IRON AND METAL,superfund,34.266650,-77.954083,NC,EPA NPL,"{""external_id"":""NCN000407480"",""npl_status"":""Final NPL"",""saa"":false,""sources"":[""EPA NPL""]}"
superfund_NCD980729602,JADCO-HUGHES FACILITY,superfund,35.275831,-81.041111,NC,EPA NPL,"{""external_id"":""NCD980729602"",""npl_status"":""Final NPL"",""saa"":false,""sources"":[""EPA NPL""]}"
superfund_NCD122263825,JFD ELECTRONICS/CHANNEL MASTER,superfund,36.299719,-78.606389,NC,EPA NPL,"{""external_id"":""NCD122263825"",""npl_status"":""Final NPL"",""saa"":false,""sources"":[""EPA NPL""]}"
superfund_NCD980557805,KERR-MCGEE CHEMICAL CORP - NAVASSA,superfund,+34.247222,-77.999028,NC,EPA NPL,"{""external_id"":""NCD980557805"",""npl_status"":""Final NPL"",""saa"":false,""sources"":[""EPA NPL""]}"
superfund_NCD003200383,"KOPPERS CO., INC. (MORRISVILLE PLANT)",superfund,+35.846300,-78.840600,NC,EPA NPL,"{""external_id"":""NCD003200383"",""npl_status"":""Final NPL"",""saa"":false,""sources"":[""EPA NPL""]}"
superfund_NCD001810365,"MARTIN-MARIETTA, SODYECO, INC.",superfund,+35.294450,-81.000000,NC,EPA NPL,"{""external_id"":""NCD001810365"",""npl_status"":""Deleted NPL"",""saa"":false,""sources"":[""EPA NPL""]}"
superfund_NCD991278953,NATIONAL STARCH & CHEMICAL CORP.,superfund,+35.632200,-80.541200,NC,EPA NPL,"{""external_id"":""NCD991278953"",""npl_status"":""Final NPL"",""saa"":false,""sources"":[""EPA NPL""]}"
superfund_NCD981021157,NEW HANOVER CNTY AIRPORT BURN PIT,superfund,+34.275000,-77.915281,NC,EPA NPL,"{""external_id"":""NCD981021157"",""npl_status"":""Deleted NPL"",""saa"":false,""sources"":[""EPA NPL""]}"
superfund_NCD986187128,NORTH BELMONT PCE,superfund,35.273472,-81.051250,NC,EPA NPL,"{""external_id"":""NCD986187128"",""npl_status"":""Final NPL"",""saa"":false,""sources"":[""EPA NPL""]}"
superfund_NCD980557656,"NORTH CAROLINA STATE UNIVERSITY (LOT 86, FARM UNIT #1)",superfund,35.801816,-78.713588,NC,EPA NPL,"{""external_id"":""NCD980557656"",""npl_status"":""Final NPL"",""saa"":false,""sources"":[""EPA NPL""]}"
superfund_NCN000409895,ORE KNOB MINE,superfund,36.410011,-81.324606,NC,EPA NPL,"{""external_id"":""NCN000409895"",""npl_status"":""Final NPL"",""saa"":false,""sources"":[""EPA NPL""]}"
superfund_NCD981023260,POTTER'S SEPTIC TANK SERVICE PITS,superfund,+34.284600,-78.157800,NC,EPA NPL,"{""external_id"":""NCD981023260"",""npl_status"":""Final NPL"",""saa"":false,""sources"":[""EPA NPL""]}"
superfund_NCD982096653,RAM LEATHER CARE SITE,superfund,+35.231982,-80.602734,NC,EPA NPL,"{""external_id"":""NCD982096653"",""npl_status"":""Final NPL"",""saa"":false,""sources"":[""EPA NPL""]}"
superfund_NCD986187094,REASOR CHEMICAL COMPANY,superfund,+34.343472,-77.891944,NC,EPA NPL,"{""external_id"":""NCD986187094"",""npl_status"":""Deleted NPL"",""saa"":false,""sources"":[""EPA NPL""]}"
superfund_NCD980602163,ROADSIDE PCB SPILL,superfund,+36.338100,-78.166100,NC,EPA NPL,"{""external_id"":""NCD980602163"",""npl_status"":""Deleted NPL"",""saa"":false,""sources"":[""EPA NPL""]}"
superfund_NCD062555792,SIGMON'S SEPTIC TANK SERVICE,superfund,35.713611,-80.974583,NC,EPA NPL,"{""external_id"":""NCD062555792"",""npl_status"":""Final NPL"",""saa"":false,""sources"":[""EPA NPL""]}"
superfund_NCD003202603,WARD TRANSFORMER,superfund,35.901944,-78.773611,NC,EPA NPL,"{""external_id"":""NCD003202603"",""npl_status"":""Final NPL"",""saa"":false,""sources"":[""EPA NPL""]}"
superfund_NDD980716963,ARSENIC TRIOXIDE SITE,superfund,+46.125412,-97.250832,ND,EPA NPL,"{""external_id"":""NDD980716963"",""npl_status"":""Deleted NPL"",""saa"":false,""sources"":[""EPA NPL""]}"
superfund_NDD980959548,MINOT LANDFILL,superfund,+48.217637,-101.326255,ND,EPA NPL,"{""external_id"":""NDD980959548"",""npl_status"":""Deleted NPL"",""saa"":false,""sources"":[""EPA NPL""]}"
superfund_NED981713837,10TH STREET SITE,superfund,+41.427194,-97.359500,NE,EPA NPL,"{""external_id"":""NED981713837"",""npl_status"":""Final NPL"",""saa"":false,""sources"":[""EPA NPL""]}"
superfund_NED981713829,BRUNO CO-OP ASSOCIATION/ASSOCIATED PROPERTIES,superfund,+41.285486,-96.959531,NE,EPA NPL,"{""external_id"":""NED981713829"",""npl_status"":""Final NPL"",""saa"":false,""sources"":[""EPA NPL""]}"
superfund_NED981499312,CLEBURN STREET WELL,superfund,+40.925139,-98.347778,NE,EPA NPL,"{""external_id"":""NED981499312"",""npl_status"":""Final NPL"",""saa"":false,""sources"":[""EPA NPL""]}"
superfund_NE2213820234,CORNHUSKER ARMY AMMUNITION PLANT,superfund,40.923331,-98.492500,NE,EPA NPL,"{""external_id"":""NE2213820234"",""npl_status"":""Final NPL"",""saa"":false,""sources"":[""EPA NPL""]}"
superfund_NEN000704351,GARVEY ELEVATOR,superfund,40.563611,-98.415556,NE,EPA NPL,"{""external_id"":""NEN000704351"",""npl_status"":""Final NPL"",""saa"":false,""sources"":[""EPA NPL""]}"
superfund_NED980862668,HASTINGS GROUND WATER CONTAMINATION,superfund,40.583331,-98.383331,NE,EPA NPL,"{""external_id"":""NED980862668"",""npl_status"":""Final NPL"",""saa"":false,""sources"":[""EPA NPL""]}"
superfund_NED986373678,IOWA-NEBRASKA LIGHT & POWER CO,superfund,42.032300,-97.417028,NE,EPA NPL,"{""external_id"":""NED986373678"",""npl_status"":""Final NPL"",""saa"":false,""sources"":[""EPA NPL""]}"
superfund_NED068645696,LINDSAY MANUFACTURING CO.,superfund,41.701669,-97.690000,NE,EPA NPL,"{""external_id"":""NED068645696"",""npl_status"":""Final NPL"",""saa"":false,""sources"":[""EPA NPL""]}"
superfund_NE6211890011,NEBRASKA ORDNANCE PLANT (FORMER),superfund,41.176669,-96.453331,NE,EPA NPL,"{""external_id"":""NE6211890011"",""npl_status"":""Final NPL"",""saa"":false,""sources"":[""EPA NPL""]}"
superfund_NED986369247,OGALLALA GROUND WATER CONTAMINATION,superfund,41.123889,-101.736111,NE,EPA NPL,"{""external_id"":""NED986369247"",""npl_status"":""Final NPL"",""saa"":false,""sources"":[""EPA NPL""]}"
superfund_NESFN0703481,OMAHA LEAD,superfund,+41.267778,-95.929722,NE,EPA NPL,"{""external_id"":""NESFN0703481"",""npl_status"":""Final NPL"",""saa"":false,""sources"":[""EPA NPL""]}"
superfund_NEN000704456,PARKVIEW WELL,superfund,40.895833,-98.365000,NE,EPA NPL,"{""external_id"":""NEN000704456"",""npl_status"":""Final NPL"",""saa"":false,""sources"":[""EPA NPL""]}"
superfund_NEN000710226,PCE - CARRIAGE CLEANERS,superfund,+41.137721,-95.894082,NE,EPA NPL,"{""external_id"":""NEN000710226"",""npl_status"":""Final NPL"",""saa"":false,""sources"":[""EPA NPL""]}"
superfund_NEN000706200,PCE SOUTHEAST CONTAMINATION,superfund,40.859594,-97.580614,NE,EPA NPL,"{""external_id"":""NEN000706200"",""npl_status"":""Final NPL"",""saa"":false,""sources"":[""EPA NPL""]}"
superfund_NEN000706105,PCE/TCE NORTHEAST CONTAMINATION,superfund,40.888636,-97.600361,NE,EPA NPL,"{""external_id"":""NEN000706105"",""npl_status"":""Final NPL"",""saa"":false,""sources"":[""EPA NPL""]}"
superfund_NED084626100,SHERWOOD MEDICAL CO.,superfund,41.993611,-97.421389,NE,EPA NPL,"{""external_id"":""NED084626100"",""npl_status"":""Final NPL"",""saa"":false,""sources"":[""EPA NPL""]}"
superfund_NED980862718,WAVERLY GROUND WATER CONTAMINATION,superfund,40.917219,-96.529439,NE,EPA NPL,"{""external_id"":""NED980862718"",""npl_status"":""Deleted NPL"",""saa"":false,""sources"":[""EPA NPL""]}"
superfund_NEN000704738,WEST HIGHWAY 6 & HIGHWAY 281,superfund,40.571200,-98.409500,NE,EPA NPL,"{""external_id"":""NEN000704738"",""npl_status"":""Final NPL"",""saa"":false,""sources"":[""EPA NPL""]}"
superfund_NHD980524086,AUBURN ROAD LANDFILL,superfund,+42.930200,-071.352900,NH,EPA NPL,"{""external_id"":""NHD980524086"",""npl_status"":""Final NPL"",""saa"":false,""sources"":[""EPA NPL""]}"
superfund_NHD018958140,BEEDE WASTE OIL,superfund,42.855075,-71.105889,NH,EPA NPL,"{""external_id"":""NHD018958140"",""npl_status"":""Final NPL"",""saa"":false,""sources"":[""EPA NPL""]}"
superfund_NHN000103313,CHLOR-ALKALI FACILITY (FORMER),superfund,44.479194,-71.167194,NH,EPA NPL,"{""external_id"":""NHN000103313"",""npl_status"":""Final NPL"",""saa"":false,""sources"":[""EPA NPL""]}"
superfund_NHD064424153,COAKLEY LANDFILL,superfund,43.001111,-70.817219,NH,EPA NPL,"{""external_id"":""NHD064424153"",""npl_status"":""Final NPL"",""saa"":false,""sources"":[""EPA NPL""]}"
superfund_NHD980520191,DOVER MUNICIPAL LANDFILL,superfund,+43.212500,-070.953000,NH,EPA NPL,"{""external_id"":""NHD980520191"",""npl_status"":""Final NPL"",""saa"":false,""sources"":[""EPA NPL""]}"
superfund_NHD001079649,FLETCHER'S PAINT WORKS & STORAGE,superfund,+42.835800,-071.655400,NH,EPA NPL,"{""external_id"":""NHD001079649"",""npl_status"":""Final NPL"",""saa"":false,""sources"":[""EPA NPL""]}"
superfund_NHD062002001,KEARSARGE METALLURGICAL CORP.,superfund,+43.972100,-071.129300,NH,EPA NPL,"{""external_id"":""NHD062002001"",""npl_status"":""Final NPL"",""saa"":false,""sources"":[""EPA NPL""]}"
superfund_NHD092059112,KEEFE ENVIRONMENTAL SERVICES (KES),superfund,43.024169,-71.033331,NH,EPA NPL,"{""external_id"":""NHD092059112"",""npl_status"":""Final NPL"",""saa"":false,""sources"":[""EPA NPL""]}"
superfund_NHD980503361,MOTTOLO PIG FARM,superfund,42.989581,-71.173189,NH,EPA NPL,"{""external_id"":""NHD980503361"",""npl_status"":""Final NPL"",""saa"":false,""sources"":[""EPA NPL""]}"
superfund_NHD001091453,NEW HAMPSHIRE PLATING CO.,superfund,42.855833,-71.488888,NH,EPA NPL,"{""external_id"":""NHD001091453"",""npl_status"":""Final NPL"",""saa"":false,""sources"":[""EPA NPL""]}"
superfund_NHD990717647,OTTATI & GOSS/KINGSTON STEEL DRUM,superfund,42.897219,-71.080561,NH,EPA NPL,"{""external_id"":""NHD990717647"",""npl_status"":""Final NPL"",""saa"":false,""sources"":[""EPA NPL""]}"
superfund_NH7570024847,PEASE AIR FORCE BASE,superfund,43.080169,-070.821250,NH,EPA NPL,"{""external_id"":""NH7570024847"",""npl_status"":""Final NPL"",""saa"":false,""sources"":[""EPA NPL""]}"
superfund_NHD980671002,SAVAGE MUNICIPAL WATER SUPPLY,superfund,+42.841800,-071.688400,NH,EPA NPL,"{""external_id"":""NHD980671002"",""npl_status"":""Final NPL"",""saa"":false,""sources"":[""EPA NPL""]}"
superfund_NHD980520225,SOMERSWORTH SANITARY LANDFILL,superfund,+43.248900,-070.884500,NH,EPA NPL,"{""external_id"":""NHD980520225"",""npl_status"":""Final NPL"",""saa"":false,""sources"":[""EPA NPL""]}"
superfund_NHD980671069,SOUTH MUNICIPAL WATER SUPPLY WELL,superfund,42.848900,-71.946800,NH,EPA NPL,"{""external_id"":""NHD980671069"",""npl_status"":""Final NPL"",""saa"":false,""sources"":[""EPA NPL""]}"
superfund_NHD099363541,SYLVESTER,superfund,+42.719700,-71.523111,NH,EPA NPL,"{""external_id"":""NHD099363541"",""npl_status"":""Final NPL"",""saa"":false,""sources"":[""EPA NPL""]}"
superfund_NHD989090469,TIBBETTS ROAD,superfund,+43.180000,-071.034700,NH,EPA NPL,"{""external_id"":""NHD989090469"",""npl_status"":""Final NPL"",""saa"":false,""sources"":[""EPA NPL""]}"
superfund_NHD062004569,TINKHAM GARAGE,superfund,42.860831,-71.351111,NH,EPA NPL,"{""external_id"":""NHD062004569"",""npl_status"":""Final NPL"",""saa"":false,""sources"":[""EPA NPL""]}"
superfund_NHD981063860,TOWN GARAGE/RADIO BEACON,superfund,42.861669,-71.393611,NH,EPA NPL,"{""external_id"":""NHD981063860"",""npl_status"":""Deleted NPL"",""saa"":false,""sources"":[""EPA NPL""]}"
superfund_NHD980520217,TROY MILLS LANDFILL,superfund,42.802583,-72.186944,NH,EPA NPL,"{""external_id"":""NHD980520217"",""npl_status"":""Final NPL"",""saa"":false,""sources"":[""EPA NPL""]}"
superfund_NJD030253355,A. O. POLYMER,superfund,+41.048050,-074.630000,NJ,EPA NPL,"{""external_id"":""NJD030253355"",""npl_status"":""Final NPL"",""saa"":false,""sources"":[""EPA NPL""]}"
superfund_NJD002173276,AMERICAN CYANAMID CO,superfund,40.555561,-074.559450,NJ,EPA NPL,"{""external_id"":""NJD002173276"",""npl_status"":""Final NPL"",""saa"":false,""sources"":[""EPA NPL""]}"
superfund_NJD980654149,ASBESTOS DUMP,superfund,+40.672500,-74.525561,NJ,EPA NPL,"{""external_id"":""NJD980654149"",""npl_status"":""Deleted NPL"",""saa"":false,""sources"":[""EPA NPL""]}"
superfund_NJD981558430,ATLANTIC RESOURCES,superfund,40.486111,-74.319444,NJ,EPA NPL,"{""external_id"":""NJD981558430"",""npl_status"":""Final NPL"",""saa"":false,""sources"":[""EPA NPL""]}"
superfund_NJD980654123,BEACHWOOD/BERKELEY WELLS,superfund,39.924719,-74.196661,NJ,EPA NPL,"{""external_id"":""NJD980654123"",""npl_status"":""Deleted NPL"",""saa"":false,""sources"":[""EPA NPL""]}"
superfund_NJD063157150,BOG CREEK FARM,superfund,40.150831,-74.161111,NJ,EPA NPL,"{""external_id"":""NJD063157150"",""npl_status"":""Final NPL"",""saa"":false,""sources"":[""EPA NPL""]}"
superfund_NJD980505176,BRICK TOWNSHIP LANDFILL,superfund,+40.109800,-074.131100,NJ,EPA NPL,"{""external_id"":""NJD980505176"",""npl_status"":""Final NPL"",""saa"":false,""sources"":[""EPA NPL""]}"
superfund_NJD053292652,BRIDGEPORT RENTAL & OIL SERVICES,superfund,39.801669,-75.321661,NJ,EPA NPL,"{""external_id"":""NJD053292652"",""npl_status"":""Final NPL"",""saa"":false,""sources"":[""EPA NPL""]}"
superfund_NJD078251675,BROOK INDUSTRIAL PARK,superfund,40.560139,-74.536111,NJ,EPA NPL,"{""external_id"":""NJD078251675"",""npl_status"":""Final NPL"",""saa"":false,""sources"":[""EPA NPL""]}"
superfund_NJD980504997,BURNT FLY BOG,superfund,+40.375000,-74.279169,NJ,EPA NPL,"{""external_id"":""NJD980504997"",""npl_status"":""Final NPL"",""saa"":false,""sources"":[""EPA NPL""]}"
superfund_NJD048798953,CALDWELL TRUCKING CO.,superfund,40.876389,-74.271389,NJ,EPA NPL,"{""external_id"":""NJD048798953"",""npl_status"":""Final NPL"",""saa"":false,""sources"":[""EPA NPL""]}"
superfund_NJD000607481,CHEMICAL CONTROL,superfund,+40.643200,-074.193500,NJ,EPA NPL,"{""external_id"":""NJD000607481"",""npl_status"":""Final NPL"",""saa"":false,""sources"":[""EPA NPL""]}"
superfund_NJD980484653,CHEMICAL INSECTICIDE CORP.,superfund,+40.527400,-074.368000,NJ,EPA NPL,"{""external_id"":""NJD980484653"",""npl_status"":""Final NPL"",""saa"":false,""sources"":[""EPA NPL""]}"
superfund_NJD047321443,"CHEMICAL LEAMAN TANK LINES, INC.",superfund,39.798331,-75.332781,NJ,EPA NPL,"{""external_id"":""NJD047321443"",""npl_status"":""Final NPL"",""saa"":false,""sources"":[""EPA NPL""]}"
superfund_NJD980528889,"CHEMSOL, INC.",superfund,+40.562500,-74.443339,NJ,EPA NPL,"{""external_id"":""NJD980528889"",""npl_status"":""Final NPL"",""saa"":false,""sources"":[""EPA NPL""]}"
superfund_NJD001502517,CIBA-GEIGY CORP.,superfund,+39.986700,-074.236300,NJ,EPA NPL,"{""external_id"":""NJD001502517"",""npl_status"":""Final NPL"",""saa"":false,""sources"":[""EPA NPL""]}"
superfund_NJD980785638,CINNAMINSON TOWNSHIP (BLOCK 702) GROUND WATER CONTAMINATION,superfund,+40.017500,-074.986200,NJ,EPA NPL,"{""external_id"":""NJD980785638"",""npl_status"":""Final NPL"",""saa"":false,""sources"":[""EPA NPL""]}"
superfund_NJD980530596,COMBE FILL NORTH LANDFILL,superfund,40.881939,-74.713331,NJ,EPA NPL,"{""external_id"":""NJD980530596"",""npl_status"":""Deleted NPL"",""saa"":false,""sources"":[""EPA NPL""]}"
superfund_NJD094966611,COMBE FILL SOUTH LANDFILL,superfund,40.771669,-74.738331,NJ,EPA NPL,"{""external_id"":""NJD094966611"",""npl_status"":""Final NPL"",""saa"":false,""sources"":[""EPA NPL""]}"
superfund_NJD980761381,COOPER ROAD,superfund,+39.847800,-074.945500,NJ,EPA NPL,"{""external_id"":""NJD980761381"",""npl_status"":""Deleted NPL"",""saa"":false,""sources"":[""EPA NPL""]}"
superfund_NJD981557879,CORNELL DUBILIER ELECTRONICS INC.,superfund,40.576389,-74.414167,NJ,EPA NPL,"{""external_id"":""NJD981557879"",""npl_status"":""Final NPL"",""saa"":false,""sources"":[""EPA NPL""]}"
superfund_NJD000565531,COSDEN CHEMICAL COATINGS CORP.,superfund,40.058183,-74.925899,NJ,EPA NPL,"{""external_id"":""NJD000565531"",""npl_status"":""Final NPL"",""saa"":false,""sources"":[""EPA NPL""]}"
superfund_NJD002141190,CPS/MADISON INDUSTRIES,superfund,40.434439,-74.327769,NJ,EPA NPL,"{""external_id"":""NJD002141190"",""npl_status"":""Final NPL"",""saa"":false,""sources"":[""EPA NPL""]}"
superfund_NJN000204492,CROWN VANTAGE LANDFILL,superfund,40.552028,-75.078917,NJ,EPA NPL,"{""external_id"":""NJN000204492"",""npl_status"":""Deleted NPL"",""saa"":false,""sources"":[""EPA NPL""]}"
superfund_NJD011717584,"CURCIO SCRAP METAL, INC.",superfund,+40.890700,-074.103500,NJ,EPA NPL,"{""external_id"":""NJD011717584"",""npl_status"":""Final NPL"",""saa"":false,""sources"":[""EPA NPL""]}"
superfund_NJD057143984,"CURTIS SPECIALTY PAPERS, INC",superfund,40.561758,-75.089842,NJ,EPA NPL,"{""external_id"":""NJD057143984"",""npl_status"":""Final NPL"",""saa"":false,""sources"":[""EPA NPL""]}"
superfund_NJD980529416,D'IMPERIO PROPERTY,superfund,39.454439,-74.658889,NJ,EPA NPL,"{""external_id"":""NJD980529416"",""npl_status"":""Final NPL"",""saa"":false,""sources"":[""EPA NPL""]}"
superfund_NJD002168748,DAYCO CORP./L.E CARPENTER CO.,superfund,40.903331,-074.577500,NJ,EPA NPL,"{""external_id"":""NJD002168748"",""npl_status"":""Final NPL"",""saa"":false,""sources"":[""EPA NPL""]}"
superfund_NJD980761373,DE REWAL CHEMICAL CO.,superfund,+40.516200,-075.061400,NJ,EPA NPL,"{""external_id"":""NJD980761373"",""npl_status"":""Final NPL"",""saa"":false,""sources"":[""EPA NPL""]}"
superfund_NJD980529002,DELILAH ROAD,superfund,39.416669,-74.545831,NJ,EPA NPL,"{""external_id"":""NJD980529002"",""npl_status"":""Deleted NPL"",""saa"":false,""sources"":[""EPA NPL""]}"
superfund_NJD980528996,DIAMOND ALKALI CO.,superfund,40.739719,-74.136111,NJ,EPA NPL,"{""external_id"":""NJD980528996"",""npl_status"":""Final NPL"",""saa"":false,""sources"":[""EPA NPL""]}"
superfund_NJD092226000,DIAMOND HEAD OIL REFINERY DIV.,superfund,+40.749783,-74.133092,NJ,EPA NPL,"{""external_id"":""NJD092226000"",""npl_status"":""Final NPL"",""saa"":false,""sources"":[""EPA NPL""]}"
superfund_NJD980654131,DOVER MUNICIPAL WELL 4,superfund,+40.885800,-074.542300,NJ,EPA NPL,"{""external_id"":""NJD980654131"",""npl_status"":""Final NPL"",""saa"":false,""sources"":[""EPA NPL""]}"
superfund_NJD980529085,ELLIS PROPERTY,superfund,+39.905000,-74.864719,NJ,EPA NPL,"{""external_id"":""NJD980529085"",""npl_status"":""Final NPL"",""saa"":false,""sources"":[""EPA NPL""]}"
superfund_NJD980772727,EMMELL'S SEPTIC LANDFILL,superfund,39.500694,-74.543611,NJ,EPA NPL,"{""external_id"":""NJD980772727"",""npl_status"":""Final NPL"",""saa"":false,""sources"":[""EPA NPL""]}"
superfund_NJD980654222,EVOR PHILLIPS LEASING,superfund,+40.437500,-074.325000,NJ,EPA NPL,"{""external_id"":""NJD980654222"",""npl_status"":""Final NPL"",""saa"":false,""sources"":[""EPA NPL""]}"
superfund_NJD980761365,EWAN PROPERTY,superfund,39.802781,-74.719439,NJ,EPA NPL,"{""external_id"":""NJD980761365"",""npl_status"":""Final NPL"",""saa"":false,""sources"":[""EPA NPL""]}"
superfund_NJD980654107,FAIR LAWN WELL FIELD,superfund,+40.937500,-74.131939,NJ,EPA NPL,"{""external_id"":""NJD980654107"",""npl_status"":""Final NPL"",""saa"":false,""sources"":[""EPA NPL""]}"
superfund_NJ9690510020,FEDERAL AVIATION ADMINISTRATION TECHNICAL CENTER (USDOT),superfund,39.458331,-74.583339,NJ,EPA NPL,"{""external_id"":""NJ9690510020"",""npl_status"":""Final NPL"",""saa"":false,""sources"":[""EPA NPL""]}"
superfund_NJ0001900281,FEDERAL CREOSOTE,superfund,40.544444,-74.584167,NJ,EPA NPL,"{""external_id"":""NJ0001900281"",""npl_status"":""Deleted NPL"",""saa"":false,""sources"":[""EPA NPL""]}"
superfund_NJD980529143,"FLORENCE LAND RECONTOURING, INC., LANDFILL",superfund,40.069439,-74.773611,NJ,EPA NPL,"{""external_id"":""NJD980529143"",""npl_status"":""Deleted NPL"",""saa"":false,""sources"":[""EPA NPL""]}"
superfund_NJN000200874,FORMER KIL-TONE COMPANY,superfund,39.478410,-75.025489,NJ,EPA NPL,"{""external_id"":""NJN000200874"",""npl_status"":""Final NPL"",""saa"":false,""sources"":[""EPA NPL""]}"
superfund_NJ2210020275,FORT DIX (LANDFILL SITE),superfund,+39.980100,-074.624400,NJ,EPA NPL,"{""external_id"":""NJ2210020275"",""npl_status"":""Deleted NPL"",""saa"":false,""sources"":[""EPA NPL""]}"
superfund_NJD986570992,FRANKLIN BURN,superfund,39.594444,-075.025000,NJ,EPA NPL,"{""external_id"":""NJD986570992"",""npl_status"":""Final NPL"",""saa"":false,""sources"":[""EPA NPL""]}"
superfund_NJD041828906,FRIED INDUSTRIES,superfund,+40.442400,-074.441200,NJ,EPA NPL,"{""external_id"":""NJD041828906"",""npl_status"":""Final NPL"",""saa"":false,""sources"":[""EPA NPL""]}"
superfund_NJD980532832,FRIEDMAN PROPERTY,superfund,+40.104800,-074.507700,NJ,EPA NPL,"{""external_id"":""NJD980532832"",""npl_status"":""Deleted NPL"",""saa"":false,""sources"":[""EPA NPL""]}"
superfund_NJD053280160,GARDEN STATE CLEANERS CO.,superfund,39.519031,-074.949450,NJ,EPA NPL,"{""external_id"":""NJD053280160"",""npl_status"":""Final NPL"",""saa"":false,""sources"":[""EPA NPL""]}"
superfund_NJN000206317,GARFIELD GROUND WATER CONTAMINATION,superfund,40.871858,-074.106431,NJ,EPA NPL,"{""external_id"":""NJN000206317"",""npl_status"":""Final NPL"",""saa"":false,""sources"":[""EPA NPL""]}"
superfund_NJD980529192,GEMS LANDFILL,superfund,+39.779450,-75.018889,NJ,EPA NPL,"{""external_id"":""NJD980529192"",""npl_status"":""Final NPL"",""saa"":false,""sources"":[""EPA NPL""]}"
superfund_NJD980785646,GLEN RIDGE RADIUM SITE,superfund,40.788189,-074.212500,NJ,EPA NPL,"{""external_id"":""NJD980785646"",""npl_status"":""Deleted NPL"",""saa"":false,""sources"":[""EPA NPL""]}"
superfund_NJD063160667,GLOBAL SANITARY LANDFILL,superfund,40.446389,-74.286111,NJ,EPA NPL,"{""external_id"":""NJD063160667"",""npl_status"":""Final NPL"",""saa"":false,""sources"":[""EPA NPL""]}"
superfund_NJD980530109,GOOSE FARM,superfund,+40.095550,-074.497500,NJ,EPA NPL,"{""external_id"":""NJD980530109"",""npl_status"":""Final NPL"",""saa"":false,""sources"":[""EPA NPL""]}"
superfund_NJ0001327733,GRAND STREET MERCURY,superfund,40.746111,-74.034444,NJ,EPA NPL,"{""external_id"":""NJ0001327733"",""npl_status"":""Deleted NPL"",""saa"":false,""sources"":[""EPA NPL""]}"
superfund_NJD980505366,HELEN KRAMER LANDFILL,superfund,+39.780100,-075.200300,NJ,EPA NPL,"{""external_id"":""NJD980505366"",""npl_status"":""Final NPL"",""saa"":false,""sources"":[""EPA NPL""]}"
superfund_NJD002349058,"HERCULES, INC. (GIBBSTOWN PLANT)",superfund,39.838889,-75.277781,NJ,EPA NPL,"{""external_id"":""NJD002349058"",""npl_status"":""Final NPL"",""saa"":false,""sources"":[""EPA NPL""]}"
superfund_NJD053102232,HIGGINS DISPOSAL,superfund,+40.387500,-74.615281,NJ,EPA NPL,"{""external_id"":""NJD053102232"",""npl_status"":""Final NPL"",""saa"":false,""sources"":[""EPA NPL""]}"
superfund_NJD981490261,HIGGINS FARM,superfund,40.406389,-74.602781,NJ,EPA NPL,"{""external_id"":""NJD981490261"",""npl_status"":""Final NPL"",""saa"":false,""sources"":[""EPA NPL""]}"
superfund_NJN000203535,HISTORIC POTTERIES,superfund,+40.236541,-74.739361,NJ,EPA NPL,"{""external_id"":""NJN000203535"",""npl_status"":""Final NPL"",""saa"":false,""sources"":[""EPA NPL""]}"
superfund_NJD980532840,HOPKINS FARM,superfund,40.088889,-074.487500,NJ,EPA NPL,"{""external_id"":""NJD980532840"",""npl_status"":""Deleted NPL"",""saa"":false,""sources"":[""EPA NPL""]}"
superfund_NJD980663678,HORSESHOE ROAD,superfund,40.484722,-74.319444,NJ,EPA NPL,"{""external_id"":""NJD980663678"",""npl_status"":""Final NPL"",""saa"":false,""sources"":[""EPA NPL""]}"
superfund_NJ0001360882,ICELAND COIN LAUNDRY AREA GW PLUME,superfund,+39.457250,-075.047250,NJ,EPA NPL,"{""external_id"":""NJ0001360882"",""npl_status"":""Final NPL"",""saa"":false,""sources"":[""EPA NPL""]}"
superfund_NJD980654099,"IMPERIAL OIL CO., INC./CHAMPION CHEMICALS",superfund,40.383889,-74.245831,NJ,EPA NPL,"{""external_id"":""NJD980654099"",""npl_status"":""Final NPL"",""saa"":false,""sources"":[""EPA NPL""]}"
superfund_NJD981178411,INDUSTRIAL LATEX CORP.,superfund,+40.853600,-074.099100,NJ,EPA NPL,"{""external_id"":""NJD981178411"",""npl_status"":""Deleted NPL"",""saa"":false,""sources"":[""EPA NPL""]}"
superfund_NJD980505283,JACKSON TOWNSHIP LANDFILL,superfund,40.063331,-74.348611,NJ,EPA NPL,"{""external_id"":""NJD980505283"",""npl_status"":""Deleted NPL"",""saa"":false,""sources"":[""EPA NPL""]}"
superfund_NJD097400998,JIS LANDFILL,superfund,40.365831,-74.465281,NJ,EPA NPL,"{""external_id"":""NJD097400998"",""npl_status"":""Final NPL"",""saa"":false,""sources"":[""EPA NPL""]}"
superfund_NJD002493054,"KAUFFMAN & MINTEER, INC.",superfund,+40.036300,-074.694000,NJ,EPA NPL,"{""external_id"":""NJD002493054"",""npl_status"":""Final NPL"",""saa"":false,""sources"":[""EPA NPL""]}"
superfund_NJD049860836,KIN-BUC LANDFILL,superfund,+40.489100,-074.378500,NJ,EPA NPL,"{""external_id"":""NJD049860836"",""npl_status"":""Final NPL"",""saa"":false,""sources"":[""EPA NPL""]}"
superfund_NJD980505341,KING OF PRUSSIA,superfund,+39.626950,-74.889439,NJ,EPA NPL,"{""external_id"":""NJD980505341"",""npl_status"":""Final NPL"",""saa"":false,""sources"":[""EPA NPL""]}"
superfund_NJD980529838,KRYSOWATY FARM,superfund,40.500281,-074.780000,NJ,EPA NPL,"{""external_id"":""NJD980529838"",""npl_status"":""Deleted NPL"",""saa"":false,""sources"":[""EPA NPL""]}"
superfund_NJD048044325,LANDFILL & DEVELOPMENT CO.,superfund,39.980561,-74.770839,NJ,EPA NPL,"{""external_id"":""NJD048044325"",""npl_status"":""Final NPL"",""saa"":false,""sources"":[""EPA NPL""]}"
superfund_NJD980505382,LANG PROPERTY,superfund,39.929161,-074.494450,NJ,EPA NPL,"{""external_id"":""NJD980505382"",""npl_status"":""Final NPL"",""saa"":false,""sources"":[""EPA NPL""]}"
superfund_NJD079303020,LCP CHEMICALS INC.,superfund,+40.607500,-74.210278,NJ,EPA NPL,"{""external_id"":""NJD079303020"",""npl_status"":""Final NPL"",""saa"":false,""sources"":[""EPA NPL""]}"
superfund_NJD014743678,LIGHTMAN DRUM COMPANY,superfund,39.729722,-74.905917,NJ,EPA NPL,"{""external_id"":""NJD014743678"",""npl_status"":""Final NPL"",""saa"":false,""sources"":[""EPA NPL""]}"
superfund_NJD980505416,LIPARI LANDFILL,superfund,39.720281,-75.141939,NJ,EPA NPL,"{""external_id"":""NJD980505416"",""npl_status"":""Deleted NPL"",""saa"":false,""sources"":[""EPA NPL""]}"
superfund_NJD980505424,LONE PINE LANDFILL,superfund,40.202781,-74.333339,NJ,EPA NPL,"{""external_id"":""NJD980505424"",""npl_status"":""Final NPL"",""saa"":false,""sources"":[""EPA NPL""]}"
superfund_NJD085632164,M&T DELISA LANDFILL,superfund,40.229169,-74.045281,NJ,EPA NPL,"{""external_id"":""NJD085632164"",""npl_status"":""Deleted NPL"",""saa"":false,""sources"":[""EPA NPL""]}"
superfund_NJD980654180,MANNHEIM AVENUE DUMP,superfund,39.538889,-74.533331,NJ,EPA NPL,"{""external_id"":""NJD980654180"",""npl_status"":""Deleted NPL"",""saa"":false,""sources"":[""EPA NPL""]}"
superfund_NJN000206345,MANSFIELD TRAIL DUMP,superfund,40.928944,-74.699600,NJ,EPA NPL,"{""external_id"":""NJN000206345"",""npl_status"":""Final NPL"",""saa"":false,""sources"":[""EPA NPL""]}"
superfund_NJD014623854,"MARTIN AARON, INC.",superfund,39.926111,-75.119167,NJ,EPA NPL,"{""external_id"":""NJD014623854"",""npl_status"":""Final NPL"",""saa"":false,""sources"":[""EPA NPL""]}"
superfund_NJD043584101,"MATLACK, INC.",superfund,39.763106,-75.322169,NJ,EPA NPL,"{""external_id"":""NJD043584101"",""npl_status"":""Final NPL"",""saa"":false,""sources"":[""EPA NPL""]}"
superfund_NJD011770013,MATTEO & SONS INC.,superfund,+39.855590,-75.172700,NJ,EPA NPL,"{""external_id"":""NJD011770013"",""npl_status"":""Final NPL"",""saa"":false,""sources"":[""EPA NPL""]}"
superfund_NJD980529762,MAYWOOD CHEMICAL CO.,superfund,+40.896400,-074.069300,NJ,EPA NPL,"{""external_id"":""NJD980529762"",""npl_status"":""Final NPL"",""saa"":false,""sources"":[""EPA NPL""]}"
superfund_NJ0570024018,MCGUIRE AIR FORCE BASE #1,superfund,40.018056,-74.593611,NJ,EPA NPL,"{""external_id"":""NJ0570024018"",""npl_status"":""Final NPL"",""saa"":false,""sources"":[""EPA NPL""]}"
superfund_NJD002517472,METALTEC/AEROSYSTEMS,superfund,41.109719,-74.599719,NJ,EPA NPL,"{""external_id"":""NJD002517472"",""npl_status"":""Final NPL"",""saa"":false,""sources"":[""EPA NPL""]}"
superfund_NJ0890090012,MIDDLESEX SAMPLING PLANT (USDOE),superfund,40.569806,-74.493194,NJ,EPA NPL,"{""external_id"":""NJ0890090012"",""npl_status"":""Final NPL"",""saa"":false,""sources"":[""EPA NPL""]}"
superfund_NJD980529408,"MONITOR DEVICES, INC./INTERCIRCUITS, INC.",superfund,40.185281,-74.119719,NJ,EPA NPL,"{""external_id"":""NJD980529408"",""npl_status"":""Final NPL"",""saa"":false,""sources"":[""EPA NPL""]}"
superfund_NJD980505671,MONROE TOWNSHIP LANDFILL,superfund,40.361669,-74.401389,NJ,EPA NPL,"{""external_id"":""NJD980505671"",""npl_status"":""Deleted NPL"",""saa"":false,""sources"":[""EPA NPL""]}"
superfund_NJD980785653,MONTCLAIR/WEST ORANGE RADIUM SITE,superfund,+40.792900,-074.225700,NJ,EPA NPL,"{""external_id"":""NJD980785653"",""npl_status"":""Deleted NPL"",""saa"":false,""sources"":[""EPA NPL""]}"
superfund_NJD980654164,MONTGOMERY TOWNSHIP HOUSING DEVELOPMENT,superfund,40.408331,-74.644169,NJ,EPA NPL,"{""external_id"":""NJD980654164"",""npl_status"":""Final NPL"",""saa"":false,""sources"":[""EPA NPL""]}"
superfund_NJD980654198,MYERS PROPERTY,superfund,+40.595000,-074.940400,NJ,EPA NPL,"{""external_id"":""NJD980654198"",""npl_status"":""Final NPL"",""saa"":false,""sources"":[""EPA NPL""]}"
superfund_NJD002362705,NASCOLITE CORP.,superfund,39.422219,-75.032781,NJ,EPA NPL,"{""external_id"":""NJD002362705"",""npl_status"":""Final NPL"",""saa"":false,""sources"":[""EPA NPL""]}"
superfund_NJ7170023744,NAVAL AIR ENGINEERING CENTER,superfund,40.029719,-74.369161,NJ,EPA NPL,"{""external_id"":""NJ7170023744"",""npl_status"":""Final NPL"",""saa"":false,""sources"":[""EPA NPL""]}"
superfund_NJ0170022172,NAVAL WEAPONS STATION EARLE (SITE A),superfund,40.264581,-74.162919,NJ,EPA NPL,"{""external_id"":""NJ0170022172"",""npl_status"":""Final NPL"",""saa"":false,""sources"":[""EPA NPL""]}"
superfund_NJD061843249,NL INDUSTRIES,superfund,39.758061,-75.424719,NJ,EPA NPL,"{""external_id"":""NJD061843249"",""npl_status"":""Final NPL"",""saa"":false,""sources"":[""EPA NPL""]}"
superfund_NJD002148799,ORANGE VALLEY REGIONAL GROUND WATER CONTAMINATION,superfund,40.779936,-74.225267,NJ,EPA NPL,"{""external_id"":""NJD002148799"",""npl_status"":""Final NPL"",""saa"":false,""sources"":[""EPA NPL""]}"
superfund_NJD980529598,PEPE FIELD,superfund,40.912219,-74.411939,NJ,EPA NPL,"{""external_id"":""NJD980529598"",""npl_status"":""Deleted NPL"",""saa"":false,""sources"":[""EPA NPL""]}"
superfund_NJ3210020704,PICATINNY ARSENAL (USARMY),superfund,40.916669,-74.583339,NJ,EPA NPL,"{""external_id"":""NJ3210020704"",""npl_status"":""Final NPL"",""saa"":false,""sources"":[""EPA NPL""]}"
superfund_NJD002144517,PIERSON'S CREEK,superfund,+40.716300,-74.145200,NJ,EPA NPL,"{""external_id"":""NJD002144517"",""npl_status"":""Final NPL"",""saa"":false,""sources"":[""EPA NPL""]}"
superfund_NJD980532808,PIJAK FARM,superfund,+40.075550,-74.499439,NJ,EPA NPL,"{""external_id"":""NJD980532808"",""npl_status"":""Deleted NPL"",""saa"":false,""sources"":[""EPA NPL""]}"
superfund_NJD002360188,PIONEER METAL FINISHING INC,superfund,+39.616969,-75.061474,NJ,EPA NPL,"{""external_id"":""NJD002360188"",""npl_status"":""Final NPL"",""saa"":false,""sources"":[""EPA NPL""]}"
superfund_NJD980505648,PJP LANDFILL,superfund,40.734719,-74.085561,NJ,EPA NPL,"{""external_id"":""NJD980505648"",""npl_status"":""Final NPL"",""saa"":false,""sources"":[""EPA NPL""]}"
superfund_NJD981179047,POHATCONG VALLEY GROUND WATER CONTAMINATION,superfund,+40.750000,-075.000000,NJ,EPA NPL,"{""external_id"":""NJD981179047"",""npl_status"":""Final NPL"",""saa"":false,""sources"":[""EPA NPL""]}"
superfund_NJD980769350,POMONA OAKS RESIDENTIAL WELLS,superfund,39.477781,-74.569439,NJ,EPA NPL,"{""external_id"":""NJD980769350"",""npl_status"":""Deleted NPL"",""saa"":false,""sources"":[""EPA NPL""]}"
superfund_NJD070281175,PRICE LANDFILL,superfund,39.415281,-074.526950,NJ,EPA NPL,"{""external_id"":""NJD070281175"",""npl_status"":""Final NPL"",""saa"":false,""sources"":[""EPA NPL""]}"
superfund_NJD981084767,PUCHACK WELL FIELD,superfund,39.976667,-75.051944,NJ,EPA NPL,"{""external_id"":""NJD981084767"",""npl_status"":""Final NPL"",""saa"":false,""sources"":[""EPA NPL""]}"
superfund_NJD000606442,QUANTA RESOURCES,superfund,40.804306,-73.989167,NJ,EPA NPL,"{""external_id"":""NJD000606442"",""npl_status"":""Final NPL"",""saa"":false,""sources"":[""EPA NPL""]}"
superfund_NJD047684451,"RADIATION TECHNOLOGY, INC.",superfund,40.970831,-074.505550,NJ,EPA NPL,"{""external_id"":""NJD047684451"",""npl_status"":""Final NPL"",""saa"":false,""sources"":[""EPA NPL""]}"
superfund_NJN000206276,RARITAN BAY SLAG,superfund,+40.464589,-074.258017,NJ,EPA NPL,"{""external_id"":""NJN000206276"",""npl_status"":""Final NPL"",""saa"":false,""sources"":[""EPA NPL""]}"
superfund_NJD980529713,REICH FARMS,superfund,+40.010600,-74.214900,NJ,EPA NPL,"{""external_id"":""NJD980529713"",""npl_status"":""Deleted NPL"",""saa"":false,""sources"":[""EPA NPL""]}"
superfund_NJD070415005,"RENORA, INC.",superfund,40.519628,-74.358889,NJ,EPA NPL,"{""external_id"":""NJD070415005"",""npl_status"":""Deleted NPL"",""saa"":false,""sources"":[""EPA NPL""]}"
superfund_NJD980529739,RINGWOOD MINES/LANDFILL,superfund,41.136669,-074.272500,NJ,EPA NPL,"{""external_id"":""NJD980529739"",""npl_status"":""Final NPL"",""saa"":false,""sources"":[""EPA NPL""]}"
superfund_NJSFN0204232,RIVERSIDE INDUSTRIAL PARK,superfund,+40.765722,-74.159084,NJ,EPA NPL,"{""external_id"":""NJSFN0204232"",""npl_status"":""Final NPL"",""saa"":false,""sources"":[""EPA NPL""]}"
superfund_NJD980654115,ROCKAWAY BOROUGH WELL FIELD,superfund,40.905831,-74.515561,NJ,EPA NPL,"{""external_id"":""NJD980654115"",""npl_status"":""Final NPL"",""saa"":false,""sources"":[""EPA NPL""]}"
superfund_NJD980654214,ROCKAWAY TOWNSHIP WELLS,superfund,40.913331,-74.499169,NJ,EPA NPL,"{""external_id"":""NJD980654214"",""npl_status"":""Final NPL"",""saa"":false,""sources"":[""EPA NPL""]}"
superfund_NJD980654156,ROCKY HILL MUNICIPAL WELL,superfund,40.401669,-074.647500,NJ,EPA NPL,"{""external_id"":""NJD980654156"",""npl_status"":""Final NPL"",""saa"":false,""sources"":[""EPA NPL""]}"
superfund_NJD073732257,ROEBLING STEEL CO.,superfund,40.120831,-74.770839,NJ,EPA NPL,"{""external_id"":""NJD073732257"",""npl_status"":""Final NPL"",""saa"":false,""sources"":[""EPA NPL""]}"
superfund_NJ0000453514,ROUTE 561 DUMP,superfund,+39.836110,-74.958333,NJ,EPA NPL,"{""external_id"":""NJ0000453514"",""npl_status"":""Proposed NPL"",""saa"":false,""sources"":[""EPA NPL""]}"
superfund_NJD980505754,SAYREVILLE LANDFILL,superfund,40.445561,-74.358331,NJ,EPA NPL,"{""external_id"":""NJD980505754"",""npl_status"":""Deleted NPL"",""saa"":false,""sources"":[""EPA NPL""]}"
superfund_NJD070565403,SCIENTIFIC CHEMICAL PROCESSING,superfund,+40.824540,-74.074329,NJ,EPA NPL,"{""external_id"":""NJD070565403"",""npl_status"":""Final NPL"",""saa"":false,""sources"":[""EPA NPL""]}"
superfund_NJD980505762,SHARKEY LANDFILL,superfund,+40.850100,-074.345400,NJ,EPA NPL,"{""external_id"":""NJD980505762"",""npl_status"":""Final NPL"",""saa"":false,""sources"":[""EPA NPL""]}"
superfund_NJD980417976,SHERWIN-WILLIAMS/HILLIARDS CREEK,superfund,39.835526,-74.964977,NJ,EPA NPL,"{""external_id"":""NJD980417976"",""npl_status"":""Final NPL"",""saa"":false,""sources"":[""EPA NPL""]}"
superfund_NJD002365930,SHIELDALLOY CORP.,superfund,39.543061,-75.022219,NJ,EPA NPL,"{""external_id"":""NJD002365930"",""npl_status"":""Final NPL"",""saa"":false,""sources"":[""EPA NPL""]}"
superfund_NJD980530679,SOUTH BRUNSWICK LANDFILL,superfund,40.402781,-074.568050,NJ,EPA NPL,"{""external_id"":""NJD980530679"",""npl_status"":""Deleted NPL"",""saa"":false,""sources"":[""EPA NPL""]}"
superfund_NJD980766828,SOUTH JERSEY CLOTHING CO.,superfund,+39.520600,-074.949100,NJ,EPA NPL,"{""external_id"":""NJD980766828"",""npl_status"":""Final NPL"",""saa"":false,""sources"":[""EPA NPL""]}"
superfund_NJD980532816,SPENCE FARM,superfund,+40.078900,-074.506100,NJ,EPA NPL,"{""external_id"":""NJD980532816"",""npl_status"":""Deleted NPL"",""saa"":false,""sources"":[""EPA NPL""]}"
superfund_NJD002175057,STANDARD CHLORINE,superfund,+40.750000,-74.097222,NJ,EPA NPL,"{""external_id"":""NJD002175057"",""npl_status"":""Final NPL"",""saa"":false,""sources"":[""EPA NPL""]}"
superfund_NJD041743220,SWOPE OIL & CHEMICAL CO.,superfund,+39.988600,-075.034700,NJ,EPA NPL,"{""external_id"":""NJD041743220"",""npl_status"":""Final NPL"",""saa"":false,""sources"":[""EPA NPL""]}"
superfund_NJD064263817,SYNCON RESINS,superfund,40.737781,-74.114719,NJ,EPA NPL,"{""external_id"":""NJD064263817"",""npl_status"":""Final NPL"",""saa"":false,""sources"":[""EPA NPL""]}"
superfund_NJD980761357,TABERNACLE DRUM DUMP,superfund,+39.820000,-74.700839,NJ,EPA NPL,"{""external_id"":""NJD980761357"",""npl_status"":""Deleted NPL"",""saa"":false,""sources"":[""EPA NPL""]}"
superfund_NJD980654172,U.S. RADIUM CORP.,superfund,40.781389,-74.228611,NJ,EPA NPL,"{""external_id"":""NJD980654172"",""npl_status"":""Final NPL"",""saa"":false,""sources"":[""EPA NPL""]}"
superfund_NJD002164796,UNIMATIC MANUFACTURING CORPORATION,superfund,+40.878792,-74.269155,NJ,EPA NPL,"{""external_id"":""NJD002164796"",""npl_status"":""Final NPL"",""saa"":false,""sources"":[""EPA NPL""]}"
superfund_NJ0001120799,UNITED STATES AVENUE BURN,superfund,39.834167,-74.963889,NJ,EPA NPL,"{""external_id"":""NJ0001120799"",""npl_status"":""Final NPL"",""saa"":false,""sources"":[""EPA NPL""]}"
superfund_NJD002005106,UNIVERSAL OIL PRODUCTS (CHEMICAL DIVISION),superfund,+40.830000,-74.088889,NJ,EPA NPL,"{""external_id"":""NJD002005106"",""npl_status"":""Final NPL"",""saa"":false,""sources"":[""EPA NPL""]}"
superfund_NJD980761399,UPPER DEERFIELD TOWNSHIP SANITARY LANDFILL,superfund,39.494169,-75.184719,NJ,EPA NPL,"{""external_id"":""NJD980761399"",""npl_status"":""Deleted NPL"",""saa"":false,""sources"":[""EPA NPL""]}"
superfund_NJD980529879,VENTRON/VELSICOL,superfund,+40.840000,-74.079439,NJ,EPA NPL,"{""external_id"":""NJD980529879"",""npl_status"":""Final NPL"",""saa"":false,""sources"":[""EPA NPL""]}"
superfund_NJD002385664,"VINELAND CHEMICAL CO., INC.",superfund,39.510281,-75.056661,NJ,EPA NPL,"{""external_id"":""NJD002385664"",""npl_status"":""Final NPL"",""saa"":false,""sources"":[""EPA NPL""]}"
superfund_NJD980529887,VINELAND STATE SCHOOL,superfund,39.486111,-74.991669,NJ,EPA NPL,"{""external_id"":""NJD980529887"",""npl_status"":""Deleted NPL"",""saa"":false,""sources"":[""EPA NPL""]}"
superfund_NJ1891837980,"W.R. GRACE & CO., INC./WAYNE INTERIM STORAGE SITE (USDOE)",superfund,40.969014,-74.270327,NJ,EPA NPL,"{""external_id"":""NJ1891837980"",""npl_status"":""Deleted NPL"",""saa"":false,""sources"":[""EPA NPL""]}"
superfund_NJD054981337,"WALDICK AEROSPACE DEVICES, INC.",superfund,+40.143000,-074.061300,NJ,EPA NPL,"{""external_id"":""NJD054981337"",""npl_status"":""Final NPL"",""saa"":false,""sources"":[""EPA NPL""]}"
superfund_NJD986620995,WELSBACH & GENERAL GAS MANTLE (CAMDEN RADIATION),superfund,39.919722,-75.121944,NJ,EPA NPL,"{""external_id"":""NJD986620995"",""npl_status"":""Final NPL"",""saa"":false,""sources"":[""EPA NPL""]}"
superfund_NJD980755623,WHITE CHEMICAL CORP.,superfund,40.698484,-74.198242,NJ,EPA NPL,"{""external_id"":""NJD980755623"",""npl_status"":""Final NPL"",""saa"":false,""sources"":[""EPA NPL""]}"
superfund_NJSFN0204241,WHITE SWAN LAUNDRY AND CLEANER INC.,superfund,+40.135721,-74.060000,NJ,EPA NPL,"{""external_id"":""NJSFN0204241"",""npl_status"":""Final NPL"",""saa"":false,""sources"":[""EPA NPL""]}"
superfund_NJD980529945,WILLIAMS PROPERTY,superfund,+39.117300,-074.800400,NJ,EPA NPL,"{""external_id"":""NJD980529945"",""npl_status"":""Final NPL"",""saa"":false,""sources"":[""EPA NPL""]}"
superfund_NJD980532824,WILSON FARM,superfund,40.072219,-74.445269,NJ,EPA NPL,"{""external_id"":""NJD980532824"",""npl_status"":""Deleted NPL"",""saa"":false,""sources"":[""EPA NPL""]}"
superfund_NJD045653854,WITCO CHEMICAL CORP. (OAKLAND PLANT),superfund,+41.003750,-074.243750,NJ,EPA NPL,"{""external_id"":""NJD045653854"",""npl_status"":""Deleted NPL"",""saa"":false,""sources"":[""EPA NPL""]}"
superfund_NJSFN0204260,WOODBROOK ROAD DUMP,superfund,40.561564,-74.402914,NJ,EPA NPL,"{""external_id"":""NJSFN0204260"",""npl_status"":""Final NPL"",""saa"":false,""sources"":[""EPA NPL""]}"
superfund_NJD980505887,WOODLAND ROUTE 532 DUMP,superfund,39.829169,-74.492231,NJ,EPA NPL,"{""external_id"":""NJD980505887"",""npl_status"":""Final NPL"",""saa"":false,""sources"":[""EPA NPL""]}"
superfund_NJD980505879,WOODLAND ROUTE 72 DUMP,superfund,39.821669,-74.447781,NJ,EPA NPL,"{""external_id"":""NJD980505879"",""npl_status"":""Final NPL"",""saa"":false,""sources"":[""EPA NPL""]}"
superfund_NJD986643153,ZSCHIEGNER REFINING,superfund,40.145833,-074.200000,NJ,EPA NPL,"{""external_id"":""NJD986643153"",""npl_status"":""Final NPL"",""saa"":false,""sources"":[""EPA NPL""]}"
superfund_NMD043158591,AT & SF (CLOVIS),superfund,34.378331,-103.211700,NM,EPA NPL,"{""external_id"":""NMD043158591"",""npl_status"":""Deleted NPL"",""saa"":false,""sources"":[""EPA NPL""]}"
superfund_NMD980622864,AT&SF (ALBUQUERQUE),superfund,35.033333,-106.655278,NM,EPA NPL,"{""external_id"":""NMD980622864"",""npl_status"":""Final NPL"",""saa"":false,""sources"":[""EPA NPL""]}"
superfund_NMD097960272,CAL WEST METALS (USSBA),superfund,34.163331,-106.920100,NM,EPA NPL,"{""external_id"":""NMD097960272"",""npl_status"":""Deleted NPL"",""saa"":false,""sources"":[""EPA NPL""]}"
superfund_NMD002899094,CHEVRON QUESTA MINE,superfund,36.700294,-105.497706,NM,EPA NPL,"{""external_id"":""NMD002899094"",""npl_status"":""Final NPL"",""saa"":false,""sources"":[""EPA NPL""]}"
superfund_NMD980749378,CIMARRON MINING CORP.,superfund,+33.643469,-105.864700,NM,EPA NPL,"{""external_id"":""NMD980749378"",""npl_status"":""Deleted NPL"",""saa"":false,""sources"":[""EPA NPL""]}"
superfund_NMD981155930,CLEVELAND MILL,superfund,+32.862600,-108.255800,NM,EPA NPL,"{""external_id"":""NMD981155930"",""npl_status"":""Deleted NPL"",""saa"":false,""sources"":[""EPA NPL""]}"
superfund_NMD001829506,EAGLE PICHER CAREFREE BATTERY,superfund,34.099517,-106.901239,NM,EPA NPL,"{""external_id"":""NMD001829506"",""npl_status"":""Final NPL"",""saa"":false,""sources"":[""EPA NPL""]}"
superfund_NMD986668911,FRUIT AVENUE PLUME,superfund,35.086444,-106.640611,NM,EPA NPL,"{""external_id"":""NMD986668911"",""npl_status"":""Final NPL"",""saa"":false,""sources"":[""EPA NPL""]}"
superfund_NM0007271768,GRANTS CHLORINATED SOLVENTS,superfund,35.155778,-107.843889,NM,EPA NPL,"{""external_id"":""NM0007271768"",""npl_status"":""Final NPL"",""saa"":false,""sources"":[""EPA NPL""]}"
superfund_NM0002271286,GRIGGS & WALNUT GROUND WATER PLUME,superfund,32.315556,-106.760000,NM,EPA NPL,"{""external_id"":""NM0002271286"",""npl_status"":""Final NPL"",""saa"":false,""sources"":[""EPA NPL""]}"
superfund_NMD007860935,HOMESTAKE MINING CO.,superfund,35.243331,-107.863300,NM,EPA NPL,"{""external_id"":""NMD007860935"",""npl_status"":""Final NPL"",""saa"":false,""sources"":[""EPA NPL""]}"
superfund_NMD980750020,LEE ACRES LANDFILL (USDOI),superfund,+36.711100,-108.092100,NM,EPA NPL,"{""external_id"":""NMD980750020"",""npl_status"":""Final NPL"",""saa"":false,""sources"":[""EPA NPL""]}"
superfund_NM0000605386,MCGAFFEY AND MAIN GROUNDWATER PLUME,superfund,33.379792,-104.518722,NM,EPA NPL,"{""external_id"":""NM0000605386"",""npl_status"":""Final NPL"",""saa"":false,""sources"":[""EPA NPL""]}"
superfund_NMD986670156,NORTH RAILROAD AVENUE PLUME,superfund,+35.991400,-106.081384,NM,EPA NPL,"{""external_id"":""NMD986670156"",""npl_status"":""Final NPL"",""saa"":false,""sources"":[""EPA NPL""]}"
superfund_NMD980749980,PAGANO SALVAGE,superfund,+34.789600,-106.720500,NM,EPA NPL,"{""external_id"":""NMD980749980"",""npl_status"":""Deleted NPL"",""saa"":false,""sources"":[""EPA NPL""]}"
superfund_NMD980622773,PREWITT ABANDONED REFINERY,superfund,+35.359600,-108.034800,NM,EPA NPL,"{""external_id"":""NMD980622773"",""npl_status"":""Final NPL"",""saa"":false,""sources"":[""EPA NPL""]}"
superfund_NMD980745558,SOUTH VALLEY,superfund,+35.044100,-106.641100,NM,EPA NPL,"{""external_id"":""NMD980745558"",""npl_status"":""Final NPL"",""saa"":false,""sources"":[""EPA NPL""]}"
superfund_NMD030443303,UNITED NUCLEAR CORP.,superfund,35.643331,-108.500000,NM,EPA NPL,"{""external_id"":""NMD030443303"",""npl_status"":""Final NPL"",""saa"":false,""sources"":[""EPA NPL""]}"
superfund_NVD083917252,ANACONDA COPPER MINE,superfund,38.990272,-119.187067,NV,EPA NPL,"{""external_id"":""NVD083917252"",""npl_status"":""Proposed NPL"",""saa"":false,""sources"":[""EPA NPL""]}"
superfund_NVD980813646,CARSON RIVER MERCURY SITE,superfund,+39.231950,-119.589200,NV,EPA NPL,"{""external_id"":""NVD980813646"",""npl_status"":""Final NPL"",""saa"":false,""sources"":[""EPA NPL""]}"
superfund_NYD072366453,"ACTION ANODIZING, PLATING, & POLISHING CORP.",superfund,40.684439,-73.406111,NY,EPA NPL,"{""external_id"":""NYD072366453"",""npl_status"":""Deleted NPL"",""saa"":false,""sources"":[""EPA NPL""]}"
superfund_NYD002066330,AMERICAN THERMOSTAT CO.,superfund,42.266939,-73.941111,NY,EPA NPL,"{""external_id"":""NYD002066330"",""npl_status"":""Final NPL"",""saa"":false,""sources"":[""EPA NPL""]}"
superfund_NYD001485226,ANCHOR CHEMICALS,superfund,40.766389,-73.546389,NY,EPA NPL,"{""external_id"":""NYD001485226"",""npl_status"":""Deleted NPL"",""saa"":false,""sources"":[""EPA NPL""]}"
superfund_NYD980535652,APPLIED ENVIRONMENTAL SERVICES,superfund,40.823054,-73.646693,NY,EPA NPL,"{""external_id"":""NYD980535652"",""npl_status"":""Final NPL"",""saa"":false,""sources"":[""EPA NPL""]}"
superfund_NYD982531469,ARSENIC MINE,superfund,+41.457972,-73.715285,NY,EPA NPL,"{""external_id"":""NYD982531469"",""npl_status"":""Final NPL"",""saa"":false,""sources"":[""EPA NPL""]}"
superfund_NYD980507693,BATAVIA LANDFILL,superfund,+43.019700,-078.256100,NY,EPA NPL,"{""external_id"":""NYD980507693"",""npl_status"":""Deleted NPL"",""saa"":false,""sources"":[""EPA NPL""]}"
superfund_NYD980768675,BEC TRUCKING,superfund,42.097639,-75.998339,NY,EPA NPL,"{""external_id"":""NYD980768675"",""npl_status"":""Deleted NPL"",""saa"":false,""sources"":[""EPA NPL""]}"
superfund_NYD980768683,"BIOCLINICAL LABORATORIES, INC.",superfund,40.783331,-73.110281,NY,EPA NPL,"{""external_id"":""NYD980768683"",""npl_status"":""Deleted NPL"",""saa"":false,""sources"":[""EPA NPL""]}"
superfund_NYD980652275,BREWSTER WELL FIELD,superfund,41.401669,-073.600000,NY,EPA NPL,"{""external_id"":""NYD980652275"",""npl_status"":""Final NPL"",""saa"":false,""sources"":[""EPA NPL""]}"
superfund_NYN000203129,BRILLO LANDFILL,superfund,+43.170353,-76.613503,NY,EPA NPL,"{""external_id"":""NYN000203129"",""npl_status"":""Final NPL"",""saa"":false,""sources"":[""EPA NPL""]}"
superfund_NY7890008975,BROOKHAVEN NATIONAL LABORATORY (USDOE),superfund,+40.860000,-72.869583,NY,EPA NPL,"{""external_id"":""NY7890008975"",""npl_status"":""Final NPL"",""saa"":false,""sources"":[""EPA NPL""]}"
superfund_NYD980780670,BYRON BARREL & DRUM,superfund,+43.119100,-078.110300,NY,EPA NPL,"{""external_id"":""NYD980780670"",""npl_status"":""Final NPL"",""saa"":false,""sources"":[""EPA NPL""]}"
superfund_NYD981561954,C & J DISPOSAL LEASING CO. DUMP,superfund,+42.863800,-075.568700,NY,EPA NPL,"{""external_id"":""NYD981561954"",""npl_status"":""Deleted NPL"",""saa"":false,""sources"":[""EPA NPL""]}"
superfund_NYD010968014,CARROLL & DUBIES SEWAGE DISPOSAL,superfund,+41.394200,-074.668100,NY,EPA NPL,"{""external_id"":""NYD010968014"",""npl_status"":""Final NPL"",""saa"":false,""sources"":[""EPA NPL""]}"
superfund_NYN000204289,CAYUGA GROUNDWATER CONTAMINATION SITE,superfund,42.880556,-076.642500,NY,EPA NPL,"{""external_id"":""NYN000204289"",""npl_status"":""Final NPL"",""saa"":false,""sources"":[""EPA NPL""]}"
superfund_NYD981184229,CIRCUITRON CORP.,superfund,+40.749500,-073.419500,NY,EPA NPL,"{""external_id"":""NYD981184229"",""npl_status"":""Final NPL"",""saa"":false,""sources"":[""EPA NPL""]}"
superfund_NYD002044584,CLAREMONT POLYCHEMICAL,superfund,+40.757600,-073.443200,NY,EPA NPL,"{""external_id"":""NYD002044584"",""npl_status"":""Final NPL"",""saa"":false,""sources"":[""EPA NPL""]}"
superfund_NYD000511576,CLOTHIER DISPOSAL,superfund,43.247219,-76.412781,NY,EPA NPL,"{""external_id"":""NYD000511576"",""npl_status"":""Deleted NPL"",""saa"":false,""sources"":[""EPA NPL""]}"
superfund_NYD980768691,COLESVILLE MUNICIPAL LANDFILL,superfund,42.160419,-075.589450,NY,EPA NPL,"{""external_id"":""NYD980768691"",""npl_status"":""Final NPL"",""saa"":false,""sources"":[""EPA NPL""]}"
superfund_NYD125499673,COMPUTER CIRCUITS,superfund,40.813194,-073.246110,NY,EPA NPL,"{""external_id"":""NYD125499673"",""npl_status"":""Final NPL"",""saa"":false,""sources"":[""EPA NPL""]}"
superfund_NYD981486947,CONKLIN DUMPS,superfund,+42.050000,-075.818050,NY,EPA NPL,"{""external_id"":""NYD981486947"",""npl_status"":""Deleted NPL"",""saa"":false,""sources"":[""EPA NPL""]}"
superfund_NY0002455756,CONSOLIDATED IRON AND METAL,superfund,41.498028,-74.005639,NY,EPA NPL,"{""external_id"":""NY0002455756"",""npl_status"":""Deleted NPL"",""saa"":false,""sources"":[""EPA NPL""]}"
superfund_NYD980528475,CORTESE LANDFILL,superfund,41.600561,-075.065000,NY,EPA NPL,"{""external_id"":""NYD980528475"",""npl_status"":""Final NPL"",""saa"":false,""sources"":[""EPA NPL""]}"
superfund_NYD986965333,CROWN CLEANERS OF WATERTOWN INC.,superfund,44.022944,-75.651861,NY,EPA NPL,"{""external_id"":""NYD986965333"",""npl_status"":""Final NPL"",""saa"":false,""sources"":[""EPA NPL""]}"
superfund_NYD000512335,DEWEY LOEFFEL LANDFILL,superfund,+42.560957,-073.560496,NY,EPA NPL,"{""external_id"":""NYD000512335"",""npl_status"":""Final NPL"",""saa"":false,""sources"":[""EPA NPL""]}"
superfund_NYD067532580,DIAZ CHEMICAL,superfund,43.222944,-78.029278,NY,EPA NPL,"{""external_id"":""NYD067532580"",""npl_status"":""Final NPL"",""saa"":false,""sources"":[""EPA NPL""]}"
superfund_NYN000206456,EIGHTEENMILE CREEK,superfund,+43.181300,-78.689544,NY,EPA NPL,"{""external_id"":""NYN000206456"",""npl_status"":""Final NPL"",""saa"":false,""sources"":[""EPA NPL""]}"
superfund_NYSFN0204190,ELLENVILLE SCRAP IRON AND METAL,superfund,+41.724028,-74.405500,NY,EPA NPL,"{""external_id"":""NYSFN0204190"",""npl_status"":""Deleted NPL"",""saa"":false,""sources"":[""EPA NPL""]}"
superfund_NYD980780746,ENDICOTT VILLAGE WELL FIELD,superfund,42.086111,-76.086111,NY,EPA NPL,"{""external_id"":""NYD980780746"",""npl_status"":""Final NPL"",""saa"":false,""sources"":[""EPA NPL""]}"
superfund_NYD073675514,"FACET ENTERPRISES, INC.",superfund,+42.132500,-76.829169,NY,EPA NPL,"{""external_id"":""NYD073675514"",""npl_status"":""Final NPL"",""saa"":false,""sources"":[""EPA NPL""]}"
superfund_NYD000511857,FMC CORP. (DUBLIN ROAD LANDFILL),superfund,+43.217200,-78.441700,NY,EPA NPL,"{""external_id"":""NYD000511857"",""npl_status"":""Deleted NPL"",""saa"":false,""sources"":[""EPA NPL""]}"
superfund_NYD981560923,FOREST GLEN MOBILE HOME SUBDIVISION,superfund,+43.112700,-078.999500,NY,EPA NPL,"{""external_id"":""NYD981560923"",""npl_status"":""Final NPL"",""saa"":false,""sources"":[""EPA NPL""]}"
superfund_NY0000110247,FULTON AVENUE,superfund,40.737337,-73.657844,NY,EPA NPL,"{""external_id"":""NY0000110247"",""npl_status"":""Final NPL"",""saa"":false,""sources"":[""EPA NPL""]}"
superfund_NYD980593099,FULTON TERMINALS,superfund,+43.356900,-76.427400,NY,EPA NPL,"{""external_id"":""NYD980593099"",""npl_status"":""Deleted NPL"",""saa"":false,""sources"":[""EPA NPL""]}"
superfund_NYD981566417,GCL TIE AND TREATING INC.,superfund,42.300555,-75.413333,NY,EPA NPL,"{""external_id"":""NYD981566417"",""npl_status"":""Final NPL"",""saa"":false,""sources"":[""EPA NPL""]}"
superfund_NYD980528335,GE MOREAU,superfund,+43.283050,-73.629169,NY,EPA NPL,"{""external_id"":""NYD980528335"",""npl_status"":""Final NPL"",""saa"":false,""sources"":[""EPA NPL""]}"
superfund_NYD091972554,GENERAL MOTORS (CENTRAL FOUNDRY DIVISION),superfund,44.983889,-74.732781,NY,EPA NPL,"{""external_id"":""NYD091972554"",""npl_status"":""Final NPL"",""saa"":false,""sources"":[""EPA NPL""]}"
superfund_NYD002050110,GENZALE PLATING CO.,superfund,+40.715300,-073.677700,NY,EPA NPL,"{""external_id"":""NYD002050110"",""npl_status"":""Final NPL"",""saa"":false,""sources"":[""EPA NPL""]}"
superfund_NYD980768717,"GOLDISC RECORDINGS, INC.",superfund,+40.774500,-073.064700,NY,EPA NPL,"{""external_id"":""NYD980768717"",""npl_status"":""Final NPL"",""saa"":false,""sources"":[""EPA NPL""]}"
superfund_NYN000206222,GOWANUS CANAL,superfund,+40.681639,-73.987333,NY,EPA NPL,"{""external_id"":""NYN000206222"",""npl_status"":""Final NPL"",""saa"":false,""sources"":[""EPA NPL""]}"
superfund_NY4571924451,GRIFFISS AIR FORCE BASE (11 AREAS),superfund,43.233331,-75.416661,NY,EPA NPL,"{""external_id"":""NY4571924451"",""npl_status"":""Final NPL"",""saa"":false,""sources"":[""EPA NPL""]}"
superfund_NYD980785661,HAVILAND COMPLEX,superfund,+41.771111,-73.908061,NY,EPA NPL,"{""external_id"":""NYD980785661"",""npl_status"":""Deleted NPL"",""saa"":false,""sources"":[""EPA NPL""]}"
superfund_NYD980780779,HERTEL LANDFILL,superfund,41.688061,-74.038889,NY,EPA NPL,"{""external_id"":""NYD980780779"",""npl_status"":""Final NPL"",""saa"":false,""sources"":[""EPA NPL""]}"
superfund_NYD981560915,HITEMAN LEATHER,superfund,42.883333,-75.195833,NY,EPA NPL,"{""external_id"":""NYD981560915"",""npl_status"":""Deleted NPL"",""saa"":false,""sources"":[""EPA NPL""]}"
superfund_NYD980506810,HOOKER (102ND STREET),superfund,43.070281,-78.942219,NY,EPA NPL,"{""external_id"":""NYD980506810"",""npl_status"":""Deleted NPL"",""saa"":false,""sources"":[""EPA NPL""]}"
superfund_NYD000831644,HOOKER (HYDE PARK),superfund,43.131111,-79.036669,NY,EPA NPL,"{""external_id"":""NYD000831644"",""npl_status"":""Deleted NPL"",""saa"":false,""sources"":[""EPA NPL""]}"
superfund_NYD980651087,HOOKER (S AREA),superfund,+43.075700,-079.005400,NY,EPA NPL,"{""external_id"":""NYD980651087"",""npl_status"":""Final NPL"",""saa"":false,""sources"":[""EPA NPL""]}"
superfund_NYD002920312,HOOKER CHEMICAL & PLASTICS CORP./RUCO POLYMER CORP.,superfund,+40.757500,-73.504169,NY,EPA NPL,"{""external_id"":""NYD002920312"",""npl_status"":""Final NPL"",""saa"":false,""sources"":[""EPA NPL""]}"
superfund_NYD066813064,HOPEWELL PRECISION,superfund,+41.611560,-73.781770,NY,EPA NPL,"{""external_id"":""NYD066813064"",""npl_status"":""Final NPL"",""saa"":false,""sources"":[""EPA NPL""]}"
superfund_NYD980763841,HUDSON RIVER PCBS,superfund,+43.110200,-073.576500,NY,EPA NPL,"{""external_id"":""NYD980763841"",""npl_status"":""Final NPL"",""saa"":false,""sources"":[""EPA NPL""]}"
superfund_NYD980506901,ISLIP MUNICIPAL SANITARY LANDFILL,superfund,+40.817800,-073.182900,NY,EPA NPL,"{""external_id"":""NYD980506901"",""npl_status"":""Final NPL"",""saa"":false,""sources"":[""EPA NPL""]}"
superfund_NYD001344456,JACKSON STEEL,superfund,40.738806,-73.652694,NY,EPA NPL,"{""external_id"":""NYD001344456"",""npl_status"":""Deleted NPL"",""saa"":false,""sources"":[""EPA NPL""]}"
superfund_NYD980506927,JOHNSTOWN CITY LANDFILL,superfund,43.043061,-74.393061,NY,EPA NPL,"{""external_id"":""NYD980506927"",""npl_status"":""Final NPL"",""saa"":false,""sources"":[""EPA NPL""]}"
superfund_NYD000813428,"JONES CHEMICALS, INC.",superfund,42.976531,-77.845561,NY,EPA NPL,"{""external_id"":""NYD000813428"",""npl_status"":""Final NPL"",""saa"":false,""sources"":[""EPA NPL""]}"
superfund_NYD980534556,JONES SANITATION,superfund,+41.795000,-073.902000,NY,EPA NPL,"{""external_id"":""NYD980534556"",""npl_status"":""Deleted NPL"",""saa"":false,""sources"":[""EPA NPL""]}"
superfund_NYD980780795,KATONAH MUNICIPAL WELL,superfund,41.259169,-73.682911,NY,EPA NPL,"{""external_id"":""NYD980780795"",""npl_status"":""Deleted NPL"",""saa"":false,""sources"":[""EPA NPL""]}"
superfund_NYD980650667,KENTUCKY AVENUE WELL FIELD,superfund,42.145831,-76.828331,NY,EPA NPL,"{""external_id"":""NYD980650667"",""npl_status"":""Final NPL"",""saa"":false,""sources"":[""EPA NPL""]}"
superfund_NYD002041531,"LAWRENCE AVIATION INDUSTRIES, INC.",superfund,40.928139,-73.069194,NY,EPA NPL,"{""external_id"":""NYD002041531"",""npl_status"":""Final NPL"",""saa"":false,""sources"":[""EPA NPL""]}"
superfund_NYD986950251,LEHIGH VALLEY RAILROAD,superfund,42.992028,-77.933306,NY,EPA NPL,"{""external_id"":""NYD986950251"",""npl_status"":""Final NPL"",""saa"":false,""sources"":[""EPA NPL""]}"
superfund_NYD986882660,LI TUNGSTEN CORP.,superfund,40.860929,-73.640773,NY,EPA NPL,"{""external_id"":""NYD986882660"",""npl_status"":""Final NPL"",""saa"":false,""sources"":[""EPA NPL""]}"
superfund_NYD000337295,LIBERTY INDUSTRIAL FINISHING,superfund,+40.726250,-73.448889,NY,EPA NPL,"{""external_id"":""NYD000337295"",""npl_status"":""Final NPL"",""saa"":false,""sources"":[""EPA NPL""]}"
superfund_NY0001233634,LITTLE VALLEY,superfund,42.236667,-78.766944,NY,EPA NPL,"{""external_id"":""NY0001233634"",""npl_status"":""Final NPL"",""saa"":false,""sources"":[""EPA NPL""]}"
superfund_NYD000606947,LOVE CANAL,superfund,43.079719,-078.949450,NY,EPA NPL,"{""external_id"":""NYD000606947"",""npl_status"":""Deleted NPL"",""saa"":false,""sources"":[""EPA NPL""]}"
superfund_NYD013468939,LUDLOW SAND & GRAVEL,superfund,42.959169,-75.226389,NY,EPA NPL,"{""external_id"":""NYD013468939"",""npl_status"":""Deleted NPL"",""saa"":false,""sources"":[""EPA NPL""]}"
superfund_NYD980753420,MACKENZIE CHEMICAL WORKS,superfund,40.788889,-73.205278,NY,EPA NPL,"{""external_id"":""NYD980753420"",""npl_status"":""Final NPL"",""saa"":false,""sources"":[""EPA NPL""]}"
superfund_NYD980535124,MALTA ROCKET FUEL AREA,superfund,42.963889,-73.758331,NY,EPA NPL,"{""external_id"":""NYD980535124"",""npl_status"":""Final NPL"",""saa"":false,""sources"":[""EPA NPL""]}"
superfund_NYD010959757,MARATHON BATTERY CORP.,superfund,41.416111,-73.954719,NY,EPA NPL,"{""external_id"":""NYD010959757"",""npl_status"":""Deleted NPL"",""saa"":false,""sources"":[""EPA NPL""]}"
superfund_NYD000512459,"MATTIACE PETROCHEMICAL CO., INC.",superfund,+40.860800,-073.643200,NY,EPA NPL,"{""external_id"":""NYD000512459"",""npl_status"":""Final NPL"",""saa"":false,""sources"":[""EPA NPL""]}"
superfund_NYN000203407,MEEKER AVENUE PLUME,superfund,+40.725409,-73.935904,NY,EPA NPL,"{""external_id"":""NYN000203407"",""npl_status"":""Final NPL"",""saa"":false,""sources"":[""EPA NPL""]}"
superfund_NYD048148175,"MERCURY REFINING, INC.",superfund,42.689719,-73.804169,NY,EPA NPL,"{""external_id"":""NYD048148175"",""npl_status"":""Deleted NPL"",""saa"":false,""sources"":[""EPA NPL""]}"
superfund_NYD986950012,MOHONK ROAD INDUSTRIAL PLANT,superfund,41.816667,-074.134440,NY,EPA NPL,"{""external_id"":""NYD986950012"",""npl_status"":""Final NPL"",""saa"":false,""sources"":[""EPA NPL""]}"
superfund_NYD000511451,"NEPERA CHEMICAL CO., INC.",superfund,+41.464300,-074.244700,NY,EPA NPL,"{""external_id"":""NYD000511451"",""npl_status"":""Final NPL"",""saa"":false,""sources"":[""EPA NPL""]}"
superfund_NY0001095363,NEW CASSEL/HICKSVILLE GROUND WATER CONTAMINATION,superfund,40.752446,-73.559781,NY,EPA NPL,"{""external_id"":""NY0001095363"",""npl_status"":""Final NPL"",""saa"":false,""sources"":[""EPA NPL""]}"
superfund_NYN000206282,NEWTOWN CREEK,superfund,+40.715192,-073.930762,NY,EPA NPL,"{""external_id"":""NYN000206282"",""npl_status"":""Final NPL"",""saa"":false,""sources"":[""EPA NPL""]}"
superfund_NYD000514257,NIAGARA COUNTY REFUSE,superfund,+43.060550,-78.906111,NY,EPA NPL,"{""external_id"":""NYD000514257"",""npl_status"":""Deleted NPL"",""saa"":false,""sources"":[""EPA NPL""]}"
superfund_NYD980664361,NIAGARA MOHAWK POWER CORP. (SARATOGA SPRINGS PLANT),superfund,+43.090000,-73.776111,NY,EPA NPL,"{""external_id"":""NYD980664361"",""npl_status"":""Final NPL"",""saa"":false,""sources"":[""EPA NPL""]}"
superfund_NYD980762520,NORTH SEA MUNICIPAL LANDFILL,superfund,40.929161,-72.401389,NY,EPA NPL,"{""external_id"":""NYD980762520"",""npl_status"":""Deleted NPL"",""saa"":false,""sources"":[""EPA NPL""]}"
superfund_NYD980531727,OLD BETHPAGE LANDFILL,superfund,40.756939,-73.447219,NY,EPA NPL,"{""external_id"":""NYD980531727"",""npl_status"":""Final NPL"",""saa"":false,""sources"":[""EPA NPL""]}"
superfund_NYSFN0204234,OLD ROOSEVELT FIELD CONTAMINATED GW AREA,superfund,40.733611,-73.618472,NY,EPA NPL,"{""external_id"":""NYSFN0204234"",""npl_status"":""Final NPL"",""saa"":false,""sources"":[""EPA NPL""]}"
superfund_NYD980528657,OLEAN WELL FIELD,superfund,42.069439,-78.404719,NY,EPA NPL,"{""external_id"":""NYD980528657"",""npl_status"":""Final NPL"",""saa"":false,""sources"":[""EPA NPL""]}"
superfund_NYD986913580,ONONDAGA LAKE,superfund,43.069444,-76.208056,NY,EPA NPL,"{""external_id"":""NYD986913580"",""npl_status"":""Final NPL"",""saa"":false,""sources"":[""EPA NPL""]}"
superfund_NYD991292004,"PASLEY SOLVENTS & CHEMICALS, INC.",superfund,40.729169,-73.612219,NY,EPA NPL,"{""external_id"":""NYD991292004"",""npl_status"":""Deleted NPL"",""saa"":false,""sources"":[""EPA NPL""]}"
superfund_NYN000204407,PENINSULA BOULEVARD GROUNDWATER PLUME,superfund,+40.640392,-073.695667,NY,EPA NPL,"{""external_id"":""NYN000204407"",""npl_status"":""Final NPL"",""saa"":false,""sources"":[""EPA NPL""]}"
superfund_NYD980530265,PETER COOPER,superfund,+42.458778,-78.927583,NY,EPA NPL,"{""external_id"":""NYD980530265"",""npl_status"":""Deleted NPL"",""saa"":false,""sources"":[""EPA NPL""]}"
superfund_NYD980592547,PETER COOPER CORPORATION (MARKHAMS),superfund,42.392897,-79.012572,NY,EPA NPL,"{""external_id"":""NYD980592547"",""npl_status"":""Deleted NPL"",""saa"":false,""sources"":[""EPA NPL""]}"
superfund_NYD980507495,PFOHL BROTHERS LANDFILL,superfund,42.943889,-078.702500,NY,EPA NPL,"{""external_id"":""NYD980507495"",""npl_status"":""Deleted NPL"",""saa"":false,""sources"":[""EPA NPL""]}"
superfund_NY4571924774,PLATTSBURGH AIR FORCE BASE,superfund,+44.657500,-73.464719,NY,EPA NPL,"{""external_id"":""NY4571924774"",""npl_status"":""Final NPL"",""saa"":false,""sources"":[""EPA NPL""]}"
superfund_NYD000511659,POLLUTION ABATEMENT SERVICES,superfund,+43.470000,-76.483331,NY,EPA NPL,"{""external_id"":""NYD000511659"",""npl_status"":""Final NPL"",""saa"":false,""sources"":[""EPA NPL""]}"
superfund_NYD980654206,PORT WASHINGTON LANDFILL,superfund,+40.818050,-73.666661,NY,EPA NPL,"{""external_id"":""NYD980654206"",""npl_status"":""Final NPL"",""saa"":false,""sources"":[""EPA NPL""]}"
superfund_NYD980768774,PREFERRED PLATING CORP.,superfund,+40.715800,-073.425300,NY,EPA NPL,"{""external_id"":""NYD980768774"",""npl_status"":""Final NPL"",""saa"":false,""sources"":[""EPA NPL""]}"
superfund_NYD001667872,"RADIUM CHEMICAL CO., INC.",superfund,+40.760000,-073.902500,NY,EPA NPL,"{""external_id"":""NYD001667872"",""npl_status"":""Deleted NPL"",""saa"":false,""sources"":[""EPA NPL""]}"
superfund_NYD000511493,RAMAPO LANDFILL,superfund,+41.140000,-74.161389,NY,EPA NPL,"{""external_id"":""NYD000511493"",""npl_status"":""Final NPL"",""saa"":false,""sources"":[""EPA NPL""]}"
superfund_NYD980507735,RICHARDSON HILL ROAD LANDFILL/POND,superfund,42.252781,-75.249169,NY,EPA NPL,"{""external_id"":""NYD980507735"",""npl_status"":""Final NPL"",""saa"":false,""sources"":[""EPA NPL""]}"
superfund_NYD002232957,"ROBINTECH, INC./NATIONAL PIPE CO.",superfund,+42.104900,-75.992200,NY,EPA NPL,"{""external_id"":""NYD002232957"",""npl_status"":""Final NPL"",""saa"":false,""sources"":[""EPA NPL""]}"
superfund_NYD982272734,ROSEN BROTHERS SCRAP YARD/DUMP,superfund,+42.591669,-76.175281,NY,EPA NPL,"{""external_id"":""NYD982272734"",""npl_status"":""Final NPL"",""saa"":false,""sources"":[""EPA NPL""]}"
superfund_NYD981486954,ROWE INDUSTRIES GROUND WATER CONTAMINATION,superfund,40.982781,-072.300000,NY,EPA NPL,"{""external_id"":""NYD981486954"",""npl_status"":""Deleted NPL"",""saa"":false,""sources"":[""EPA NPL""]}"
superfund_NYD980535165,SARNEY FARM,superfund,+41.755550,-73.561389,NY,EPA NPL,"{""external_id"":""NYD980535165"",""npl_status"":""Final NPL"",""saa"":false,""sources"":[""EPA NPL""]}"
superfund_NYD980535181,"SEALAND RESTORATION, INC.",superfund,44.703611,-75.361531,NY,EPA NPL,"{""external_id"":""NYD980535181"",""npl_status"":""Final NPL"",""saa"":false,""sources"":[""EPA NPL""]}"
superfund_NY0213820830,SENECA ARMY DEPOT,superfund,+42.750000,-076.854450,NY,EPA NPL,"{""external_id"":""NY0213820830"",""npl_status"":""Final NPL"",""saa"":false,""sources"":[""EPA NPL""]}"
superfund_NYSFN0204269,SHENANDOAH ROAD GROUNDWATER CONTAMINATION,superfund,41.526111,-73.792222,NY,EPA NPL,"{""external_id"":""NYSFN0204269"",""npl_status"":""Final NPL"",""saa"":false,""sources"":[""EPA NPL""]}"
superfund_NYD980507677,SIDNEY LANDFILL,superfund,+42.257700,-075.243000,NY,EPA NPL,"{""external_id"":""NYD980507677"",""npl_status"":""Final NPL"",""saa"":false,""sources"":[""EPA NPL""]}"
superfund_NYD980535215,SINCLAIR REFINERY,superfund,+42.108800,-077.941600,NY,EPA NPL,"{""external_id"":""NYD980535215"",""npl_status"":""Final NPL"",""saa"":false,""sources"":[""EPA NPL""]}"
superfund_NY0002318889,SMITHTOWN GROUND WATER CONTAMINATION,superfund,+40.887806,-73.174778,NY,EPA NPL,"{""external_id"":""NY0002318889"",""npl_status"":""Deleted NPL"",""saa"":false,""sources"":[""EPA NPL""]}"
superfund_NYD001533165,"SMS INSTRUMENTS, INC.",superfund,40.760002,-73.318491,NY,EPA NPL,"{""external_id"":""NYD001533165"",""npl_status"":""Deleted NPL"",""saa"":false,""sources"":[""EPA NPL""]}"
superfund_NYD980421176,SOLVENT SAVERS,superfund,+42.665000,-75.876661,NY,EPA NPL,"{""external_id"":""NYD980421176"",""npl_status"":""Final NPL"",""saa"":false,""sources"":[""EPA NPL""]}"
superfund_NYD047650197,STANTON CLEANERS AREA GROUND WATER CONTAMINATION,superfund,40.782361,-73.734139,NY,EPA NPL,"{""external_id"":""NYD047650197"",""npl_status"":""Final NPL"",""saa"":false,""sources"":[""EPA NPL""]}"
superfund_NYD980780878,SUFFERN VILLAGE WELL FIELD,superfund,+41.116200,-074.159000,NY,EPA NPL,"{""external_id"":""NYD980780878"",""npl_status"":""Deleted NPL"",""saa"":false,""sources"":[""EPA NPL""]}"
superfund_NYD000511360,SYOSSET LANDFILL,superfund,40.798889,-73.509719,NY,EPA NPL,"{""external_id"":""NYD000511360"",""npl_status"":""Deleted NPL"",""saa"":false,""sources"":[""EPA NPL""]}"
superfund_NYD980509285,"TRI-CITIES BARREL CO., INC.",superfund,+42.158050,-75.811939,NY,EPA NPL,"{""external_id"":""NYD980509285"",""npl_status"":""Final NPL"",""saa"":false,""sources"":[""EPA NPL""]}"
superfund_NYD002059517,"TRONIC PLATING CO., INC.",superfund,+40.753800,-073.407700,NY,EPA NPL,"{""external_id"":""NYD002059517"",""npl_status"":""Deleted NPL"",""saa"":false,""sources"":[""EPA NPL""]}"
superfund_NYD980763767,VESTAL WATER SUPPLY WELL 1-1,superfund,+42.090200,-76.055700,NY,EPA NPL,"{""external_id"":""NYD980763767"",""npl_status"":""Final NPL"",""saa"":false,""sources"":[""EPA NPL""]}"
superfund_NYD980509376,VOLNEY MUNICIPAL LANDFILL,superfund,+43.360550,-76.379169,NY,EPA NPL,"{""external_id"":""NYD980509376"",""npl_status"":""Final NPL"",""saa"":false,""sources"":[""EPA NPL""]}"
superfund_NYD980506679,WARWICK LANDFILL,superfund,41.238889,-074.270000,NY,EPA NPL,"{""external_id"":""NYD980506679"",""npl_status"":""Deleted NPL"",""saa"":false,""sources"":[""EPA NPL""]}"
superfund_NYD980652259,WIDE BEACH DEVELOPMENT,superfund,42.586669,-79.128611,NY,EPA NPL,"{""external_id"":""NYD980652259"",""npl_status"":""Deleted NPL"",""saa"":false,""sources"":[""EPA NPL""]}"
superfund_NYC200400810,WOLFF-ALPORT CHEMICAL COMPANY,superfund,+40.692672,-73.901997,NY,EPA NPL,"{""external_id"":""NYC200400810"",""npl_status"":""Final NPL"",""saa"":false,""sources"":[""EPA NPL""]}"
superfund_NYD000511733,YORK OIL CO.,superfund,+44.822500,-074.575100,NY,EPA NPL,"{""external_id"":""NYD000511733"",""npl_status"":""Final NPL"",""saa"":false,""sources"":[""EPA NPL""]}"
superfund_OHD043730217,ALLIED CHEMICAL & IRONTON COKE,superfund,+38.505700,-82.658000,OH,EPA NPL,"{""external_id"":""OHD043730217"",""npl_status"":""Final NPL"",""saa"":false,""sources"":[""EPA NPL""]}"
superfund_OHD057243610,ALSCO ANACONDA,superfund,40.361111,-81.440831,OH,EPA NPL,"{""external_id"":""OHD057243610"",""npl_status"":""Deleted NPL"",""saa"":false,""sources"":[""EPA NPL""]}"
superfund_OHD017506171,ARCANUM IRON & METAL,superfund,+39.981950,-84.549161,OH,EPA NPL,"{""external_id"":""OHD017506171"",""npl_status"":""Deleted NPL"",""saa"":false,""sources"":[""EPA NPL""]}"
superfund_OHN000510164,BEHR DAYTON THERMAL SYSTEM VOC PLUME,superfund,39.784444,-84.179444,OH,EPA NPL,"{""external_id"":""OHN000510164"",""npl_status"":""Final NPL"",""saa"":false,""sources"":[""EPA NPL""]}"
superfund_OHD980611735,BIG D CAMPGROUND,superfund,41.904169,-80.652781,OH,EPA NPL,"{""external_id"":""OHD980611735"",""npl_status"":""Final NPL"",""saa"":false,""sources"":[""EPA NPL""]}"
superfund_OHD980509616,BOWERS LANDFILL,superfund,+39.637500,-82.965281,OH,EPA NPL,"{""external_id"":""OHD980509616"",""npl_status"":""Deleted NPL"",""saa"":false,""sources"":[""EPA NPL""]}"
superfund_OHD980509657,BUCKEYE RECLAMATION,superfund,+40.047219,-80.841669,OH,EPA NPL,"{""external_id"":""OHD980509657"",""npl_status"":""Deleted NPL"",""saa"":false,""sources"":[""EPA NPL""]}"
superfund_OHD074727793,CHEM-DYNE,superfund,+39.407900,-84.552000,OH,EPA NPL,"{""external_id"":""OHD074727793"",""npl_status"":""Final NPL"",""saa"":false,""sources"":[""EPA NPL""]}"
superfund_OHD980614549,CHEMICAL & MINERALS RECLAMATION,superfund,41.490361,-81.725031,OH,EPA NPL,"{""external_id"":""OHD980614549"",""npl_status"":""Deleted NPL"",""saa"":false,""sources"":[""EPA NPL""]}"
superfund_OH0000563122,COPLEY SQUARE PLAZA,superfund,41.092839,-81.617472,OH,EPA NPL,"{""external_id"":""OH0000563122"",""npl_status"":""Final NPL"",""saa"":false,""sources"":[""EPA NPL""]}"
superfund_OHD980509830,COSHOCTON LANDFILL,superfund,+40.225000,-81.848611,OH,EPA NPL,"{""external_id"":""OHD980509830"",""npl_status"":""Deleted NPL"",""saa"":false,""sources"":[""EPA NPL""]}"
superfund_OHN000510459,DONNELSVILLE CONTAMINATED AQUIFER,superfund,+39.920558,-83.948728,OH,EPA NPL,"{""external_id"":""OHN000510459"",""npl_status"":""Final NPL"",""saa"":false,""sources"":[""EPA NPL""]}"
superfund_OHD004210563,DOVER CHEMICAL CORP.,superfund,40.539823,-81.494444,OH,EPA NPL,"{""external_id"":""OHD004210563"",""npl_status"":""Proposed NPL"",""saa"":false,""sources"":[""EPA NPL""]}"
superfund_OHD980509947,E.H. SCHILLING LANDFILL,superfund,+38.572500,-82.755550,OH,EPA NPL,"{""external_id"":""OHD980509947"",""npl_status"":""Final NPL"",""saa"":false,""sources"":[""EPA NPL""]}"
superfund_OHSFN0507962,EAST TROY CONTAMINATED AQUIFER,superfund,40.038100,-84.196100,OH,EPA NPL,"{""external_id"":""OHSFN0507962"",""npl_status"":""Final NPL"",""saa"":false,""sources"":[""EPA NPL""]}"
superfund_OH6890008976,FEED MATERIALS PRODUCTION CENTER (USDOE),superfund,+39.299450,-84.688331,OH,EPA NPL,"{""external_id"":""OH6890008976"",""npl_status"":""Final NPL"",""saa"":false,""sources"":[""EPA NPL""]}"
superfund_OHD980614572,FIELDS BROOK,superfund,+41.891500,-80.775400,OH,EPA NPL,"{""external_id"":""OHD980614572"",""npl_status"":""Final NPL"",""saa"":false,""sources"":[""EPA NPL""]}"
superfund_OHD980794630,FULTZ LANDFILL,superfund,39.984719,-81.541661,OH,EPA NPL,"{""external_id"":""OHD980794630"",""npl_status"":""Final NPL"",""saa"":false,""sources"":[""EPA NPL""]}"
superfund_OHD000377911,INDUSTRIAL EXCESS LANDFILL,superfund,40.968331,-81.404169,OH,EPA NPL,"{""external_id"":""OHD000377911"",""npl_status"":""Final NPL"",""saa"":false,""sources"":[""EPA NPL""]}"
superfund_OHD981537582,LAMMERS BARREL FACTORY,superfund,39.726389,-84.084306,OH,EPA NPL,"{""external_id"":""OHD981537582"",""npl_status"":""Final NPL"",""saa"":false,""sources"":[""EPA NPL""]}"
superfund_OHD061722211,LASKIN/POPLAR OIL CO.,superfund,+41.743600,-80.781500,OH,EPA NPL,"{""external_id"":""OHD061722211"",""npl_status"":""Deleted NPL"",""saa"":false,""sources"":[""EPA NPL""]}"
superfund_OHN000509950,LITTLE SCIOTO RIVER,superfund,40.593061,-83.183461,OH,EPA NPL,"{""external_id"":""OHN000509950"",""npl_status"":""Final NPL"",""saa"":false,""sources"":[""EPA NPL""]}"
superfund_OHD980611800,MIAMI COUNTY INCINERATOR,superfund,40.074169,-84.224169,OH,EPA NPL,"{""external_id"":""OHD980611800"",""npl_status"":""Final NPL"",""saa"":false,""sources"":[""EPA NPL""]}"
superfund_OHSFN0507973,MILFORD CONTAMINATED AQUIFER,superfund,39.177814,-84.293786,OH,EPA NPL,"{""external_id"":""OHSFN0507973"",""npl_status"":""Final NPL"",""saa"":false,""sources"":[""EPA NPL""]}"
superfund_OH6890008984,MOUND PLANT (USDOE),superfund,+39.626400,-84.286200,OH,EPA NPL,"{""external_id"":""OH6890008984"",""npl_status"":""Final NPL"",""saa"":false,""sources"":[""EPA NPL""]}"
superfund_OHD980610018,NEASE CHEMICAL,superfund,40.916669,-80.891669,OH,EPA NPL,"{""external_id"":""OHD980610018"",""npl_status"":""Final NPL"",""saa"":false,""sources"":[""EPA NPL""]}"
superfund_OHN000509238,NEW CARLISLE LANDFILL,superfund,+39.923333,-84.033694,OH,EPA NPL,"{""external_id"":""OHN000509238"",""npl_status"":""Final NPL"",""saa"":false,""sources"":[""EPA NPL""]}"
superfund_OHD980794614,NEW LYME LANDFILL,superfund,41.584719,-80.729161,OH,EPA NPL,"{""external_id"":""OHD980794614"",""npl_status"":""Final NPL"",""saa"":false,""sources"":[""EPA NPL""]}"
superfund_OHD980611875,NORTH SANITARY LANDFILL,superfund,+39.786110,-084.152500,OH,EPA NPL,"{""external_id"":""OHD980611875"",""npl_status"":""Final NPL"",""saa"":false,""sources"":[""EPA NPL""]}"
superfund_OHD980510200,OLD MILL,superfund,+41.660100,-080.845600,OH,EPA NPL,"{""external_id"":""OHD980510200"",""npl_status"":""Final NPL"",""saa"":false,""sources"":[""EPA NPL""]}"
superfund_OHD004379970,ORMET CORP.,superfund,+39.705000,-80.841669,OH,EPA NPL,"{""external_id"":""OHD004379970"",""npl_status"":""Final NPL"",""saa"":false,""sources"":[""EPA NPL""]}"
superfund_OHD987051083,PETERS CARTRIDGE FACTORY,superfund,+39.350694,-84.242222,OH,EPA NPL,"{""external_id"":""OHD987051083"",""npl_status"":""Final NPL"",""saa"":false,""sources"":[""EPA NPL""]}"
superfund_OHD000382663,POWELL ROAD LANDFILL,superfund,39.833331,-084.160000,OH,EPA NPL,"{""external_id"":""OHD000382663"",""npl_status"":""Final NPL"",""saa"":false,""sources"":[""EPA NPL""]}"
superfund_OHD076773712,"PRISTINE, INC.",superfund,39.236111,-84.437231,OH,EPA NPL,"{""external_id"":""OHD076773712"",""npl_status"":""Final NPL"",""saa"":false,""sources"":[""EPA NPL""]}"
superfund_OHD980610042,REILLY TAR & CHEMICAL CORP. (DOVER PLANT),superfund,+40.517500,-081.479000,OH,EPA NPL,"{""external_id"":""OHD980610042"",""npl_status"":""Final NPL"",""saa"":false,""sources"":[""EPA NPL""]}"
superfund_OHD980903447,REPUBLIC STEEL CORP. QUARRY,superfund,41.356189,-82.117839,OH,EPA NPL,"{""external_id"":""OHD980903447"",""npl_status"":""Deleted NPL"",""saa"":false,""sources"":[""EPA NPL""]}"
superfund_OHD093895787,"SANITARY LANDFILL CO. (INDUSTRIAL WASTE DISPOSAL CO., INC.)",superfund,39.716581,-84.201531,OH,EPA NPL,"{""external_id"":""OHD093895787"",""npl_status"":""Final NPL"",""saa"":false,""sources"":[""EPA NPL""]}"
superfund_OHD063963714,SKINNER LANDFILL,superfund,39.333331,-84.399719,OH,EPA NPL,"{""external_id"":""OHD063963714"",""npl_status"":""Final NPL"",""saa"":false,""sources"":[""EPA NPL""]}"
superfund_OHD071650592,SOUTH POINT PLANT,superfund,+38.437500,-82.591669,OH,EPA NPL,"{""external_id"":""OHD071650592"",""npl_status"":""Final NPL"",""saa"":false,""sources"":[""EPA NPL""]}"
superfund_OHD980609994,SUMMIT NATIONAL,superfund,+41.024000,-81.097100,OH,EPA NPL,"{""external_id"":""OHD980609994"",""npl_status"":""Final NPL"",""saa"":false,""sources"":[""EPA NPL""]}"
superfund_OHD004179339,"TRW, INC. (MINERVA PLANT)",superfund,+40.745000,-081.090000,OH,EPA NPL,"{""external_id"":""OHD004179339"",""npl_status"":""Final NPL"",""saa"":false,""sources"":[""EPA NPL""]}"
superfund_OHD018392928,"UNITED SCRAP LEAD CO., INC.",superfund,+40.008889,-84.198611,OH,EPA NPL,"{""external_id"":""OHD018392928"",""npl_status"":""Deleted NPL"",""saa"":false,""sources"":[""EPA NPL""]}"
superfund_OHD980794606,VAN DALE JUNKYARD,superfund,+39.431950,-081.402500,OH,EPA NPL,"{""external_id"":""OHD980794606"",""npl_status"":""Final NPL"",""saa"":false,""sources"":[""EPA NPL""]}"
superfund_OHN000508132,WEST TROY CONTAMINATED AQUIFER,superfund,40.046408,-84.208928,OH,EPA NPL,"{""external_id"":""OHN000508132"",""npl_status"":""Final NPL"",""saa"":false,""sources"":[""EPA NPL""]}"
superfund_OH7571724312,WRIGHT-PATTERSON AIR FORCE BASE,superfund,+39.807100,-084.069700,OH,EPA NPL,"{""external_id"":""OH7571724312"",""npl_status"":""Final NPL"",""saa"":false,""sources"":[""EPA NPL""]}"
superfund_OHD980794598,ZANESVILLE WELL FIELD,superfund,39.967781,-81.992231,OH,EPA NPL,"{""external_id"":""OHD980794598"",""npl_status"":""Final NPL"",""saa"":false,""sources"":[""EPA NPL""]}"
superfund_OKD980620983,COMPASS INDUSTRIES (AVERY DRIVE),superfund,36.126389,-96.083339,OK,EPA NPL,"{""external_id"":""OKD980620983"",""npl_status"":""Deleted NPL"",""saa"":false,""sources"":[""EPA NPL""]}"
superfund_OKD007188717,DOUBLE EAGLE REFINERY CO.,superfund,35.468331,-97.478331,OK,EPA NPL,"{""external_id"":""OKD007188717"",""npl_status"":""Deleted NPL"",""saa"":false,""sources"":[""EPA NPL""]}"
superfund_OKN000607068,EAGLE INDUSTRIES,superfund,+35.435631,-97.337507,OK,EPA NPL,"{""external_id"":""OKN000607068"",""npl_status"":""Final NPL"",""saa"":false,""sources"":[""EPA NPL""]}"
superfund_OKD007221831,FANSTEEL METALS/FMRI,superfund,+35.773880,-95.305086,OK,EPA NPL,"{""external_id"":""OKD007221831"",""npl_status"":""Final NPL"",""saa"":false,""sources"":[""EPA NPL""]}"
superfund_OKD980696470,FOURTH STREET ABANDONED REFINERY,superfund,35.470278,-97.473056,OK,EPA NPL,"{""external_id"":""OKD980696470"",""npl_status"":""Deleted NPL"",""saa"":false,""sources"":[""EPA NPL""]}"
superfund_OKD000400093,HARDAGE/CRINER,superfund,+34.976400,-97.580900,OK,EPA NPL,"{""external_id"":""OKD000400093"",""npl_status"":""Final NPL"",""saa"":false,""sources"":[""EPA NPL""]}"
superfund_OKN000607147,HENRYETTA IRON AND METAL,superfund,+35.439996,-95.999803,OK,EPA NPL,"{""external_id"":""OKN000607147"",""npl_status"":""Final NPL"",""saa"":false,""sources"":[""EPA NPL""]}"
superfund_OKD082471988,HUDSON REFINERY,superfund,35.985556,-96.779722,OK,EPA NPL,"{""external_id"":""OKD082471988"",""npl_status"":""Final NPL"",""saa"":false,""sources"":[""EPA NPL""]}"
superfund_OK0002024099,IMPERIAL REFINING COMPANY,superfund,34.195486,-97.107931,OK,EPA NPL,"{""external_id"":""OK0002024099"",""npl_status"":""Deleted NPL"",""saa"":false,""sources"":[""EPA NPL""]}"
superfund_OKD980620868,MOSLEY ROAD SANITARY LANDFILL,superfund,+35.502500,-97.414861,OK,EPA NPL,"{""external_id"":""OKD980620868"",""npl_status"":""Deleted NPL"",""saa"":false,""sources"":[""EPA NPL""]}"
superfund_OKD000829440,NATIONAL ZINC CORP.,superfund,36.746667,-95.995000,OK,EPA NPL,"{""external_id"":""OKD000829440"",""npl_status"":""Proposed NPL"",""saa"":false,""sources"":[""EPA NPL""]}"
superfund_OKD091598870,OKLAHOMA REFINING CO.,superfund,34.898331,-98.193339,OK,EPA NPL,"{""external_id"":""OKD091598870"",""npl_status"":""Final NPL"",""saa"":false,""sources"":[""EPA NPL""]}"
superfund_OKD980748446,SAND SPRINGS PETROCHEMICAL COMPLEX,superfund,36.130831,-96.101389,OK,EPA NPL,"{""external_id"":""OKD980748446"",""npl_status"":""Deleted NPL"",""saa"":false,""sources"":[""EPA NPL""]}"
superfund_OKD980629844,TAR CREEK (OTTAWA COUNTY),superfund,36.943603,-94.841914,OK,EPA NPL,"{""external_id"":""OKD980629844"",""npl_status"":""Final NPL"",""saa"":false,""sources"":[""EPA NPL""]}"
superfund_OKD980620967,TENTH STREET DUMP/JUNKYARD,superfund,+35.478050,-97.451939,OK,EPA NPL,"{""external_id"":""OKD980620967"",""npl_status"":""Deleted NPL"",""saa"":false,""sources"":[""EPA NPL""]}"
superfund_OK1571724391,TINKER AIR FORCE BASE (SOLDIER CREEK/BUILDING 3001),superfund,35.413973,-97.401494,OK,EPA NPL,"{""external_id"":""OK1571724391"",""npl_status"":""Final NPL"",""saa"":false,""sources"":[""EPA NPL""]}"
superfund_OKD987096195,TULSA FUEL AND MANUFACTURING,superfund,+36.346250,-95.848611,OK,EPA NPL,"{""external_id"":""OKD987096195"",""npl_status"":""Deleted NPL"",""saa"":false,""sources"":[""EPA NPL""]}"
superfund_OK0001010917,WILCOX OIL COMPANY,superfund,35.840805,-96.380193,OK,EPA NPL,"{""external_id"":""OK0001010917"",""npl_status"":""Final NPL"",""saa"":false,""sources"":[""EPA NPL""]}"
superfund_ORD009051442,"ALLIED PLATING, INC.",superfund,+45.583331,-122.661700,OR,EPA NPL,"{""external_id"":""ORD009051442"",""npl_status"":""Deleted NPL"",""saa"":false,""sources"":[""EPA NPL""]}"
superfund_OR0000515759,BLACK BUTTE MINE,superfund,+43.579516,-123.066808,OR,EPA NPL,"{""external_id"":""OR0000515759"",""npl_status"":""Final NPL"",""saa"":false,""sources"":[""EPA NPL""]}"
superfund_ORN001002616,FORMOSA MINE,superfund,42.854472,-123.382611,OR,EPA NPL,"{""external_id"":""ORN001002616"",""npl_status"":""Final NPL"",""saa"":false,""sources"":[""EPA NPL""]}"
superfund_OR7122307658,FREMONT NATIONAL FOREST/WHITE KING AND LUCKY LASS URANIUM MINES (USDA),superfund,+42.336111,-120.541667,OR,EPA NPL,"{""external_id"":""OR7122307658"",""npl_status"":""Final NPL"",""saa"":false,""sources"":[""EPA NPL""]}"
superfund_ORD095003687,"GOULD, INC.",superfund,+45.569200,-122.748300,OR,EPA NPL,"{""external_id"":""ORD095003687"",""npl_status"":""Deleted NPL"",""saa"":false,""sources"":[""EPA NPL""]}"
superfund_ORD068782820,JOSEPH FOREST PRODUCTS,superfund,+45.359439,-117.247200,OR,EPA NPL,"{""external_id"":""ORD068782820"",""npl_status"":""Deleted NPL"",""saa"":false,""sources"":[""EPA NPL""]}"
superfund_ORD052221025,MARTIN-MARIETTA ALUMINUM CO.,superfund,+45.624439,-121.205600,OR,EPA NPL,"{""external_id"":""ORD052221025"",""npl_status"":""Deleted NPL"",""saa"":false,""sources"":[""EPA NPL""]}"
superfund_ORD009020603,MCCORMICK & BAXTER CREOSOTING CO. (PORTLAND PLANT),superfund,+45.579443,-122.739440,OR,EPA NPL,"{""external_id"":""ORD009020603"",""npl_status"":""Final NPL"",""saa"":false,""sources"":[""EPA NPL""]}"
superfund_ORN001002476,NORTH RIDGE ESTATES,superfund,+42.264800,-121.746500,OR,EPA NPL,"{""external_id"":""ORN001002476"",""npl_status"":""Final NPL"",""saa"":false,""sources"":[""EPA NPL""]}"
superfund_ORD980988307,NORTHWEST PIPE & CASING/HALL PROCESS COMPANY,superfund,+45.416333,-122.563889,OR,EPA NPL,"{""external_id"":""ORD980988307"",""npl_status"":""Final NPL"",""saa"":false,""sources"":[""EPA NPL""]}"
superfund_ORSFN1002155,PORTLAND HARBOR,superfund,+45.615278,-122.793056,OR,EPA NPL,"{""external_id"":""ORSFN1002155"",""npl_status"":""Final NPL"",""saa"":false,""sources"":[""EPA NPL""]}"
superfund_ORD009412677,REYNOLDS METALS COMPANY,superfund,+45.556900,-122.399161,OR,EPA NPL,"{""external_id"":""ORD009412677"",""npl_status"":""Final NPL"",""saa"":false,""sources"":[""EPA NPL""]}"
superfund_ORD009042532,TAYLOR LUMBER AND TREATING,superfund,+45.097222,-123.426944,OR,EPA NPL,"{""external_id"":""ORD009042532"",""npl_status"":""Final NPL"",""saa"":false,""sources"":[""EPA NPL""]}"
superfund_ORD050955848,TELEDYNE WAH CHANG,superfund,+44.660000,-123.063300,OR,EPA NPL,"{""external_id"":""ORD050955848"",""npl_status"":""Final NPL"",""saa"":false,""sources"":[""EPA NPL""]}"
superfund_OR6213820917,UMATILLA ARMY DEPOT (LAGOONS),superfund,+45.836111,-119.450000,OR,EPA NPL,"{""external_id"":""OR6213820917"",""npl_status"":""Final NPL"",""saa"":false,""sources"":[""EPA NPL""]}"
superfund_ORD009049412,UNION PACIFIC RAILROAD CO. TIE-TREATING PLANT,superfund,+45.598600,-121.165100,OR,EPA NPL,"{""external_id"":""ORD009049412"",""npl_status"":""Final NPL"",""saa"":false,""sources"":[""EPA NPL""]}"
superfund_ORD009043001,"UNITED CHROME PRODUCTS, INC.",superfund,+44.504200,-123.286100,OR,EPA NPL,"{""external_id"":""ORD009043001"",""npl_status"":""Final NPL"",""saa"":false,""sources"":[""EPA NPL""]}"
superfund_PAD004351003,A.I.W. FRANK/MID-COUNTY MUSTANG,superfund,40.031811,-75.603200,PA,EPA NPL,"{""external_id"":""PAD004351003"",""npl_status"":""Final NPL"",""saa"":false,""sources"":[""EPA NPL""]}"
superfund_PAD075993378,ALADDIN PLATING,superfund,41.491939,-75.662781,PA,EPA NPL,"{""external_id"":""PAD075993378"",""npl_status"":""Deleted NPL"",""saa"":false,""sources"":[""EPA NPL""]}"
superfund_PAD000436436,AMBLER ASBESTOS PILES,superfund,40.149719,-75.227219,PA,EPA NPL,"{""external_id"":""PAD000436436"",""npl_status"":""Deleted NPL"",""saa"":false,""sources"":[""EPA NPL""]}"
superfund_PAD041421223,"AMP, INC. (GLEN ROCK FACILITY)",superfund,+39.821800,-76.694400,PA,EPA NPL,"{""external_id"":""PAD041421223"",""npl_status"":""Deleted NPL"",""saa"":false,""sources"":[""EPA NPL""]}"
superfund_PAD987341716,AUSTIN AVENUE RADIATION SITE,superfund,39.943056,-75.261944,PA,EPA NPL,"{""external_id"":""PAD987341716"",""npl_status"":""Deleted NPL"",""saa"":false,""sources"":[""EPA NPL""]}"
superfund_PAD003053709,AVCO LYCOMING (WILLIAMSPORT DIVISION),superfund,41.244031,-77.041111,PA,EPA NPL,"{""external_id"":""PAD003053709"",""npl_status"":""Final NPL"",""saa"":false,""sources"":[""EPA NPL""]}"
superfund_PAN000306939,BAGHURST DRIVE,superfund,+40.299483,-75.455133,PA,EPA NPL,"{""external_id"":""PAN000306939"",""npl_status"":""Final NPL"",""saa"":false,""sources"":[""EPA NPL""]}"
superfund_PAD061105128,BALLY GROUND WATER CONTAMINATION,superfund,+40.398400,-75.593300,PA,EPA NPL,"{""external_id"":""PAD061105128"",""npl_status"":""Final NPL"",""saa"":false,""sources"":[""EPA NPL""]}"
superfund_PAD980705107,BELL LANDFILL,superfund,41.633061,-76.389169,PA,EPA NPL,"{""external_id"":""PAD980705107"",""npl_status"":""Final NPL"",""saa"":false,""sources"":[""EPA NPL""]}"
superfund_PAD003047974,BENDIX FLIGHT SYSTEMS DIVISION,superfund,41.797361,-75.886250,PA,EPA NPL,"{""external_id"":""PAD003047974"",""npl_status"":""Final NPL"",""saa"":false,""sources"":[""EPA NPL""]}"
superfund_PAD980538649,BERKLEY PRODUCTS CO. DUMP,superfund,+40.255550,-76.155281,PA,EPA NPL,"{""external_id"":""PAD980538649"",""npl_status"":""Deleted NPL"",""saa"":false,""sources"":[""EPA NPL""]}"
superfund_PAD000651810,BERKS LANDFILL,superfund,40.291389,-76.031111,PA,EPA NPL,"{""external_id"":""PAD000651810"",""npl_status"":""Deleted NPL"",""saa"":false,""sources"":[""EPA NPL""]}"
superfund_PAD980691794,BERKS SAND PIT,superfund,+40.464600,-75.627300,PA,EPA NPL,"{""external_id"":""PAD980691794"",""npl_status"":""Final NPL"",""saa"":false,""sources"":[""EPA NPL""]}"
superfund_PAD980539985,BLOSENSKI LANDFILL,superfund,+40.020000,-75.910550,PA,EPA NPL,"{""external_id"":""PAD980539985"",""npl_status"":""Final NPL"",""saa"":false,""sources"":[""EPA NPL""]}"
superfund_PAD047726161,BOARHEAD FARMS,superfund,40.545831,-75.125000,PA,EPA NPL,"{""external_id"":""PAD047726161"",""npl_status"":""Final NPL"",""saa"":false,""sources"":[""EPA NPL""]}"
superfund_PAD981034887,BORIT ASBESTOS,superfund,40.153472,-75.228625,PA,EPA NPL,"{""external_id"":""PAD981034887"",""npl_status"":""Final NPL"",""saa"":false,""sources"":[""EPA NPL""]}"
superfund_PAD089667695,"BRESLUBE-PENN, INC.",superfund,40.501389,-80.146389,PA,EPA NPL,"{""external_id"":""PAD089667695"",""npl_status"":""Final NPL"",""saa"":false,""sources"":[""EPA NPL""]}"
superfund_PAD980691760,BRODHEAD CREEK,superfund,40.989719,-75.186669,PA,EPA NPL,"{""external_id"":""PAD980691760"",""npl_status"":""Deleted NPL"",""saa"":false,""sources"":[""EPA NPL""]}"
superfund_PAD980831812,BROWN'S BATTERY BREAKING,superfund,40.519439,-76.001389,PA,EPA NPL,"{""external_id"":""PAD980831812"",""npl_status"":""Final NPL"",""saa"":false,""sources"":[""EPA NPL""]}"
superfund_PAD980712855,BRUIN LAGOON,superfund,41.051111,-79.725000,PA,EPA NPL,"{""external_id"":""PAD980712855"",""npl_status"":""Deleted NPL"",""saa"":false,""sources"":[""EPA NPL""]}"
superfund_PAD980508451,BUTLER MINE TUNNEL,superfund,+41.326800,-75.789900,PA,EPA NPL,"{""external_id"":""PAD980508451"",""npl_status"":""Deleted NPL"",""saa"":false,""sources"":[""EPA NPL""]}"
superfund_PAD981034705,BUTZ LANDFILL,superfund,+41.033500,-75.343800,PA,EPA NPL,"{""external_id"":""PAD981034705"",""npl_status"":""Final NPL"",""saa"":false,""sources"":[""EPA NPL""]}"
superfund_PAD021449244,C & D RECYCLING,superfund,+41.031389,-75.841669,PA,EPA NPL,"{""external_id"":""PAD021449244"",""npl_status"":""Deleted NPL"",""saa"":false,""sources"":[""EPA NPL""]}"
superfund_PAD000436261,CENTRE COUNTY KEPONE,superfund,40.823611,-77.808331,PA,EPA NPL,"{""external_id"":""PAD000436261"",""npl_status"":""Final NPL"",""saa"":false,""sources"":[""EPA NPL""]}"
superfund_PAD002323848,CHEM-FAB,superfund,40.315958,-75.136003,PA,EPA NPL,"{""external_id"":""PAD002323848"",""npl_status"":""Final NPL"",""saa"":false,""sources"":[""EPA NPL""]}"
superfund_PAD093730174,COMMODORE SEMICONDUCTOR GROUP,superfund,+40.124100,-75.419400,PA,EPA NPL,"{""external_id"":""PAD093730174"",""npl_status"":""Final NPL"",""saa"":false,""sources"":[""EPA NPL""]}"
superfund_PAD980508527,CRAIG FARM DRUM,superfund,+41.044600,-79.682500,PA,EPA NPL,"{""external_id"":""PAD980508527"",""npl_status"":""Deleted NPL"",""saa"":false,""sources"":[""EPA NPL""]}"
superfund_PAD980419097,"CRATER RESOURCES, INC./KEYSTONE COKE CO./ALAN WOOD STEEL CO.",superfund,40.081667,-75.342500,PA,EPA NPL,"{""external_id"":""PAD980419097"",""npl_status"":""Final NPL"",""saa"":false,""sources"":[""EPA NPL""]}"
superfund_PAD981740061,CROSSLEY FARM,superfund,40.435417,-75.620611,PA,EPA NPL,"{""external_id"":""PAD981740061"",""npl_status"":""Final NPL"",""saa"":false,""sources"":[""EPA NPL""]}"
superfund_PAD981035009,CROYDON TCE,superfund,40.084934,-74.889200,PA,EPA NPL,"{""external_id"":""PAD981035009"",""npl_status"":""Final NPL"",""saa"":false,""sources"":[""EPA NPL""]}"
superfund_PAD002360444,"CRYOCHEM, INC.",superfund,40.317219,-75.691669,PA,EPA NPL,"{""external_id"":""PAD002360444"",""npl_status"":""Final NPL"",""saa"":false,""sources"":[""EPA NPL""]}"
superfund_PAD981038052,"DELTA QUARRIES & DISPOSAL, INC./STOTLER LANDFILL",superfund,40.553611,-78.354450,PA,EPA NPL,"{""external_id"":""PAD981038052"",""npl_status"":""Final NPL"",""saa"":false,""sources"":[""EPA NPL""]}"
superfund_PAD980508832,DORNEY ROAD LANDFILL,superfund,+40.527781,-75.654169,PA,EPA NPL,"{""external_id"":""PAD980508832"",""npl_status"":""Deleted NPL"",""saa"":false,""sources"":[""EPA NPL""]}"
superfund_PAD002384865,DOUGLASSVILLE DISPOSAL,superfund,+40.257500,-75.735281,PA,EPA NPL,"{""external_id"":""PAD002384865"",""npl_status"":""Final NPL"",""saa"":false,""sources"":[""EPA NPL""]}"
superfund_PAD003058047,DRAKE CHEMICAL,superfund,41.129169,-77.443611,PA,EPA NPL,"{""external_id"":""PAD003058047"",""npl_status"":""Final NPL"",""saa"":false,""sources"":[""EPA NPL""]}"
superfund_PAD981740004,DUBLIN TCE SITE,superfund,40.370892,-75.204897,PA,EPA NPL,"{""external_id"":""PAD981740004"",""npl_status"":""Final NPL"",""saa"":false,""sources"":[""EPA NPL""]}"
superfund_PAD980690549,EAST MOUNT ZION,superfund,+40.007500,-76.665281,PA,EPA NPL,"{""external_id"":""PAD980690549"",""npl_status"":""Final NPL"",""saa"":false,""sources"":[""EPA NPL""]}"
superfund_PAD980830533,EASTERN DIVERSIFIED METALS,superfund,40.829439,-75.997500,PA,EPA NPL,"{""external_id"":""PAD980830533"",""npl_status"":""Final NPL"",""saa"":false,""sources"":[""EPA NPL""]}"
superfund_PAD980539712,ELIZABETHTOWN LANDFILL,superfund,40.132781,-76.608189,PA,EPA NPL,"{""external_id"":""PAD980539712"",""npl_status"":""Final NPL"",""saa"":false,""sources"":[""EPA NPL""]}"
superfund_PAD980552913,ENTERPRISE AVENUE,superfund,+39.885000,-75.212500,PA,EPA NPL,"{""external_id"":""PAD980552913"",""npl_status"":""Deleted NPL"",""saa"":false,""sources"":[""EPA NPL""]}"
superfund_PAD002345817,FISCHER & PORTER CO.,superfund,40.183889,-75.092500,PA,EPA NPL,"{""external_id"":""PAD002345817"",""npl_status"":""Final NPL"",""saa"":false,""sources"":[""EPA NPL""]}"
superfund_PAD077087989,FOOTE MINERAL CO.,superfund,+40.040000,-75.585278,PA,EPA NPL,"{""external_id"":""PAD077087989"",""npl_status"":""Final NPL"",""saa"":false,""sources"":[""EPA NPL""]}"
superfund_PAD003031788,FOSTER WHEELER ENERGY CORP./CHURCH ROAD TCE,superfund,+41.133056,-75.878056,PA,EPA NPL,"{""external_id"":""PAD003031788"",""npl_status"":""Proposed NPL"",""saa"":false,""sources"":[""EPA NPL""]}"
superfund_PASFN0305549,FRANKLIN SLAG PILE (MDC),superfund,39.983194,-75.083889,PA,EPA NPL,"{""external_id"":""PASFN0305549"",""npl_status"":""Final NPL"",""saa"":false,""sources"":[""EPA NPL""]}"
superfund_PAD002338010,HAVERTOWN PCP,superfund,39.982781,-75.318611,PA,EPA NPL,"{""external_id"":""PAD002338010"",""npl_status"":""Final NPL"",""saa"":false,""sources"":[""EPA NPL""]}"
superfund_PAD980829329,HEBELKA AUTO SALVAGE YARD,superfund,40.576669,-75.667781,PA,EPA NPL,"{""external_id"":""PAD980829329"",""npl_status"":""Deleted NPL"",""saa"":false,""sources"":[""EPA NPL""]}"
superfund_PAD980537716,HELEVA LANDFILL,superfund,40.670831,-75.562500,PA,EPA NPL,"{""external_id"":""PAD980537716"",""npl_status"":""Final NPL"",""saa"":false,""sources"":[""EPA NPL""]}"
superfund_PAD002390748,HELLERTOWN MANUFACTURING CO.,superfund,40.595417,-75.340947,PA,EPA NPL,"{""external_id"":""PAD002390748"",""npl_status"":""Final NPL"",""saa"":false,""sources"":[""EPA NPL""]}"
superfund_PAD009862939,HENDERSON ROAD,superfund,40.086939,-75.355550,PA,EPA NPL,"{""external_id"":""PAD009862939"",""npl_status"":""Final NPL"",""saa"":false,""sources"":[""EPA NPL""]}"
superfund_PAD980508618,HRANICA LANDFILL,superfund,40.677219,-79.749439,PA,EPA NPL,"{""external_id"":""PAD980508618"",""npl_status"":""Deleted NPL"",""saa"":false,""sources"":[""EPA NPL""]}"
superfund_PAD980830897,HUNTERSTOWN ROAD,superfund,+39.853050,-77.206111,PA,EPA NPL,"{""external_id"":""PAD980830897"",""npl_status"":""Final NPL"",""saa"":false,""sources"":[""EPA NPL""]}"
superfund_PAD980508493,INDUSTRIAL LANE,superfund,40.665831,-75.228611,PA,EPA NPL,"{""external_id"":""PAD980508493"",""npl_status"":""Final NPL"",""saa"":false,""sources"":[""EPA NPL""]}"
superfund_PAD980829493,"JACKS CREEK/SITKIN SMELTING & REFINING, INC.",superfund,40.641531,-77.475281,PA,EPA NPL,"{""external_id"":""PAD980829493"",""npl_status"":""Final NPL"",""saa"":false,""sources"":[""EPA NPL""]}"
superfund_PAD001222025,"JACKSON CERAMIX, INC",superfund,+41.139167,-78.801944,PA,EPA NPL,"{""external_id"":""PAD001222025"",""npl_status"":""Final NPL"",""saa"":false,""sources"":[""EPA NPL""]}"
superfund_PAD054142781,KEYSTONE SANITATION LANDFILL,superfund,+39.724450,-77.036111,PA,EPA NPL,"{""external_id"":""PAD054142781"",""npl_status"":""Final NPL"",""saa"":false,""sources"":[""EPA NPL""]}"
superfund_PAD980691703,KIMBERTON,superfund,+40.126950,-75.575000,PA,EPA NPL,"{""external_id"":""PAD980691703"",""npl_status"":""Final NPL"",""saa"":false,""sources"":[""EPA NPL""]}"
superfund_PAD980508667,LACKAWANNA REFUSE,superfund,+41.373050,-75.755281,PA,EPA NPL,"{""external_id"":""PAD980508667"",""npl_status"":""Deleted NPL"",""saa"":false,""sources"":[""EPA NPL""]}"
superfund_PAD980830921,LANSDOWNE RADIATION SITE,superfund,+39.941300,-75.267100,PA,EPA NPL,"{""external_id"":""PAD980830921"",""npl_status"":""Deleted NPL"",""saa"":false,""sources"":[""EPA NPL""]}"
superfund_PAD980712731,LEHIGH ELECTRIC & ENGINEERING CO.,superfund,41.357531,-75.740689,PA,EPA NPL,"{""external_id"":""PAD980712731"",""npl_status"":""Deleted NPL"",""saa"":false,""sources"":[""EPA NPL""]}"
superfund_PA2210090054,LETTERKENNY ARMY DEPOT (PDO AREA),superfund,+40.007500,-77.640000,PA,EPA NPL,"{""external_id"":""PA2210090054"",""npl_status"":""Final NPL"",""saa"":false,""sources"":[""EPA NPL""]}"
superfund_PA6213820503,LETTERKENNY ARMY DEPOT (SE AREA),superfund,+39.995700,-77.644400,PA,EPA NPL,"{""external_id"":""PA6213820503"",""npl_status"":""Final NPL"",""saa"":false,""sources"":[""EPA NPL""]}"
superfund_PAD980712798,LINDANE DUMP,superfund,+40.625700,-79.715500,PA,EPA NPL,"{""external_id"":""PAD980712798"",""npl_status"":""Final NPL"",""saa"":false,""sources"":[""EPA NPL""]}"
superfund_PAD980508931,LORD-SHOPE LANDFILL,superfund,41.977781,-80.352500,PA,EPA NPL,"{""external_id"":""PAD980508931"",""npl_status"":""Final NPL"",""saa"":false,""sources"":[""EPA NPL""]}"
superfund_PASFN0305521,LOWER DARBY CREEK AREA,superfund,39.885556,-75.267778,PA,EPA NPL,"{""external_id"":""PASFN0305521"",""npl_status"":""Final NPL"",""saa"":false,""sources"":[""EPA NPL""]}"
superfund_PAD014353445,MALVERN TCE,superfund,40.061669,-75.568050,PA,EPA NPL,"{""external_id"":""PAD014353445"",""npl_status"":""Final NPL"",""saa"":false,""sources"":[""EPA NPL""]}"
superfund_PAD980712616,MCADOO ASSOCIATES,superfund,40.878331,-76.001389,PA,EPA NPL,"{""external_id"":""PAD980712616"",""npl_status"":""Deleted NPL"",""saa"":false,""sources"":[""EPA NPL""]}"
superfund_PAD046557096,METAL BANK,superfund,40.024169,-75.027781,PA,EPA NPL,"{""external_id"":""PAD046557096"",""npl_status"":""Final NPL"",""saa"":false,""sources"":[""EPA NPL""]}"
superfund_PAD044545895,METRO CONTAINER CORPORATION,superfund,39.824981,-75.399047,PA,EPA NPL,"{""external_id"":""PAD044545895"",""npl_status"":""Final NPL"",""saa"":false,""sources"":[""EPA NPL""]}"
superfund_PAD982366957,"METROPOLITAN MIRROR AND GLASS CO., INC.",superfund,+40.775000,-76.221667,PA,EPA NPL,"{""external_id"":""PAD982366957"",""npl_status"":""Deleted NPL"",""saa"":false,""sources"":[""EPA NPL""]}"
superfund_PAD980538763,MIDDLETOWN AIR FIELD,superfund,+40.176300,-76.717300,PA,EPA NPL,"{""external_id"":""PAD980538763"",""npl_status"":""Deleted NPL"",""saa"":false,""sources"":[""EPA NPL""]}"
superfund_PAD980231690,MILL CREEK DUMP,superfund,42.093331,-80.152781,PA,EPA NPL,"{""external_id"":""PAD980231690"",""npl_status"":""Final NPL"",""saa"":false,""sources"":[""EPA NPL""]}"
superfund_PAD980539068,MODERN SANITATION LANDFILL,superfund,39.960561,-76.592500,PA,EPA NPL,"{""external_id"":""PAD980539068"",""npl_status"":""Final NPL"",""saa"":false,""sources"":[""EPA NPL""]}"
superfund_PAD980508766,MOYERS LANDFILL,superfund,40.155561,-75.433611,PA,EPA NPL,"{""external_id"":""PAD980508766"",""npl_status"":""Deleted NPL"",""saa"":false,""sources"":[""EPA NPL""]}"
superfund_PAD980691372,MW MANUFACTURING,superfund,+40.990000,-76.641669,PA,EPA NPL,"{""external_id"":""PAD980691372"",""npl_status"":""Final NPL"",""saa"":false,""sources"":[""EPA NPL""]}"
superfund_PA6170024545,NAVAL AIR DEVELOPMENT CENTER (8 WASTE AREAS),superfund,+40.199600,-75.064200,PA,EPA NPL,"{""external_id"":""PA6170024545"",""npl_status"":""Final NPL"",""saa"":false,""sources"":[""EPA NPL""]}"
superfund_PA3170022104,NAVY SHIPS PARTS CONTROL CENTER,superfund,+40.225556,-076.993610,PA,EPA NPL,"{""external_id"":""PA3170022104"",""npl_status"":""Final NPL"",""saa"":false,""sources"":[""EPA NPL""]}"
superfund_PAD096834494,NORTH PENN - AREA 1,superfund,+40.310800,-75.325200,PA,EPA NPL,"{""external_id"":""PAD096834494"",""npl_status"":""Final NPL"",""saa"":false,""sources"":[""EPA NPL""]}"
superfund_PAD057152365,NORTH PENN - AREA 12,superfund,+40.180700,-75.353700,PA,EPA NPL,"{""external_id"":""PAD057152365"",""npl_status"":""Final NPL"",""saa"":false,""sources"":[""EPA NPL""]}"
superfund_PAD002342475,NORTH PENN - AREA 2,superfund,40.293889,-75.297781,PA,EPA NPL,"{""external_id"":""PAD002342475"",""npl_status"":""Final NPL"",""saa"":false,""sources"":[""EPA NPL""]}"
superfund_PAD980692693,NORTH PENN - AREA 5,superfund,+40.272100,-75.245100,PA,EPA NPL,"{""external_id"":""PAD980692693"",""npl_status"":""Final NPL"",""saa"":false,""sources"":[""EPA NPL""]}"
superfund_PAD980926976,NORTH PENN - AREA 6,superfund,+40.248331,-75.295639,PA,EPA NPL,"{""external_id"":""PAD980926976"",""npl_status"":""Final NPL"",""saa"":false,""sources"":[""EPA NPL""]}"
superfund_PAD002498632,NORTH PENN - AREA 7,superfund,40.218061,-75.278889,PA,EPA NPL,"{""external_id"":""PAD002498632"",""npl_status"":""Final NPL"",""saa"":false,""sources"":[""EPA NPL""]}"
superfund_PAD079160842,NOVAK SANITARY LANDFILL,superfund,+40.633200,-75.561100,PA,EPA NPL,"{""external_id"":""PAD079160842"",""npl_status"":""Final NPL"",""saa"":false,""sources"":[""EPA NPL""]}"
superfund_PAD980229298,OCCIDENTAL CHEMICAL CORP./FIRESTONE TIRE & RUBBER CO.,superfund,40.232081,-75.614169,PA,EPA NPL,"{""external_id"":""PAD980229298"",""npl_status"":""Final NPL"",""saa"":false,""sources"":[""EPA NPL""]}"
superfund_PAD980508816,OHIO RIVER PARK,superfund,40.518611,-80.152500,PA,EPA NPL,"{""external_id"":""PAD980508816"",""npl_status"":""Final NPL"",""saa"":false,""sources"":[""EPA NPL""]}"
superfund_PAD980692420,OLD CITY OF YORK LANDFILL,superfund,39.840281,-76.759719,PA,EPA NPL,"{""external_id"":""PAD980692420"",""npl_status"":""Final NPL"",""saa"":false,""sources"":[""EPA NPL""]}"
superfund_PAD981938939,OLD WILMINGTON ROAD GW CONTAMINATION,superfund,39.995833,-75.908333,PA,EPA NPL,"{""external_id"":""PAD981938939"",""npl_status"":""Final NPL"",""saa"":false,""sources"":[""EPA NPL""]}"
superfund_PAD980712673,OSBORNE LANDFILL,superfund,41.161111,-80.058331,PA,EPA NPL,"{""external_id"":""PAD980712673"",""npl_status"":""Final NPL"",""saa"":false,""sources"":[""EPA NPL""]}"
superfund_PAD002395887,PALMERTON ZINC PILE,superfund,+40.808331,-75.583339,PA,EPA NPL,"{""external_id"":""PAD002395887"",""npl_status"":""Final NPL"",""saa"":false,""sources"":[""EPA NPL""]}"
superfund_PAD980692594,PAOLI RAIL YARD,superfund,40.043189,-75.492919,PA,EPA NPL,"{""external_id"":""PAD980692594"",""npl_status"":""Final NPL"",""saa"":false,""sources"":[""EPA NPL""]}"
superfund_PAD980508865,PRESQUE ISLE,superfund,+42.149700,-80.133300,PA,EPA NPL,"{""external_id"":""PAD980508865"",""npl_status"":""Deleted NPL"",""saa"":false,""sources"":[""EPA NPL""]}"
superfund_PAN000305679,PRICE BATTERY LEAD SMELTER,superfund,40.549507,-75.980228,PA,EPA NPL,"{""external_id"":""PAN000305679"",""npl_status"":""Final NPL"",""saa"":false,""sources"":[""EPA NPL""]}"
superfund_PAD981939200,PUBLICKER INDUSTRIES INC.,superfund,+39.908050,-75.135281,PA,EPA NPL,"{""external_id"":""PAD981939200"",""npl_status"":""Deleted NPL"",""saa"":false,""sources"":[""EPA NPL""]}"
superfund_PAD039017694,RAYMARK,superfund,40.179719,-75.098611,PA,EPA NPL,"{""external_id"":""PAD039017694"",""npl_status"":""Final NPL"",""saa"":false,""sources"":[""EPA NPL""]}"
superfund_PAD002353969,RECTICON/ALLIED STEEL CORP.,superfund,+40.203469,-75.589031,PA,EPA NPL,"{""external_id"":""PAD002353969"",""npl_status"":""Deleted NPL"",""saa"":false,""sources"":[""EPA NPL""]}"
superfund_PAD980829261,REESER'S LANDFILL,superfund,+40.579400,-75.656400,PA,EPA NPL,"{""external_id"":""PAD980829261"",""npl_status"":""Deleted NPL"",""saa"":false,""sources"":[""EPA NPL""]}"
superfund_PAD063766828,RESIN DISPOSAL,superfund,+40.270500,-79.912400,PA,EPA NPL,"{""external_id"":""PAD063766828"",""npl_status"":""Deleted NPL"",""saa"":false,""sources"":[""EPA NPL""]}"
superfund_PAD051395499,REVERE CHEMICAL CO.,superfund,40.502781,-75.168889,PA,EPA NPL,"{""external_id"":""PAD051395499"",""npl_status"":""Final NPL"",""saa"":false,""sources"":[""EPA NPL""]}"
superfund_PAD000439083,"RIVER ROAD LANDFILL (WASTE MANAGEMENT, INC.)",superfund,41.266669,-80.487500,PA,EPA NPL,"{""external_id"":""PAD000439083"",""npl_status"":""Deleted NPL"",""saa"":false,""sources"":[""EPA NPL""]}"
superfund_PAD981033285,"RODALE MANUFACTURING CO., INC.",superfund,40.531111,-75.493333,PA,EPA NPL,"{""external_id"":""PAD981033285"",""npl_status"":""Final NPL"",""saa"":false,""sources"":[""EPA NPL""]}"
superfund_PAD981034630,ROUTE 940 DRUM DUMP,superfund,+41.110500,-75.382500,PA,EPA NPL,"{""external_id"":""PAD981034630"",""npl_status"":""Deleted NPL"",""saa"":false,""sources"":[""EPA NPL""]}"
superfund_PAD981033459,RYELAND ROAD ARSENIC SITE,superfund,+40.353950,-76.175361,PA,EPA NPL,"{""external_id"":""PAD981033459"",""npl_status"":""Final NPL"",""saa"":false,""sources"":[""EPA NPL""]}"
superfund_PAD980692487,SAEGERTOWN INDUSTRIAL AREA,superfund,+41.718840,-80.142972,PA,EPA NPL,"{""external_id"":""PAD980692487"",""npl_status"":""Final NPL"",""saa"":false,""sources"":[""EPA NPL""]}"
superfund_PAD987295276,SAFETY LIGHT CORPORATION,superfund,41.015278,-76.376389,PA,EPA NPL,"{""external_id"":""PAD987295276"",""npl_status"":""Final NPL"",""saa"":false,""sources"":[""EPA NPL""]}"
superfund_PAD980693204,SALFORD QUARRY,superfund,40.251944,-75.382222,PA,EPA NPL,"{""external_id"":""PAD980693204"",""npl_status"":""Final NPL"",""saa"":false,""sources"":[""EPA NPL""]}"
superfund_PAD001933175,SHARON STEEL CORP (FARRELL WORKS DISPOSAL AREA),superfund,41.198611,-80.510278,PA,EPA NPL,"{""external_id"":""PAD001933175"",""npl_status"":""Final NPL"",""saa"":false,""sources"":[""EPA NPL""]}"
superfund_PAD980830889,SHRIVER'S CORNER,superfund,+39.899900,-77.205500,PA,EPA NPL,"{""external_id"":""PAD980830889"",""npl_status"":""Final NPL"",""saa"":false,""sources"":[""EPA NPL""]}"
superfund_PAD014269971,STANLEY KESSLER,superfund,40.083889,-75.355000,PA,EPA NPL,"{""external_id"":""PAD014269971"",""npl_status"":""Final NPL"",""saa"":false,""sources"":[""EPA NPL""]}"
superfund_PAD000441337,STRASBURG LANDFILL,superfund,+39.944439,-75.768061,PA,EPA NPL,"{""external_id"":""PAD000441337"",""npl_status"":""Deleted NPL"",""saa"":false,""sources"":[""EPA NPL""]}"
superfund_PAD980693907,TAYLOR BOROUGH DUMP,superfund,41.407219,-75.718331,PA,EPA NPL,"{""external_id"":""PAD980693907"",""npl_status"":""Deleted NPL"",""saa"":false,""sources"":[""EPA NPL""]}"
superfund_PA5213820892,TOBYHANNA ARMY DEPOT,superfund,+41.193050,-75.419439,PA,EPA NPL,"{""external_id"":""PA5213820892"",""npl_status"":""Final NPL"",""saa"":false,""sources"":[""EPA NPL""]}"
superfund_PAD073613663,TONOLLI CORP.,superfund,40.850561,-75.881111,PA,EPA NPL,"{""external_id"":""PAD073613663"",""npl_status"":""Final NPL"",""saa"":false,""sources"":[""EPA NPL""]}"
superfund_PAD980692024,TYSONS DUMP,superfund,40.111389,-75.362781,PA,EPA NPL,"{""external_id"":""PAD980692024"",""npl_status"":""Final NPL"",""saa"":false,""sources"":[""EPA NPL""]}"
superfund_PAD980539126,UGI COLUMBIA GAS PLANT,superfund,40.026207,-76.498389,PA,EPA NPL,"{""external_id"":""PAD980539126"",""npl_status"":""Final NPL"",""saa"":false,""sources"":[""EPA NPL""]}"
superfund_PAD982363970,VALMONT TCE SITE (FORMER - VALMONT INDUSTRIAL PARK),superfund,40.967778,-76.015556,PA,EPA NPL,"{""external_id"":""PAD982363970"",""npl_status"":""Final NPL"",""saa"":false,""sources"":[""EPA NPL""]}"
superfund_PAD980692719,VOORTMAN FARM,superfund,+40.547000,-75.447500,PA,EPA NPL,"{""external_id"":""PAD980692719"",""npl_status"":""Deleted NPL"",""saa"":false,""sources"":[""EPA NPL""]}"
superfund_PAD980539407,WADE (ABM),superfund,+39.833700,-75.377500,PA,EPA NPL,"{""external_id"":""PAD980539407"",""npl_status"":""Deleted NPL"",""saa"":false,""sources"":[""EPA NPL""]}"
superfund_PAD980829527,WALSH LANDFILL,superfund,40.119719,-75.915281,PA,EPA NPL,"{""external_id"":""PAD980829527"",""npl_status"":""Final NPL"",""saa"":false,""sources"":[""EPA NPL""]}"
superfund_PAD980706824,WATSON JOHNSON LANDFILL,superfund,40.460139,-75.331861,PA,EPA NPL,"{""external_id"":""PAD980706824"",""npl_status"":""Final NPL"",""saa"":false,""sources"":[""EPA NPL""]}"
superfund_PAD005000575,WESTINGHOUSE ELECTRIC CORP. (SHARON PLANT),superfund,+41.243400,-80.505800,PA,EPA NPL,"{""external_id"":""PAD005000575"",""npl_status"":""Final NPL"",""saa"":false,""sources"":[""EPA NPL""]}"
superfund_PAD043882281,WESTINGHOUSE ELEVATOR CO. PLANT,superfund,39.857219,-77.240000,PA,EPA NPL,"{""external_id"":""PAD043882281"",""npl_status"":""Final NPL"",""saa"":false,""sources"":[""EPA NPL""]}"
superfund_PAD980692537,WESTLINE,superfund,41.774719,-78.771669,PA,EPA NPL,"{""external_id"":""PAD980692537"",""npl_status"":""Deleted NPL"",""saa"":false,""sources"":[""EPA NPL""]}"
superfund_PAD003005014,WHITMOYER LABORATORIES,superfund,40.364719,-76.325000,PA,EPA NPL,"{""external_id"":""PAD003005014"",""npl_status"":""Final NPL"",""saa"":false,""sources"":[""EPA NPL""]}"
superfund_PAD980537773,WILLIAM DICK LAGOONS,superfund,40.041939,-75.898061,PA,EPA NPL,"{""external_id"":""PAD980537773"",""npl_status"":""Final NPL"",""saa"":false,""sources"":[""EPA NPL""]}"
superfund_PAD987277837,WILLOW GROVE NAVAL AIR AND AIR RESERVE STATION,superfund,+40.192220,-75.147500,PA,EPA NPL,"{""external_id"":""PAD987277837"",""npl_status"":""Final NPL"",""saa"":false,""sources"":[""EPA NPL""]}"
superfund_PAD980830715,YORK COUNTY SOLID WASTE AND REFUSE AUTHORITY LANDFILL,superfund,39.782361,-76.607219,PA,EPA NPL,"{""external_id"":""PAD980830715"",""npl_status"":""Deleted NPL"",""saa"":false,""sources"":[""EPA NPL""]}"
superfund_PRN000204694,ATLANTIC FLEET WEAPONS TRAINING AREA,superfund,+18.130580,-065.310600,PR,EPA NPL,"{""external_id"":""PRN000204694"",""npl_status"":""Final NPL"",""saa"":false,""sources"":[""EPA NPL""]}"
superfund_PRD980509129,BARCELONETA LANDFILL,superfund,+18.410550,-66.547781,PR,EPA NPL,"{""external_id"":""PRD980509129"",""npl_status"":""Deleted NPL"",""saa"":false,""sources"":[""EPA NPL""]}"
superfund_PRN000206319,CABO ROJO GROUND WATER CONTAMINATION,superfund,18.090725,-67.148325,PR,EPA NPL,"{""external_id"":""PRN000206319"",""npl_status"":""Final NPL"",""saa"":false,""sources"":[""EPA NPL""]}"
superfund_PRN000204538,CIDRA GROUNDWATER CONTAMINATION,superfund,18.175277,-66.161944,PR,EPA NPL,"{""external_id"":""PRN000204538"",""npl_status"":""Final NPL"",""saa"":false,""sources"":[""EPA NPL""]}"
superfund_PRN000206452,COROZAL WELL,superfund,+18.295711,-66.286206,PR,EPA NPL,"{""external_id"":""PRN000206452"",""npl_status"":""Deleted NPL"",""saa"":false,""sources"":[""EPA NPL""]}"
superfund_PRN000201872,DORADO GROUND WATER CONTAMINATION,superfund,18.429756,-66.278320,PR,EPA NPL,"{""external_id"":""PRN000201872"",""npl_status"":""Final NPL"",""saa"":false,""sources"":[""EPA NPL""]}"
superfund_PRD980763783,FIBERS PUBLIC SUPPLY WELLS,superfund,+17.963200,-066.146100,PR,EPA NPL,"{""external_id"":""PRD980763783"",""npl_status"":""Final NPL"",""saa"":false,""sources"":[""EPA NPL""]}"
superfund_PRD980640965,FRONTERA CREEK,superfund,+18.151950,-65.790281,PR,EPA NPL,"{""external_id"":""PRD980640965"",""npl_status"":""Deleted NPL"",""saa"":false,""sources"":[""EPA NPL""]}"
superfund_PRD090282757,GE WIRING DEVICES,superfund,18.059439,-66.508889,PR,EPA NPL,"{""external_id"":""PRD090282757"",""npl_status"":""Deleted NPL"",""saa"":false,""sources"":[""EPA NPL""]}"
superfund_PRD980512362,JUNCOS LANDFILL,superfund,+18.223200,-065.908700,PR,EPA NPL,"{""external_id"":""PRD980512362"",""npl_status"":""Final NPL"",""saa"":false,""sources"":[""EPA NPL""]}"
superfund_PRN000205831,MAUNABO AREA GROUND WATER CONTAMINATION,superfund,18.005611,-65.901417,PR,EPA NPL,"{""external_id"":""PRN000205831"",""npl_status"":""Final NPL"",""saa"":false,""sources"":[""EPA NPL""]}"
superfund_PR4170027383,NAVAL SECURITY GROUP ACTIVITY,superfund,18.433061,-66.190281,PR,EPA NPL,"{""external_id"":""PR4170027383"",""npl_status"":""Deleted NPL"",""saa"":false,""sources"":[""EPA NPL""]}"
superfund_PRD090290685,"PAPELERA PUERTORRIQUENA, INC.",superfund,18.265194,-66.694908,PR,EPA NPL,"{""external_id"":""PRD090290685"",""npl_status"":""Final NPL"",""saa"":false,""sources"":[""EPA NPL""]}"
superfund_PRD987367349,PESTICIDE WAREHOUSE I,superfund,18.435556,-066.600000,PR,EPA NPL,"{""external_id"":""PRD987367349"",""npl_status"":""Final NPL"",""saa"":false,""sources"":[""EPA NPL""]}"
superfund_PRD987367299,PESTICIDE WAREHOUSE III,superfund,18.429139,-066.458000,PR,EPA NPL,"{""external_id"":""PRD987367299"",""npl_status"":""Final NPL"",""saa"":false,""sources"":[""EPA NPL""]}"
superfund_PRN000205957,SAN GERMAN GROUND WATER CONTAMINATION,superfund,18.084472,-67.035306,PR,EPA NPL,"{""external_id"":""PRN000205957"",""npl_status"":""Final NPL"",""saa"":false,""sources"":[""EPA NPL""]}"
superfund_PRD987376662,"SCORPIO RECYCLING, INC.",superfund,18.409167,-66.231944,PR,EPA NPL,"{""external_id"":""PRD987376662"",""npl_status"":""Final NPL"",""saa"":false,""sources"":[""EPA NPL""]}"
superfund_PRR000004655,THE BATTERY RECYCLING COMPANY,superfund,+18.453603,-66.694097,PR,EPA NPL,"{""external_id"":""PRR000004655"",""npl_status"":""Final NPL"",""saa"":false,""sources"":[""EPA NPL""]}"
superfund_PRD980301154,UPJOHN FACILITY,superfund,+18.429200,-066.590100,PR,EPA NPL,"{""external_id"":""PRD980301154"",""npl_status"":""Final NPL"",""saa"":false,""sources"":[""EPA NPL""]}"
superfund_PRD987366101,V&M/ALBALADEJO,superfund,+18.410000,-066.380000,PR,EPA NPL,"{""external_id"":""PRD987366101"",""npl_status"":""Deleted NPL"",""saa"":false,""sources"":[""EPA NPL""]}"
superfund_PRD980763775,VEGA ALTA PUBLIC SUPPLY WELLS,superfund,18.418061,-66.330281,PR,EPA NPL,"{""external_id"":""PRD980763775"",""npl_status"":""Final NPL"",""saa"":false,""sources"":[""EPA NPL""]}"
superfund_PRD980512669,VEGA BAJA SOLID WASTE DISPOSAL,superfund,18.434306,-66.389722,PR,EPA NPL,"{""external_id"":""PRD980512669"",""npl_status"":""Final NPL"",""saa"":false,""sources"":[""EPA NPL""]}"
superfund_RID980520183,CENTRAL LANDFILL,superfund,41.808331,-71.534719,RI,EPA NPL,"{""external_id"":""RID980520183"",""npl_status"":""Final NPL"",""saa"":false,""sources"":[""EPA NPL""]}"
superfund_RID981203755,CENTREDALE MANOR RESTORATION PROJECT,superfund,41.857667,-071.487250,RI,EPA NPL,"{""external_id"":""RID981203755"",""npl_status"":""Final NPL"",""saa"":false,""sources"":[""EPA NPL""]}"
superfund_RID980731459,DAVIS (GSR) LANDFILL,superfund,41.917469,-71.588111,RI,EPA NPL,"{""external_id"":""RID980731459"",""npl_status"":""Deleted NPL"",""saa"":false,""sources"":[""EPA NPL""]}"
superfund_RID980523070,DAVIS LIQUID WASTE,superfund,41.922219,-71.577769,RI,EPA NPL,"{""external_id"":""RID980523070"",""npl_status"":""Final NPL"",""saa"":false,""sources"":[""EPA NPL""]}"
superfund_RI6170022036,DAVISVILLE NAVAL CONSTRUCTION BATTALION CENTER,superfund,+41.609500,-071.474220,RI,EPA NPL,"{""external_id"":""RI6170022036"",""npl_status"":""Final NPL"",""saa"":false,""sources"":[""EPA NPL""]}"
superfund_RID093212439,"LANDFILL & RESOURCE RECOVERY, INC. (L&RR)",superfund,+41.979500,-071.589000,RI,EPA NPL,"{""external_id"":""RID093212439"",""npl_status"":""Final NPL"",""saa"":false,""sources"":[""EPA NPL""]}"
superfund_RI6170085470,NEWPORT NAVAL EDUCATION & TRAINING CENTER,superfund,+41.564450,-71.293469,RI,EPA NPL,"{""external_id"":""RI6170085470"",""npl_status"":""Final NPL"",""saa"":false,""sources"":[""EPA NPL""]}"
superfund_RID055176283,"PETERSON/PURITAN, INC.",superfund,41.929581,-071.426800,RI,EPA NPL,"{""external_id"":""RID055176283"",""npl_status"":""Final NPL"",""saa"":false,""sources"":[""EPA NPL""]}"
superfund_RID980579056,PICILLO FARM,superfund,41.671669,-71.709169,RI,EPA NPL,"{""external_id"":""RID980579056"",""npl_status"":""Final NPL"",""saa"":false,""sources"":[""EPA NPL""]}"
superfund_RID980521025,ROSE HILL REGIONAL LANDFILL,superfund,41.470831,-71.491669,RI,EPA NPL,"{""external_id"":""RID980521025"",""npl_status"":""Final NPL"",""saa"":false,""sources"":[""EPA NPL""]}"
superfund_RID980731442,STAMINA MILLS,superfund,+41.996400,-071.564700,RI,EPA NPL,"{""external_id"":""RID980731442"",""npl_status"":""Final NPL"",""saa"":false,""sources"":[""EPA NPL""]}"
superfund_RID981063993,WEST KINGSTON TOWN DUMP/URI DISPOSAL AREA,superfund,41.496667,-71.535278,RI,EPA NPL,"{""external_id"":""RID981063993"",""npl_status"":""Final NPL"",""saa"":false,""sources"":[""EPA NPL""]}"
superfund_RID009764929,WESTERN SAND & GRAVEL,superfund,+41.972700,-071.595000,RI,EPA NPL,"{""external_id"":""RID009764929"",""npl_status"":""Final NPL"",""saa"":false,""sources"":[""EPA NPL""]}"
superfund_SCD058754789,AQUA-TECH ENVIRONMENTAL INC (GROCE LABS),superfund,+34.932800,-82.172500,SC,EPA NPL,"{""external_id"":""SCD058754789"",""npl_status"":""Final NPL"",""saa"":false,""sources"":[""EPA NPL""]}"
superfund_SCN000407714,BARITE HILL/NEVADA GOLDFIELDS,superfund,33.873090,-82.300670,SC,EPA NPL,"{""external_id"":""SCN000407714"",""npl_status"":""Final NPL"",""saa"":false,""sources"":[""EPA NPL""]}"
superfund_SCD000447268,BEAUNIT CORP. (CIRCULAR KNIT & DYEING PLANT),superfund,34.698061,-82.216111,SC,EPA NPL,"{""external_id"":""SCD000447268"",""npl_status"":""Final NPL"",""saa"":false,""sources"":[""EPA NPL""]}"
superfund_SCD987577913,BREWER GOLD MINE,superfund,34.652194,-80.411472,SC,EPA NPL,"{""external_id"":""SCD987577913"",""npl_status"":""Final NPL"",""saa"":false,""sources"":[""EPA NPL""]}"
superfund_SCN000404896,BURLINGTON INDUSTRIES CHERAW,superfund,+34.698689,-79.912786,SC,EPA NPL,"{""external_id"":""SCN000404896"",""npl_status"":""Final NPL"",""saa"":false,""sources"":[""EPA NPL""]}"
superfund_SCD980558316,"CAROLAWN, INC.",superfund,34.686111,-80.943050,SC,EPA NPL,"{""external_id"":""SCD980558316"",""npl_status"":""Final NPL"",""saa"":false,""sources"":[""EPA NPL""]}"
superfund_SCD980839542,ELMORE WASTE DISPOSAL,superfund,34.935905,-82.216599,SC,EPA NPL,"{""external_id"":""SCD980839542"",""npl_status"":""Final NPL"",""saa"":false,""sources"":[""EPA NPL""]}"
superfund_SCD058189622,GALEY AND LORD PLANT,superfund,+34.531528,-79.833292,SC,EPA NPL,"{""external_id"":""SCD058189622"",""npl_status"":""Final NPL"",""saa"":false,""sources"":[""EPA NPL""]}"
superfund_SCD980711279,GEIGER (C & M OIL),superfund,32.773611,-80.159161,SC,EPA NPL,"{""external_id"":""SCD980711279"",""npl_status"":""Deleted NPL"",""saa"":false,""sources"":[""EPA NPL""]}"
superfund_SCD980799456,GOLDEN STRIP SEPTIC TANK SERVICE,superfund,+34.785000,-82.246600,SC,EPA NPL,"{""external_id"":""SCD980799456"",""npl_status"":""Deleted NPL"",""saa"":false,""sources"":[""EPA NPL""]}"
superfund_SCD058753971,HELENA CHEMICAL CO. LANDFILL,superfund,+32.941200,-81.239000,SC,EPA NPL,"{""external_id"":""SCD058753971"",""npl_status"":""Final NPL"",""saa"":false,""sources"":[""EPA NPL""]}"
superfund_SCD004773644,INDEPENDENT NAIL CO.,superfund,32.466389,-80.741111,SC,EPA NPL,"{""external_id"":""SCD004773644"",""npl_status"":""Deleted NPL"",""saa"":false,""sources"":[""EPA NPL""]}"
superfund_SCD094995503,KALAMA SPECIALTY CHEMICALS,superfund,+32.473400,-80.740100,SC,EPA NPL,"{""external_id"":""SCD094995503"",""npl_status"":""Final NPL"",""saa"":false,""sources"":[""EPA NPL""]}"
superfund_SCD980310239,"KOPPERS CO., INC. (CHARLESTON PLANT)",superfund,+32.822083,-79.958333,SC,EPA NPL,"{""external_id"":""SCD980310239"",""npl_status"":""Final NPL"",""saa"":false,""sources"":[""EPA NPL""]}"
superfund_SCD991279324,"LEONARD CHEMICAL CO., INC.",superfund,34.851669,-80.904169,SC,EPA NPL,"{""external_id"":""SCD991279324"",""npl_status"":""Final NPL"",""saa"":false,""sources"":[""EPA NPL""]}"
superfund_SCD980558043,LEXINGTON COUNTY LANDFILL AREA,superfund,33.919581,-81.074169,SC,EPA NPL,"{""external_id"":""SCD980558043"",""npl_status"":""Final NPL"",""saa"":false,""sources"":[""EPA NPL""]}"
superfund_SCD003360476,MACALLOY CORPORATION,superfund,+32.838056,-79.951194,SC,EPA NPL,"{""external_id"":""SCD003360476"",""npl_status"":""Final NPL"",""saa"":false,""sources"":[""EPA NPL""]}"
superfund_SCD980558142,MEDLEY FARM DRUM DUMP,superfund,+34.980500,-81.668500,SC,EPA NPL,"{""external_id"":""SCD980558142"",""npl_status"":""Final NPL"",""saa"":false,""sources"":[""EPA NPL""]}"
superfund_SCD037398120,"PALMETTO RECYCLING, INC.",superfund,+34.122800,-81.011700,SC,EPA NPL,"{""external_id"":""SCD037398120"",""npl_status"":""Deleted NPL"",""saa"":false,""sources"":[""EPA NPL""]}"
superfund_SCD003362217,PALMETTO WOOD PRESERVING,superfund,33.920831,-81.060281,SC,EPA NPL,"{""external_id"":""SCD003362217"",""npl_status"":""Final NPL"",""saa"":false,""sources"":[""EPA NPL""]}"
superfund_SCD002601656,"PARA-CHEM SOUTHERN, INC.",superfund,+34.713400,-82.233000,SC,EPA NPL,"{""external_id"":""SCD002601656"",""npl_status"":""Final NPL"",""saa"":false,""sources"":[""EPA NPL""]}"
superfund_SC6170022762,PARRIS ISLAND MARINE CORPS RECRUIT DEPOT,superfund,+32.352800,-80.703100,SC,EPA NPL,"{""external_id"":""SC6170022762"",""npl_status"":""Final NPL"",""saa"":false,""sources"":[""EPA NPL""]}"
superfund_SCD980840698,ROCHESTER PROPERTY,superfund,+34.971900,-82.501500,SC,EPA NPL,"{""external_id"":""SCD980840698"",""npl_status"":""Deleted NPL"",""saa"":false,""sources"":[""EPA NPL""]}"
superfund_SCD980844005,ROCK HILL CHEMICAL CO.,superfund,+34.966100,-80.998500,SC,EPA NPL,"{""external_id"":""SCD980844005"",""npl_status"":""Final NPL"",""saa"":false,""sources"":[""EPA NPL""]}"
superfund_SCD003354412,"SANGAMO WESTON, INC./TWELVE-MILE CREEK/LAKE HARTWELL PCB CONTAMINATION",superfund,+34.895000,-82.723200,SC,EPA NPL,"{""external_id"":""SCD003354412"",""npl_status"":""Final NPL"",""saa"":false,""sources"":[""EPA NPL""]}"
superfund_SC1890008989,SAVANNAH RIVER SITE (USDOE),superfund,33.348889,-81.737781,SC,EPA NPL,"{""external_id"":""SC1890008989"",""npl_status"":""Final NPL"",""saa"":false,""sources"":[""EPA NPL""]}"
superfund_SCD000622787,SCRDI BLUFF ROAD,superfund,33.885419,-80.908750,SC,EPA NPL,"{""external_id"":""SCD000622787"",""npl_status"":""Final NPL"",""saa"":false,""sources"":[""EPA NPL""]}"
superfund_SCD980711394,SCRDI DIXIANA,superfund,+33.904450,-81.063889,SC,EPA NPL,"{""external_id"":""SCD980711394"",""npl_status"":""Final NPL"",""saa"":false,""sources"":[""EPA NPL""]}"
superfund_SCD003357589,SHURON INC.,superfund,33.236694,-81.375778,SC,EPA NPL,"{""external_id"":""SCD003357589"",""npl_status"":""Final NPL"",""saa"":false,""sources"":[""EPA NPL""]}"
superfund_SCD980558050,TOWNSEND SAW CHAIN CO.,superfund,+34.106250,-80.834169,SC,EPA NPL,"{""external_id"":""SCD980558050"",""npl_status"":""Final NPL"",""saa"":false,""sources"":[""EPA NPL""]}"
superfund_SCD003358744,US FINISHING/CONE MILLS,superfund,+34.883292,-82.426303,SC,EPA NPL,"{""external_id"":""SCD003358744"",""npl_status"":""Final NPL"",""saa"":false,""sources"":[""EPA NPL""]}"
superfund_SCD037405362,"WAMCHEM, INC.",superfund,32.497219,-80.741669,SC,EPA NPL,"{""external_id"":""SCD037405362"",""npl_status"":""Final NPL"",""saa"":false,""sources"":[""EPA NPL""]}"
superfund_SD2571924644,ELLSWORTH AIR FORCE BASE,superfund,+44.151681,-103.093332,SD,EPA NPL,"{""external_id"":""SD2571924644"",""npl_status"":""Final NPL"",""saa"":false,""sources"":[""EPA NPL""]}"
superfund_SDD987673985,GILT EDGE MINE,superfund,+44.332324,-103.668728,SD,EPA NPL,"{""external_id"":""SDD987673985"",""npl_status"":""Final NPL"",""saa"":false,""sources"":[""EPA NPL""]}"
superfund_SDD980717136,WHITEWOOD CREEK,superfund,+44.548960,-103.555723,SD,EPA NPL,"{""external_id"":""SDD980717136"",""npl_status"":""Deleted NPL"",""saa"":false,""sources"":[""EPA NPL""]}"
superfund_SDD000823559,WILLIAMS PIPE LINE CO. DISPOSAL PIT,superfund,+43.545281,-96.795869,SD,EPA NPL,"{""external_id"":""SDD000823559"",""npl_status"":""Deleted NPL"",""saa"":false,""sources"":[""EPA NPL""]}"
superfund_TNN000410203,ALAMO CONTAMINATED GROUND WATER,superfund,35.784153,-89.118022,TN,EPA NPL,"{""external_id"":""TNN000410203"",""npl_status"":""Final NPL"",""saa"":false,""sources"":[""EPA NPL""]}"
superfund_TND007018799,"AMERICAN CREOSOTE WORKS, INC. (JACKSON PLANT)",superfund,+35.610000,-88.835500,TN,EPA NPL,"{""external_id"":""TND007018799"",""npl_status"":""Final NPL"",""saa"":false,""sources"":[""EPA NPL""]}"
superfund_TND980729172,AMNICOLA DUMP,superfund,+35.062500,-85.276389,TN,EPA NPL,"{""external_id"":""TND980729172"",""npl_status"":""Deleted NPL"",""saa"":false,""sources"":[""EPA NPL""]}"
superfund_TND980468557,ARLINGTON BLENDING & PACKAGING,superfund,+35.299600,-89.657700,TN,EPA NPL,"{""external_id"":""TND980468557"",""npl_status"":""Final NPL"",""saa"":false,""sources"":[""EPA NPL""]}"
superfund_TND044062222,CARRIER AIR CONDITIONING CO.,superfund,35.043331,-89.690411,TN,EPA NPL,"{""external_id"":""TND044062222"",""npl_status"":""Final NPL"",""saa"":false,""sources"":[""EPA NPL""]}"
superfund_TND987768587,CLINCH RIVER CORPORATION,superfund,35.931950,-84.539381,TN,EPA NPL,"{""external_id"":""TND987768587"",""npl_status"":""Final NPL"",""saa"":false,""sources"":[""EPA NPL""]}"
superfund_TNN000402275,FORMER CUSTOM CLEANERS,superfund,35.115114,-89.945000,TN,EPA NPL,"{""external_id"":""TNN000402275"",""npl_status"":""Final NPL"",""saa"":false,""sources"":[""EPA NPL""]}"
superfund_TND980728992,GALLAWAY PITS,superfund,35.359719,-89.601939,TN,EPA NPL,"{""external_id"":""TND980728992"",""npl_status"":""Deleted NPL"",""saa"":false,""sources"":[""EPA NPL""]}"
superfund_TND980729115,LEWISBURG DUMP,superfund,35.481389,-86.784161,TN,EPA NPL,"{""external_id"":""TND980729115"",""npl_status"":""Deleted NPL"",""saa"":false,""sources"":[""EPA NPL""]}"
superfund_TND075453688,MALLORY CAPACITOR CO.,superfund,35.317638,-87.758611,TN,EPA NPL,"{""external_id"":""TND075453688"",""npl_status"":""Final NPL"",""saa"":false,""sources"":[""EPA NPL""]}"
superfund_TN4210020570,MEMPHIS DEFENSE DEPOT (DLA),superfund,35.093333,-90.003333,TN,EPA NPL,"{""external_id"":""TN4210020570"",""npl_status"":""Final NPL"",""saa"":false,""sources"":[""EPA NPL""]}"
superfund_TN0210020582,MILAN ARMY AMMUNITION PLANT,superfund,35.867781,-88.696111,TN,EPA NPL,"{""external_id"":""TN0210020582"",""npl_status"":""Final NPL"",""saa"":false,""sources"":[""EPA NPL""]}"
superfund_TND980728836,MURRAY-OHIO DUMP,superfund,+35.227500,-87.361111,TN,EPA NPL,"{""external_id"":""TND980728836"",""npl_status"":""Final NPL"",""saa"":false,""sources"":[""EPA NPL""]}"
superfund_TNSFN0407047,NATIONAL FIREWORKS,superfund,+35.160111,-89.751544,TN,EPA NPL,"{""external_id"":""TNSFN0407047"",""npl_status"":""Final NPL"",""saa"":false,""sources"":[""EPA NPL""]}"
superfund_TND980558894,NORTH HOLLYWOOD DUMP,superfund,+35.185550,-89.979161,TN,EPA NPL,"{""external_id"":""TND980558894"",""npl_status"":""Deleted NPL"",""saa"":false,""sources"":[""EPA NPL""]}"
superfund_TN1890090003,OAK RIDGE RESERVATION (USDOE),superfund,35.924719,-84.390139,TN,EPA NPL,"{""external_id"":""TN1890090003"",""npl_status"":""Final NPL"",""saa"":false,""sources"":[""EPA NPL""]}"
superfund_TND096070396,ROSS METALS INC.,superfund,35.049167,-89.548611,TN,EPA NPL,"{""external_id"":""TND096070396"",""npl_status"":""Final NPL"",""saa"":false,""sources"":[""EPA NPL""]}"
superfund_TNN000407378,SMALLEY-PIPER,superfund,35.044444,-89.685833,TN,EPA NPL,"{""external_id"":""TNN000407378"",""npl_status"":""Final NPL"",""saa"":false,""sources"":[""EPA NPL""]}"
superfund_TND098071061,SMOKEY MOUNTAIN SMELTERS,superfund,35.919444,-83.925833,TN,EPA NPL,"{""external_id"":""TND098071061"",""npl_status"":""Final NPL"",""saa"":false,""sources"":[""EPA NPL""]}"
superfund_TNN000410686,SOUTHSIDE CHATTANOOGA LEAD,superfund,+35.032552,-85.300559,TN,EPA NPL,"{""external_id"":""TNN000410686"",""npl_status"":""Final NPL"",""saa"":false,""sources"":[""EPA NPL""]}"
superfund_TND071516959,TENNESSEE PRODUCTS,superfund,+34.998889,-85.314444,TN,EPA NPL,"{""external_id"":""TND071516959"",""npl_status"":""Deleted NPL"",""saa"":false,""sources"":[""EPA NPL""]}"
superfund_TND980559033,VELSICOL CHEMICAL CORP. (HARDEMAN COUNTY),superfund,35.381939,-88.926389,TN,EPA NPL,"{""external_id"":""TND980559033"",""npl_status"":""Final NPL"",""saa"":false,""sources"":[""EPA NPL""]}"
superfund_TNN000410124,"WALKER MACHINE PRODUCTS, INC.",superfund,35.041589,-89.653469,TN,EPA NPL,"{""external_id"":""TNN000410124"",""npl_status"":""Final NPL"",""saa"":false,""sources"":[""EPA NPL""]}"
superfund_TND980844781,WRIGLEY CHARCOAL PLANT,superfund,+35.902500,-87.353194,TN,EPA NPL,"{""external_id"":""TND980844781"",""npl_status"":""Final NPL"",""saa"":false,""sources"":[""EPA NPL""]}"
superfund_TX7572024605,AIR FORCE PLANT #4 (GENERAL DYNAMICS),superfund,32.777781,-97.450000,TX,EPA NPL,"{""external_id"":""TX7572024605"",""npl_status"":""Final NPL"",""saa"":false,""sources"":[""EPA NPL""]}"
superfund_TXD008123168,ALCOA (POINT COMFORT)/LAVACA BAY,superfund,28.650833,-96.562222,TX,EPA NPL,"{""external_id"":""TXD008123168"",""npl_status"":""Final NPL"",""saa"":false,""sources"":[""EPA NPL""]}"
superfund_TXD980864649,BAILEY WASTE DISPOSAL,superfund,+29.990550,-93.879169,TX,EPA NPL,"{""external_id"":""TXD980864649"",""npl_status"":""Deleted NPL"",""saa"":false,""sources"":[""EPA NPL""]}"
superfund_TXN000606565,BANDERA ROAD GROUND WATER PLUME,superfund,+29.494433,-98.620500,TX,EPA NPL,"{""external_id"":""TXN000606565"",""npl_status"":""Final NPL"",""saa"":false,""sources"":[""EPA NPL""]}"
superfund_TXD980340889,"BIO-ECOLOGY SYSTEMS, INC.",superfund,32.743331,-96.936669,TX,EPA NPL,"{""external_id"":""TXD980340889"",""npl_status"":""Deleted NPL"",""saa"":false,""sources"":[""EPA NPL""]}"
superfund_TX0000605264,BRINE SERVICE COMPANY,superfund,27.815372,-97.508606,TX,EPA NPL,"{""external_id"":""TX0000605264"",""npl_status"":""Final NPL"",""saa"":false,""sources"":[""EPA NPL""]}"
superfund_TXD980625453,"BRIO REFINING, INC.",superfund,+29.570000,-95.203331,TX,EPA NPL,"{""external_id"":""TXD980625453"",""npl_status"":""Deleted NPL"",""saa"":false,""sources"":[""EPA NPL""]}"
superfund_TXN000606965,CIRCLE COURT GROUND WATER PLUME,superfund,32.744778,-097.679763,TX,EPA NPL,"{""external_id"":""TXN000606965"",""npl_status"":""Final NPL"",""saa"":false,""sources"":[""EPA NPL""]}"
superfund_TX0001399435,CITY OF PERRYTON WELL NO. 2,superfund,36.400556,-100.804722,TX,EPA NPL,"{""external_id"":""TX0001399435"",""npl_status"":""Final NPL"",""saa"":false,""sources"":[""EPA NPL""]}"
superfund_TXD008091951,CONROE CREOSOTING CO.,superfund,30.318744,-95.435428,TX,EPA NPL,"{""external_id"":""TXD008091951"",""npl_status"":""Final NPL"",""saa"":false,""sources"":[""EPA NPL""]}"
superfund_TXD990707010,CRYSTAL CHEMICAL CO.,superfund,+29.720600,-95.564400,TX,EPA NPL,"{""external_id"":""TXD990707010"",""npl_status"":""Final NPL"",""saa"":false,""sources"":[""EPA NPL""]}"
superfund_TXD980864763,CRYSTAL CITY AIRPORT,superfund,+28.696900,-99.817600,TX,EPA NPL,"{""external_id"":""TXD980864763"",""npl_status"":""Deleted NPL"",""saa"":false,""sources"":[""EPA NPL""]}"
superfund_TXD988034328,DELFASCO FORGE,superfund,+32.750269,-96.963228,TX,EPA NPL,"{""external_id"":""TXD988034328"",""npl_status"":""Final NPL"",""saa"":false,""sources"":[""EPA NPL""]}"
superfund_TXD089793046,"DIXIE OIL PROCESSORS, INC.",superfund,+29.568600,-95.204700,TX,EPA NPL,"{""external_id"":""TXD089793046"",""npl_status"":""Deleted NPL"",""saa"":false,""sources"":[""EPA NPL""]}"
superfund_TX0000605363,DONNA RESERVOIR AND CANAL SYSTEM,superfund,26.112286,-98.086469,TX,EPA NPL,"{""external_id"":""TX0000605363"",""npl_status"":""Final NPL"",""saa"":false,""sources"":[""EPA NPL""]}"
superfund_TXN000606614,EAST 67TH STREET GROUND WATER PLUME,superfund,+31.908611,-102.385833,TX,EPA NPL,"{""external_id"":""TXN000606614"",""npl_status"":""Final NPL"",""saa"":false,""sources"":[""EPA NPL""]}"
superfund_TXD086278058,FALCON REFINERY,superfund,27.860725,-97.179306,TX,EPA NPL,"{""external_id"":""TXD086278058"",""npl_status"":""Final NPL"",""saa"":false,""sources"":[""EPA NPL""]}"
superfund_TXD980514814,"FRENCH, LTD.",superfund,+29.879600,-95.073900,TX,EPA NPL,"{""external_id"":""TXD980514814"",""npl_status"":""Final NPL"",""saa"":false,""sources"":[""EPA NPL""]}"
superfund_TXD007330053,GARLAND CREOSOTING,superfund,32.442272,-94.710903,TX,EPA NPL,"{""external_id"":""TXD007330053"",""npl_status"":""Final NPL"",""saa"":false,""sources"":[""EPA NPL""]}"
superfund_TXD980748453,GENEVA INDUSTRIES/FUHRMANN ENERGY,superfund,+29.660000,-95.250000,TX,EPA NPL,"{""external_id"":""TXD980748453"",""npl_status"":""Final NPL"",""saa"":false,""sources"":[""EPA NPL""]}"
superfund_TXD055144539,GULFCO MARINE MAINTENANCE,superfund,28.966847,-95.289656,TX,EPA NPL,"{""external_id"":""TXD055144539"",""npl_status"":""Final NPL"",""saa"":false,""sources"":[""EPA NPL""]}"
superfund_TXD980745582,HARRIS (FARLEY STREET),superfund,+29.624400,-95.162700,TX,EPA NPL,"{""external_id"":""TXD980745582"",""npl_status"":""Deleted NPL"",""saa"":false,""sources"":[""EPA NPL""]}"
superfund_TXD050299577,HART CREOSOTING COMPANY,superfund,30.893611,-93.995278,TX,EPA NPL,"{""external_id"":""TXD050299577"",""npl_status"":""Final NPL"",""saa"":false,""sources"":[""EPA NPL""]}"
superfund_TXD980514996,HIGHLANDS ACID PIT,superfund,+29.814100,-95.078600,TX,EPA NPL,"{""external_id"":""TXD980514996"",""npl_status"":""Final NPL"",""saa"":false,""sources"":[""EPA NPL""]}"
superfund_TXD008096240,JASPER CREOSOTING COMPANY INC.,superfund,30.933889,-93.982500,TX,EPA NPL,"{""external_id"":""TXD008096240"",""npl_status"":""Final NPL"",""saa"":false,""sources"":[""EPA NPL""]}"
superfund_TXN000605460,JONES ROAD GROUND WATER PLUME,superfund,+29.938372,-95.585473,TX,EPA NPL,"{""external_id"":""TXN000605460"",""npl_status"":""Final NPL"",""saa"":false,""sources"":[""EPA NPL""]}"
superfund_TXD980623904,"KOPPERS CO., INC. (TEXARKANA PLANT)",superfund,33.416669,-94.065000,TX,EPA NPL,"{""external_id"":""TXD980623904"",""npl_status"":""Final NPL"",""saa"":false,""sources"":[""EPA NPL""]}"
superfund_TXN000605240,"LANE PLATING WORKS, INC",superfund,+32.687886,-96.769485,TX,EPA NPL,"{""external_id"":""TXN000605240"",""npl_status"":""Final NPL"",""saa"":false,""sources"":[""EPA NPL""]}"
superfund_TX7213821831,LONE STAR ARMY AMMUNITION PLANT,superfund,+33.434400,-94.248300,TX,EPA NPL,"{""external_id"":""TX7213821831"",""npl_status"":""Final NPL"",""saa"":false,""sources"":[""EPA NPL""]}"
superfund_TX6213820529,LONGHORN ARMY AMMUNITION PLANT,superfund,+32.665000,-94.123339,TX,EPA NPL,"{""external_id"":""TX6213820529"",""npl_status"":""Final NPL"",""saa"":false,""sources"":[""EPA NPL""]}"
superfund_TXD980864789,MALONE SERVICE CO - SWAN LAKE PLANT,superfund,29.333056,-94.902778,TX,EPA NPL,"{""external_id"":""TXD980864789"",""npl_status"":""Final NPL"",""saa"":false,""sources"":[""EPA NPL""]}"
superfund_TXD008083404,"MANY DIVERSIFIED INTERESTS, INC.",superfund,29.767778,-95.331667,TX,EPA NPL,"{""external_id"":""TXD008083404"",""npl_status"":""Final NPL"",""saa"":false,""sources"":[""EPA NPL""]}"
superfund_TXD980629851,"MOTCO, INC.",superfund,29.334719,-94.933331,TX,EPA NPL,"{""external_id"":""TXD980629851"",""npl_status"":""Final NPL"",""saa"":false,""sources"":[""EPA NPL""]}"
superfund_TXD980873343,NORTH CAVALCADE STREET,superfund,29.806669,-95.349169,TX,EPA NPL,"{""external_id"":""TXD980873343"",""npl_status"":""Final NPL"",""saa"":false,""sources"":[""EPA NPL""]}"
superfund_TXN000606760,NORTH EAST 2ND STREET SITE,superfund,+34.745000,-101.853333,TX,EPA NPL,"{""external_id"":""TXN000606760"",""npl_status"":""Final NPL"",""saa"":false,""sources"":[""EPA NPL""]}"
superfund_TXD980867279,ODESSA CHROMIUM #1,superfund,31.881669,-102.403300,TX,EPA NPL,"{""external_id"":""TXD980867279"",""npl_status"":""Final NPL"",""saa"":false,""sources"":[""EPA NPL""]}"
superfund_TXD980697114,ODESSA CHROMIUM #2 (ANDREWS HIGHWAY),superfund,+31.893400,-102.390500,TX,EPA NPL,"{""external_id"":""TXD980697114"",""npl_status"":""Deleted NPL"",""saa"":false,""sources"":[""EPA NPL""]}"
superfund_TXD980513808,OLD ESCO MANUFACTURING,superfund,+33.138300,-96.075500,TX,EPA NPL,"{""external_id"":""TXD980513808"",""npl_status"":""Deleted NPL"",""saa"":false,""sources"":[""EPA NPL""]}"
superfund_TXD068104561,PALMER BARGE LINE,superfund,29.961453,-93.855083,TX,EPA NPL,"{""external_id"":""TXD068104561"",""npl_status"":""Deleted NPL"",""saa"":false,""sources"":[""EPA NPL""]}"
superfund_TX4890110527,PANTEX PLANT (USDOE),superfund,35.321944,-101.563611,TX,EPA NPL,"{""external_id"":""TX4890110527"",""npl_status"":""Final NPL"",""saa"":false,""sources"":[""EPA NPL""]}"
superfund_TXD980699656,PESSES CHEMICAL CO.,superfund,+32.717400,-97.325600,TX,EPA NPL,"{""external_id"":""TXD980699656"",""npl_status"":""Deleted NPL"",""saa"":false,""sources"":[""EPA NPL""]}"
superfund_TXD980873350,"PETRO-CHEMICAL SYSTEMS, INC. (TURTLE BAYOU)",superfund,+29.920000,-94.688061,TX,EPA NPL,"{""external_id"":""TXD980873350"",""npl_status"":""Final NPL"",""saa"":false,""sources"":[""EPA NPL""]}"
superfund_TXD066379645,ROCKWOOL INDUSTRIES INC.,superfund,31.051667,-97.438056,TX,EPA NPL,"{""external_id"":""TXD066379645"",""npl_status"":""Final NPL"",""saa"":false,""sources"":[""EPA NPL""]}"
superfund_TXD079348397,RSR CORPORATION,superfund,32.776944,-96.872500,TX,EPA NPL,"{""external_id"":""TXD079348397"",""npl_status"":""Final NPL"",""saa"":false,""sources"":[""EPA NPL""]}"
superfund_TXN000606611,SAN JACINTO RIVER WASTE PITS,superfund,+29.794400,-95.062500,TX,EPA NPL,"{""external_id"":""TXN000606611"",""npl_status"":""Final NPL"",""saa"":false,""sources"":[""EPA NPL""]}"
superfund_TXN000605649,SANDY BEACH ROAD GROUND WATER PLUME,superfund,32.928472,-97.525000,TX,EPA NPL,"{""external_id"":""TXN000605649"",""npl_status"":""Final NPL"",""saa"":false,""sources"":[""EPA NPL""]}"
superfund_TXD062132147,SHERIDAN DISPOSAL SERVICES,superfund,+30.207400,-96.135700,TX,EPA NPL,"{""external_id"":""TXD062132147"",""npl_status"":""Final NPL"",""saa"":false,""sources"":[""EPA NPL""]}"
superfund_TXD980513956,SIKES DISPOSAL PITS,superfund,29.881669,-95.086669,TX,EPA NPL,"{""external_id"":""TXD980513956"",""npl_status"":""Final NPL"",""saa"":false,""sources"":[""EPA NPL""]}"
superfund_TXD980873327,SOL LYNN/INDUSTRIAL TRANSFORMERS,superfund,29.678889,-95.398611,TX,EPA NPL,"{""external_id"":""TXD980873327"",""npl_status"":""Final NPL"",""saa"":false,""sources"":[""EPA NPL""]}"
superfund_TXD980810386,SOUTH CAVALCADE STREET,superfund,29.798331,-95.347781,TX,EPA NPL,"{""external_id"":""TXD980810386"",""npl_status"":""Final NPL"",""saa"":false,""sources"":[""EPA NPL""]}"
superfund_TX0001407444,SPRAGUE ROAD GROUND WATER PLUME,superfund,31.918611,-102.428333,TX,EPA NPL,"{""external_id"":""TX0001407444"",""npl_status"":""Final NPL"",""saa"":false,""sources"":[""EPA NPL""]}"
superfund_TX0001414341,STAR LAKE CANAL,superfund,+29.975000,-93.917000,TX,EPA NPL,"{""external_id"":""TX0001414341"",""npl_status"":""Final NPL"",""saa"":false,""sources"":[""EPA NPL""]}"
superfund_TXD099801102,STATE MARINE OF PORT ARTHUR,superfund,29.960833,-93.859167,TX,EPA NPL,"{""external_id"":""TXD099801102"",""npl_status"":""Deleted NPL"",""saa"":false,""sources"":[""EPA NPL""]}"
superfund_TXSFN0605177,STATE ROAD 114 GROUNDWATER PLUME,superfund,33.599883,-102.405561,TX,EPA NPL,"{""external_id"":""TXSFN0605177"",""npl_status"":""Final NPL"",""saa"":false,""sources"":[""EPA NPL""]}"
superfund_TXD055337281,"STEWCO, INC.",superfund,32.465831,-94.069169,TX,EPA NPL,"{""external_id"":""TXD055337281"",""npl_status"":""Deleted NPL"",""saa"":false,""sources"":[""EPA NPL""]}"
superfund_TXD062113329,TEX-TIN CORP.,superfund,29.356667,-94.941667,TX,EPA NPL,"{""external_id"":""TXD062113329"",""npl_status"":""Final NPL"",""saa"":false,""sources"":[""EPA NPL""]}"
superfund_TXD008056152,TEXARKANA WOOD PRESERVING CO.,superfund,33.408331,-94.053339,TX,EPA NPL,"{""external_id"":""TXD008056152"",""npl_status"":""Final NPL"",""saa"":false,""sources"":[""EPA NPL""]}"
superfund_TXD055143705,TRIANGLE CHEMICAL CO.,superfund,+30.058000,-93.809300,TX,EPA NPL,"{""external_id"":""TXD055143705"",""npl_status"":""Deleted NPL"",""saa"":false,""sources"":[""EPA NPL""]}"
superfund_TXD980745574,UNITED CREOSOTING CO.,superfund,30.331669,-95.456669,TX,EPA NPL,"{""external_id"":""TXD980745574"",""npl_status"":""Final NPL"",""saa"":false,""sources"":[""EPA NPL""]}"
superfund_TXN000607093,US OIL RECOVERY,superfund,29.718389,-95.221528,TX,EPA NPL,"{""external_id"":""TXN000607093"",""npl_status"":""Final NPL"",""saa"":false,""sources"":[""EPA NPL""]}"
superfund_TXD007357932,VAN DER HORST USA CORPORATION,superfund,32.734167,-96.273889,TX,EPA NPL,"{""external_id"":""TXD007357932"",""npl_status"":""Final NPL"",""saa"":false,""sources"":[""EPA NPL""]}"
superfund_UTD981548985,700 SOUTH 1600 EAST PCE PLUME,superfund,+40.753944,-111.848034,UT,EPA NPL,"{""external_id"":""UTD981548985"",""npl_status"":""Final NPL"",""saa"":false,""sources"":[""EPA NPL""]}"
superfund_UT0001119296,BOUNTIFUL/WOODS CROSS 5TH S. PCE PLUME,superfund,+40.887689,-111.904342,UT,EPA NPL,"{""external_id"":""UT0001119296"",""npl_status"":""Final NPL"",""saa"":false,""sources"":[""EPA NPL""]}"
superfund_UTD988075719,DAVENPORT AND FLAGSTAFF SMELTERS,superfund,+40.573611,-111.791944,UT,EPA NPL,"{""external_id"":""UTD988075719"",""npl_status"":""Deleted NPL"",""saa"":false,""sources"":[""EPA NPL""]}"
superfund_UT0002240158,EUREKA MILLS,superfund,+39.955556,-112.115556,UT,EPA NPL,"{""external_id"":""UT0002240158"",""npl_status"":""Deleted NPL"",""saa"":false,""sources"":[""EPA NPL""]}"
superfund_UTN000802654,FIVE POINTS PCE PLUME,superfund,+40.874243,-111.885892,UT,EPA NPL,"{""external_id"":""UTN000802654"",""npl_status"":""Final NPL"",""saa"":false,""sources"":[""EPA NPL""]}"
superfund_UT0571724350,HILL AIR FORCE BASE,superfund,+41.128547,-111.990643,UT,EPA NPL,"{""external_id"":""UT0571724350"",""npl_status"":""Final NPL"",""saa"":false,""sources"":[""EPA NPL""]}"
superfund_UT0001277359,INTERMOUNTAIN WASTE OIL REFINERY,superfund,+40.879444,-111.889444,UT,EPA NPL,"{""external_id"":""UT0001277359"",""npl_status"":""Deleted NPL"",""saa"":false,""sources"":[""EPA NPL""]}"
superfund_UTD093120921,INTERNATIONAL SMELTING AND REFINING,superfund,+40.552690,-112.227965,UT,EPA NPL,"{""external_id"":""UTD093120921"",""npl_status"":""Deleted NPL"",""saa"":false,""sources"":[""EPA NPL""]}"
superfund_UT0002391472,JACOBS SMELTER,superfund,+40.422185,-112.385736,UT,EPA NPL,"{""external_id"":""UT0002391472"",""npl_status"":""Final NPL"",""saa"":false,""sources"":[""EPA NPL""]}"
superfund_UTD070926811,KENNECOTT (NORTH ZONE),superfund,+40.734036,-112.141040,UT,EPA NPL,"{""external_id"":""UTD070926811"",""npl_status"":""Proposed NPL"",""saa"":false,""sources"":[""EPA NPL""]}"
superfund_UTD081834277,MIDVALE SLAG,superfund,+40.621540,-111.916014,UT,EPA NPL,"{""external_id"":""UTD081834277"",""npl_status"":""Deleted NPL"",""saa"":false,""sources"":[""EPA NPL""]}"
superfund_UT3890090035,MONTICELLO MILL TAILINGS (USDOE),superfund,+37.863079,-109.333240,UT,EPA NPL,"{""external_id"":""UT3890090035"",""npl_status"":""Final NPL"",""saa"":false,""sources"":[""EPA NPL""]}"
superfund_UTD980667208,MONTICELLO RADIOACTIVELY CONTAMINATED PROPERTIES,superfund,+37.871092,-109.337034,UT,EPA NPL,"{""external_id"":""UTD980667208"",""npl_status"":""Deleted NPL"",""saa"":false,""sources"":[""EPA NPL""]}"
superfund_UTD980951420,MURRAY SMELTER,superfund,+40.659460,-111.892980,UT,EPA NPL,"{""external_id"":""UTD980951420"",""npl_status"":""Proposed NPL"",""saa"":false,""sources"":[""EPA NPL""]}"
superfund_UT9210020922,OGDEN DEFENSE DEPOT (DLA),superfund,+41.259092,-111.999567,UT,EPA NPL,"{""external_id"":""UT9210020922"",""npl_status"":""Final NPL"",""saa"":false,""sources"":[""EPA NPL""]}"
superfund_UTD093119196,PETROCHEM RECYCLING CORP./EKOTEK PLANT,superfund,+40.803190,-111.917713,UT,EPA NPL,"{""external_id"":""UTD093119196"",""npl_status"":""Deleted NPL"",""saa"":false,""sources"":[""EPA NPL""]}"
superfund_UTD980718670,PORTLAND CEMENT (KILN DUST 2 & 3),superfund,+40.747464,-111.943991,UT,EPA NPL,"{""external_id"":""UTD980718670"",""npl_status"":""Final NPL"",""saa"":false,""sources"":[""EPA NPL""]}"
superfund_UTD980952840,RICHARDSON FLAT TAILINGS,superfund,+40.706879,-111.466970,UT,EPA NPL,"{""external_id"":""UTD980952840"",""npl_status"":""Proposed NPL"",""saa"":false,""sources"":[""EPA NPL""]}"
superfund_UTD980635452,ROSE PARK SLUDGE PIT,superfund,+40.799952,-111.922880,UT,EPA NPL,"{""external_id"":""UTD980635452"",""npl_status"":""Deleted NPL"",""saa"":false,""sources"":[""EPA NPL""]}"
superfund_UTD980951388,SHARON STEEL CORP. (MIDVALE TAILINGS),superfund,+40.607022,-111.910576,UT,EPA NPL,"{""external_id"":""UTD980951388"",""npl_status"":""Deleted NPL"",""saa"":false,""sources"":[""EPA NPL""]}"
superfund_UT3213820894,TOOELE ARMY DEPOT (NORTH AREA),superfund,+40.526461,-112.410368,UT,EPA NPL,"{""external_id"":""UT3213820894"",""npl_status"":""Final NPL"",""saa"":false,""sources"":[""EPA NPL""]}"
superfund_UTN000802704,US MAGNESIUM,superfund,+40.915581,-112.734253,UT,EPA NPL,"{""external_id"":""UTN000802704"",""npl_status"":""Final NPL"",""saa"":false,""sources"":[""EPA NPL""]}"
superfund_UTD980667240,UTAH POWER & LIGHT/AMERICAN BARREL CO.,superfund,+40.770342,-111.906580,UT,EPA NPL,"{""external_id"":""UTD980667240"",""npl_status"":""Final NPL"",""saa"":false,""sources"":[""EPA NPL""]}"
superfund_UTD000716399,WASATCH CHEMICAL CO. (LOT 6),superfund,+40.729002,-111.909924,UT,EPA NPL,"{""external_id"":""UTD000716399"",""npl_status"":""Final NPL"",""saa"":false,""sources"":[""EPA NPL""]}"
superfund_VAD980551683,ABEX CORP.,superfund,+36.826500,-76.304500,VA,EPA NPL,"{""external_id"":""VAD980551683"",""npl_status"":""Final NPL"",""saa"":false,""sources"":[""EPA NPL""]}"
superfund_VAD042916361,"ARROWHEAD ASSOCIATES, INC./SCOVILL CORP.",superfund,38.086669,-76.791111,VA,EPA NPL,"{""external_id"":""VAD042916361"",""npl_status"":""Final NPL"",""saa"":false,""sources"":[""EPA NPL""]}"
superfund_VAD990710410,"ATLANTIC WOOD INDUSTRIES, INC.",superfund,+36.806500,-76.299000,VA,EPA NPL,"{""external_id"":""VAD990710410"",""npl_status"":""Final NPL"",""saa"":false,""sources"":[""EPA NPL""]}"
superfund_VAD070358684,"AVTEX FIBERS, INC.",superfund,38.925561,-78.211669,VA,EPA NPL,"{""external_id"":""VAD070358684"",""npl_status"":""Final NPL"",""saa"":false,""sources"":[""EPA NPL""]}"
superfund_VAD089027973,BUCKINGHAM COUNTY LANDFILL,superfund,37.514169,-78.516669,VA,EPA NPL,"{""external_id"":""VAD089027973"",""npl_status"":""Final NPL"",""saa"":false,""sources"":[""EPA NPL""]}"
superfund_VAD049957913,"C & R BATTERY CO., INC.",superfund,+37.418000,-77.415000,VA,EPA NPL,"{""external_id"":""VAD049957913"",""npl_status"":""Deleted NPL"",""saa"":false,""sources"":[""EPA NPL""]}"
superfund_VAD980712913,CHISMAN CREEK,superfund,+37.177000,-76.463100,VA,EPA NPL,"{""external_id"":""VAD980712913"",""npl_status"":""Final NPL"",""saa"":false,""sources"":[""EPA NPL""]}"
superfund_VAD059165282,"CULPEPER WOOD PRESERVERS, INC.",superfund,38.483331,-77.960000,VA,EPA NPL,"{""external_id"":""VAD059165282"",""npl_status"":""Final NPL"",""saa"":false,""sources"":[""EPA NPL""]}"
superfund_VA3971520751,DEFENSE GENERAL SUPPLY CENTER (DLA),superfund,+37.418900,-77.448500,VA,EPA NPL,"{""external_id"":""VA3971520751"",""npl_status"":""Final NPL"",""saa"":false,""sources"":[""EPA NPL""]}"
superfund_VAD980552095,DIXIE CAVERNS COUNTY LANDFILL,superfund,37.259719,-80.193611,VA,EPA NPL,"{""external_id"":""VAD980552095"",""npl_status"":""Deleted NPL"",""saa"":false,""sources"":[""EPA NPL""]}"
superfund_VAD980554984,FIRST PIEDMONT CORP. ROCK QUARRY (ROUTE 719),superfund,+36.665831,-79.348611,VA,EPA NPL,"{""external_id"":""VAD980554984"",""npl_status"":""Deleted NPL"",""saa"":false,""sources"":[""EPA NPL""]}"
superfund_VAD123933426,FORMER NANSEMOND ORDNANCE DEPOT,superfund,36.899722,-76.434722,VA,EPA NPL,"{""external_id"":""VAD123933426"",""npl_status"":""Final NPL"",""saa"":false,""sources"":[""EPA NPL""]}"
superfund_VA6210020321,FORT EUSTIS (US ARMY),superfund,+37.105000,-76.568332,VA,EPA NPL,"{""external_id"":""VA6210020321"",""npl_status"":""Final NPL"",""saa"":false,""sources"":[""EPA NPL""]}"
superfund_VAD003125374,GREENWOOD CHEMICAL CO.,superfund,38.044719,-78.786389,VA,EPA NPL,"{""external_id"":""VAD003125374"",""npl_status"":""Final NPL"",""saa"":false,""sources"":[""EPA NPL""]}"
superfund_VAD980539878,"H & H INC., BURN PIT",superfund,+37.724300,-77.585700,VA,EPA NPL,"{""external_id"":""VAD980539878"",""npl_status"":""Final NPL"",""saa"":false,""sources"":[""EPA NPL""]}"
superfund_VAD980829030,HIDDEN LANE LANDFILL,superfund,39.056131,-77.424175,VA,EPA NPL,"{""external_id"":""VAD980829030"",""npl_status"":""Final NPL"",""saa"":false,""sources"":[""EPA NPL""]}"
superfund_VAD077923449,KIM-STAN LANDFILL,superfund,37.800278,-79.861667,VA,EPA NPL,"{""external_id"":""VAD077923449"",""npl_status"":""Final NPL"",""saa"":false,""sources"":[""EPA NPL""]}"
superfund_VAD007972482,L.A. CLARKE & SON,superfund,38.236111,-77.432500,VA,EPA NPL,"{""external_id"":""VAD007972482"",""npl_status"":""Final NPL"",""saa"":false,""sources"":[""EPA NPL""]}"
superfund_VA2800005033,LANGLEY AIR FORCE BASE/NASA LANGLEY RESEARCH CENTER,superfund,37.069999,-76.358611,VA,EPA NPL,"{""external_id"":""VA2800005033"",""npl_status"":""Final NPL"",""saa"":false,""sources"":[""EPA NPL""]}"
superfund_VA1170024722,MARINE CORPS COMBAT DEVELOPMENT COMMAND,superfund,38.521667,-77.290000,VA,EPA NPL,"{""external_id"":""VA1170024722"",""npl_status"":""Final NPL"",""saa"":false,""sources"":[""EPA NPL""]}"
superfund_VAD980712970,MATTHEWS ELECTROPLATING,superfund,+37.256900,-80.167500,VA,EPA NPL,"{""external_id"":""VAD980712970"",""npl_status"":""Deleted NPL"",""saa"":false,""sources"":[""EPA NPL""]}"
superfund_VA5170022482,NAVAL AMPHIBIOUS BASE LITTLE CREEK,superfund,36.906111,-76.147778,VA,EPA NPL,"{""external_id"":""VA5170022482"",""npl_status"":""Final NPL"",""saa"":false,""sources"":[""EPA NPL""]}"
superfund_VA7170024684,NAVAL SURFACE WARFARE CENTER - DAHLGREN,superfund,38.326667,-77.026944,VA,EPA NPL,"{""external_id"":""VA7170024684"",""npl_status"":""Final NPL"",""saa"":false,""sources"":[""EPA NPL""]}"
superfund_VA8170024170,NAVAL WEAPONS STATION - YORKTOWN,superfund,37.245833,-76.588889,VA,EPA NPL,"{""external_id"":""VA8170024170"",""npl_status"":""Final NPL"",""saa"":false,""sources"":[""EPA NPL""]}"
superfund_VA6170061463,NORFOLK NAVAL BASE (SEWELLS POINT NAVAL COMPLEX),superfund,36.940278,-76.300278,VA,EPA NPL,"{""external_id"":""VA6170061463"",""npl_status"":""Final NPL"",""saa"":false,""sources"":[""EPA NPL""]}"
superfund_VA1170024813,NORFOLK NAVAL SHIPYARD,superfund,36.821944,-76.294722,VA,EPA NPL,"{""external_id"":""VA1170024813"",""npl_status"":""Final NPL"",""saa"":false,""sources"":[""EPA NPL""]}"
superfund_VA3170024605,NWS YORKTOWN - CHEATHAM ANNEX,superfund,37.284722,-76.607500,VA,EPA NPL,"{""external_id"":""VA3170024605"",""npl_status"":""Final NPL"",""saa"":false,""sources"":[""EPA NPL""]}"
superfund_VAN000306115,PECK IRON AND METAL,superfund,36.809464,-76.308822,VA,EPA NPL,"{""external_id"":""VAN000306115"",""npl_status"":""Final NPL"",""saa"":false,""sources"":[""EPA NPL""]}"
superfund_VAD071040752,"RENTOKIL, INC. (VIRGINIA WOOD PRESERVING DIVISION)",superfund,37.635831,-77.503611,VA,EPA NPL,"{""external_id"":""VAD071040752"",""npl_status"":""Final NPL"",""saa"":false,""sources"":[""EPA NPL""]}"
superfund_VAD980831796,RHINEHART TIRE FIRE DUMP,superfund,39.188333,-78.310429,VA,EPA NPL,"{""external_id"":""VAD980831796"",""npl_status"":""Deleted NPL"",""saa"":false,""sources"":[""EPA NPL""]}"
superfund_VAD003127578,SALTVILLE WASTE DISPOSAL PONDS,superfund,36.883339,-81.783331,VA,EPA NPL,"{""external_id"":""VAD003127578"",""npl_status"":""Final NPL"",""saa"":false,""sources"":[""EPA NPL""]}"
superfund_VAD003117389,SAUNDERS SUPPLY CO.,superfund,+36.860550,-76.581669,VA,EPA NPL,"{""external_id"":""VAD003117389"",""npl_status"":""Final NPL"",""saa"":false,""sources"":[""EPA NPL""]}"
superfund_VA5170000181,ST. JULIENS CREEK ANNEX (U.S. NAVY),superfund,36.794167,-76.312222,VA,EPA NPL,"{""external_id"":""VA5170000181"",""npl_status"":""Final NPL"",""saa"":false,""sources"":[""EPA NPL""]}"
superfund_VAD980917983,SUFFOLK CITY LANDFILL,superfund,+36.678400,-76.583900,VA,EPA NPL,"{""external_id"":""VAD980917983"",""npl_status"":""Deleted NPL"",""saa"":false,""sources"":[""EPA NPL""]}"
superfund_VAD980705404,U.S. TITANIUM,superfund,+37.708331,-79.016669,VA,EPA NPL,"{""external_id"":""VAD980705404"",""npl_status"":""Final NPL"",""saa"":false,""sources"":[""EPA NPL""]}"
superfund_VID980651095,ISLAND CHEMICAL CORP/VIRGIN ISLANDS CHEMICAL CORP.,superfund,17.709722,-64.790833,VI,EPA NPL,"{""external_id"":""VID980651095"",""npl_status"":""Deleted NPL"",""saa"":false,""sources"":[""EPA NPL""]}"
superfund_VID982272569,TUTU WELLFIELD,superfund,18.341667,-064.885000,VI,EPA NPL,"{""external_id"":""VID982272569"",""npl_status"":""Final NPL"",""saa"":false,""sources"":[""EPA NPL""]}"
superfund_VTD981064223,BENNINGTON MUNICIPAL SANITARY LANDFILL,superfund,42.922219,-73.197781,VT,EPA NPL,"{""external_id"":""VTD981064223"",""npl_status"":""Final NPL"",""saa"":false,""sources"":[""EPA NPL""]}"
superfund_VTD980520092,BFI SANITARY LANDFILL (ROCKINGHAM),superfund,43.226389,-72.439719,VT,EPA NPL,"{""external_id"":""VTD980520092"",""npl_status"":""Final NPL"",""saa"":false,""sources"":[""EPA NPL""]}"
superfund_VTD003965415,BURGESS BROTHERS LANDFILL,superfund,42.878061,-73.150139,VT,EPA NPL,"{""external_id"":""VTD003965415"",""npl_status"":""Final NPL"",""saa"":false,""sources"":[""EPA NPL""]}"
superfund_VTD098352545,COMMERCE STREET PLUME,superfund,44.452583,-73.121389,VT,EPA NPL,"{""external_id"":""VTD098352545"",""npl_status"":""Final NPL"",""saa"":false,""sources"":[""EPA NPL""]}"
superfund_VTD980520118,DARLING HILL DUMP,superfund,+44.554500,-071.984400,VT,EPA NPL,"{""external_id"":""VTD980520118"",""npl_status"":""Deleted NPL"",""saa"":false,""sources"":[""EPA NPL""]}"
superfund_VTD988366621,ELIZABETH MINE,superfund,43.823889,-72.328889,VT,EPA NPL,"{""external_id"":""VTD988366621"",""npl_status"":""Final NPL"",""saa"":false,""sources"":[""EPA NPL""]}"
superfund_VTD988366571,ELY COPPER MINE,superfund,43.927447,-72.285506,VT,EPA NPL,"{""external_id"":""VTD988366571"",""npl_status"":""Final NPL"",""saa"":false,""sources"":[""EPA NPL""]}"
superfund_VTD048141741,"JARD COMPANY, INC.",superfund,+42.888861,-73.189111,VT,EPA NPL,"{""external_id"":""VTD048141741"",""npl_status"":""Final NPL"",""saa"":false,""sources"":[""EPA NPL""]}"
superfund_VTD000860239,OLD SPRINGFIELD LANDFILL,superfund,43.272781,-72.466669,VT,EPA NPL,"{""external_id"":""VTD000860239"",""npl_status"":""Final NPL"",""saa"":false,""sources"":[""EPA NPL""]}"
superfund_VTD981062441,PARKER SANITARY LANDFILL,superfund,44.518611,-71.989439,VT,EPA NPL,"{""external_id"":""VTD981062441"",""npl_status"":""Final NPL"",""saa"":false,""sources"":[""EPA NPL""]}"
superfund_VTD980523062,PINE STREET CANAL,superfund,44.466669,-73.218061,VT,EPA NPL,"{""external_id"":""VTD980523062"",""npl_status"":""Final NPL"",""saa"":false,""sources"":[""EPA NPL""]}"
superfund_VTD069910354,POWNAL TANNERY,superfund,42.797167,-073.265750,VT,EPA NPL,"{""external_id"":""VTD069910354"",""npl_status"":""Final NPL"",""saa"":false,""sources"":[""EPA NPL""]}"
superfund_VTD000509174,"TANSITOR ELECTRONICS, INC.",superfund,42.877781,-73.266669,VT,EPA NPL,"{""external_id"":""VTD000509174"",""npl_status"":""Deleted NPL"",""saa"":false,""sources"":[""EPA NPL""]}"
superfund_WAD009045279,ALCOA (VANCOUVER SMELTER),superfund,+45.649439,-122.731800,WA,EPA NPL,"{""external_id"":""WAD009045279"",""npl_status"":""Deleted NPL"",""saa"":false,""sources"":[""EPA NPL""]}"
superfund_WAD057311094,AMERICAN CROSSARM & CONDUIT CO.,superfund,+46.656939,-122.968900,WA,EPA NPL,"{""external_id"":""WAD057311094"",""npl_status"":""Deleted NPL"",""saa"":false,""sources"":[""EPA NPL""]}"
superfund_WAD980833065,AMERICAN LAKE GARDENS/MCCHORD AFB,superfund,+47.125000,-122.526700,WA,EPA NPL,"{""external_id"":""WAD980833065"",""npl_status"":""Final NPL"",""saa"":false,""sources"":[""EPA NPL""]}"
superfund_WA5170027291,BANGOR NAVAL SUBMARINE BASE,superfund,+47.699000,-122.713100,WA,EPA NPL,"{""external_id"":""WA5170027291"",""npl_status"":""Final NPL"",""saa"":false,""sources"":[""EPA NPL""]}"
superfund_WA7170027265,BANGOR ORDNANCE DISPOSAL (USNAVY),superfund,+47.764719,-122.700800,WA,EPA NPL,"{""external_id"":""WA7170027265"",""npl_status"":""Final NPL"",""saa"":false,""sources"":[""EPA NPL""]}"
superfund_WA1891406349,BONNEVILLE POWER ADMINISTRATION ROSS COMPLEX (USDOE),superfund,+45.661600,-122.657200,WA,EPA NPL,"{""external_id"":""WA1891406349"",""npl_status"":""Deleted NPL"",""saa"":false,""sources"":[""EPA NPL""]}"
superfund_WAD009624453,BOOMSNUB/AIRCO,superfund,+45.677222,-122.621667,WA,EPA NPL,"{""external_id"":""WAD009624453"",""npl_status"":""Final NPL"",""saa"":false,""sources"":[""EPA NPL""]}"
superfund_WAN001002907,BREMERTON GASWORKS,superfund,47.578544,-122.642136,WA,EPA NPL,"{""external_id"":""WAN001002907"",""npl_status"":""Final NPL"",""saa"":false,""sources"":[""EPA NPL""]}"
superfund_WAD980836662,CENTRALIA MUNICIPAL LANDFILL,superfund,+46.696669,-122.963300,WA,EPA NPL,"{""external_id"":""WAD980836662"",""npl_status"":""Final NPL"",""saa"":false,""sources"":[""EPA NPL""]}"
superfund_WAD980514541,COLBERT LANDFILL,superfund,+47.861669,-117.348300,WA,EPA NPL,"{""external_id"":""WAD980514541"",""npl_status"":""Final NPL"",""saa"":false,""sources"":[""EPA NPL""]}"
superfund_WAD980726368,"COMMENCEMENT BAY, NEAR SHORE/TIDE FLATS",superfund,+47.266667,-122.416667,WA,EPA NPL,"{""external_id"":""WAD980726368"",""npl_status"":""Final NPL"",""saa"":false,""sources"":[""EPA NPL""]}"
superfund_WAD980726301,"COMMENCEMENT BAY, SOUTH TACOMA CHANNEL",superfund,+47.229439,-122.471400,WA,EPA NPL,"{""external_id"":""WAD980726301"",""npl_status"":""Final NPL"",""saa"":false,""sources"":[""EPA NPL""]}"
superfund_WA9571924647,FAIRCHILD AIR FORCE BASE (4 WASTE AREAS),superfund,+47.628331,-117.646200,WA,EPA NPL,"{""external_id"":""WA9571924647"",""npl_status"":""Final NPL"",""saa"":false,""sources"":[""EPA NPL""]}"
superfund_WAD000643577,FMC CORP. (YAKIMA),superfund,+46.566669,-120.493300,WA,EPA NPL,"{""external_id"":""WAD000643577"",""npl_status"":""Final NPL"",""saa"":false,""sources"":[""EPA NPL""]}"
superfund_WA9214053465,FORT LEWIS (LANDFILL NO. 5),superfund,+47.119419,-122.630000,WA,EPA NPL,"{""external_id"":""WA9214053465"",""npl_status"":""Deleted NPL"",""saa"":false,""sources"":[""EPA NPL""]}"
superfund_WA7210090067,FORT LEWIS LOGISTICS CENTER,superfund,+47.114200,-122.536500,WA,EPA NPL,"{""external_id"":""WA7210090067"",""npl_status"":""Final NPL"",""saa"":false,""sources"":[""EPA NPL""]}"
superfund_WAD053614988,"FRONTIER HARD CHROME, INC.",superfund,+45.621500,-122.644000,WA,EPA NPL,"{""external_id"":""WAD053614988"",""npl_status"":""Deleted NPL"",""saa"":false,""sources"":[""EPA NPL""]}"
superfund_WAD001865450,GENERAL ELECTRIC CO. (SPOKANE APPARATUS SERVICE SHOP),superfund,+47.672900,-117.344100,WA,EPA NPL,"{""external_id"":""WAD001865450"",""npl_status"":""Final NPL"",""saa"":false,""sources"":[""EPA NPL""]}"
superfund_WAD980514608,GREENACRES LANDFILL,superfund,+47.662700,-117.116900,WA,EPA NPL,"{""external_id"":""WAD980514608"",""npl_status"":""Final NPL"",""saa"":false,""sources"":[""EPA NPL""]}"
superfund_WA5210890096,HAMILTON ISLAND LANDFILL (USA/COE),superfund,+45.629583,-121.985000,WA,EPA NPL,"{""external_id"":""WA5210890096"",""npl_status"":""Deleted NPL"",""saa"":false,""sources"":[""EPA NPL""]}"
superfund_WASFN1002174,HAMILTON/LABREE ROADS GW CONTAMINATION,superfund,+46.623472,-122.933056,WA,EPA NPL,"{""external_id"":""WASFN1002174"",""npl_status"":""Final NPL"",""saa"":false,""sources"":[""EPA NPL""]}"
superfund_WA3890090076,HANFORD 100-AREA (USDOE),superfund,+46.701100,-119.482900,WA,EPA NPL,"{""external_id"":""WA3890090076"",""npl_status"":""Final NPL"",""saa"":false,""sources"":[""EPA NPL""]}"
superfund_WA4890090075,HANFORD 1100-AREA (USDOE),superfund,+46.323100,-119.284800,WA,EPA NPL,"{""external_id"":""WA4890090075"",""npl_status"":""Deleted NPL"",""saa"":false,""sources"":[""EPA NPL""]}"
superfund_WA1890090078,HANFORD 200-AREA (USDOE),superfund,+46.563331,-119.604900,WA,EPA NPL,"{""external_id"":""WA1890090078"",""npl_status"":""Final NPL"",""saa"":false,""sources"":[""EPA NPL""]}"
superfund_WA2890090077,HANFORD 300-AREA (USDOE),superfund,+46.370300,-119.275200,WA,EPA NPL,"{""external_id"":""WA2890090077"",""npl_status"":""Final NPL"",""saa"":false,""sources"":[""EPA NPL""]}"
superfund_WAD980722839,HARBOR ISLAND (LEAD),superfund,+47.579400,-122.352200,WA,EPA NPL,"{""external_id"":""WAD980722839"",""npl_status"":""Final NPL"",""saa"":false,""sources"":[""EPA NPL""]}"
superfund_WAD980511539,HIDDEN VALLEY LANDFILL (THUN FIELD),superfund,+47.095000,-122.287800,WA,EPA NPL,"{""external_id"":""WAD980511539"",""npl_status"":""Final NPL"",""saa"":false,""sources"":[""EPA NPL""]}"
superfund_WA3170090044,JACKSON PARK HOUSING COMPLEX (USNAVY),superfund,+47.588610,-122.695972,WA,EPA NPL,"{""external_id"":""WA3170090044"",""npl_status"":""Final NPL"",""saa"":false,""sources"":[""EPA NPL""]}"
superfund_WAD000065508,KAISER ALUMINUM (MEAD WORKS),superfund,+47.755000,-117.376700,WA,EPA NPL,"{""external_id"":""WAD000065508"",""npl_status"":""Final NPL"",""saa"":false,""sources"":[""EPA NPL""]}"
superfund_WAD050075662,LAKEWOOD,superfund,+47.143410,-122.512950,WA,EPA NPL,"{""external_id"":""WAD050075662"",""npl_status"":""Final NPL"",""saa"":false,""sources"":[""EPA NPL""]}"
superfund_WAN001002655,LOCKHEED WEST SEATTLE,superfund,47.583889,-122.362500,WA,EPA NPL,"{""external_id"":""WAN001002655"",""npl_status"":""Final NPL"",""saa"":false,""sources"":[""EPA NPL""]}"
superfund_WA0002329803,LOWER DUWAMISH WATERWAY,superfund,+47.510081,-122.292850,WA,EPA NPL,"{""external_id"":""WA0002329803"",""npl_status"":""Final NPL"",""saa"":false,""sources"":[""EPA NPL""]}"
superfund_WAN001002857,MAKAH RESERVATION WARMHOUSE BEACH DUMP,superfund,48.388353,-124.656711,WA,EPA NPL,"{""external_id"":""WAN001002857"",""npl_status"":""Final NPL"",""saa"":false,""sources"":[""EPA NPL""]}"
superfund_WA8570024200,MCCHORD AIR FORCE BASE (WASH RACK/TREATMENT AREA),superfund,+47.141111,-122.488900,WA,EPA NPL,"{""external_id"":""WA8570024200"",""npl_status"":""Deleted NPL"",""saa"":false,""sources"":[""EPA NPL""]}"
superfund_WAD980511661,MICA LANDFILL,superfund,+47.579169,-117.211100,WA,EPA NPL,"{""external_id"":""WAD980511661"",""npl_status"":""Final NPL"",""saa"":false,""sources"":[""EPA NPL""]}"
superfund_WAD980978753,MIDNITE MINE,superfund,+47.937500,-118.094167,WA,EPA NPL,"{""external_id"":""WAD980978753"",""npl_status"":""Final NPL"",""saa"":false,""sources"":[""EPA NPL""]}"
superfund_WAD980638910,MIDWAY LANDFILL,superfund,+47.380000,-122.293300,WA,EPA NPL,"{""external_id"":""WAD980638910"",""npl_status"":""Final NPL"",""saa"":false,""sources"":[""EPA NPL""]}"
superfund_WAD988466355,MOSES LAKE WELLFIELD CONTAMINATION,superfund,+47.204722,-119.315556,WA,EPA NPL,"{""external_id"":""WAD988466355"",""npl_status"":""Final NPL"",""saa"":false,""sources"":[""EPA NPL""]}"
superfund_WA5170090059,"NAVAL AIR STATION, WHIDBEY ISLAND (AULT FIELD)",superfund,+48.344219,-122.663700,WA,EPA NPL,"{""external_id"":""WA5170090059"",""npl_status"":""Final NPL"",""saa"":false,""sources"":[""EPA NPL""]}"
superfund_WA6170090058,"NAVAL AIR STATION, WHIDBEY ISLAND (SEAPLANE BASE)",superfund,+48.299450,-122.613300,WA,EPA NPL,"{""external_id"":""WA6170090058"",""npl_status"":""Deleted NPL"",""saa"":false,""sources"":[""EPA NPL""]}"
superfund_WA1170023419,NAVAL UNDERSEA WARFARE ENGINEERING STATION (4 WASTE AREAS),superfund,+47.694600,-122.622000,WA,EPA NPL,"{""external_id"":""WA1170023419"",""npl_status"":""Final NPL"",""saa"":false,""sources"":[""EPA NPL""]}"
superfund_WAD000641548,NORTH MARKET STREET,superfund,+47.729700,-117.362600,WA,EPA NPL,"{""external_id"":""WAD000641548"",""npl_status"":""Final NPL"",""saa"":false,""sources"":[""EPA NPL""]}"
superfund_WAD980511778,NORTHSIDE LANDFILL,superfund,+47.727500,-117.482800,WA,EPA NPL,"{""external_id"":""WAD980511778"",""npl_status"":""Deleted NPL"",""saa"":false,""sources"":[""EPA NPL""]}"
superfund_WAD980833974,NORTHWEST TRANSFORMER,superfund,+48.890500,-122.353400,WA,EPA NPL,"{""external_id"":""WAD980833974"",""npl_status"":""Deleted NPL"",""saa"":false,""sources"":[""EPA NPL""]}"
superfund_WAD027315621,NORTHWEST TRANSFORMER (SOUTH HARKNESS STREET),superfund,+48.919700,-122.343100,WA,EPA NPL,"{""external_id"":""WAD027315621"",""npl_status"":""Deleted NPL"",""saa"":false,""sources"":[""EPA NPL""]}"
superfund_WAD008957243,OESER CO.,superfund,+48.770278,-122.514444,WA,EPA NPL,"{""external_id"":""WAD008957243"",""npl_status"":""Final NPL"",""saa"":false,""sources"":[""EPA NPL""]}"
superfund_WAD980982557,OLD INLAND PIT,superfund,+47.689719,-117.198300,WA,EPA NPL,"{""external_id"":""WAD980982557"",""npl_status"":""Deleted NPL"",""saa"":false,""sources"":[""EPA NPL""]}"
superfund_WA8680030931,OLD NAVY DUMP/MANCHESTER LABORATORY (USEPA/NOAA),superfund,+47.574443,-122.548055,WA,EPA NPL,"{""external_id"":""WA8680030931"",""npl_status"":""Final NPL"",""saa"":false,""sources"":[""EPA NPL""]}"
superfund_WAD009249210,PACIFIC CAR & FOUNDRY CO.,superfund,+47.488889,-122.196400,WA,EPA NPL,"{""external_id"":""WAD009249210"",""npl_status"":""Final NPL"",""saa"":false,""sources"":[""EPA NPL""]}"
superfund_WAD009248287,PACIFIC SOUND RESOURCES,superfund,+47.582332,-122.366667,WA,EPA NPL,"{""external_id"":""WAD009248287"",""npl_status"":""Final NPL"",""saa"":false,""sources"":[""EPA NPL""]}"
superfund_WA0000026534,PALERMO WELL FIELD GROUND WATER CONTAMINATION,superfund,+47.001667,-122.904167,WA,EPA NPL,"{""external_id"":""WA0000026534"",""npl_status"":""Final NPL"",""saa"":false,""sources"":[""EPA NPL""]}"
superfund_WA4170090001,PORT HADLOCK DETACHMENT (USNAVY),superfund,+48.083471,-122.729583,WA,EPA NPL,"{""external_id"":""WA4170090001"",""npl_status"":""Deleted NPL"",""saa"":false,""sources"":[""EPA NPL""]}"
superfund_WA2170023418,PUGET SOUND NAVAL SHIPYARD COMPLEX,superfund,+47.559166,-122.647222,WA,EPA NPL,"{""external_id"":""WA2170023418"",""npl_status"":""Final NPL"",""saa"":false,""sources"":[""EPA NPL""]}"
superfund_WAD980511745,QUEEN CITY FARMS,superfund,+47.450000,-122.041700,WA,EPA NPL,"{""external_id"":""WAD980511745"",""npl_status"":""Final NPL"",""saa"":false,""sources"":[""EPA NPL""]}"
superfund_WAD980639215,QUENDALL TERMINALS,superfund,+47.533333,-122.200000,WA,EPA NPL,"{""external_id"":""WAD980639215"",""npl_status"":""Final NPL"",""saa"":false,""sources"":[""EPA NPL""]}"
superfund_WAD980722789,SILVER MOUNTAIN MINE,superfund,+48.745000,-119.557000,WA,EPA NPL,"{""external_id"":""WAD980722789"",""npl_status"":""Deleted NPL"",""saa"":false,""sources"":[""EPA NPL""]}"
superfund_WAD981767296,SPOKANE JUNKYARD/ASSOCIATED PROPERTIES,superfund,+47.689444,-117.370820,WA,EPA NPL,"{""external_id"":""WAD981767296"",""npl_status"":""Deleted NPL"",""saa"":false,""sources"":[""EPA NPL""]}"
superfund_WAD980723506,TOFTDAHL DRUMS,superfund,+45.754900,-122.446400,WA,EPA NPL,"{""external_id"":""WAD980723506"",""npl_status"":""Deleted NPL"",""saa"":false,""sources"":[""EPA NPL""]}"
superfund_WAD980639256,TULALIP LANDFILL,superfund,+48.041667,-122.182222,WA,EPA NPL,"{""external_id"":""WAD980639256"",""npl_status"":""Deleted NPL"",""saa"":false,""sources"":[""EPA NPL""]}"
superfund_WASFN1002171,UPPER COLUMBIA RIVER,superfund,+48.672045,-118.053241,WA,EPA NPL,"{""external_id"":""WASFN1002171"",""npl_status"":""Final NPL"",""saa"":false,""sources"":[""EPA NPL""]}"
superfund_WAD988519708,VANCOUVER WATER STATION #1 CONTAMINATION,superfund,+45.638471,-122.645417,WA,EPA NPL,"{""external_id"":""WAD988519708"",""npl_status"":""Deleted NPL"",""saa"":false,""sources"":[""EPA NPL""]}"
superfund_WAD988475158,VANCOUVER WATER STATION #4 CONTAMINATION,superfund,+45.619500,-122.622472,WA,EPA NPL,"{""external_id"":""WAD988475158"",""npl_status"":""Deleted NPL"",""saa"":false,""sources"":[""EPA NPL""]}"
superfund_WAD009487513,"WESTERN PROCESSING CO., INC.",superfund,+47.425000,-122.241700,WA,EPA NPL,"{""external_id"":""WAD009487513"",""npl_status"":""Final NPL"",""saa"":false,""sources"":[""EPA NPL""]}"
superfund_WAD009248295,WYCKOFF CO./EAGLE HARBOR,superfund,+47.621669,-122.516700,WA,EPA NPL,"{""external_id"":""WAD009248295"",""npl_status"":""Final NPL"",""saa"":false,""sources"":[""EPA NPL""]}"
superfund_WAD040187890,YAKIMA PLATING CO.,superfund,+46.572300,-120.508900,WA,EPA NPL,"{""external_id"":""WAD040187890"",""npl_status"":""Deleted NPL"",""saa"":false,""sources"":[""EPA NPL""]}"
superfund_WID980610380,ALGOMA MUNICIPAL LANDFILL,superfund,+44.597000,-87.491200,WI,EPA NPL,"{""external_id"":""WID980610380"",""npl_status"":""Final NPL"",""saa"":false,""sources"":[""EPA NPL""]}"
superfund_WIN000510210,AMCAST INDUSTRIAL CORPORATION,superfund,43.288444,-87.982056,WI,EPA NPL,"{""external_id"":""WIN000510210"",""npl_status"":""Final NPL"",""saa"":false,""sources"":[""EPA NPL""]}"
superfund_WISFN0507952,ASHLAND/NORTHERN STATES POWER LAKEFRONT,superfund,46.595972,-90.883333,WI,EPA NPL,"{""external_id"":""WISFN0507952"",""npl_status"":""Final NPL"",""saa"":false,""sources"":[""EPA NPL""]}"
superfund_WIT560010118,BETTER BRITE PLATING CO. CHROME AND ZINC SHOPS,superfund,44.438061,-88.075500,WI,EPA NPL,"{""external_id"":""WIT560010118"",""npl_status"":""Final NPL"",""saa"":false,""sources"":[""EPA NPL""]}"
superfund_WID980610646,CITY DISPOSAL CORP. LANDFILL,superfund,42.946389,-89.356939,WI,EPA NPL,"{""external_id"":""WID980610646"",""npl_status"":""Final NPL"",""saa"":false,""sources"":[""EPA NPL""]}"
superfund_WID980820062,DELAVAN MUNICIPAL WELL #4,superfund,42.631669,-88.623889,WI,EPA NPL,"{""external_id"":""WID980820062"",""npl_status"":""Final NPL"",""saa"":false,""sources"":[""EPA NPL""]}"
superfund_WID980820054,EAU CLAIRE MUNICIPAL WELL FIELD,superfund,44.853331,-91.503331,WI,EPA NPL,"{""external_id"":""WID980820054"",""npl_status"":""Deleted NPL"",""saa"":false,""sources"":[""EPA NPL""]}"
superfund_WID980901227,FADROWSKI DRUM DISPOSAL,superfund,+42.920700,-87.952450,WI,EPA NPL,"{""external_id"":""WID980901227"",""npl_status"":""Deleted NPL"",""saa"":false,""sources"":[""EPA NPL""]}"
superfund_WI0001954841,FOX RIVER NRDA/PCB RELEASES,superfund,+44.533100,-88.001500,WI,EPA NPL,"{""external_id"":""WI0001954841"",""npl_status"":""Proposed NPL"",""saa"":false,""sources"":[""EPA NPL""]}"
superfund_WID980610059,HAGEN FARM,superfund,+42.908900,-89.183200,WI,EPA NPL,"{""external_id"":""WID980610059"",""npl_status"":""Final NPL"",""saa"":false,""sources"":[""EPA NPL""]}"
superfund_WID052906088,HECHIMOVICH SANITARY LANDFILL,superfund,43.459531,-88.554139,WI,EPA NPL,"{""external_id"":""WID052906088"",""npl_status"":""Final NPL"",""saa"":false,""sources"":[""EPA NPL""]}"
superfund_WID980511919,HUNTS DISPOSAL LANDFILL,superfund,+42.835000,-87.880000,WI,EPA NPL,"{""external_id"":""WID980511919"",""npl_status"":""Final NPL"",""saa"":false,""sources"":[""EPA NPL""]}"
superfund_WID000712950,JANESVILLE ASH BEDS,superfund,42.703061,-89.027500,WI,EPA NPL,"{""external_id"":""WID000712950"",""npl_status"":""Final NPL"",""saa"":false,""sources"":[""EPA NPL""]}"
superfund_WID980614044,JANESVILLE OLD LANDFILL,superfund,42.702781,-89.023611,WI,EPA NPL,"{""external_id"":""WID980614044"",""npl_status"":""Final NPL"",""saa"":false,""sources"":[""EPA NPL""]}"
superfund_WID006073225,KOHLER CO. LANDFILL,superfund,+43.737500,-87.763889,WI,EPA NPL,"{""external_id"":""WID006073225"",""npl_status"":""Final NPL"",""saa"":false,""sources"":[""EPA NPL""]}"
superfund_WID058735994,LAUER I SANITARY LANDFILL,superfund,43.181389,-88.066669,WI,EPA NPL,"{""external_id"":""WID058735994"",""npl_status"":""Final NPL"",""saa"":false,""sources"":[""EPA NPL""]}"
superfund_WID980901243,"LEMBERGER LANDFILL, INC.",superfund,44.173331,-87.841669,WI,EPA NPL,"{""external_id"":""WID980901243"",""npl_status"":""Final NPL"",""saa"":false,""sources"":[""EPA NPL""]}"
superfund_WID056247208,LEMBERGER TRANSPORT & RECYCLING,superfund,+44.165500,-87.844800,WI,EPA NPL,"{""external_id"":""WID056247208"",""npl_status"":""Final NPL"",""saa"":false,""sources"":[""EPA NPL""]}"
superfund_WID078934403,MADISON METROPOLITAN SEWERAGE DISTRICT LAGOONS,superfund,43.034311,-89.346281,WI,EPA NPL,"{""external_id"":""WID078934403"",""npl_status"":""Final NPL"",""saa"":false,""sources"":[""EPA NPL""]}"
superfund_WID980820070,MASTER DISPOSAL SERVICE LANDFILL,superfund,43.092781,-88.163331,WI,EPA NPL,"{""external_id"":""WID980820070"",""npl_status"":""Final NPL"",""saa"":false,""sources"":[""EPA NPL""]}"
superfund_WID980823082,"MID-STATE DISPOSAL, INC. LANDFILL",superfund,44.848331,-90.040000,WI,EPA NPL,"{""external_id"":""WID980823082"",""npl_status"":""Final NPL"",""saa"":false,""sources"":[""EPA NPL""]}"
superfund_WID039052626,"MOSS-AMERICAN CO., INC. (KERR-MCGEE OIL CO.)",superfund,+43.177200,-88.041700,WI,EPA NPL,"{""external_id"":""WID039052626"",""npl_status"":""Final NPL"",""saa"":false,""sources"":[""EPA NPL""]}"
superfund_WID000713180,MUSKEGO SANITARY LANDFILL,superfund,+42.892900,-88.182900,WI,EPA NPL,"{""external_id"":""WID000713180"",""npl_status"":""Final NPL"",""saa"":false,""sources"":[""EPA NPL""]}"
superfund_WID083290981,"N.W. MAUTHE CO., INC.",superfund,+44.255550,-088.430000,WI,EPA NPL,"{""external_id"":""WID083290981"",""npl_status"":""Final NPL"",""saa"":false,""sources"":[""EPA NPL""]}"
superfund_WID006196174,"NATIONAL PRESTO INDUSTRIES, INC.",superfund,+44.860100,-091.452000,WI,EPA NPL,"{""external_id"":""WID006196174"",""npl_status"":""Final NPL"",""saa"":false,""sources"":[""EPA NPL""]}"
superfund_WID006183826,NORTHERN ENGRAVING CO.,superfund,43.934439,-090.814450,WI,EPA NPL,"{""external_id"":""WID006183826"",""npl_status"":""Deleted NPL"",""saa"":false,""sources"":[""EPA NPL""]}"
superfund_WID006100275,"OCONOMOWOC ELECTROPLATING CO., INC.",superfund,+43.214100,-088.522100,WI,EPA NPL,"{""external_id"":""WID006100275"",""npl_status"":""Final NPL"",""saa"":false,""sources"":[""EPA NPL""]}"
superfund_WID000808568,OMEGA HILLS NORTH LANDFILL,superfund,43.194439,-88.072219,WI,EPA NPL,"{""external_id"":""WID000808568"",""npl_status"":""Deleted NPL"",""saa"":false,""sources"":[""EPA NPL""]}"
superfund_WID980821656,ONALASKA MUNICIPAL LANDFILL,superfund,+43.957300,-091.338200,WI,EPA NPL,"{""external_id"":""WID980821656"",""npl_status"":""Final NPL"",""saa"":false,""sources"":[""EPA NPL""]}"
superfund_WID006176945,PENTA WOOD PRODUCTS,superfund,45.784508,-92.431204,WI,EPA NPL,"{""external_id"":""WID006176945"",""npl_status"":""Final NPL"",""saa"":false,""sources"":[""EPA NPL""]}"
superfund_WID980610604,REFUSE HIDEAWAY LANDFILL,superfund,+43.099200,-89.577270,WI,EPA NPL,"{""external_id"":""WID980610604"",""npl_status"":""Final NPL"",""saa"":false,""sources"":[""EPA NPL""]}"
superfund_WID980610190,RIPON CITY LANDFILL,superfund,43.866806,-88.870556,WI,EPA NPL,"{""external_id"":""WID980610190"",""npl_status"":""Final NPL"",""saa"":false,""sources"":[""EPA NPL""]}"
superfund_WID980610141,SAUK COUNTY LANDFILL,superfund,+43.514500,-089.877500,WI,EPA NPL,"{""external_id"":""WID980610141"",""npl_status"":""Final NPL"",""saa"":false,""sources"":[""EPA NPL""]}"
superfund_WID980820096,SCHMALZ DUMP,superfund,+44.210000,-88.396669,WI,EPA NPL,"{""external_id"":""WID980820096"",""npl_status"":""Final NPL"",""saa"":false,""sources"":[""EPA NPL""]}"
superfund_WID046536785,"SCRAP PROCESSING CO., INC.",superfund,+45.145600,-90.352900,WI,EPA NPL,"{""external_id"":""WID046536785"",""npl_status"":""Deleted NPL"",""saa"":false,""sources"":[""EPA NPL""]}"
superfund_WID980996367,SHEBOYGAN HARBOR & RIVER,superfund,43.749444,-087.700750,WI,EPA NPL,"{""external_id"":""WID980996367"",""npl_status"":""Final NPL"",""saa"":false,""sources"":[""EPA NPL""]}"
superfund_WID980902969,SPICKLER LANDFILL,superfund,44.689689,-90.265611,WI,EPA NPL,"{""external_id"":""WID980902969"",""npl_status"":""Final NPL"",""saa"":false,""sources"":[""EPA NPL""]}"
superfund_WID980901219,STOUGHTON CITY LANDFILL,superfund,42.923889,-89.206389,WI,EPA NPL,"{""external_id"":""WID980901219"",""npl_status"":""Final NPL"",""saa"":false,""sources"":[""EPA NPL""]}"
superfund_WID980610299,TOMAH ARMORY,superfund,+43.992700,-90.500400,WI,EPA NPL,"{""external_id"":""WID980610299"",""npl_status"":""Deleted NPL"",""saa"":false,""sources"":[""EPA NPL""]}"
superfund_WID980616841,TOMAH FAIRGROUNDS,superfund,43.970811,-90.519839,WI,EPA NPL,"{""external_id"":""WID980616841"",""npl_status"":""Deleted NPL"",""saa"":false,""sources"":[""EPA NPL""]}"
superfund_WID980610307,TOMAH MUNICIPAL SANITARY LANDFILL,superfund,+43.994400,-090.522000,WI,EPA NPL,"{""external_id"":""WID980610307"",""npl_status"":""Final NPL"",""saa"":false,""sources"":[""EPA NPL""]}"
superfund_WIN000505544,UNITY AUTO MART,superfund,+44.851690,-90.315480,WI,EPA NPL,"{""external_id"":""WIN000505544"",""npl_status"":""Final NPL"",""saa"":false,""sources"":[""EPA NPL""]}"
superfund_WID980993521,WAUSAU GROUND WATER CONTAMINATION,superfund,+44.977300,-089.629200,WI,EPA NPL,"{""external_id"":""WID980993521"",""npl_status"":""Final NPL"",""saa"":false,""sources"":[""EPA NPL""]}"
superfund_WID980610620,WHEELER PIT,superfund,42.666669,-088.980550,WI,EPA NPL,"{""external_id"":""WID980610620"",""npl_status"":""Deleted NPL"",""saa"":false,""sources"":[""EPA NPL""]}"
superfund_WV0170023691,ALLEGANY BALLISTICS LABORATORY (USNAVY),superfund,39.560972,-78.843611,WV,EPA NPL,"{""external_id"":""WV0170023691"",""npl_status"":""Final NPL"",""saa"":false,""sources"":[""EPA NPL""]}"
superfund_WVD054827944,BIG JOHN SALVAGE - HOULT ROAD,superfund,39.497222,-80.123056,WV,EPA NPL,"{""external_id"":""WVD054827944"",""npl_status"":""Final NPL"",""saa"":false,""sources"":[""EPA NPL""]}"
superfund_WVD047989207,"FIKE CHEMICAL, INC.",superfund,38.426669,-81.842500,WV,EPA NPL,"{""external_id"":""WVD047989207"",""npl_status"":""Final NPL"",""saa"":false,""sources"":[""EPA NPL""]}"
superfund_WVD024185373,HANLIN-ALLIED-OLIN,superfund,39.906667,-80.801389,WV,EPA NPL,"{""external_id"":""WVD024185373"",""npl_status"":""Final NPL"",""saa"":false,""sources"":[""EPA NPL""]}"
superfund_WVD980693402,LEETOWN PESTICIDE,superfund,+39.346500,-77.909500,WV,EPA NPL,"{""external_id"":""WVD980693402"",""npl_status"":""Deleted NPL"",""saa"":false,""sources"":[""EPA NPL""]}"
superfund_WVN000306876,NORTH 25TH STREET GLASS AND ZINC,superfund,+39.297053,-80.357433,WV,EPA NPL,"{""external_id"":""WVN000306876"",""npl_status"":""Final NPL"",""saa"":false,""sources"":[""EPA NPL""]}"
superfund_WVD000850404,ORDNANCE WORKS DISPOSAL AREAS,superfund,+39.603331,-79.979719,WV,EPA NPL,"{""external_id"":""WVD000850404"",""npl_status"":""Deleted NPL"",""saa"":false,""sources"":[""EPA NPL""]}"
superfund_WVN000304985,PADEN CITY GROUNDWATER,superfund,+39.606140,-80.930248,WV,EPA NPL,"{""external_id"":""WVN000304985"",""npl_status"":""Final NPL"",""saa"":false,""sources"":[""EPA NPL""]}"
superfund_WVSFN0305428,RAVENSWOOD PCE,superfund,38.951667,-81.761667,WV,EPA NPL,"{""external_id"":""WVSFN0305428"",""npl_status"":""Final NPL"",""saa"":false,""sources"":[""EPA NPL""]}"
superfund_WVD988768909,SHAFFER EQUIPMENT/ARBUCKLE CREEK AREA,superfund,+37.976510,-81.126500,WV,EPA NPL,"{""external_id"":""WVD988768909"",""npl_status"":""Final NPL"",""saa"":false,""sources"":[""EPA NPL""]}"
superfund_WVD000800441,SHARON STEEL CORP (FAIRMONT COKE WORKS),superfund,39.493611,-80.114444,WV,EPA NPL,"{""external_id"":""WVD000800441"",""npl_status"":""Final NPL"",""saa"":false,""sources"":[""EPA NPL""]}"
superfund_WVD988798401,VIENNA TETRACHLOROETHENE,superfund,39.325167,-81.548778,WV,EPA NPL,"{""external_id"":""WVD988798401"",""npl_status"":""Final NPL"",""saa"":false,""sources"":[""EPA NPL""]}"
superfund_WVD980713036,WEST VIRGINIA ORDNANCE (USARMY),superfund,38.926389,-82.076389,WV,EPA NPL,"{""external_id"":""WVD980713036"",""npl_status"":""Final NPL"",""saa"":false,""sources"":[""EPA NPL""]}"
superfund_WYD061112470,BAXTER/UNION PACIFIC TIE TREATING,superfund,+41.295174,-105.603235,WY,EPA NPL,"{""external_id"":""WYD061112470"",""npl_status"":""Deleted NPL"",""saa"":false,""sources"":[""EPA NPL""]}"
superfund_WY5571924179,F.E. WARREN AIR FORCE BASE,superfund,+41.152742,-104.862334,WY,EPA NPL,"{""external_id"":""WY5571924179"",""npl_status"":""Final NPL"",""saa"":false,""sources"":[""EPA NPL""]}"
superfund_WYD981546005,MYSTERY BRIDGE RD/U.S. HIGHWAY 20,superfund,+42.860581,-106.228800,WY,EPA NPL,"{""external_id"":""WYD981546005"",""npl_status"":""Deleted NPL"",""saa"":false,""sources"":[""EPA NPL""]}"
